0, 1, 0, 0.0365, 0, 0.017211
0.073, 1, -2.16015e-05, 0.1095, 0.0012564, 0.017211
0.146, 0.999998, -4.3203e-05, 0.1825, 0.0025128, 0.0172109
0.219, 0.999995, -6.48043e-05, 0.2555, 0.0037692, 0.0172108
0.292, 0.999991, -8.64055e-05, 0.3285, 0.00502559, 0.0172107
0.365, 0.999984, -0.000108007, 0.4015, 0.00628198, 0.0172106
0.438, 0.999976, -0.000129607, 0.4745, 0.00753835, 0.0172104
0.511, 0.999967, -0.000151208, 0.5475, 0.00879471, 0.0172102
0.584, 0.999956, -0.000172808, 0.6205, 0.0100511, 0.01721
0.657, 0.999943, -0.000194408, 0.6935, 0.0113074, 0.0172098
0.73, 0.999929, -0.000216007, 0.7665, 0.0125637, 0.0172095
0.803, 0.999913, -0.000237607, 0.8395, 0.01382, 0.0172092
0.876, 0.999896, -0.000259205, 0.9125, 0.0150763, 0.0172089
0.949, 0.999877, -0.000280804, 0.9855, 0.0163325, 0.0172085
1.022, 0.999857, -0.000302401, 1.0585, 0.0175887, 0.0172082
1.095, 0.999834, -0.000323999, 1.1315, 0.0188449, 0.0172077
1.168, 0.999811, -0.000345595, 1.2045, 0.0201011, 0.0172073
1.241, 0.999786, -0.000367191, 1.2775, 0.0213572, 0.0172068
1.314, 0.999759, -0.000388787, 1.3505, 0.0226133, 0.0172064
1.387, 0.99973, -0.000410382, 1.4235, 0.0238694, 0.0172058
1.46, 0.9997, -0.000431976, 1.4965, 0.0251254, 0.0172053
1.533, 0.999669, -0.000453569, 1.5695, 0.0263814, 0.0172047
1.606, 0.999636, -0.000475162, 1.6425, 0.0276374, 0.0172041
1.679, 0.999601, -0.000496753, 1.7155, 0.0288933, 0.0172035
1.752, 0.999565, -0.000518344, 1.7885, 0.0301491, 0.0172029
1.825, 0.999527, -0.000539934, 1.8615, 0.0314049, 0.0172022
1.898, 0.999488, -0.000561523, 1.9345, 0.0326607, 0.0172015
1.971, 0.999447, -0.000583112, 2.0075, 0.0339164, 0.0172007
2.044, 0.999404, -0.000604699, 2.0805, 0.035172, 0.0172
2.117, 0.99936, -0.000626285, 2.1535, 0.0364276, 0.0171992
2.19, 0.999314, -0.00064787, 2.2265, 0.0376832, 0.0171984
2.263, 0.999267, -0.000669455, 2.2995, 0.0389387, 0.0171975
2.336, 0.999218, -0.000691038, 2.3725, 0.0401941, 0.0171967
2.409, 0.999168, -0.000712619, 2.4455, 0.0414494, 0.0171958
2.482, 0.999116, -0.0007342, 2.5185, 0.0427047, 0.0171949
2.555, 0.999062, -0.00075578, 2.5915, 0.04396, 0.0171939
2.628, 0.999007, -0.000777358, 2.6645, 0.0452151, 0.0171929
2.701, 0.99895, -0.000798935, 2.7375, 0.0464702, 0.0171919
2.774, 0.998892, -0.00082051, 2.8105, 0.0477252, 0.0171909
2.847, 0.998832, -0.000842085, 2.8835, 0.0489801, 0.0171898
2.92, 0.99877, -0.000863658, 2.9565, 0.050235, 0.0171888
2.993, 0.998707, -0.000885229, 3.0295, 0.0514898, 0.0171876
3.066, 0.998643, -0.000906799, 3.1025, 0.0527445, 0.0171865
3.139, 0.998576, -0.000928368, 3.1755, 0.0539991, 0.0171853
3.212, 0.998509, -0.000949935, 3.2485, 0.0552536, 0.0171841
3.285, 0.998439, -0.0009715, 3.3215, 0.0565081, 0.0171829
3.358, 0.998368, -0.000993064, 3.3945, 0.0577624, 0.0171817
3.431, 0.998296, -0.00101463, 3.4675, 0.0590167, 0.0171804
3.504, 0.998222, -0.00103619, 3.5405, 0.0602709, 0.0171791
3.577, 0.998146, -0.00105775, 3.6135, 0.0615249, 0.0171778
3.65, 0.998069, -0.0010793, 3.6865, 0.0627789, 0.0171764
3.723, 0.99799, -0.00110086, 3.7595, 0.0640328, 0.017175
3.796, 0.99791, -0.00112241, 3.8325, 0.0652866, 0.0171736
3.869, 0.997828, -0.00114396, 3.9055, 0.0665402, 0.0171722
3.942, 0.997744, -0.00116551, 3.9785, 0.0677938, 0.0171707
4.015, 0.997659, -0.00118706, 4.0515, 0.0690473, 0.0171692
4.088, 0.997573, -0.00120861, 4.1245, 0.0703006, 0.0171677
4.161, 0.997484, -0.00123015, 4.1975, 0.0715539, 0.0171662
4.234, 0.997395, -0.00125169, 4.2705, 0.072807, 0.0171646
4.307, 0.997303, -0.00127323, 4.3435, 0.07406, 0.017163
4.38, 0.99721, -0.00129477, 4.4165, 0.0753129, 0.0171614
4.453, 0.997116, -0.00131631, 4.4895, 0.0765657, 0.0171597
4.526, 0.99702, -0.00133784, 4.5625, 0.0778183, 0.017158
4.599, 0.996922, -0.00135937, 4.6355, 0.0790709, 0.0171563
4.672, 0.996823, -0.0013809, 4.7085, 0.0803233, 0.0171546
4.745, 0.996722, -0.00140243, 4.7815, 0.0815756, 0.0171528
4.818, 0.99662, -0.00142396, 4.8545, 0.0828277, 0.017151
4.891, 0.996516, -0.00144548, 4.9275, 0.0840798, 0.0171492
4.964, 0.99641, -0.001467, 5.0005, 0.0853316, 0.0171474
5.037, 0.996303, -0.00148852, 5.0735, 0.0865834, 0.0171455
5.11, 0.996194, -0.00151003, 5.1465, 0.087835, 0.0171436
5.183, 0.996084, -0.00153155, 5.2195, 0.0890865, 0.0171417
5.256, 0.995972, -0.00155306, 5.2925, 0.0903379, 0.0171397
5.329, 0.995859, -0.00157456, 5.3655, 0.0915891, 0.0171378
5.402, 0.995744, -0.00159607, 5.4385, 0.0928401, 0.0171357
5.475, 0.995628, -0.00161757, 5.5115, 0.094091, 0.0171337
5.548, 0.995509, -0.00163907, 5.5845, 0.0953418, 0.0171317
5.621, 0.99539, -0.00166057, 5.6575, 0.0965924, 0.0171296
5.694, 0.995269, -0.00168207, 5.7305, 0.0978428, 0.0171275
5.767, 0.995146, -0.00170356, 5.8035, 0.0990932, 0.0171253
5.84, 0.995021, -0.00172505, 5.8765, 0.100343, 0.0171232
5.913, 0.994895, -0.00174654, 5.9495, 0.101593, 0.017121
5.986, 0.994768, -0.00176802, 6.0225, 0.102843, 0.0171187
6.059, 0.994639, -0.0017895, 6.0955, 0.104093, 0.0171165
6.132, 0.994508, -0.00181098, 6.1685, 0.105342, 0.0171142
6.205, 0.994376, -0.00183245, 6.2415, 0.106592, 0.0171119
6.278, 0.994242, -0.00185393, 6.3145, 0.107841, 0.0171096
6.351, 0.994107, -0.0018754, 6.3875, 0.10909, 0.0171072
6.424, 0.99397, -0.00189686, 6.4605, 0.110339, 0.0171048
6.497, 0.993832, -0.00191833, 6.5335, 0.111587, 0.0171024
6.57, 0.993692, -0.00193979, 6.6065, 0.112836, 0.0171
6.643, 0.99355, -0.00196124, 6.6795, 0.114084, 0.0170975
6.716, 0.993407, -0.0019827, 6.7525, 0.115332, 0.017095
6.789, 0.993262, -0.00200415, 6.8255, 0.11658, 0.0170925
6.862, 0.993116, -0.0020256, 6.8985, 0.117828, 0.01709
6.935, 0.992968, -0.00204704, 6.9715, 0.119075, 0.0170874
7.008, 0.992818, -0.00206848, 7.0445, 0.120323, 0.0170848
7.081, 0.992667, -0.00208992, 7.1175, 0.12157, 0.0170822
7.154, 0.992515, -0.00211135, 7.1905, 0.122817, 0.0170795
7.227, 0.992361, -0.00213279, 7.2635, 0.124064, 0.0170769
7.3, 0.992205, -0.00215421, 7.3365, 0.12531, 0.0170741
7.373, 0.992048, -0.00217564, 7.4095, 0.126557, 0.0170714
7.446, 0.991889, -0.00219706, 7.4825, 0.127803, 0.0170687
7.519, 0.991729, -0.00221847, 7.5555, 0.129049, 0.0170659
7.592, 0.991567, -0.00223989, 7.6285, 0.130295, 0.0170631
7.665, 0.991403, -0.0022613, 7.7015, 0.13154, 0.0170602
7.738, 0.991238, -0.0022827, 7.7745, 0.132786, 0.0170573
7.811, 0.991071, -0.00230411, 7.8475, 0.134031, 0.0170544
7.884, 0.990903, -0.00232551, 7.9205, 0.135276, 0.0170515
7.957, 0.990733, -0.0023469, 7.9935, 0.136521, 0.0170486
8.03, 0.990562, -0.00236829, 8.0665, 0.137765, 0.0170456
8.103, 0.990389, -0.00238968, 8.1395, 0.13901, 0.0170426
8.176, 0.990215, -0.00241106, 8.2125, 0.140254, 0.0170396
8.249, 0.990039, -0.00243245, 8.2855, 0.141498, 0.0170365
8.322, 0.989861, -0.00245382, 8.3585, 0.142741, 0.0170334
8.395, 0.989682, -0.00247519, 8.4315, 0.143985, 0.0170303
8.468, 0.989501, -0.00249656, 8.5045, 0.145228, 0.0170272
8.541, 0.989319, -0.00251793, 8.5775, 0.146471, 0.017024
8.614, 0.989135, -0.00253929, 8.6505, 0.147714, 0.0170208
8.687, 0.98895, -0.00256064, 8.7235, 0.148956, 0.0170176
8.76, 0.988763, -0.00258199, 8.7965, 0.150199, 0.0170144
8.833, 0.988575, -0.00260334, 8.8695, 0.151441, 0.0170111
8.906, 0.988385, -0.00262469, 8.9425, 0.152682, 0.0170078
8.979, 0.988193, -0.00264603, 9.0155, 0.153924, 0.0170045
9.052, 0.988, -0.00266736, 9.0885, 0.155165, 0.0170011
9.125, 0.987805, -0.00268869, 9.1615, 0.156406, 0.0169978
9.198, 0.987609, -0.00271002, 9.2345, 0.157647, 0.0169944
9.271, 0.987411, -0.00273134, 9.3075, 0.158888, 0.0169909
9.344, 0.987212, -0.00275266, 9.3805, 0.160128, 0.0169875
9.417, 0.987011, -0.00277397, 9.4535, 0.161368, 0.016984
9.49, 0.986808, -0.00279528, 9.5265, 0.162608, 0.0169805
9.563, 0.986604, -0.00281659, 9.5995, 0.163848, 0.0169769
9.636, 0.986398, -0.00283789, 9.6725, 0.165087, 0.0169734
9.709, 0.986191, -0.00285918, 9.7455, 0.166326, 0.0169698
9.782, 0.985983, -0.00288047, 9.8185, 0.167565, 0.0169662
9.855, 0.985772, -0.00290176, 9.8915, 0.168803, 0.0169625
9.928, 0.98556, -0.00292304, 9.9645, 0.170042, 0.0169588
10.001, 0.985347, -0.00294432, 10.0375, 0.17128, 0.0169551
10.074, 0.985132, -0.00296559, 10.1105, 0.172517, 0.0169514
10.147, 0.984916, -0.00298686, 10.1835, 0.173755, 0.0169477
10.22, 0.984698, -0.00300812, 10.2565, 0.174992, 0.0169439
10.293, 0.984478, -0.00302938, 10.3295, 0.176229, 0.0169401
10.366, 0.984257, -0.00305063, 10.4025, 0.177465, 0.0169362
10.439, 0.984034, -0.00307188, 10.4755, 0.178702, 0.0169324
10.512, 0.98381, -0.00309313, 10.5485, 0.179938, 0.0169285
10.585, 0.983584, -0.00311437, 10.6215, 0.181174, 0.0169246
10.658, 0.983357, -0.0031356, 10.6945, 0.182409, 0.0169207
10.731, 0.983128, -0.00315683, 10.7675, 0.183644, 0.0169167
10.804, 0.982897, -0.00317805, 10.8405, 0.184879, 0.0169127
10.877, 0.982665, -0.00319927, 10.9135, 0.186114, 0.0169087
10.95, 0.982432, -0.00322048, 10.9865, 0.187348, 0.0169046
11.023, 0.982197, -0.00324169, 11.0595, 0.188582, 0.0169006
11.096, 0.98196, -0.00326289, 11.1325, 0.189816, 0.0168965
11.169, 0.981722, -0.00328409, 11.2055, 0.191049, 0.0168923
11.242, 0.981482, -0.00330529, 11.2785, 0.192283, 0.0168882
11.315, 0.981241, -0.00332647, 11.3515, 0.193515, 0.016884
11.388, 0.980998, -0.00334765, 11.4245, 0.194748, 0.0168798
11.461, 0.980754, -0.00336883, 11.4975, 0.19598, 0.0168756
11.534, 0.980508, -0.00339, 11.5705, 0.197212, 0.0168713
11.607, 0.98026, -0.00341117, 11.6435, 0.198444, 0.016867
11.68, 0.980011, -0.00343233, 11.7165, 0.199675, 0.0168627
11.753, 0.979761, -0.00345348, 11.7895, 0.200906, 0.0168584
11.826, 0.979509, -0.00347463, 11.8625, 0.202137, 0.016854
11.899, 0.979255, -0.00349578, 11.9355, 0.203367, 0.0168496
11.972, 0.979, -0.00351692, 12.0085, 0.204597, 0.0168452
12.045, 0.978743, -0.00353805, 12.0815, 0.205827, 0.0168408
12.118, 0.978485, -0.00355918, 12.1545, 0.207056, 0.0168363
12.191, 0.978225, -0.0035803, 12.2275, 0.208285, 0.0168318
12.264, 0.977964, -0.00360141, 12.3005, 0.209514, 0.0168273
12.337, 0.977701, -0.00362252, 12.3735, 0.210742, 0.0168227
12.41, 0.977436, -0.00364363, 12.4465, 0.21197, 0.0168181
12.483, 0.97717, -0.00366473, 12.5195, 0.213198, 0.0168135
12.556, 0.976903, -0.00368582, 12.5925, 0.214425, 0.0168089
12.629, 0.976634, -0.00370691, 12.6655, 0.215652, 0.0168042
12.702, 0.976363, -0.00372799, 12.7385, 0.216879, 0.0167996
12.775, 0.976091, -0.00374906, 12.8115, 0.218106, 0.0167949
12.848, 0.975817, -0.00377013, 12.8845, 0.219332, 0.0167901
12.921, 0.975542, -0.00379119, 12.9575, 0.220557, 0.0167854
12.994, 0.975265, -0.00381225, 13.0305, 0.221783, 0.0167806
13.067, 0.974987, -0.0038333, 13.1035, 0.223008, 0.0167758
13.14, 0.974707, -0.00385435, 13.1765, 0.224232, 0.0167709
13.213, 0.974426, -0.00387538, 13.2495, 0.225456, 0.016766
13.286, 0.974143, -0.00389642, 13.3225, 0.22668, 0.0167612
13.359, 0.973858, -0.00391744, 13.3955, 0.227904, 0.0167562
13.432, 0.973572, -0.00393846, 13.4685, 0.229127, 0.0167513
13.505, 0.973285, -0.00395948, 13.5415, 0.23035, 0.0167463
13.578, 0.972996, -0.00398048, 13.6145, 0.231572, 0.0167413
13.651, 0.972705, -0.00400148, 13.6875, 0.232795, 0.0167363
13.724, 0.972413, -0.00402248, 13.7605, 0.234016, 0.0167312
13.797, 0.97212, -0.00404347, 13.8335, 0.235238, 0.0167262
13.87, 0.971824, -0.00406445, 13.9065, 0.236459, 0.0167211
13.943, 0.971528, -0.00408542, 13.9795, 0.237679, 0.0167159
14.016, 0.971229, -0.00410639, 14.0525, 0.2389, 0.0167108
14.089, 0.97093, -0.00412736, 14.1255, 0.24012, 0.0167056
14.162, 0.970628, -0.00414831, 14.1985, 0.241339, 0.0167004
14.235, 0.970326, -0.00416926, 14.2715, 0.242558, 0.0166951
14.308, 0.970021, -0.0041902, 14.3445, 0.243777, 0.0166899
14.381, 0.969715, -0.00421114, 14.4175, 0.244995, 0.0166846
14.454, 0.969408, -0.00423207, 14.4905, 0.246213, 0.0166793
14.527, 0.969099, -0.00425299, 14.5635, 0.247431, 0.0166739
14.6, 0.968789, -0.00427391, 14.6365, 0.248648, 0.0166686
14.673, 0.968477, -0.00429481, 14.7095, 0.249865, 0.0166632
14.746, 0.968163, -0.00431572, 14.7825, 0.251081, 0.0166577
14.819, 0.967848, -0.00433661, 14.8555, 0.252297, 0.0166523
14.892, 0.967531, -0.0043575, 14.9285, 0.253513, 0.0166468
14.965, 0.967213, -0.00437838, 15.0015, 0.254728, 0.0166413
15.038, 0.966894, -0.00439925, 15.0745, 0.255943, 0.0166358
15.111, 0.966573, -0.00442012, 15.1475, 0.257157, 0.0166302
15.184, 0.96625, -0.00444098, 15.2205, 0.258371, 0.0166247
15.257, 0.965926, -0.00446184, 15.2935, 0.259585, 0.0166191
15.33, 0.9656, -0.00448268, 15.3665, 0.260798, 0.0166134
15.403, 0.965273, -0.00450352, 15.4395, 0.262011, 0.0166078
15.476, 0.964944, -0.00452435, 15.5125, 0.263223, 0.0166021
15.549, 0.964614, -0.00454518, 15.5855, 0.264435, 0.0165964
15.622, 0.964282, -0.00456599, 15.6585, 0.265647, 0.0165906
15.695, 0.963949, -0.0045868, 15.7315, 0.266858, 0.0165849
15.768, 0.963614, -0.00460761, 15.8045, 0.268069, 0.0165791
15.841, 0.963277, -0.0046284, 15.8775, 0.269279, 0.0165733
15.914, 0.96294, -0.00464919, 15.9505, 0.270489, 0.0165674
15.987, 0.9626, -0.00466997, 16.0235, 0.271698, 0.0165616
16.06, 0.962259, -0.00469074, 16.0965, 0.272907, 0.0165557
16.133, 0.961917, -0.00471151, 16.1695, 0.274116, 0.0165498
16.206, 0.961573, -0.00473227, 16.2425, 0.275324, 0.0165438
16.279, 0.961227, -0.00475302, 16.3155, 0.276532, 0.0165379
16.352, 0.96088, -0.00477376, 16.3885, 0.277739, 0.0165319
16.425, 0.960532, -0.0047945, 16.4615, 0.278946, 0.0165258
16.498, 0.960182, -0.00481522, 16.5345, 0.280152, 0.0165198
16.571, 0.95983, -0.00483595, 16.6075, 0.281358, 0.0165137
16.644, 0.959477, -0.00485666, 16.6805, 0.282563, 0.0165076
16.717, 0.959123, -0.00487736, 16.7535, 0.283768, 0.0165015
16.79, 0.958767, -0.00489806, 16.8265, 0.284973, 0.0164953
16.863, 0.958409, -0.00491875, 16.8995, 0.286177, 0.0164892
16.936, 0.95805, -0.00493943, 16.9725, 0.287381, 0.016483
17.009, 0.95769, -0.0049601, 17.0455, 0.288584, 0.0164767
17.082, 0.957328, -0.00498077, 17.1185, 0.289787, 0.0164705
17.155, 0.956964, -0.00500143, 17.1915, 0.290989, 0.0164642
17.228, 0.956599, -0.00502208, 17.2645, 0.292191, 0.0164579
17.301, 0.956232, -0.00504272, 17.3375, 0.293393, 0.0164516
17.374, 0.955864, -0.00506335, 17.4105, 0.294594, 0.0164452
17.447, 0.955494, -0.00508398, 17.4835, 0.295794, 0.0164388
17.52, 0.955123, -0.0051046, 17.5565, 0.296994, 0.0164324
17.593, 0.954751, -0.00512521, 17.6295, 0.298194, 0.016426
17.666, 0.954377, -0.00514581, 17.7025, 0.299393, 0.0164195
17.739, 0.954001, -0.0051664, 17.7755, 0.300591, 0.016413
17.812, 0.953624, -0.00518699, 17.8485, 0.30179, 0.0164065
17.885, 0.953245, -0.00520756, 17.9215, 0.302987, 0.0164
17.958, 0.952865, -0.00522813, 17.9945, 0.304184, 0.0163934
18.031, 0.952483, -0.00524869, 18.0675, 0.305381, 0.0163868
18.104, 0.9521, -0.00526924, 18.1405, 0.306577, 0.0163802
18.177, 0.951716, -0.00528979, 18.2135, 0.307773, 0.0163735
18.25, 0.951329, -0.00531032, 18.2865, 0.308968, 0.0163669
18.323, 0.950942, -0.00533085, 18.3595, 0.310163, 0.0163602
18.396, 0.950553, -0.00535137, 18.4325, 0.311358, 0.0163534
18.469, 0.950162, -0.00537188, 18.5055, 0.312551, 0.0163467
18.542, 0.94977, -0.00539238, 18.5785, 0.313745, 0.0163399
18.615, 0.949376, -0.00541287, 18.6515, 0.314937, 0.0163331
18.688, 0.948981, -0.00543336, 18.7245, 0.31613, 0.0163263
18.761, 0.948584, -0.00545383, 18.7975, 0.317322, 0.0163195
18.834, 0.948186, -0.0054743, 18.8705, 0.318513, 0.0163126
18.907, 0.947787, -0.00549476, 18.9435, 0.319704, 0.0163057
18.98, 0.947385, -0.00551521, 19.0165, 0.320894, 0.0162988
19.053, 0.946983, -0.00553565, 19.0895, 0.322084, 0.0162918
19.126, 0.946579, -0.00555608, 19.1625, 0.323273, 0.0162848
19.199, 0.946173, -0.0055765, 19.2355, 0.324462, 0.0162778
19.272, 0.945766, -0.00559691, 19.3085, 0.32565, 0.0162708
19.345, 0.945358, -0.00561732, 19.3815, 0.326838, 0.0162637
19.418, 0.944947, -0.00563772, 19.4545, 0.328025, 0.0162567
19.491, 0.944536, -0.0056581, 19.5275, 0.329212, 0.0162496
19.564, 0.944123, -0.00567848, 19.6005, 0.330398, 0.0162424
19.637, 0.943708, -0.00569885, 19.6735, 0.331584, 0.0162353
19.71, 0.943292, -0.00571921, 19.7465, 0.332769, 0.0162281
19.783, 0.942875, -0.00573956, 19.8195, 0.333954, 0.0162209
19.856, 0.942456, -0.0057599, 19.8925, 0.335138, 0.0162136
19.929, 0.942035, -0.00578024, 19.9655, 0.336321, 0.0162064
20.002, 0.941613, -0.00580056, 20.0385, 0.337505, 0.0161991
20.075, 0.94119, -0.00582088, 20.1115, 0.338687, 0.0161918
20.148, 0.940765, -0.00584118, 20.1845, 0.339869, 0.0161844
20.221, 0.940339, -0.00586148, 20.2575, 0.34105, 0.0161771
20.294, 0.939911, -0.00588176, 20.3305, 0.342231, 0.0161697
20.367, 0.939481, -0.00590204, 20.4035, 0.343412, 0.0161623
20.44, 0.939051, -0.00592231, 20.4765, 0.344592, 0.0161549
20.513, 0.938618, -0.00594257, 20.5495, 0.345771, 0.0161474
20.586, 0.938184, -0.00596282, 20.6225, 0.34695, 0.0161399
20.659, 0.937749, -0.00598306, 20.6955, 0.348128, 0.0161324
20.732, 0.937312, -0.00600329, 20.7685, 0.349306, 0.0161248
20.805, 0.936874, -0.00602351, 20.8415, 0.350483, 0.0161173
20.878, 0.936434, -0.00604372, 20.9145, 0.351659, 0.0161097
20.951, 0.935993, -0.00606392, 20.9875, 0.352835, 0.0161021
21.024, 0.935551, -0.00608411, 21.0605, 0.354011, 0.0160944
21.097, 0.935106, -0.00610429, 21.1335, 0.355186, 0.0160868
21.17, 0.934661, -0.00612447, 21.2065, 0.35636, 0.0160791
21.243, 0.934214, -0.00614463, 21.2795, 0.357534, 0.0160714
21.316, 0.933765, -0.00616478, 21.3525, 0.358707, 0.0160636
21.389, 0.933315, -0.00618493, 21.4255, 0.35988, 0.0160559
21.462, 0.932864, -0.00620506, 21.4985, 0.361052, 0.0160481
21.535, 0.932411, -0.00622518, 21.5715, 0.362223, 0.0160402
21.608, 0.931956, -0.0062453, 21.6445, 0.363394, 0.0160324
21.681, 0.9315, -0.0062654, 21.7175, 0.364564, 0.0160245
21.754, 0.931043, -0.00628549, 21.7905, 0.365734, 0.0160166
21.827, 0.930584, -0.00630558, 21.8635, 0.366903, 0.0160087
21.9, 0.930124, -0.00632565, 21.9365, 0.368072, 0.0160008
21.973, 0.929662, -0.00634572, 22.0095, 0.36924, 0.0159928
22.046, 0.929199, -0.00636577, 22.0825, 0.370408, 0.0159848
22.119, 0.928734, -0.00638581, 22.1555, 0.371575, 0.0159768
22.192, 0.928268, -0.00640585, 22.2285, 0.372741, 0.0159688
22.265, 0.9278, -0.00642587, 22.3015, 0.373907, 0.0159607
22.338, 0.927331, -0.00644588, 22.3745, 0.375072, 0.0159526
22.411, 0.926861, -0.00646589, 22.4475, 0.376236, 0.0159445
22.484, 0.926389, -0.00648588, 22.5205, 0.3774, 0.0159363
22.557, 0.925915, -0.00650586, 22.5935, 0.378564, 0.0159282
22.63, 0.92544, -0.00652583, 22.6665, 0.379726, 0.01592
22.703, 0.924964, -0.00654579, 22.7395, 0.380888, 0.0159117
22.776, 0.924486, -0.00656575, 22.8125, 0.38205, 0.0159035
22.849, 0.924007, -0.00658569, 22.8855, 0.383211, 0.0158952
22.922, 0.923526, -0.00660562, 22.9585, 0.384371, 0.0158869
22.995, 0.923044, -0.00662554, 23.0315, 0.385531, 0.0158786
23.068, 0.92256, -0.00664545, 23.1045, 0.38669, 0.0158703
23.141, 0.922075, -0.00666535, 23.1775, 0.387849, 0.0158619
23.214, 0.921588, -0.00668523, 23.2505, 0.389007, 0.0158535
23.287, 0.9211, -0.00670511, 23.3235, 0.390164, 0.0158451
23.36, 0.920611, -0.00672498, 23.3965, 0.391321, 0.0158366
23.433, 0.92012, -0.00674484, 23.4695, 0.392477, 0.0158282
23.506, 0.919628, -0.00676468, 23.5425, 0.393632, 0.0158197
23.579, 0.919134, -0.00678452, 23.6155, 0.394787, 0.0158111
23.652, 0.918638, -0.00680434, 23.6885, 0.395941, 0.0158026
23.725, 0.918142, -0.00682415, 23.7615, 0.397095, 0.015794
23.798, 0.917644, -0.00684396, 23.8345, 0.398248, 0.0157854
23.871, 0.917144, -0.00686375, 23.9075, 0.3994, 0.0157768
23.944, 0.916643, -0.00688353, 23.9805, 0.400552, 0.0157682
24.017, 0.91614, -0.0069033, 24.0535, 0.401703, 0.0157595
24.09, 0.915636, -0.00692306, 24.1265, 0.402853, 0.0157508
24.163, 0.915131, -0.00694281, 24.1995, 0.404003, 0.0157421
24.236, 0.914624, -0.00696254, 24.2725, 0.405152, 0.0157334
24.309, 0.914116, -0.00698227, 24.3455, 0.406301, 0.0157246
24.382, 0.913606, -0.00700198, 24.4185, 0.407449, 0.0157158
24.455, 0.913095, -0.00702169, 24.4915, 0.408596, 0.015707
24.528, 0.912583, -0.00704138, 24.5645, 0.409743, 0.0156981
24.601, 0.912069, -0.00706106, 24.6375, 0.410889, 0.0156893
24.674, 0.911553, -0.00708073, 24.7105, 0.412034, 0.0156804
24.747, 0.911036, -0.00710039, 24.7835, 0.413179, 0.0156715
24.82, 0.910518, -0.00712004, 24.8565, 0.414323, 0.0156625
24.893, 0.909998, -0.00713968, 24.9295, 0.415466, 0.0156536
24.966, 0.909477, -0.0071593, 25.0025, 0.416609, 0.0156446
25.039, 0.908954, -0.00717891, 25.0755, 0.417751, 0.0156356
25.112, 0.90843, -0.00719852, 25.1485, 0.418892, 0.0156265
25.185, 0.907905, -0.00721811, 25.2215, 0.420033, 0.0156175
25.258, 0.907378, -0.00723769, 25.2945, 0.421173, 0.0156084
25.331, 0.906849, -0.00725726, 25.3675, 0.422312, 0.0155992
25.404, 0.90632, -0.00727681, 25.4405, 0.423451, 0.0155901
25.477, 0.905788, -0.00729636, 25.5135, 0.424589, 0.015581
25.55, 0.905256, -0.00731589, 25.5865, 0.425727, 0.0155718
25.623, 0.904722, -0.00733541, 25.6595, 0.426863, 0.0155626
25.696, 0.904186, -0.00735492, 25.7325, 0.427999, 0.0155533
25.769, 0.903649, -0.00737442, 25.8055, 0.429135, 0.0155441
25.842, 0.903111, -0.00739391, 25.8785, 0.430269, 0.0155348
25.915, 0.902571, -0.00741338, 25.9515, 0.431404, 0.0155255
25.988, 0.90203, -0.00743285, 26.0245, 0.432537, 0.0155161
26.061, 0.901488, -0.0074523, 26.0975, 0.43367, 0.0155068
26.134, 0.900944, -0.00747174, 26.1705, 0.434802, 0.0154974
26.207, 0.900398, -0.00749117, 26.2435, 0.435933, 0.015488
26.28, 0.899851, -0.00751058, 26.3165, 0.437063, 0.0154786
26.353, 0.899303, -0.00752999, 26.3895, 0.438193, 0.0154691
26.426, 0.898753, -0.00754938, 26.4625, 0.439323, 0.0154596
26.499, 0.898202, -0.00756876, 26.5355, 0.440451, 0.0154501
26.572, 0.89765, -0.00758813, 26.6085, 0.441579, 0.0154406
26.645, 0.897096, -0.00760749, 26.6815, 0.442706, 0.015431
26.718, 0.89654, -0.00762683, 26.7545, 0.443833, 0.0154215
26.791, 0.895984, -0.00764616, 26.8275, 0.444958, 0.0154119
26.864, 0.895425, -0.00766548, 26.9005, 0.446084, 0.0154022
26.937, 0.894866, -0.00768479, 26.9735, 0.447208, 0.0153926
27.01, 0.894305, -0.00770409, 27.0465, 0.448332, 0.0153829
27.083, 0.893742, -0.00772337, 27.1195, 0.449455, 0.0153732
27.156, 0.893179, -0.00774264, 27.1925, 0.450577, 0.0153635
27.229, 0.892613, -0.0077619, 27.2655, 0.451698, 0.0153537
27.302, 0.892047, -0.00778115, 27.3385, 0.452819, 0.015344
27.375, 0.891479, -0.00780038, 27.4115, 0.453939, 0.0153342
27.448, 0.890909, -0.0078196, 27.4845, 0.455059, 0.0153244
27.521, 0.890339, -0.00783881, 27.5575, 0.456177, 0.0153145
27.594, 0.889766, -0.00785801, 27.6305, 0.457295, 0.0153047
27.667, 0.889193, -0.00787719, 27.7035, 0.458412, 0.0152948
27.74, 0.888618, -0.00789637, 27.7765, 0.459529, 0.0152849
27.813, 0.888041, -0.00791553, 27.8495, 0.460645, 0.0152749
27.886, 0.887463, -0.00793467, 27.9225, 0.46176, 0.015265
27.959, 0.886884, -0.00795381, 27.9955, 0.462874, 0.015255
28.032, 0.886303, -0.00797293, 28.0685, 0.463988, 0.015245
28.105, 0.885721, -0.00799204, 28.1415, 0.465101, 0.0152349
28.178, 0.885138, -0.00801114, 28.2145, 0.466213, 0.0152249
28.251, 0.884553, -0.00803022, 28.2875, 0.467324, 0.0152148
28.324, 0.883967, -0.00804929, 28.3605, 0.468435, 0.0152047
28.397, 0.883379, -0.00806835, 28.4335, 0.469545, 0.0151945
28.47, 0.88279, -0.0080874, 28.5065, 0.470654, 0.0151844
28.543, 0.8822, -0.00810643, 28.5795, 0.471763, 0.0151742
28.616, 0.881608, -0.00812545, 28.6525, 0.47287, 0.015164
28.689, 0.881015, -0.00814446, 28.7255, 0.473977, 0.0151538
28.762, 0.880421, -0.00816345, 28.7985, 0.475083, 0.0151435
28.835, 0.879825, -0.00818243, 28.8715, 0.476189, 0.0151333
28.908, 0.879227, -0.0082014, 28.9445, 0.477294, 0.015123
28.981, 0.878629, -0.00822036, 29.0175, 0.478398, 0.0151126
29.054, 0.878029, -0.0082393, 29.0905, 0.479501, 0.0151023
29.127, 0.877427, -0.00825823, 29.1635, 0.480603, 0.0150919
29.2, 0.876824, -0.00827715, 29.2365, 0.481705, 0.0150815
29.273, 0.87622, -0.00829605, 29.3095, 0.482806, 0.0150711
29.346, 0.875614, -0.00831494, 29.3825, 0.483906, 0.0150607
29.419, 0.875007, -0.00833382, 29.4555, 0.485006, 0.0150502
29.492, 0.874399, -0.00835268, 29.5285, 0.486104, 0.0150397
29.565, 0.873789, -0.00837153, 29.6015, 0.487202, 0.0150292
29.638, 0.873178, -0.00839037, 29.6745, 0.488299, 0.0150187
29.711, 0.872566, -0.00840919, 29.7475, 0.489396, 0.0150081
29.784, 0.871952, -0.008428, 29.8205, 0.490491, 0.0149975
29.857, 0.871337, -0.0084468, 29.8935, 0.491586, 0.0149869
29.93, 0.87072, -0.00846558, 29.9665, 0.49268, 0.0149763
30.003, 0.870102, -0.00848435, 30.0395, 0.493773, 0.0149657
30.076, 0.869483, -0.00850311, 30.1125, 0.494866, 0.014955
30.149, 0.868862, -0.00852185, 30.1855, 0.495958, 0.0149443
30.222, 0.86824, -0.00854058, 30.2585, 0.497049, 0.0149336
30.295, 0.867616, -0.0085593, 30.3315, 0.498139, 0.0149228
30.368, 0.866991, -0.008578, 30.4045, 0.499228, 0.014912
30.441, 0.866365, -0.00859669, 30.4775, 0.500317, 0.0149013
30.514, 0.865738, -0.00861537, 30.5505, 0.501404, 0.0148904
30.587, 0.865109, -0.00863403, 30.6235, 0.502491, 0.0148796
30.66, 0.864479, -0.00865268, 30.6965, 0.503578, 0.0148687
30.733, 0.863847, -0.00867132, 30.7695, 0.504663, 0.0148578
30.806, 0.863214, -0.00868994, 30.8425, 0.505748, 0.0148469
30.879, 0.86258, -0.00870854, 30.9155, 0.506832, 0.014836
30.952, 0.861944, -0.00872714, 30.9885, 0.507915, 0.0148251
31.025, 0.861307, -0.00874572, 31.0615, 0.508997, 0.0148141
31.098, 0.860668, -0.00876428, 31.1345, 0.510078, 0.0148031
31.171, 0.860028, -0.00878284, 31.2075, 0.511159, 0.014792
31.244, 0.859387, -0.00880137, 31.2805, 0.512239, 0.014781
31.317, 0.858745, -0.0088199, 31.3535, 0.513318, 0.0147699
31.39, 0.858101, -0.00883841, 31.4265, 0.514396, 0.0147588
31.463, 0.857456, -0.0088569, 31.4995, 0.515473, 0.0147477
31.536, 0.856809, -0.00887539, 31.5725, 0.51655, 0.0147366
31.609, 0.856161, -0.00889385, 31.6455, 0.517626, 0.0147254
31.682, 0.855512, -0.00891231, 31.7185, 0.518701, 0.0147142
31.755, 0.854861, -0.00893075, 31.7915, 0.519775, 0.014703
31.828, 0.85421, -0.00894917, 31.8645, 0.520848, 0.0146918
31.901, 0.853556, -0.00896759, 31.9375, 0.521921, 0.0146805
31.974, 0.852902, -0.00898598, 32.0105, 0.522992, 0.0146692
32.047, 0.852246, -0.00900437, 32.0835, 0.524063, 0.0146579
32.12, 0.851588, -0.00902274, 32.1565, 0.525133, 0.0146466
32.193, 0.85093, -0.00904109, 32.2295, 0.526202, 0.0146352
32.266, 0.85027, -0.00905943, 32.3025, 0.527271, 0.0146239
32.339, 0.849608, -0.00907776, 32.3755, 0.528338, 0.0146125
32.412, 0.848946, -0.00909607, 32.4485, 0.529405, 0.014601
32.485, 0.848282, -0.00911437, 32.5215, 0.530471, 0.0145896
32.558, 0.847616, -0.00913265, 32.5945, 0.531536, 0.0145781
32.631, 0.84695, -0.00915092, 32.6675, 0.5326, 0.0145667
32.704, 0.846282, -0.00916917, 32.7405, 0.533663, 0.0145551
32.777, 0.845612, -0.00918741, 32.8135, 0.534726, 0.0145436
32.85, 0.844942, -0.00920564, 32.8865, 0.535788, 0.0145321
32.923, 0.84427, -0.00922385, 32.9595, 0.536848, 0.0145205
32.996, 0.843596, -0.00924204, 33.0325, 0.537908, 0.0145089
33.069, 0.842922, -0.00926022, 33.1055, 0.538968, 0.0144972
33.142, 0.842246, -0.00927839, 33.1785, 0.540026, 0.0144856
33.215, 0.841568, -0.00929654, 33.2515, 0.541083, 0.0144739
33.288, 0.84089, -0.00931468, 33.3245, 0.54214, 0.0144622
33.361, 0.84021, -0.0093328, 33.3975, 0.543196, 0.0144505
33.434, 0.839528, -0.00935091, 33.4705, 0.544251, 0.0144388
33.507, 0.838846, -0.009369, 33.5435, 0.545305, 0.014427
33.58, 0.838162, -0.00938708, 33.6165, 0.546358, 0.0144152
33.653, 0.837476, -0.00940514, 33.6895, 0.54741, 0.0144034
33.726, 0.83679, -0.00942319, 33.7625, 0.548462, 0.0143916
33.799, 0.836102, -0.00944122, 33.8355, 0.549512, 0.0143797
33.872, 0.835413, -0.00945924, 33.9085, 0.550562, 0.0143679
33.945, 0.834722, -0.00947724, 33.9815, 0.551611, 0.014356
34.018, 0.83403, -0.00949523, 34.0545, 0.552659, 0.0143441
34.091, 0.833337, -0.00951321, 34.1275, 0.553706, 0.0143321
34.164, 0.832643, -0.00953116, 34.2005, 0.554752, 0.0143201
34.237, 0.831947, -0.00954911, 34.2735, 0.555797, 0.0143082
34.31, 0.83125, -0.00956704, 34.3465, 0.556842, 0.0142961
34.383, 0.830552, -0.00958495, 34.4195, 0.557886, 0.0142841
34.456, 0.829852, -0.00960285, 34.4925, 0.558928, 0.0142721
34.529, 0.829151, -0.00962073, 34.5655, 0.55997, 0.01426
34.602, 0.828449, -0.0096386, 34.6385, 0.561011, 0.0142479
34.675, 0.827745, -0.00965645, 34.7115, 0.562051, 0.0142358
34.748, 0.82704, -0.00967429, 34.7845, 0.56309, 0.0142236
34.821, 0.826334, -0.00969211, 34.8575, 0.564129, 0.0142115
34.894, 0.825626, -0.00970991, 34.9305, 0.565166, 0.0141993
34.967, 0.824917, -0.0097277, 35.0035, 0.566203, 0.0141871
35.04, 0.824207, -0.00974548, 35.0765, 0.567238, 0.0141748
35.113, 0.823496, -0.00976324, 35.1495, 0.568273, 0.0141626
35.186, 0.822783, -0.00978098, 35.2225, 0.569307, 0.0141503
35.259, 0.822069, -0.00979871, 35.2955, 0.57034, 0.014138
35.332, 0.821354, -0.00981643, 35.3685, 0.571372, 0.0141257
35.405, 0.820637, -0.00983413, 35.4415, 0.572403, 0.0141133
35.478, 0.819919, -0.00985181, 35.5145, 0.573433, 0.014101
35.551, 0.8192, -0.00986947, 35.5875, 0.574463, 0.0140886
35.624, 0.81848, -0.00988713, 35.6605, 0.575491, 0.0140762
35.697, 0.817758, -0.00990476, 35.7335, 0.576519, 0.0140637
35.77, 0.817035, -0.00992238, 35.8065, 0.577546, 0.0140513
35.843, 0.816311, -0.00993999, 35.8795, 0.578571, 0.0140388
35.916, 0.815585, -0.00995757, 35.9525, 0.579596, 0.0140263
35.989, 0.814858, -0.00997515, 36.0255, 0.58062, 0.0140138
36.062, 0.81413, -0.0099927, 36.0985, 0.581643, 0.0140012
36.135, 0.8134, -0.0100102, 36.1715, 0.582665, 0.0139887
36.208, 0.81267, -0.0100278, 36.2445, 0.583686, 0.0139761
36.281, 0.811938, -0.0100453, 36.3175, 0.584707, 0.0139635
36.354, 0.811204, -0.0100628, 36.3905, 0.585726, 0.0139508
36.427, 0.81047, -0.0100803, 36.4635, 0.586744, 0.0139382
36.5, 0.809734, -0.0100977, 36.5365, 0.587762, 0.0139255
36.573, 0.808997, -0.0101152, 36.6095, 0.588778, 0.0139128
36.646, 0.808258, -0.0101326, 36.6825, 0.589794, 0.0139001
36.719, 0.807519, -0.01015, 36.7555, 0.590809, 0.0138873
36.792, 0.806778, -0.0101674, 36.8285, 0.591822, 0.0138746
36.865, 0.806035, -0.0101848, 36.9015, 0.592835, 0.0138618
36.938, 0.805292, -0.0102021, 36.9745, 0.593847, 0.013849
37.011, 0.804547, -0.0102195, 37.0475, 0.594858, 0.0138362
37.084, 0.803801, -0.0102368, 37.1205, 0.595868, 0.0138233
37.157, 0.803054, -0.0102541, 37.1935, 0.596877, 0.0138104
37.23, 0.802305, -0.0102715, 37.2665, 0.597885, 0.0137976
37.303, 0.801556, -0.0102887, 37.3395, 0.598893, 0.0137846
37.376, 0.800804, -0.010306, 37.4125, 0.599899, 0.0137717
37.449, 0.800052, -0.0103233, 37.4855, 0.600904, 0.0137587
37.522, 0.799299, -0.0103405, 37.5585, 0.601909, 0.0137458
37.595, 0.798544, -0.0103577, 37.6315, 0.602912, 0.0137328
37.668, 0.797788, -0.0103749, 37.7045, 0.603915, 0.0137197
37.741, 0.79703, -0.0103921, 37.7775, 0.604916, 0.0137067
37.814, 0.796272, -0.0104093, 37.8505, 0.605917, 0.0136936
37.887, 0.795512, -0.0104264, 37.9235, 0.606916, 0.0136805
37.96, 0.794751, -0.0104436, 37.9965, 0.607915, 0.0136674
38.033, 0.793988, -0.0104607, 38.0695, 0.608913, 0.0136543
38.106, 0.793225, -0.0104778, 38.1425, 0.60991, 0.0136412
38.179, 0.79246, -0.0104949, 38.2155, 0.610905, 0.013628
38.252, 0.791694, -0.0105119, 38.2885, 0.6119, 0.0136148
38.325, 0.790926, -0.010529, 38.3615, 0.612894, 0.0136016
38.398, 0.790158, -0.010546, 38.4345, 0.613887, 0.0135883
38.471, 0.789388, -0.0105631, 38.5075, 0.614879, 0.0135751
38.544, 0.788617, -0.0105801, 38.5805, 0.61587, 0.0135618
38.617, 0.787844, -0.0105971, 38.6535, 0.61686, 0.0135485
38.69, 0.787071, -0.010614, 38.7265, 0.617849, 0.0135352
38.763, 0.786296, -0.010631, 38.7995, 0.618837, 0.0135218
38.836, 0.78552, -0.0106479, 38.8725, 0.619824, 0.0135085
38.909, 0.784742, -0.0106648, 38.9455, 0.62081, 0.0134951
38.982, 0.783964, -0.0106817, 39.0185, 0.621795, 0.0134817
39.055, 0.783184, -0.0106986, 39.0915, 0.62278, 0.0134682
39.128, 0.782403, -0.0107155, 39.1645, 0.623763, 0.0134548
39.201, 0.781621, -0.0107323, 39.2375, 0.624745, 0.0134413
39.274, 0.780837, -0.0107492, 39.3105, 0.625726, 0.0134278
39.347, 0.780053, -0.010766, 39.3835, 0.626706, 0.0134143
39.42, 0.779267, -0.0107828, 39.4565, 0.627686, 0.0134008
39.493, 0.77848, -0.0107996, 39.5295, 0.628664, 0.0133872
39.566, 0.777691, -0.0108164, 39.6025, 0.629641, 0.0133737
39.639, 0.776902, -0.0108331, 39.6755, 0.630617, 0.0133601
39.712, 0.776111, -0.0108498, 39.7485, 0.631593, 0.0133464
39.785, 0.775319, -0.0108666, 39.8215, 0.632567, 0.0133328
39.858, 0.774526, -0.0108833, 39.8945, 0.63354, 0.0133191
39.931, 0.773731, -0.0108999, 39.9675, 0.634513, 0.0133055
40.004, 0.772935, -0.0109166, 40.0405, 0.635484, 0.0132918
40.077, 0.772139, -0.0109333, 40.1135, 0.636454, 0.013278
40.15, 0.77134, -0.0109499, 40.1865, 0.637424, 0.0132643
40.223, 0.770541, -0.0109665, 40.2595, 0.638392, 0.0132505
40.296, 0.769741, -0.0109831, 40.3325, 0.639359, 0.0132367
40.369, 0.768939, -0.0109997, 40.4055, 0.640325, 0.0132229
40.442, 0.768136, -0.0110162, 40.4785, 0.641291, 0.0132091
40.515, 0.767332, -0.0110328, 40.5515, 0.642255, 0.0131953
40.588, 0.766526, -0.0110493, 40.6245, 0.643218, 0.0131814
40.661, 0.76572, -0.0110658, 40.6975, 0.64418, 0.0131675
40.734, 0.764912, -0.0110823, 40.7705, 0.645142, 0.0131536
40.807, 0.764103, -0.0110988, 40.8435, 0.646102, 0.0131397
40.88, 0.763293, -0.0111152, 40.9165, 0.647061, 0.0131257
40.953, 0.762481, -0.0111317, 40.9895, 0.648019, 0.0131118
41.026, 0.761669, -0.0111481, 41.0625, 0.648976, 0.0130978
41.099, 0.760855, -0.0111645, 41.1355, 0.649933, 0.0130837
41.172, 0.76004, -0.0111809, 41.2085, 0.650888, 0.0130697
41.245, 0.759224, -0.0111972, 41.2815, 0.651842, 0.0130557
41.318, 0.758406, -0.0112136, 41.3545, 0.652795, 0.0130416
41.391, 0.757588, -0.0112299, 41.4275, 0.653747, 0.0130275
41.464, 0.756768, -0.0112462, 41.5005, 0.654698, 0.0130134
41.537, 0.755947, -0.0112625, 41.5735, 0.655648, 0.0129992
41.61, 0.755125, -0.0112788, 41.6465, 0.656597, 0.0129851
41.683, 0.754301, -0.0112951, 41.7195, 0.657545, 0.0129709
41.756, 0.753477, -0.0113113, 41.7925, 0.658492, 0.0129567
41.829, 0.752651, -0.0113276, 41.8655, 0.659437, 0.0129425
41.902, 0.751824, -0.0113438, 41.9385, 0.660382, 0.0129283
41.975, 0.750996, -0.01136, 42.0115, 0.661326, 0.012914
42.048, 0.750167, -0.0113761, 42.0845, 0.662269, 0.0128997
42.121, 0.749336, -0.0113923, 42.1575, 0.66321, 0.0128854
42.194, 0.748505, -0.0114084, 42.2305, 0.664151, 0.0128711
42.267, 0.747672, -0.0114245, 42.3035, 0.665091, 0.0128568
42.34, 0.746838, -0.0114406, 42.3765, 0.666029, 0.0128424
42.413, 0.746003, -0.0114567, 42.4495, 0.666967, 0.012828
42.486, 0.745166, -0.0114728, 42.5225, 0.667903, 0.0128136
42.559, 0.744329, -0.0114888, 42.5955, 0.668838, 0.0127992
42.632, 0.74349, -0.0115048, 42.6685, 0.669773, 0.0127848
42.705, 0.74265, -0.0115209, 42.7415, 0.670706, 0.0127703
42.778, 0.741809, -0.0115369, 42.8145, 0.671638, 0.0127559
42.851, 0.740967, -0.0115528, 42.8875, 0.67257, 0.0127414
42.924, 0.740124, -0.0115688, 42.9605, 0.6735, 0.0127268
42.997, 0.739279, -0.0115847, 43.0335, 0.674429, 0.0127123
43.07, 0.738434, -0.0116006, 43.1065, 0.675357, 0.0126977
43.143, 0.737587, -0.0116165, 43.1795, 0.676284, 0.0126832
43.216, 0.736739, -0.0116324, 43.2525, 0.677209, 0.0126686
43.289, 0.73589, -0.0116483, 43.3255, 0.678134, 0.0126539
43.362, 0.735039, -0.0116641, 43.3985, 0.679058, 0.0126393
43.435, 0.734188, -0.0116799, 43.4715, 0.679981, 0.0126246
43.508, 0.733335, -0.0116958, 43.5445, 0.680902, 0.01261
43.581, 0.732481, -0.0117115, 43.6175, 0.681823, 0.0125953
43.654, 0.731626, -0.0117273, 43.6905, 0.682742, 0.0125806
43.727, 0.73077, -0.0117431, 43.7635, 0.683661, 0.0125658
43.8, 0.729913, -0.0117588, 43.8365, 0.684578, 0.0125511
43.873, 0.729055, -0.0117745, 43.9095, 0.685494, 0.0125363
43.946, 0.728195, -0.0117902, 43.9825, 0.686409, 0.0125215
44.019, 0.727334, -0.0118059, 44.0555, 0.687323, 0.0125067
44.092, 0.726473, -0.0118216, 44.1285, 0.688236, 0.0124918
44.165, 0.72561, -0.0118372, 44.2015, 0.689148, 0.012477
44.238, 0.724745, -0.0118528, 44.2745, 0.690059, 0.0124621
44.311, 0.72388, -0.0118684, 44.3475, 0.690969, 0.0124472
44.384, 0.723014, -0.011884, 44.4205, 0.691878, 0.0124323
44.457, 0.722146, -0.0118996, 44.4935, 0.692785, 0.0124174
44.53, 0.721278, -0.0119151, 44.5665, 0.693692, 0.0124024
44.603, 0.720408, -0.0119306, 44.6395, 0.694597, 0.0123874
44.676, 0.719537, -0.0119462, 44.7125, 0.695501, 0.0123725
44.749, 0.718665, -0.0119616, 44.7855, 0.696404, 0.0123574
44.822, 0.717792, -0.0119771, 44.8585, 0.697306, 0.0123424
44.895, 0.716917, -0.0119926, 44.9315, 0.698207, 0.0123274
44.968, 0.716042, -0.012008, 45.0045, 0.699107, 0.0123123
45.041, 0.715165, -0.0120234, 45.0775, 0.700006, 0.0122972
45.114, 0.714288, -0.0120388, 45.1505, 0.700904, 0.0122821
45.187, 0.713409, -0.0120542, 45.2235, 0.7018, 0.012267
45.26, 0.712529, -0.0120695, 45.2965, 0.702696, 0.0122518
45.333, 0.711648, -0.0120849, 45.3695, 0.70359, 0.0122367
45.406, 0.710765, -0.0121002, 45.4425, 0.704484, 0.0122215
45.479, 0.709882, -0.0121155, 45.5155, 0.705376, 0.0122063
45.552, 0.708998, -0.0121308, 45.5885, 0.706267, 0.0121911
45.625, 0.708112, -0.012146, 45.6615, 0.707157, 0.0121758
45.698, 0.707225, -0.0121613, 45.7345, 0.708046, 0.0121606
45.771, 0.706338, -0.0121765, 45.8075, 0.708933, 0.0121453
45.844, 0.705449, -0.0121917, 45.8805, 0.70982, 0.01213
45.917, 0.704559, -0.0122069, 45.9535, 0.710705, 0.0121147
45.99, 0.703668, -0.0122221, 46.0265, 0.71159, 0.0120993
46.063, 0.702776, -0.0122372, 46.0995, 0.712473, 0.012084
46.136, 0.701882, -0.0122523, 46.1725, 0.713355, 0.0120686
46.209, 0.700988, -0.0122675, 46.2455, 0.714236, 0.0120532
46.282, 0.700092, -0.0122825, 46.3185, 0.715116, 0.0120378
46.355, 0.699196, -0.0122976, 46.3915, 0.715995, 0.0120224
46.428, 0.698298, -0.0123127, 46.4645, 0.716872, 0.0120069
46.501, 0.697399, -0.0123277, 46.5375, 0.717749, 0.0119914
46.574, 0.696499, -0.0123427, 46.6105, 0.718624, 0.0119759
46.647, 0.695598, -0.0123577, 46.6835, 0.719499, 0.0119604
46.72, 0.694696, -0.0123727, 46.7565, 0.720372, 0.0119449
46.793, 0.693793, -0.0123876, 46.8295, 0.721244, 0.0119294
46.866, 0.692889, -0.0124025, 46.9025, 0.722115, 0.0119138
46.939, 0.691983, -0.0124175, 46.9755, 0.722984, 0.0118982
47.012, 0.691077, -0.0124324, 47.0485, 0.723853, 0.0118826
47.085, 0.690169, -0.0124472, 47.1215, 0.72472, 0.011867
47.158, 0.68926, -0.0124621, 47.1945, 0.725587, 0.0118514
47.231, 0.688351, -0.0124769, 47.2675, 0.726452, 0.0118357
47.304, 0.68744, -0.0124917, 47.3405, 0.727316, 0.01182
47.377, 0.686528, -0.0125065, 47.4135, 0.728179, 0.0118043
47.45, 0.685615, -0.0125213, 47.4865, 0.72904, 0.0117886
47.523, 0.684701, -0.0125361, 47.5595, 0.729901, 0.0117729
47.596, 0.683786, -0.0125508, 47.6325, 0.73076, 0.0117572
47.669, 0.68287, -0.0125655, 47.7055, 0.731619, 0.0117414
47.742, 0.681952, -0.0125802, 47.7785, 0.732476, 0.0117256
47.815, 0.681034, -0.0125949, 47.8515, 0.733332, 0.0117098
47.888, 0.680115, -0.0126095, 47.9245, 0.734186, 0.011694
47.961, 0.679194, -0.0126242, 47.9975, 0.73504, 0.0116781
48.034, 0.678273, -0.0126388, 48.0705, 0.735893, 0.0116623
48.107, 0.67735, -0.0126534, 48.1435, 0.736744, 0.0116464
48.18, 0.676426, -0.012668, 48.2165, 0.737594, 0.0116305
48.253, 0.675501, -0.0126825, 48.2895, 0.738443, 0.0116146
48.326, 0.674576, -0.0126971, 48.3625, 0.739291, 0.0115987
48.399, 0.673649, -0.0127116, 48.4355, 0.740138, 0.0115827
48.472, 0.672721, -0.0127261, 48.5085, 0.740983, 0.0115667
48.545, 0.671792, -0.0127406, 48.5815, 0.741828, 0.0115508
48.618, 0.670862, -0.012755, 48.6545, 0.742671, 0.0115348
48.691, 0.669931, -0.0127694, 48.7275, 0.743513, 0.0115187
48.764, 0.668998, -0.0127839, 48.8005, 0.744354, 0.0115027
48.837, 0.668065, -0.0127983, 48.8735, 0.745193, 0.0114866
48.91, 0.667131, -0.0128126, 48.9465, 0.746032, 0.0114706
48.983, 0.666196, -0.012827, 49.0195, 0.746869, 0.0114545
49.056, 0.665259, -0.0128413, 49.0925, 0.747705, 0.0114384
49.129, 0.664322, -0.0128556, 49.1655, 0.74854, 0.0114222
49.202, 0.663383, -0.0128699, 49.2385, 0.749374, 0.0114061
49.275, 0.662444, -0.0128842, 49.3115, 0.750207, 0.0113899
49.348, 0.661503, -0.0128985, 49.3845, 0.751038, 0.0113737
49.421, 0.660562, -0.0129127, 49.4575, 0.751869, 0.0113575
49.494, 0.659619, -0.0129269, 49.5305, 0.752698, 0.0113413
49.567, 0.658675, -0.0129411, 49.6035, 0.753526, 0.0113251
49.64, 0.657731, -0.0129553, 49.6765, 0.754352, 0.0113088
49.713, 0.656785, -0.0129694, 49.7495, 0.755178, 0.0112925
49.786, 0.655838, -0.0129836, 49.8225, 0.756002, 0.0112762
49.859, 0.65489, -0.0129977, 49.8955, 0.756826, 0.0112599
49.932, 0.653942, -0.0130118, 49.9685, 0.757647, 0.0112436
50.005, 0.652992, -0.0130258, 50.0415, 0.758468, 0.0112273
50.078, 0.652041, -0.0130399, 50.1145, 0.759288, 0.0112109
50.151, 0.651089, -0.0130539, 50.1875, 0.760106, 0.0111945
50.224, 0.650136, -0.0130679, 50.2605, 0.760923, 0.0111781
50.297, 0.649182, -0.0130819, 50.3335, 0.761739, 0.0111617
50.37, 0.648227, -0.0130959, 50.4065, 0.762554, 0.0111453
50.443, 0.647271, -0.0131098, 50.4795, 0.763368, 0.0111288
50.516, 0.646314, -0.0131238, 50.5525, 0.76418, 0.0111124
50.589, 0.645356, -0.0131377, 50.6255, 0.764991, 0.0110959
50.662, 0.644397, -0.0131515, 50.6985, 0.765801, 0.0110794
50.735, 0.643437, -0.0131654, 50.7715, 0.76661, 0.0110629
50.808, 0.642476, -0.0131793, 50.8445, 0.767418, 0.0110463
50.881, 0.641514, -0.0131931, 50.9175, 0.768224, 0.0110298
50.954, 0.640551, -0.0132069, 50.9905, 0.769029, 0.0110132
51.027, 0.639587, -0.0132207, 51.0635, 0.769833, 0.0109966
51.1, 0.638621, -0.0132344, 51.1365, 0.770636, 0.01098
51.173, 0.637655, -0.0132482, 51.2095, 0.771438, 0.0109634
51.246, 0.636688, -0.0132619, 51.2825, 0.772238, 0.0109468
51.319, 0.63572, -0.0132756, 51.3555, 0.773037, 0.0109301
51.392, 0.634751, -0.0132892, 51.4285, 0.773835, 0.0109134
51.465, 0.633781, -0.0133029, 51.5015, 0.774632, 0.0108968
51.538, 0.63281, -0.0133165, 51.5745, 0.775427, 0.01088
51.611, 0.631838, -0.0133301, 51.6475, 0.776221, 0.0108633
51.684, 0.630865, -0.0133437, 51.7205, 0.777014, 0.0108466
51.757, 0.62989, -0.0133573, 51.7935, 0.777806, 0.0108298
51.83, 0.628915, -0.0133709, 51.8665, 0.778597, 0.010813
51.903, 0.627939, -0.0133844, 51.9395, 0.779386, 0.0107963
51.976, 0.626962, -0.0133979, 52.0125, 0.780174, 0.0107794
52.049, 0.625984, -0.0134114, 52.0855, 0.780961, 0.0107626
52.122, 0.625005, -0.0134248, 52.1585, 0.781747, 0.0107458
52.195, 0.624025, -0.0134383, 52.2315, 0.782531, 0.0107289
52.268, 0.623044, -0.0134517, 52.3045, 0.783315, 0.010712
52.341, 0.622062, -0.0134651, 52.3775, 0.784096, 0.0106951
52.414, 0.621079, -0.0134785, 52.4505, 0.784877, 0.0106782
52.487, 0.620095, -0.0134919, 52.5235, 0.785657, 0.0106613
52.56, 0.61911, -0.0135052, 52.5965, 0.786435, 0.0106444
52.633, 0.618125, -0.0135185, 52.6695, 0.787212, 0.0106274
52.706, 0.617138, -0.0135318, 52.7425, 0.787988, 0.0106104
52.779, 0.61615, -0.0135451, 52.8155, 0.788762, 0.0105934
52.852, 0.615161, -0.0135583, 52.8885, 0.789536, 0.0105764
52.925, 0.614171, -0.0135716, 52.9615, 0.790308, 0.0105594
52.998, 0.613181, -0.0135848, 53.0345, 0.791079, 0.0105424
53.071, 0.612189, -0.013598, 53.1075, 0.791848, 0.0105253
53.144, 0.611196, -0.0136111, 53.1805, 0.792617, 0.0105082
53.217, 0.610203, -0.0136243, 53.2535, 0.793384, 0.0104911
53.29, 0.609208, -0.0136374, 53.3265, 0.79415, 0.010474
53.363, 0.608212, -0.0136505, 53.3995, 0.794914, 0.0104569
53.436, 0.607216, -0.0136636, 53.4725, 0.795678, 0.0104398
53.509, 0.606219, -0.0136766, 53.5455, 0.79644, 0.0104226
53.582, 0.60522, -0.0136897, 53.6185, 0.7972, 0.0104054
53.655, 0.604221, -0.0137027, 53.6915, 0.79796, 0.0103882
53.728, 0.603221, -0.0137157, 53.7645, 0.798718, 0.010371
53.801, 0.602219, -0.0137287, 53.8375, 0.799475, 0.0103538
53.874, 0.601217, -0.0137416, 53.9105, 0.800231, 0.0103366
53.947, 0.600214, -0.0137546, 53.9835, 0.800986, 0.0103193
54.02, 0.59921, -0.0137675, 54.0565, 0.801739, 0.010302
54.093, 0.598205, -0.0137803, 54.1295, 0.802491, 0.0102848
54.166, 0.597199, -0.0137932, 54.2025, 0.803242, 0.0102675
54.239, 0.596192, -0.0138061, 54.2755, 0.803992, 0.0102501
54.312, 0.595184, -0.0138189, 54.3485, 0.80474, 0.0102328
54.385, 0.594175, -0.0138317, 54.4215, 0.805487, 0.0102154
54.458, 0.593166, -0.0138445, 54.4945, 0.806233, 0.0101981
54.531, 0.592155, -0.0138572, 54.5675, 0.806977, 0.0101807
54.604, 0.591143, -0.0138699, 54.6405, 0.80772, 0.0101633
54.677, 0.590131, -0.0138827, 54.7135, 0.808462, 0.0101459
54.75, 0.589117, -0.0138953, 54.7865, 0.809203, 0.0101285
54.823, 0.588103, -0.013908, 54.8595, 0.809942, 0.010111
54.896, 0.587088, -0.0139207, 54.9325, 0.81068, 0.0100935
54.969, 0.586072, -0.0139333, 55.0055, 0.811417, 0.0100761
55.042, 0.585054, -0.0139459, 55.0785, 0.812153, 0.0100586
55.115, 0.584036, -0.0139585, 55.1515, 0.812887, 0.0100411
55.188, 0.583017, -0.013971, 55.2245, 0.81362, 0.0100235
55.261, 0.581998, -0.0139836, 55.2975, 0.814352, 0.010006
55.334, 0.580977, -0.0139961, 55.3705, 0.815082, 0.00998843
55.407, 0.579955, -0.0140086, 55.4435, 0.815811, 0.00997086
55.48, 0.578932, -0.014021, 55.5165, 0.816539, 0.00995327
55.553, 0.577909, -0.0140335, 55.5895, 0.817266, 0.00993567
55.626, 0.576884, -0.0140459, 55.6625, 0.817991, 0.00991805
55.699, 0.575859, -0.0140583, 55.7355, 0.818715, 0.00990041
55.772, 0.574833, -0.0140707, 55.8085, 0.819438, 0.00988276
55.845, 0.573806, -0.0140831, 55.8815, 0.820159, 0.0098651
55.918, 0.572778, -0.0140954, 55.9545, 0.820879, 0.00984742
55.991, 0.571749, -0.0141077, 56.0275, 0.821598, 0.00982972
56.064, 0.570719, -0.01412, 56.1005, 0.822316, 0.00981201
56.137, 0.569688, -0.0141323, 56.1735, 0.823032, 0.00979428
56.21, 0.568656, -0.0141445, 56.2465, 0.823747, 0.00977654
56.283, 0.567624, -0.0141568, 56.3195, 0.824461, 0.00975878
56.356, 0.56659, -0.014169, 56.3925, 0.825173, 0.009741
56.429, 0.565556, -0.0141811, 56.4655, 0.825884, 0.00972322
56.502, 0.564521, -0.0141933, 56.5385, 0.826594, 0.00970541
56.575, 0.563485, -0.0142054, 56.6115, 0.827302, 0.00968759
56.648, 0.562448, -0.0142175, 56.6845, 0.82801, 0.00966976
56.721, 0.56141, -0.0142296, 56.7575, 0.828716, 0.00965191
56.794, 0.560371, -0.0142417, 56.8305, 0.82942, 0.00963405
56.867, 0.559331, -0.0142538, 56.9035, 0.830123, 0.00961617
56.94, 0.558291, -0.0142658, 56.9765, 0.830825, 0.00959827
57.013, 0.55725, -0.0142778, 57.0495, 0.831526, 0.00958036
57.086, 0.556207, -0.0142898, 57.1225, 0.832225, 0.00956244
57.159, 0.555164, -0.0143017, 57.1955, 0.832924, 0.0095445
57.232, 0.55412, -0.0143137, 57.2685, 0.83362, 0.00952654
57.305, 0.553075, -0.0143256, 57.3415, 0.834316, 0.00950857
57.378, 0.552029, -0.0143375, 57.4145, 0.83501, 0.00949059
57.451, 0.550983, -0.0143493, 57.4875, 0.835703, 0.00947259
57.524, 0.549935, -0.0143612, 57.5605, 0.836394, 0.00945458
57.597, 0.548887, -0.014373, 57.6335, 0.837084, 0.00943655
57.67, 0.547838, -0.0143848, 57.7065, 0.837773, 0.0094185
57.743, 0.546788, -0.0143966, 57.7795, 0.838461, 0.00940045
57.816, 0.545737, -0.0144083, 57.8525, 0.839147, 0.00938237
57.889, 0.544685, -0.01442, 57.9255, 0.839832, 0.00936429
57.962, 0.543632, -0.0144318, 57.9985, 0.840515, 0.00934618
58.035, 0.542579, -0.0144434, 58.0715, 0.841198, 0.00932807
58.108, 0.541524, -0.0144551, 58.1445, 0.841879, 0.00930994
58.181, 0.540469, -0.0144667, 58.2175, 0.842558, 0.00929179
58.254, 0.539413, -0.0144784, 58.2905, 0.843237, 0.00927363
58.327, 0.538356, -0.01449, 58.3635, 0.843914, 0.00925546
58.4, 0.537298, -0.0145015, 58.4365, 0.844589, 0.00923727
58.473, 0.53624, -0.0145131, 58.5095, 0.845264, 0.00921906
58.546, 0.53518, -0.0145246, 58.5825, 0.845937, 0.00920084
58.619, 0.53412, -0.0145361, 58.6555, 0.846608, 0.00918261
58.692, 0.533059, -0.0145476, 58.7285, 0.847279, 0.00916436
58.765, 0.531997, -0.014559, 58.8015, 0.847948, 0.0091461
58.838, 0.530934, -0.0145705, 58.8745, 0.848615, 0.00912783
58.911, 0.52987, -0.0145819, 58.9475, 0.849282, 0.00910954
58.984, 0.528806, -0.0145933, 59.0205, 0.849947, 0.00909123
59.057, 0.527741, -0.0146046, 59.0935, 0.85061, 0.00907292
59.13, 0.526674, -0.014616, 59.1665, 0.851273, 0.00905458
59.203, 0.525607, -0.0146273, 59.2395, 0.851934, 0.00903624
59.276, 0.52454, -0.0146386, 59.3125, 0.852593, 0.00901788
59.349, 0.523471, -0.0146499, 59.3855, 0.853251, 0.0089995
59.422, 0.522402, -0.0146611, 59.4585, 0.853908, 0.00898111
59.495, 0.521331, -0.0146723, 59.5315, 0.854564, 0.00896271
59.568, 0.52026, -0.0146835, 59.6045, 0.855218, 0.00894429
59.641, 0.519188, -0.0146947, 59.6775, 0.855871, 0.00892586
59.714, 0.518116, -0.0147059, 59.7505, 0.856523, 0.00890742
59.787, 0.517042, -0.014717, 59.8235, 0.857173, 0.00888896
59.86, 0.515968, -0.0147281, 59.8965, 0.857822, 0.00887049
59.933, 0.514893, -0.0147392, 59.9695, 0.85847, 0.008852
60.006, 0.513817, -0.0147503, 60.0425, 0.859116, 0.0088335
60.079, 0.51274, -0.0147613, 60.1155, 0.859761, 0.00881499
60.152, 0.511662, -0.0147723, 60.1885, 0.860404, 0.00879646
60.225, 0.510584, -0.0147833, 60.2615, 0.861046, 0.00877792
60.298, 0.509505, -0.0147943, 60.3345, 0.861687, 0.00875936
60.371, 0.508425, -0.0148053, 60.4075, 0.862326, 0.00874079
60.444, 0.507344, -0.0148162, 60.4805, 0.862965, 0.00872221
60.517, 0.506262, -0.0148271, 60.5535, 0.863601, 0.00870361
60.59, 0.50518, -0.014838, 60.6265, 0.864237, 0.008685
60.663, 0.504097, -0.0148488, 60.6995, 0.864871, 0.00866638
60.736, 0.503013, -0.0148596, 60.7725, 0.865503, 0.00864774
60.809, 0.501928, -0.0148705, 60.8455, 0.866135, 0.00862909
60.882, 0.500843, -0.0148812, 60.9185, 0.866764, 0.00861043
60.955, 0.499756, -0.014892, 60.9915, 0.867393, 0.00859175
61.028, 0.498669, -0.0149027, 61.0645, 0.86802, 0.00857306
61.101, 0.497581, -0.0149135, 61.1375, 0.868646, 0.00855435
61.174, 0.496493, -0.0149241, 61.2105, 0.869271, 0.00853564
61.247, 0.495403, -0.0149348, 61.2835, 0.869894, 0.00851691
61.32, 0.494313, -0.0149455, 61.3565, 0.870515, 0.00849816
61.393, 0.493222, -0.0149561, 61.4295, 0.871136, 0.0084794
61.466, 0.49213, -0.0149667, 61.5025, 0.871755, 0.00846063
61.539, 0.491038, -0.0149772, 61.5755, 0.872372, 0.00844185
61.612, 0.489944, -0.0149878, 61.6485, 0.872989, 0.00842305
61.685, 0.48885, -0.0149983, 61.7215, 0.873603, 0.00840424
61.758, 0.487755, -0.0150088, 61.7945, 0.874217, 0.00838542
61.831, 0.48666, -0.0150193, 61.8675, 0.874829, 0.00836658
61.904, 0.485563, -0.0150298, 61.9405, 0.87544, 0.00834773
61.977, 0.484466, -0.0150402, 62.0135, 0.876049, 0.00832887
62.05, 0.483368, -0.0150506, 62.0865, 0.876657, 0.00830999
62.123, 0.482269, -0.015061, 62.1595, 0.877264, 0.00829111
62.196, 0.48117, -0.0150713, 62.2325, 0.877869, 0.0082722
62.269, 0.48007, -0.0150817, 62.3055, 0.878473, 0.00825329
62.342, 0.478969, -0.015092, 62.3785, 0.879076, 0.00823436
62.415, 0.477867, -0.0151023, 62.4515, 0.879677, 0.00821542
62.488, 0.476765, -0.0151125, 62.5245, 0.880276, 0.00819647
62.561, 0.475661, -0.0151228, 62.5975, 0.880875, 0.0081775
62.634, 0.474557, -0.015133, 62.6705, 0.881472, 0.00815852
62.707, 0.473453, -0.0151432, 62.7435, 0.882067, 0.00813953
62.78, 0.472347, -0.0151534, 62.8165, 0.882661, 0.00812053
62.853, 0.471241, -0.0151635, 62.8895, 0.883254, 0.00810151
62.926, 0.470134, -0.0151736, 62.9625, 0.883846, 0.00808248
62.999, 0.469026, -0.0151837, 63.0355, 0.884436, 0.00806344
63.072, 0.467918, -0.0151938, 63.1085, 0.885024, 0.00804439
63.145, 0.466809, -0.0152039, 63.1815, 0.885612, 0.00802532
63.218, 0.465699, -0.0152139, 63.2545, 0.886197, 0.00800624
63.291, 0.464588, -0.0152239, 63.3275, 0.886782, 0.00798715
63.364, 0.463477, -0.0152339, 63.4005, 0.887365, 0.00796804
63.437, 0.462365, -0.0152438, 63.4735, 0.887947, 0.00794893
63.51, 0.461252, -0.0152537, 63.5465, 0.888527, 0.0079298
63.583, 0.460139, -0.0152637, 63.6195, 0.889106, 0.00791065
63.656, 0.459024, -0.0152735, 63.6925, 0.889683, 0.0078915
63.729, 0.457909, -0.0152834, 63.7655, 0.890259, 0.00787233
63.802, 0.456794, -0.0152932, 63.8385, 0.890834, 0.00785315
63.875, 0.455677, -0.015303, 63.9115, 0.891407, 0.00783396
63.948, 0.45456, -0.0153128, 63.9845, 0.891979, 0.00781476
64.021, 0.453442, -0.0153226, 64.0575, 0.89255, 0.00779555
64.094, 0.452324, -0.0153323, 64.1305, 0.893119, 0.00777632
64.167, 0.451205, -0.015342, 64.2035, 0.893686, 0.00775708
64.24, 0.450085, -0.0153517, 64.2765, 0.894253, 0.00773783
64.313, 0.448964, -0.0153614, 64.3495, 0.894817, 0.00771856
64.386, 0.447842, -0.015371, 64.4225, 0.895381, 0.00769929
64.459, 0.44672, -0.0153807, 64.4955, 0.895943, 0.00768
64.532, 0.445598, -0.0153902, 64.5685, 0.896504, 0.0076607
64.605, 0.444474, -0.0153998, 64.6415, 0.897063, 0.00764139
64.678, 0.44335, -0.0154094, 64.7145, 0.897621, 0.00762206
64.751, 0.442225, -0.0154189, 64.7875, 0.898177, 0.00760273
64.824, 0.441099, -0.0154284, 64.8605, 0.898732, 0.00758338
64.897, 0.439973, -0.0154378, 64.9335, 0.899286, 0.00756402
64.97, 0.438846, -0.0154473, 65.0065, 0.899838, 0.00754465
65.043, 0.437719, -0.0154567, 65.0795, 0.900389, 0.00752527
65.116, 0.43659, -0.0154661, 65.1525, 0.900938, 0.00750587
65.189, 0.435461, -0.0154755, 65.2255, 0.901486, 0.00748646
65.262, 0.434332, -0.0154848, 65.2985, 0.902032, 0.00746705
65.335, 0.433201, -0.0154942, 65.3715, 0.902577, 0.00744762
65.408, 0.43207, -0.0155035, 65.4445, 0.903121, 0.00742817
65.481, 0.430938, -0.0155127, 65.5175, 0.903663, 0.00740872
65.554, 0.429806, -0.015522, 65.5905, 0.904204, 0.00738926
65.627, 0.428673, -0.0155312, 65.6635, 0.904744, 0.00736978
65.7, 0.427539, -0.0155404, 65.7365, 0.905282, 0.00735029
65.773, 0.426405, -0.0155496, 65.8095, 0.905818, 0.00733079
65.846, 0.425269, -0.0155588, 65.8825, 0.906353, 0.00731128
65.919, 0.424134, -0.0155679, 65.9555, 0.906887, 0.00729176
65.992, 0.422997, -0.015577, 66.0285, 0.907419, 0.00727223
66.065, 0.42186, -0.0155861, 66.1015, 0.90795, 0.00725268
66.138, 0.420722, -0.0155951, 66.1745, 0.90848, 0.00723313
66.211, 0.419584, -0.0156042, 66.2475, 0.909008, 0.00721356
66.284, 0.418445, -0.0156132, 66.3205, 0.909534, 0.00719398
66.357, 0.417305, -0.0156222, 66.3935, 0.910059, 0.00717439
66.43, 0.416165, -0.0156311, 66.4665, 0.910583, 0.00715479
66.503, 0.415023, -0.01564, 66.5395, 0.911105, 0.00713518
66.576, 0.413882, -0.015649, 66.6125, 0.911626, 0.00711556
66.649, 0.412739, -0.0156578, 66.6855, 0.912146, 0.00709592
66.722, 0.411596, -0.0156667, 66.7585, 0.912664, 0.00707628
66.795, 0.410453, -0.0156755, 66.8315, 0.91318, 0.00705662
66.868, 0.409308, -0.0156843, 66.9045, 0.913695, 0.00703696
66.941, 0.408163, -0.0156931, 66.9775, 0.914209, 0.00701728
67.014, 0.407018, -0.0157019, 67.0505, 0.914721, 0.00699759
67.087, 0.405872, -0.0157106, 67.1235, 0.915232, 0.00697789
67.16, 0.404725, -0.0157193, 67.1965, 0.915742, 0.00695818
67.233, 0.403577, -0.015728, 67.2695, 0.91625, 0.00693845
67.306, 0.402429, -0.0157367, 67.3425, 0.916756, 0.00691872
67.379, 0.40128, -0.0157453, 67.4155, 0.917261, 0.00689898
67.452, 0.400131, -0.0157539, 67.4885, 0.917765, 0.00687922
67.525, 0.398981, -0.0157625, 67.5615, 0.918267, 0.00685946
67.598, 0.39783, -0.0157711, 67.6345, 0.918768, 0.00683968
67.671, 0.396679, -0.0157796, 67.7075, 0.919267, 0.0068199
67.744, 0.395527, -0.0157881, 67.7805, 0.919765, 0.0068001
67.817, 0.394374, -0.0157966, 67.8535, 0.920261, 0.00678029
67.89, 0.393221, -0.0158051, 67.9265, 0.920756, 0.00676048
67.963, 0.392067, -0.0158135, 67.9995, 0.92125, 0.00674065
68.036, 0.390913, -0.0158219, 68.0725, 0.921742, 0.00672081
68.109, 0.389758, -0.0158303, 68.1455, 0.922232, 0.00670096
68.182, 0.388602, -0.0158387, 68.2185, 0.922722, 0.0066811
68.255, 0.387446, -0.015847, 68.2915, 0.923209, 0.00666123
68.328, 0.386289, -0.0158554, 68.3645, 0.923696, 0.00664135
68.401, 0.385132, -0.0158636, 68.4375, 0.92418, 0.00662146
68.474, 0.383974, -0.0158719, 68.5105, 0.924664, 0.00660156
68.547, 0.382815, -0.0158801, 68.5835, 0.925146, 0.00658164
68.62, 0.381656, -0.0158884, 68.6565, 0.925626, 0.00656172
68.693, 0.380496, -0.0158965, 68.7295, 0.926105, 0.00654179
68.766, 0.379336, -0.0159047, 68.8025, 0.926583, 0.00652185
68.839, 0.378175, -0.0159129, 68.8755, 0.927059, 0.0065019
68.912, 0.377013, -0.015921, 68.9485, 0.927533, 0.00648193
68.985, 0.375851, -0.0159291, 69.0215, 0.928007, 0.00646196
69.058, 0.374688, -0.0159371, 69.0945, 0.928478, 0.00644198
69.131, 0.373525, -0.0159452, 69.1675, 0.928949, 0.00642198
69.204, 0.372361, -0.0159532, 69.2405, 0.929417, 0.00640198
69.277, 0.371196, -0.0159612, 69.3135, 0.929885, 0.00638197
69.35, 0.370031, -0.0159691, 69.3865, 0.930351, 0.00636195
69.423, 0.368865, -0.0159771, 69.4595, 0.930815, 0.00634191
69.496, 0.367699, -0.015985, 69.5325, 0.931278, 0.00632187
69.569, 0.366532, -0.0159929, 69.6055, 0.93174, 0.00630182
69.642, 0.365364, -0.0160007, 69.6785, 0.9322, 0.00628176
69.715, 0.364196, -0.0160086, 69.7515, 0.932658, 0.00626169
69.788, 0.363028, -0.0160164, 69.8245, 0.933115, 0.0062416
69.861, 0.361859, -0.0160242, 69.8975, 0.933571, 0.00622151
69.934, 0.360689, -0.0160319, 69.9705, 0.934025, 0.00620141
70.007, 0.359518, -0.0160397, 70.0435, 0.934478, 0.0061813
70.08, 0.358348, -0.0160474, 70.1165, 0.934929, 0.00616118
70.153, 0.357176, -0.0160551, 70.1895, 0.935379, 0.00614105
70.226, 0.356004, -0.0160627, 70.2625, 0.935827, 0.00612091
70.299, 0.354831, -0.0160704, 70.3355, 0.936274, 0.00610076
70.372, 0.353658, -0.016078, 70.4085, 0.936719, 0.0060806
70.445, 0.352485, -0.0160856, 70.4815, 0.937163, 0.00606044
70.518, 0.35131, -0.0160931, 70.5545, 0.937606, 0.00604026
70.591, 0.350136, -0.0161007, 70.6275, 0.938046, 0.00602007
70.664, 0.34896, -0.0161082, 70.7005, 0.938486, 0.00599988
70.737, 0.347784, -0.0161156, 70.7735, 0.938924, 0.00597967
70.81, 0.346608, -0.0161231, 70.8465, 0.93936, 0.00595946
70.883, 0.345431, -0.0161305, 70.9195, 0.939795, 0.00593923
70.956, 0.344253, -0.0161379, 70.9925, 0.940229, 0.005919
71.029, 0.343075, -0.0161453, 71.0655, 0.940661, 0.00589876
71.102, 0.341897, -0.0161527, 71.1385, 0.941092, 0.0058785
71.175, 0.340718, -0.01616, 71.2115, 0.941521, 0.00585824
71.248, 0.339538, -0.0161673, 71.2845, 0.941949, 0.00583797
71.321, 0.338358, -0.0161746, 71.3575, 0.942375, 0.00581769
71.394, 0.337177, -0.0161819, 71.4305, 0.942799, 0.00579741
71.467, 0.335996, -0.0161891, 71.5035, 0.943223, 0.00577711
71.54, 0.334814, -0.0161963, 71.5765, 0.943644, 0.0057568
71.613, 0.333632, -0.0162035, 71.6495, 0.944065, 0.00573649
71.686, 0.332449, -0.0162106, 71.7225, 0.944483, 0.00571616
71.759, 0.331265, -0.0162178, 71.7955, 0.944901, 0.00569583
71.832, 0.330081, -0.0162249, 71.8685, 0.945316, 0.00567549
71.905, 0.328897, -0.0162319, 71.9415, 0.945731, 0.00565514
71.978, 0.327712, -0.016239, 72.0145, 0.946144, 0.00563478
72.051, 0.326527, -0.016246, 72.0875, 0.946555, 0.00561441
72.124, 0.325341, -0.016253, 72.1605, 0.946965, 0.00559403
72.197, 0.324154, -0.01626, 72.2335, 0.947373, 0.00557365
72.27, 0.322967, -0.0162669, 72.3065, 0.94778, 0.00555326
72.343, 0.32178, -0.0162739, 72.3795, 0.948185, 0.00553285
72.416, 0.320592, -0.0162808, 72.4525, 0.948589, 0.00551244
72.489, 0.319403, -0.0162876, 72.5255, 0.948992, 0.00549202
72.562, 0.318214, -0.0162945, 72.5985, 0.949393, 0.00547159
72.635, 0.317025, -0.0163013, 72.6715, 0.949792, 0.00545116
72.708, 0.315835, -0.0163081, 72.7445, 0.95019, 0.00543071
72.781, 0.314644, -0.0163149, 72.8175, 0.950586, 0.00541026
72.854, 0.313453, -0.0163216, 72.8905, 0.950981, 0.00538979
72.927, 0.312262, -0.0163283, 72.9635, 0.951375, 0.00536932
73, 0.31107, -0.016335, 73.0365, 0.951767, 0.00534884
73.073, 0.309877, -0.0163417, 73.1095, 0.952157, 0.00532836
73.146, 0.308684, -0.0163483, 73.1825, 0.952546, 0.00530786
73.219, 0.307491, -0.016355, 73.2555, 0.952934, 0.00528736
73.292, 0.306297, -0.0163615, 73.3285, 0.95332, 0.00526685
73.365, 0.305103, -0.0163681, 73.4015, 0.953704, 0.00524633
73.438, 0.303908, -0.0163746, 73.4745, 0.954087, 0.0052258
73.511, 0.302712, -0.0163812, 73.5475, 0.954469, 0.00520526
73.584, 0.301517, -0.0163876, 73.6205, 0.954849, 0.00518472
73.657, 0.30032, -0.0163941, 73.6935, 0.955227, 0.00516416
73.73, 0.299124, -0.0164005, 73.7665, 0.955604, 0.0051436
73.803, 0.297926, -0.016407, 73.8395, 0.95598, 0.00512303
73.876, 0.296729, -0.0164133, 73.9125, 0.956353, 0.00510246
73.949, 0.29553, -0.0164197, 73.9855, 0.956726, 0.00508187
74.022, 0.294332, -0.016426, 74.0585, 0.957097, 0.00506128
74.095, 0.293133, -0.0164323, 74.1315, 0.957466, 0.00504068
74.168, 0.291933, -0.0164386, 74.2045, 0.957834, 0.00502007
74.241, 0.290733, -0.0164449, 74.2775, 0.958201, 0.00499946
74.314, 0.289533, -0.0164511, 74.3505, 0.958566, 0.00497883
74.387, 0.288332, -0.0164573, 74.4235, 0.958929, 0.0049582
74.46, 0.28713, -0.0164635, 74.4965, 0.959291, 0.00493756
74.533, 0.285928, -0.0164696, 74.5695, 0.959652, 0.00491692
74.606, 0.284726, -0.0164758, 74.6425, 0.960011, 0.00489626
74.679, 0.283523, -0.0164819, 74.7155, 0.960368, 0.0048756
74.752, 0.28232, -0.0164879, 74.7885, 0.960724, 0.00485493
74.825, 0.281117, -0.016494, 74.8615, 0.961078, 0.00483425
74.898, 0.279913, -0.0165, 74.9345, 0.961431, 0.00481357
74.971, 0.278708, -0.016506, 75.0075, 0.961783, 0.00479288
75.044, 0.277503, -0.016512, 75.0805, 0.962133, 0.00477218
75.117, 0.276298, -0.0165179, 75.1535, 0.962481, 0.00475147
75.19, 0.275092, -0.0165238, 75.2265, 0.962828, 0.00473076
75.263, 0.273886, -0.0165297, 75.2995, 0.963173, 0.00471003
75.336, 0.272679, -0.0165356, 75.3725, 0.963517, 0.0046893
75.409, 0.271472, -0.0165414, 75.4455, 0.963859, 0.00466857
75.482, 0.270264, -0.0165472, 75.5185, 0.9642, 0.00464782
75.555, 0.269057, -0.016553, 75.5915, 0.964539, 0.00462707
75.628, 0.267848, -0.0165588, 75.6645, 0.964877, 0.00460632
75.701, 0.266639, -0.0165645, 75.7375, 0.965213, 0.00458555
75.774, 0.26543, -0.0165702, 75.8105, 0.965548, 0.00456478
75.847, 0.264221, -0.0165759, 75.8835, 0.965881, 0.004544
75.92, 0.26301, -0.0165816, 75.9565, 0.966213, 0.00452321
75.993, 0.2618, -0.0165872, 76.0295, 0.966543, 0.00450242
76.066, 0.260589, -0.0165928, 76.1025, 0.966872, 0.00448162
76.139, 0.259378, -0.0165984, 76.1755, 0.967199, 0.00446081
76.212, 0.258166, -0.016604, 76.2485, 0.967525, 0.00444
76.285, 0.256954, -0.0166095, 76.3215, 0.967849, 0.00441918
76.358, 0.255742, -0.016615, 76.3945, 0.968171, 0.00439835
76.431, 0.254529, -0.0166205, 76.4675, 0.968493, 0.00437752
76.504, 0.253315, -0.0166259, 76.5405, 0.968812, 0.00435668
76.577, 0.252102, -0.0166313, 76.6135, 0.96913, 0.00433583
76.65, 0.250888, -0.0166367, 76.6865, 0.969447, 0.00431497
76.723, 0.249673, -0.0166421, 76.7595, 0.969762, 0.00429411
76.796, 0.248458, -0.0166475, 76.8325, 0.970075, 0.00427324
76.869, 0.247243, -0.0166528, 76.9055, 0.970387, 0.00425237
76.942, 0.246027, -0.0166581, 76.9785, 0.970697, 0.00423149
77.015, 0.244811, -0.0166633, 77.0515, 0.971006, 0.0042106
77.088, 0.243595, -0.0166686, 77.1245, 0.971314, 0.0041897
77.161, 0.242378, -0.0166738, 77.1975, 0.97162, 0.0041688
77.234, 0.241161, -0.016679, 77.2705, 0.971924, 0.0041479
77.307, 0.239943, -0.0166841, 77.3435, 0.972227, 0.00412698
77.38, 0.238725, -0.0166893, 77.4165, 0.972528, 0.00410606
77.453, 0.237507, -0.0166944, 77.4895, 0.972828, 0.00408513
77.526, 0.236288, -0.0166995, 77.5625, 0.973126, 0.0040642
77.599, 0.235069, -0.0167045, 77.6355, 0.973423, 0.00404326
77.672, 0.23385, -0.0167095, 77.7085, 0.973718, 0.00402232
77.745, 0.23263, -0.0167145, 77.7815, 0.974011, 0.00400137
77.818, 0.23141, -0.0167195, 77.8545, 0.974304, 0.00398041
77.891, 0.230189, -0.0167245, 77.9275, 0.974594, 0.00395944
77.964, 0.228969, -0.0167294, 78.0005, 0.974883, 0.00393847
78.037, 0.227747, -0.0167343, 78.0735, 0.975171, 0.0039175
78.11, 0.226526, -0.0167392, 78.1465, 0.975457, 0.00389652
78.183, 0.225304, -0.016744, 78.2195, 0.975741, 0.00387553
78.256, 0.224081, -0.0167488, 78.2925, 0.976024, 0.00385453
78.329, 0.222859, -0.0167536, 78.3655, 0.976305, 0.00383353
78.402, 0.221636, -0.0167584, 78.4385, 0.976585, 0.00381253
78.475, 0.220412, -0.0167631, 78.5115, 0.976864, 0.00379151
78.548, 0.219189, -0.0167679, 78.5845, 0.97714, 0.0037705
78.621, 0.217965, -0.0167725, 78.6575, 0.977416, 0.00374947
78.694, 0.21674, -0.0167772, 78.7305, 0.977689, 0.00372844
78.767, 0.215515, -0.0167818, 78.8035, 0.977961, 0.00370741
78.84, 0.21429, -0.0167865, 78.8765, 0.978232, 0.00368637
78.913, 0.213065, -0.016791, 78.9495, 0.978501, 0.00366532
78.986, 0.211839, -0.0167956, 79.0225, 0.978769, 0.00364427
79.059, 0.210613, -0.0168001, 79.0955, 0.979035, 0.00362321
79.132, 0.209387, -0.0168046, 79.1685, 0.979299, 0.00360215
79.205, 0.20816, -0.0168091, 79.2415, 0.979562, 0.00358108
79.278, 0.206933, -0.0168136, 79.3145, 0.979824, 0.00356
79.351, 0.205706, -0.016818, 79.3875, 0.980084, 0.00353892
79.424, 0.204478, -0.0168224, 79.4605, 0.980342, 0.00351784
79.497, 0.20325, -0.0168267, 79.5335, 0.980599, 0.00349674
79.57, 0.202021, -0.0168311, 79.6065, 0.980854, 0.00347565
79.643, 0.200793, -0.0168354, 79.6795, 0.981108, 0.00345455
79.716, 0.199564, -0.0168397, 79.7525, 0.98136, 0.00343344
79.789, 0.198335, -0.016844, 79.8255, 0.98161, 0.00341233
79.862, 0.197105, -0.0168482, 79.8985, 0.98186, 0.00339121
79.935, 0.195875, -0.0168524, 79.9715, 0.982107, 0.00337008
80.008, 0.194645, -0.0168566, 80.0445, 0.982353, 0.00334896
80.081, 0.193414, -0.0168608, 80.1175, 0.982598, 0.00332782
80.154, 0.192183, -0.0168649, 80.1905, 0.982841, 0.00330668
80.227, 0.190952, -0.016869, 80.2635, 0.983082, 0.00328554
80.3, 0.189721, -0.0168731, 80.3365, 0.983322, 0.00326439
80.373, 0.188489, -0.0168771, 80.4095, 0.98356, 0.00324324
80.446, 0.187257, -0.0168812, 80.4825, 0.983797, 0.00322208
80.519, 0.186025, -0.0168852, 80.5555, 0.984032, 0.00320092
80.592, 0.184792, -0.0168891, 80.6285, 0.984266, 0.00317975
80.665, 0.183559, -0.0168931, 80.7015, 0.984498, 0.00315857
80.738, 0.182326, -0.016897, 80.7745, 0.984728, 0.00313739
80.811, 0.181093, -0.0169009, 80.8475, 0.984957, 0.00311621
80.884, 0.179859, -0.0169048, 80.9205, 0.985185, 0.00309502
80.957, 0.178625, -0.0169086, 80.9935, 0.985411, 0.00307383
81.03, 0.17739, -0.0169124, 81.0665, 0.985635, 0.00305263
81.103, 0.176156, -0.0169162, 81.1395, 0.985858, 0.00303143
81.176, 0.174921, -0.01692, 81.2125, 0.986079, 0.00301022
81.249, 0.173686, -0.0169237, 81.2855, 0.986299, 0.00298901
81.322, 0.17245, -0.0169274, 81.3585, 0.986517, 0.0029678
81.395, 0.171215, -0.0169311, 81.4315, 0.986734, 0.00294657
81.468, 0.169979, -0.0169348, 81.5045, 0.986949, 0.00292535
81.541, 0.168742, -0.0169384, 81.5775, 0.987163, 0.00290412
81.614, 0.167506, -0.016942, 81.6505, 0.987375, 0.00288289
81.687, 0.166269, -0.0169456, 81.7235, 0.987585, 0.00286165
81.76, 0.165032, -0.0169491, 81.7965, 0.987794, 0.0028404
81.833, 0.163795, -0.0169526, 81.8695, 0.988001, 0.00281916
81.906, 0.162557, -0.0169561, 81.9425, 0.988207, 0.0027979
81.979, 0.161319, -0.0169596, 82.0155, 0.988411, 0.00277665
82.052, 0.160081, -0.0169631, 82.0885, 0.988614, 0.00275539
82.125, 0.158843, -0.0169665, 82.1615, 0.988815, 0.00273412
82.198, 0.157605, -0.0169699, 82.2345, 0.989015, 0.00271285
82.271, 0.156366, -0.0169732, 82.3075, 0.989213, 0.00269158
82.344, 0.155127, -0.0169766, 82.3805, 0.989409, 0.0026703
82.417, 0.153887, -0.0169799, 82.4535, 0.989604, 0.00264902
82.49, 0.152648, -0.0169831, 82.5265, 0.989798, 0.00262774
82.563, 0.151408, -0.0169864, 82.5995, 0.989989, 0.00260645
82.636, 0.150168, -0.0169896, 82.6725, 0.99018, 0.00258515
82.709, 0.148928, -0.0169928, 82.7455, 0.990368, 0.00256386
82.782, 0.147687, -0.016996, 82.8185, 0.990556, 0.00254256
82.855, 0.146447, -0.0169992, 82.8915, 0.990741, 0.00252125
82.928, 0.145206, -0.0170023, 82.9645, 0.990925, 0.00249994
83.001, 0.143965, -0.0170054, 83.0375, 0.991108, 0.00247863
83.074, 0.142723, -0.0170084, 83.1105, 0.991289, 0.00245731
83.147, 0.141482, -0.0170115, 83.1835, 0.991468, 0.00243599
83.22, 0.14024, -0.0170145, 83.2565, 0.991646, 0.00241467
83.293, 0.138998, -0.0170175, 83.3295, 0.991822, 0.00239334
83.366, 0.137755, -0.0170205, 83.4025, 0.991997, 0.00237201
83.439, 0.136513, -0.0170234, 83.4755, 0.99217, 0.00235067
83.512, 0.13527, -0.0170263, 83.5485, 0.992342, 0.00232933
83.585, 0.134027, -0.0170292, 83.6215, 0.992512, 0.00230799
83.658, 0.132784, -0.017032, 83.6945, 0.99268, 0.00228665
83.731, 0.131541, -0.0170349, 83.7675, 0.992847, 0.0022653
83.804, 0.130297, -0.0170377, 83.8405, 0.993012, 0.00224394
83.877, 0.129053, -0.0170404, 83.9135, 0.993176, 0.00222259
83.95, 0.12781, -0.0170432, 83.9865, 0.993339, 0.00220123
84.023, 0.126565, -0.0170459, 84.0595, 0.993499, 0.00217986
84.096, 0.125321, -0.0170486, 84.1325, 0.993658, 0.0021585
84.169, 0.124076, -0.0170513, 84.2055, 0.993816, 0.00213713
84.242, 0.122832, -0.0170539, 84.2785, 0.993972, 0.00211576
84.315, 0.121587, -0.0170565, 84.3515, 0.994126, 0.00209438
84.388, 0.120342, -0.0170591, 84.4245, 0.994279, 0.002073
84.461, 0.119096, -0.0170617, 84.4975, 0.994431, 0.00205162
84.534, 0.117851, -0.0170642, 84.5705, 0.99458, 0.00203023
84.607, 0.116605, -0.0170667, 84.6435, 0.994729, 0.00200884
84.68, 0.115359, -0.0170692, 84.7165, 0.994875, 0.00198745
84.753, 0.114113, -0.0170717, 84.7895, 0.99502, 0.00196606
84.826, 0.112867, -0.0170741, 84.8625, 0.995164, 0.00194466
84.899, 0.111621, -0.0170765, 84.9355, 0.995306, 0.00192326
84.972, 0.110374, -0.0170789, 85.0085, 0.995446, 0.00190185
85.045, 0.109127, -0.0170812, 85.0815, 0.995585, 0.00188045
85.118, 0.10788, -0.0170835, 85.1545, 0.995722, 0.00185904
85.191, 0.106633, -0.0170858, 85.2275, 0.995858, 0.00183763
85.264, 0.105386, -0.0170881, 85.3005, 0.995992, 0.00181621
85.337, 0.104139, -0.0170903, 85.3735, 0.996125, 0.00179479
85.41, 0.102891, -0.0170925, 85.4465, 0.996256, 0.00177337
85.483, 0.101643, -0.0170947, 85.5195, 0.996385, 0.00175195
85.556, 0.100395, -0.0170969, 85.5925, 0.996513, 0.00173052
85.629, 0.0991472, -0.017099, 85.6655, 0.996639, 0.00170909
85.702, 0.097899, -0.0171011, 85.7385, 0.996764, 0.00168766
85.775, 0.0966506, -0.0171032, 85.8115, 0.996887, 0.00166623
85.848, 0.0954021, -0.0171052, 85.8845, 0.997009, 0.00164479
85.921, 0.0941534, -0.0171073, 85.9575, 0.997129, 0.00162335
85.994, 0.0929046, -0.0171093, 86.0305, 0.997248, 0.00160191
86.067, 0.0916556, -0.0171112, 86.1035, 0.997365, 0.00158047
86.14, 0.0904065, -0.0171132, 86.1765, 0.99748, 0.00155902
86.213, 0.0891572, -0.0171151, 86.2495, 0.997594, 0.00153757
86.286, 0.0879078, -0.017117, 86.3225, 0.997706, 0.00151612
86.359, 0.0866583, -0.0171189, 86.3955, 0.997817, 0.00149467
86.432, 0.0854086, -0.0171207, 86.4685, 0.997926, 0.00147322
86.505, 0.0841588, -0.0171225, 86.5415, 0.998033, 0.00145176
86.578, 0.0829088, -0.0171243, 86.6145, 0.998139, 0.0014303
86.651, 0.0816588, -0.017126, 86.6875, 0.998244, 0.00140884
86.724, 0.0804086, -0.0171278, 86.7605, 0.998347, 0.00138737
86.797, 0.0791582, -0.0171295, 86.8335, 0.998448, 0.00136591
86.87, 0.0779078, -0.0171311, 86.9065, 0.998548, 0.00134444
86.943, 0.0766572, -0.0171328, 86.9795, 0.998646, 0.00132297
87.016, 0.0754065, -0.0171344, 87.0525, 0.998742, 0.0013015
87.089, 0.0741557, -0.017136, 87.1255, 0.998837, 0.00128002
87.162, 0.0729048, -0.0171376, 87.1985, 0.998931, 0.00125855
87.235, 0.0716537, -0.0171391, 87.2715, 0.999023, 0.00123707
87.308, 0.0704026, -0.0171406, 87.3445, 0.999113, 0.00121559
87.381, 0.0691513, -0.0171421, 87.4175, 0.999202, 0.00119411
87.454, 0.0678999, -0.0171436, 87.4905, 0.999289, 0.00117262
87.527, 0.0666485, -0.017145, 87.5635, 0.999374, 0.00115114
87.6, 0.0653969, -0.0171464, 87.6365, 0.999458, 0.00112965
87.673, 0.0641452, -0.0171478, 87.7095, 0.999541, 0.00110816
87.746, 0.0628934, -0.0171491, 87.7825, 0.999622, 0.00108667
87.819, 0.0616415, -0.0171505, 87.8555, 0.999701, 0.00106518
87.892, 0.0603895, -0.0171518, 87.9285, 0.999779, 0.00104369
87.965, 0.0591374, -0.017153, 88.0015, 0.999855, 0.00102219
88.038, 0.0578853, -0.0171543, 88.0745, 0.99993, 0.0010007
88.111, 0.056633, -0.0171555, 88.1475, 1, 0.000979197
88.184, 0.0553807, -0.0171567, 88.2205, 1.00007, 0.000957698
88.257, 0.0541282, -0.0171579, 88.2935, 1.00014, 0.000936197
88.33, 0.0528757, -0.017159, 88.3665, 1.00021, 0.000914695
88.403, 0.0516231, -0.0171601, 88.4395, 1.00028, 0.000893191
88.476, 0.0503704, -0.0171612, 88.5125, 1.00034, 0.000871686
88.549, 0.0491176, -0.0171622, 88.5855, 1.00041, 0.00085018
88.622, 0.0478648, -0.0171633, 88.6585, 1.00047, 0.000828673
88.695, 0.0466119, -0.0171643, 88.7315, 1.00053, 0.000807164
88.768, 0.0453589, -0.0171652, 88.8045, 1.00059, 0.000785654
88.841, 0.0441058, -0.0171662, 88.8775, 1.00065, 0.000764143
88.914, 0.0428527, -0.0171671, 88.9505, 1.0007, 0.000742631
88.987, 0.0415995, -0.017168, 89.0235, 1.00076, 0.000721118
89.06, 0.0403462, -0.0171689, 89.0965, 1.00081, 0.000699604
89.133, 0.0390929, -0.0171697, 89.1695, 1.00086, 0.000678089
89.206, 0.0378395, -0.0171705, 89.2425, 1.00091, 0.000656573
89.279, 0.0365861, -0.0171713, 89.3155, 1.00096, 0.000635056
89.352, 0.0353326, -0.0171721, 89.3885, 1.001, 0.000613538
89.425, 0.034079, -0.0171728, 89.4615, 1.00105, 0.000592019
89.498, 0.0328254, -0.0171735, 89.5345, 1.00109, 0.000570499
89.571, 0.0315717, -0.0171742, 89.6075, 1.00113, 0.000548978
89.644, 0.030318, -0.0171748, 89.6805, 1.00117, 0.000527457
89.717, 0.0290642, -0.0171755, 89.7535, 1.00121, 0.000505935
89.79, 0.0278104, -0.0171761, 89.8265, 1.00125, 0.000484412
89.863, 0.0265566, -0.0171766, 89.8995, 1.00128, 0.000462889
89.936, 0.0253027, -0.0171772, 89.9725, 1.00132, 0.000441364
90.009, 0.0240487, -0.0171777, 90.0455, 1.00135, 0.00041984
90.082, 0.0227948, -0.0171782, 90.1185, 1.00138, 0.000398314
90.155, 0.0215408, -0.0171787, 90.1915, 1.00141, 0.000376789
90.228, 0.0202867, -0.0171791, 90.2645, 1.00144, 0.000355262
90.301, 0.0190326, -0.0171795, 90.3375, 1.00146, 0.000333735
90.374, 0.0177785, -0.0171799, 90.4105, 1.00149, 0.000312208
90.447, 0.0165244, -0.0171802, 90.4835, 1.00151, 0.000290681
90.52, 0.0152703, -0.0171806, 90.5565, 1.00153, 0.000269153
90.593, 0.0140161, -0.0171809, 90.6295, 1.00155, 0.000247624
90.666, 0.0127619, -0.0171811, 90.7025, 1.00157, 0.000226096
90.739, 0.0115076, -0.0171814, 90.7755, 1.00159, 0.000204567
90.812, 0.0102534, -0.0171816, 90.8485, 1.0016, 0.000183037
90.885, 0.00899915, -0.0171818, 90.9215, 1.00162, 0.000161508
90.958, 0.00774488, -0.017182, 90.9945, 1.00163, 0.000139978
91.031, 0.0064906, -0.0171821, 91.0675, 1.00164, 0.000118449
91.104, 0.0052363, -0.0171822, 91.1405, 1.00165, 9.6919e-05
91.177, 0.003982, -0.0171823, 91.2135, 1.00165, 7.53891e-05
91.25, 0.00272769, -0.0171824, 91.2865, 1.00166, 5.38593e-05
91.323, 0.00147338, -0.0171824, 91.3595, 1.00166, 3.23294e-05
91.396, 0.000219065, -0.0171824, 91.4325, 1.00166, 1.07995e-05
91.469, -0.00103525, -0.0171824, 91.5055, 1.00167, -1.07303e-05
91.542, -0.00228956, -0.0171823, 91.5785, 1.00166, -3.226e-05
91.615, -0.00354387, -0.0171822, 91.6515, 1.00166, -5.37895e-05
91.688, -0.00479818, -0.0171821, 91.7245, 1.00166, -7.53189e-05
91.761, -0.00605247, -0.017182, 91.7975, 1.00165, -9.68481e-05
91.834, -0.00730676, -0.0171819, 91.8705, 1.00165, -0.000118377
91.907, -0.00856104, -0.0171817, 91.9435, 1.00164, -0.000139906
91.98, -0.0098153, -0.0171815, 92.0165, 1.00163, -0.000161434
92.053, -0.0110695, -0.0171812, 92.0895, 1.00162, -0.000182962
92.126, -0.0123238, -0.017181, 92.1625, 1.0016, -0.00020449
92.199, -0.013578, -0.0171807, 92.2355, 1.00159, -0.000226017
92.272, -0.0148322, -0.0171804, 92.3085, 1.00157, -0.000247544
92.345, -0.0160863, -0.01718, 92.3815, 1.00155, -0.00026907
92.418, -0.0173405, -0.0171796, 92.4545, 1.00153, -0.000290596
92.491, -0.0185946, -0.0171792, 92.5275, 1.00151, -0.000312121
92.564, -0.0198487, -0.0171788, 92.6005, 1.00149, -0.000333646
92.637, -0.0211027, -0.0171784, 92.6735, 1.00146, -0.00035517
92.71, -0.0223567, -0.0171779, 92.7465, 1.00144, -0.000376694
92.783, -0.0236107, -0.0171774, 92.8195, 1.00141, -0.000398217
92.856, -0.0248647, -0.0171768, 92.8925, 1.00138, -0.000419739
92.929, -0.0261186, -0.0171763, 92.9655, 1.00135, -0.00044126
93.002, -0.0273725, -0.0171757, 93.0385, 1.00132, -0.000462781
93.075, -0.0286263, -0.0171751, 93.1115, 1.00129, -0.0004843
93.148, -0.0298801, -0.0171744, 93.1845, 1.00125, -0.000505819
93.221, -0.0311338, -0.0171738, 93.2575, 1.00121, -0.000527337
93.294, -0.0323875, -0.0171731, 93.3305, 1.00117, -0.000548855
93.367, -0.0336411, -0.0171723, 93.4035, 1.00113, -0.000570371
93.44, -0.0348947, -0.0171716, 93.4765, 1.00109, -0.000591886
93.513, -0.0361482, -0.0171708, 93.5495, 1.00105, -0.0006134
93.586, -0.0374017, -0.01717, 93.6225, 1.001, -0.000634914
93.659, -0.0386551, -0.0171692, 93.6955, 1.00096, -0.000656426
93.732, -0.0399084, -0.0171683, 93.7685, 1.00091, -0.000677937
93.805, -0.0411617, -0.0171674, 93.8415, 1.00086, -0.000699446
93.878, -0.042415, -0.0171665, 93.9145, 1.00081, -0.000720955
93.951, -0.0436681, -0.0171656, 93.9875, 1.00076, -0.000742463
94.024, -0.0449212, -0.0171646, 94.0605, 1.0007, -0.000763969
94.097, -0.0461742, -0.0171636, 94.1335, 1.00065, -0.000785474
94.17, -0.0474272, -0.0171626, 94.2065, 1.00059, -0.000806977
94.243, -0.04868, -0.0171616, 94.2795, 1.00053, -0.00082848
94.316, -0.0499328, -0.0171605, 94.3525, 1.00047, -0.000849981
94.389, -0.0511855, -0.0171594, 94.4255, 1.00041, -0.00087148
94.462, -0.0524382, -0.0171583, 94.4985, 1.00034, -0.000892978
94.535, -0.0536907, -0.0171571, 94.5715, 1.00028, -0.000914475
94.608, -0.0549432, -0.0171559, 94.6445, 1.00021, -0.00093597
94.681, -0.0561956, -0.0171547, 94.7175, 1.00014, -0.000957463
94.754, -0.0574479, -0.0171535, 94.7905, 1.00007, -0.000978955
94.827, -0.0587001, -0.0171522, 94.8635, 1, -0.00100045
94.9, -0.0599522, -0.0171509, 94.9365, 0.99993, -0.00102193
94.973, -0.0612042, -0.0171496, 95.0095, 0.999856, -0.00104342
95.046, -0.0624561, -0.0171483, 95.0825, 0.999779, -0.00106491
95.119, -0.063708, -0.0171469, 95.1555, 0.999702, -0.00108639
95.192, -0.0649597, -0.0171455, 95.2285, 0.999622, -0.00110787
95.265, -0.0662113, -0.0171441, 95.3015, 0.999541, -0.00112935
95.338, -0.0674628, -0.0171426, 95.3745, 0.999459, -0.00115083
95.411, -0.0687142, -0.0171412, 95.4475, 0.999375, -0.00117231
95.484, -0.0699655, -0.0171397, 95.5205, 0.999289, -0.00119378
95.557, -0.0712167, -0.0171381, 95.5935, 0.999202, -0.00121525
95.63, -0.0724678, -0.0171366, 95.6665, 0.999114, -0.00123672
95.703, -0.0737188, -0.017135, 95.7395, 0.999023, -0.00125819
95.776, -0.0749696, -0.0171334, 95.8125, 0.998931, -0.00127966
95.849, -0.0762204, -0.0171317, 95.8855, 0.998838, -0.00130112
95.922, -0.077471, -0.0171301, 95.9585, 0.998743, -0.00132258
95.995, -0.0787215, -0.0171284, 96.0315, 0.998646, -0.00134404
96.068, -0.0799719, -0.0171267, 96.1045, 0.998548, -0.0013655
96.141, -0.0812221, -0.0171249, 96.1775, 0.998449, -0.00138696
96.214, -0.0824722, -0.0171231, 96.2505, 0.998347, -0.00140841
96.287, -0.0837222, -0.0171213, 96.3235, 0.998245, -0.00142986
96.36, -0.0849721, -0.0171195, 96.3965, 0.99814, -0.00145131
96.433, -0.0862218, -0.0171177, 96.4695, 0.998034, -0.00147275
96.506, -0.0874714, -0.0171158, 96.5425, 0.997927, -0.0014942
96.579, -0.0887208, -0.0171139, 96.6155, 0.997818, -0.00151564
96.652, -0.0899701, -0.0171119, 96.6885, 0.997707, -0.00153708
96.725, -0.0912193, -0.01711, 96.7615, 0.997595, -0.00155852
96.798, -0.0924683, -0.017108, 96.8345, 0.997481, -0.00157995
96.871, -0.0937172, -0.017106, 96.9075, 0.997366, -0.00160138
96.944, -0.094966, -0.0171039, 96.9805, 0.997249, -0.00162281
97.017, -0.0962146, -0.0171019, 97.0535, 0.99713, -0.00164424
97.09, -0.097463, -0.0170998, 97.1265, 0.99701, -0.00166566
97.163, -0.0987113, -0.0170977, 97.1995, 0.996889, -0.00168708
97.236, -0.0999594, -0.0170955, 97.2725, 0.996766, -0.0017085
97.309, -0.101207, -0.0170933, 97.3455, 0.996641, -0.00172991
97.382, -0.102455, -0.0170911, 97.4185, 0.996515, -0.00175133
97.455, -0.103703, -0.0170889, 97.4915, 0.996387, -0.00177274
97.528, -0.10495, -0.0170867, 97.5645, 0.996257, -0.00179414
97.601, -0.106198, -0.0170844, 97.6375, 0.996126, -0.00181555
97.674, -0.107445, -0.0170821, 97.7105, 0.995994, -0.00183695
97.747, -0.108692, -0.0170797, 97.7835, 0.99586, -0.00185835
97.82, -0.109939, -0.0170774, 97.8565, 0.995724, -0.00187974
97.893, -0.111185, -0.017075, 97.9295, 0.995587, -0.00190113
97.966, -0.112432, -0.0170726, 98.0025, 0.995448, -0.00192252
98.039, -0.113678, -0.0170701, 98.0755, 0.995308, -0.00194391
98.112, -0.114924, -0.0170676, 98.1485, 0.995166, -0.00196529
98.185, -0.11617, -0.0170652, 98.2215, 0.995022, -0.00198667
98.258, -0.117416, -0.0170626, 98.2945, 0.994877, -0.00200805
98.331, -0.118661, -0.0170601, 98.3675, 0.994731, -0.00202942
98.404, -0.119907, -0.0170575, 98.4405, 0.994583, -0.00205079
98.477, -0.121152, -0.0170549, 98.5135, 0.994433, -0.00207216
98.55, -0.122397, -0.0170523, 98.5865, 0.994282, -0.00209352
98.623, -0.123642, -0.0170496, 98.6595, 0.994129, -0.00211488
98.696, -0.124886, -0.0170469, 98.7325, 0.993974, -0.00213624
98.769, -0.126131, -0.0170442, 98.8055, 0.993818, -0.00215759
98.842, -0.127375, -0.0170415, 98.8785, 0.993661, -0.00217894
98.915, -0.128619, -0.0170387, 98.9515, 0.993502, -0.00220029
98.988, -0.129863, -0.0170359, 99.0245, 0.993341, -0.00222163
99.061, -0.131107, -0.0170331, 99.0975, 0.993179, -0.00224297
99.134, -0.13235, -0.0170303, 99.1705, 0.993015, -0.0022643
99.207, -0.133593, -0.0170274, 99.2435, 0.99285, -0.00228563
99.28, -0.134836, -0.0170245, 99.3165, 0.992683, -0.00230696
99.353, -0.136079, -0.0170216, 99.3895, 0.992515, -0.00232829
99.426, -0.137322, -0.0170186, 99.4625, 0.992345, -0.00234961
99.499, -0.138564, -0.0170157, 99.5355, 0.992173, -0.00237093
99.572, -0.139806, -0.0170126, 99.6085, 0.992, -0.00239224
99.645, -0.141048, -0.0170096, 99.6815, 0.991826, -0.00241355
99.718, -0.14229, -0.0170066, 99.7545, 0.991649, -0.00243485
99.791, -0.143531, -0.0170035, 99.8275, 0.991472, -0.00245616
99.864, -0.144772, -0.0170004, 99.9005, 0.991292, -0.00247745
99.937, -0.146013, -0.0169972, 99.9735, 0.991112, -0.00249875
100.01, -0.147254, -0.0169941, 100.046, 0.990929, -0.00252004
100.083, -0.148495, -0.0169909, 100.119, 0.990745, -0.00254132
100.156, -0.149735, -0.0169877, 100.192, 0.99056, -0.0025626
100.229, -0.150975, -0.0169844, 100.265, 0.990373, -0.00258388
100.302, -0.152215, -0.0169811, 100.338, 0.990184, -0.00260516
100.375, -0.153455, -0.0169778, 100.411, 0.989994, -0.00262642
100.448, -0.154694, -0.0169745, 100.484, 0.989802, -0.00264769
100.521, -0.155933, -0.0169712, 100.557, 0.989609, -0.00266895
100.594, -0.157172, -0.0169678, 100.63, 0.989414, -0.00269021
100.667, -0.158411, -0.0169644, 100.703, 0.989218, -0.00271146
100.74, -0.159649, -0.016961, 100.776, 0.98902, -0.00273271
100.813, -0.160887, -0.0169575, 100.849, 0.98882, -0.00275395
100.886, -0.162125, -0.016954, 100.922, 0.988619, -0.00277519
100.959, -0.163363, -0.0169505, 100.995, 0.988416, -0.00279643
101.032, -0.1646, -0.016947, 101.069, 0.988212, -0.00281766
101.105, -0.165837, -0.0169434, 101.141, 0.988007, -0.00283888
101.178, -0.167074, -0.0169398, 101.214, 0.987799, -0.0028601
101.251, -0.168311, -0.0169362, 101.287, 0.987591, -0.00288132
101.324, -0.169547, -0.0169326, 101.36, 0.98738, -0.00290253
101.397, -0.170783, -0.0169289, 101.433, 0.987168, -0.00292374
101.47, -0.172019, -0.0169252, 101.506, 0.986955, -0.00294494
101.543, -0.173255, -0.0169215, 101.579, 0.98674, -0.00296614
101.616, -0.17449, -0.0169177, 101.652, 0.986523, -0.00298733
101.689, -0.175725, -0.016914, 101.725, 0.986305, -0.00300852
101.762, -0.17696, -0.0169102, 101.798, 0.986086, -0.00302971
101.835, -0.178194, -0.0169063, 101.871, 0.985865, -0.00305089
101.908, -0.179428, -0.0169025, 101.944, 0.985642, -0.00307206
101.981, -0.180662, -0.0168986, 102.017, 0.985418, -0.00309323
102.054, -0.181896, -0.0168947, 102.09, 0.985192, -0.00311439
102.127, -0.183129, -0.0168908, 102.163, 0.984964, -0.00313555
102.2, -0.184362, -0.0168868, 102.236, 0.984736, -0.00315671
102.273, -0.185595, -0.0168828, 102.309, 0.984505, -0.00317786
102.346, -0.186827, -0.0168788, 102.382, 0.984273, -0.003199
102.419, -0.188059, -0.0168747, 102.456, 0.98404, -0.00322014
102.492, -0.189291, -0.0168707, 102.528, 0.983805, -0.00324128
102.565, -0.190523, -0.0168666, 102.601, 0.983568, -0.00326241
102.638, -0.191754, -0.0168625, 102.674, 0.98333, -0.00328353
102.711, -0.192985, -0.0168583, 102.747, 0.98309, -0.00330465
102.784, -0.194216, -0.0168542, 102.82, 0.982849, -0.00332576
102.857, -0.195446, -0.01685, 102.893, 0.982606, -0.00334687
102.93, -0.196676, -0.0168457, 102.966, 0.982362, -0.00336797
103.003, -0.197906, -0.0168415, 103.039, 0.982116, -0.00338907
103.076, -0.199135, -0.0168372, 103.112, 0.981868, -0.00341016
103.149, -0.200364, -0.0168329, 103.185, 0.98162, -0.00343125
103.222, -0.201593, -0.0168286, 103.258, 0.981369, -0.00345233
103.295, -0.202822, -0.0168242, 103.331, 0.981117, -0.00347341
103.368, -0.20405, -0.0168198, 103.404, 0.980863, -0.00349448
103.441, -0.205278, -0.0168154, 103.477, 0.980608, -0.00351554
103.514, -0.206505, -0.016811, 103.55, 0.980352, -0.0035366
103.587, -0.207732, -0.0168065, 103.623, 0.980094, -0.00355765
103.66, -0.208959, -0.016802, 103.697, 0.979834, -0.0035787
103.733, -0.210186, -0.0167975, 103.769, 0.979573, -0.00359974
103.806, -0.211412, -0.016793, 103.842, 0.97931, -0.00362078
103.879, -0.212638, -0.0167884, 103.915, 0.979046, -0.00364181
103.952, -0.213864, -0.0167838, 103.988, 0.97878, -0.00366284
104.025, -0.215089, -0.0167792, 104.061, 0.978512, -0.00368385
104.098, -0.216314, -0.0167745, 104.134, 0.978243, -0.00370487
104.171, -0.217538, -0.0167699, 104.207, 0.977973, -0.00372587
104.244, -0.218762, -0.0167652, 104.28, 0.977701, -0.00374688
104.317, -0.219986, -0.0167604, 104.353, 0.977427, -0.00376787
104.39, -0.22121, -0.0167557, 104.426, 0.977152, -0.00378886
104.463, -0.222433, -0.0167509, 104.499, 0.976876, -0.00380984
104.536, -0.223656, -0.0167461, 104.572, 0.976598, -0.00383082
104.609, -0.224878, -0.0167413, 104.645, 0.976318, -0.00385179
104.682, -0.2261, -0.0167364, 104.718, 0.976037, -0.00387276
104.755, -0.227322, -0.0167315, 104.791, 0.975754, -0.00389372
104.828, -0.228543, -0.0167266, 104.864, 0.97547, -0.00391467
104.901, -0.229764, -0.0167217, 104.938, 0.975184, -0.00393562
104.974, -0.230985, -0.0167167, 105.01, 0.974897, -0.00395656
105.047, -0.232205, -0.0167117, 105.083, 0.974608, -0.00397749
105.12, -0.233425, -0.0167067, 105.156, 0.974318, -0.00399842
105.193, -0.234645, -0.0167017, 105.229, 0.974026, -0.00401934
105.266, -0.235864, -0.0166966, 105.302, 0.973732, -0.00404026
105.339, -0.237083, -0.0166915, 105.375, 0.973437, -0.00406117
105.412, -0.238302, -0.0166864, 105.448, 0.973141, -0.00408207
105.485, -0.23952, -0.0166813, 105.521, 0.972843, -0.00410297
105.558, -0.240737, -0.0166761, 105.594, 0.972543, -0.00412385
105.631, -0.241955, -0.0166709, 105.667, 0.972242, -0.00414474
105.704, -0.243172, -0.0166657, 105.74, 0.97194, -0.00416561
105.777, -0.244388, -0.0166604, 105.813, 0.971636, -0.00418648
105.85, -0.245605, -0.0166552, 105.886, 0.97133, -0.00420735
105.923, -0.24682, -0.0166499, 105.959, 0.971023, -0.0042282
105.996, -0.248036, -0.0166445, 106.032, 0.970714, -0.00424905
106.069, -0.249251, -0.0166392, 106.105, 0.970404, -0.0042699
106.142, -0.250466, -0.0166338, 106.178, 0.970092, -0.00429073
106.215, -0.25168, -0.0166284, 106.251, 0.969779, -0.00431156
106.288, -0.252894, -0.016623, 106.325, 0.969464, -0.00433238
106.361, -0.254107, -0.0166175, 106.397, 0.969148, -0.0043532
106.434, -0.25532, -0.016612, 106.47, 0.96883, -0.00437401
106.507, -0.256533, -0.0166065, 106.543, 0.968511, -0.00439481
106.58, -0.257745, -0.016601, 106.616, 0.96819, -0.00441561
106.653, -0.258957, -0.0165954, 106.689, 0.967868, -0.00443639
106.726, -0.260169, -0.0165898, 106.762, 0.967544, -0.00445718
106.799, -0.26138, -0.0165842, 106.835, 0.967219, -0.00447795
106.872, -0.26259, -0.0165786, 106.908, 0.966892, -0.00449872
106.945, -0.2638, -0.0165729, 106.981, 0.966563, -0.00451948
107.018, -0.26501, -0.0165672, 107.054, 0.966233, -0.00454023
107.091, -0.26622, -0.0165615, 107.127, 0.965902, -0.00456097
107.164, -0.267429, -0.0165557, 107.2, 0.965569, -0.00458171
107.237, -0.268637, -0.01655, 107.273, 0.965235, -0.00460244
107.31, -0.269845, -0.0165442, 107.346, 0.964899, -0.00462317
107.383, -0.271053, -0.0165384, 107.419, 0.964561, -0.00464388
107.456, -0.27226, -0.0165325, 107.492, 0.964222, -0.00466459
107.529, -0.273467, -0.0165266, 107.566, 0.963882, -0.00468529
107.602, -0.274674, -0.0165207, 107.638, 0.96354, -0.00470599
107.675, -0.27588, -0.0165148, 107.711, 0.963196, -0.00472667
107.748, -0.277085, -0.0165089, 107.784, 0.962851, -0.00474735
107.821, -0.27829, -0.0165029, 107.857, 0.962504, -0.00476803
107.894, -0.279495, -0.0164969, 107.93, 0.962156, -0.00478869
107.967, -0.280699, -0.0164909, 108.003, 0.961807, -0.00480935
108.04, -0.281903, -0.0164848, 108.076, 0.961456, -0.00483
108.113, -0.283107, -0.0164787, 108.149, 0.961103, -0.00485064
108.186, -0.28431, -0.0164726, 108.222, 0.960749, -0.00487127
108.259, -0.285512, -0.0164665, 108.295, 0.960393, -0.0048919
108.332, -0.286714, -0.0164603, 108.368, 0.960036, -0.00491252
108.405, -0.287916, -0.0164541, 108.441, 0.959678, -0.00493313
108.478, -0.289117, -0.0164479, 108.514, 0.959318, -0.00495373
108.551, -0.290318, -0.0164417, 108.587, 0.958956, -0.00497432
108.624, -0.291518, -0.0164354, 108.66, 0.958593, -0.00499491
108.697, -0.292718, -0.0164292, 108.733, 0.958228, -0.00501549
108.77, -0.293917, -0.0164228, 108.806, 0.957862, -0.00503606
108.843, -0.295116, -0.0164165, 108.879, 0.957494, -0.00505662
108.916, -0.296314, -0.0164101, 108.952, 0.957125, -0.00507718
108.989, -0.297512, -0.0164037, 109.025, 0.956755, -0.00509773
109.062, -0.29871, -0.0163973, 109.098, 0.956383, -0.00511827
109.135, -0.299907, -0.0163909, 109.171, 0.956009, -0.0051388
109.208, -0.301103, -0.0163844, 109.244, 0.955634, -0.00515932
109.281, -0.302299, -0.0163779, 109.317, 0.955257, -0.00517984
109.354, -0.303495, -0.0163714, 109.39, 0.954879, -0.00520034
109.427, -0.30469, -0.0163649, 109.463, 0.954499, -0.00522084
109.5, -0.305885, -0.0163583, 109.536, 0.954118, -0.00524133
109.573, -0.307079, -0.0163517, 109.609, 0.953736, -0.00526181
109.646, -0.308272, -0.0163451, 109.682, 0.953352, -0.00528229
109.719, -0.309466, -0.0163384, 109.755, 0.952966, -0.00530275
109.792, -0.310658, -0.0163318, 109.828, 0.952579, -0.00532321
109.865, -0.311851, -0.0163251, 109.901, 0.95219, -0.00534366
109.938, -0.313042, -0.0163184, 109.974, 0.9518, -0.0053641
110.011, -0.314234, -0.0163116, 110.047, 0.951409, -0.00538453
110.084, -0.315424, -0.0163048, 110.12, 0.951016, -0.00540495
110.157, -0.316615, -0.016298, 110.194, 0.950621, -0.00542537
110.23, -0.317804, -0.0162912, 110.266, 0.950225, -0.00544577
110.303, -0.318994, -0.0162844, 110.339, 0.949827, -0.00546617
110.376, -0.320182, -0.0162775, 110.412, 0.949428, -0.00548656
110.449, -0.321371, -0.0162706, 110.485, 0.949028, -0.00550694
110.522, -0.322558, -0.0162637, 110.558, 0.948626, -0.00552731
110.595, -0.323746, -0.0162567, 110.631, 0.948222, -0.00554767
110.668, -0.324932, -0.0162497, 110.704, 0.947817, -0.00556803
110.741, -0.326119, -0.0162427, 110.777, 0.947411, -0.00558837
110.814, -0.327304, -0.0162357, 110.85, 0.947003, -0.00560871
110.887, -0.328489, -0.0162286, 110.923, 0.946593, -0.00562904
110.96, -0.329674, -0.0162216, 110.996, 0.946183, -0.00564936
111.033, -0.330858, -0.0162145, 111.069, 0.94577, -0.00566967
111.106, -0.332042, -0.0162073, 111.142, 0.945356, -0.00568997
111.179, -0.333225, -0.0162002, 111.215, 0.944941, -0.00571026
111.252, -0.334408, -0.016193, 111.288, 0.944524, -0.00573054
111.325, -0.33559, -0.0161858, 111.361, 0.944106, -0.00575081
111.398, -0.336771, -0.0161785, 111.434, 0.943686, -0.00577108
111.471, -0.337952, -0.0161713, 111.507, 0.943265, -0.00579134
111.544, -0.339133, -0.016164, 111.58, 0.942842, -0.00581158
111.617, -0.340313, -0.0161567, 111.653, 0.942418, -0.00583182
111.69, -0.341492, -0.0161494, 111.726, 0.941992, -0.00585205
111.763, -0.342671, -0.016142, 111.799, 0.941565, -0.00587227
111.836, -0.34385, -0.0161346, 111.872, 0.941136, -0.00589248
111.909, -0.345027, -0.0161272, 111.945, 0.940706, -0.00591268
111.982, -0.346205, -0.0161198, 112.018, 0.940274, -0.00593287
112.055, -0.347381, -0.0161123, 112.091, 0.939841, -0.00595305
112.128, -0.348558, -0.0161048, 112.164, 0.939407, -0.00597322
112.201, -0.349733, -0.0160973, 112.237, 0.938971, -0.00599338
112.274, -0.350908, -0.0160898, 112.31, 0.938533, -0.00601354
112.347, -0.352083, -0.0160822, 112.383, 0.938094, -0.00603368
112.42, -0.353257, -0.0160746, 112.456, 0.937654, -0.00605381
112.493, -0.35443, -0.016067, 112.529, 0.937212, -0.00607394
112.566, -0.355603, -0.0160594, 112.602, 0.936768, -0.00609405
112.639, -0.356776, -0.0160517, 112.675, 0.936323, -0.00611416
112.712, -0.357947, -0.0160441, 112.748, 0.935877, -0.00613426
112.785, -0.359119, -0.0160363, 112.821, 0.935429, -0.00615434
112.858, -0.360289, -0.0160286, 112.894, 0.93498, -0.00617442
112.931, -0.361459, -0.0160208, 112.967, 0.934529, -0.00619449
113.004, -0.362629, -0.0160131, 113.04, 0.934077, -0.00621454
113.077, -0.363798, -0.0160052, 113.113, 0.933623, -0.00623459
113.15, -0.364966, -0.0159974, 113.186, 0.933168, -0.00625463
113.223, -0.366134, -0.0159895, 113.259, 0.932712, -0.00627466
113.296, -0.367301, -0.0159817, 113.332, 0.932254, -0.00629467
113.369, -0.368468, -0.0159737, 113.405, 0.931794, -0.00631468
113.442, -0.369634, -0.0159658, 113.478, 0.931333, -0.00633468
113.515, -0.3708, -0.0159578, 113.551, 0.930871, -0.00635467
113.588, -0.371964, -0.0159499, 113.624, 0.930407, -0.00637464
113.661, -0.373129, -0.0159418, 113.697, 0.929941, -0.00639461
113.734, -0.374293, -0.0159338, 113.77, 0.929475, -0.00641457
113.807, -0.375456, -0.0159257, 113.843, 0.929006, -0.00643452
113.88, -0.376618, -0.0159177, 113.916, 0.928537, -0.00645446
113.953, -0.37778, -0.0159096, 113.989, 0.928066, -0.00647438
114.026, -0.378942, -0.0159014, 114.062, 0.927593, -0.0064943
114.099, -0.380103, -0.0158933, 114.135, 0.927119, -0.00651421
114.172, -0.381263, -0.0158851, 114.208, 0.926643, -0.0065341
114.245, -0.382422, -0.0158769, 114.281, 0.926166, -0.00655399
114.318, -0.383581, -0.0158686, 114.354, 0.925688, -0.00657387
114.391, -0.38474, -0.0158604, 114.427, 0.925208, -0.00659373
114.464, -0.385898, -0.0158521, 114.5, 0.924727, -0.00661359
114.537, -0.387055, -0.0158438, 114.573, 0.924244, -0.00663343
114.61, -0.388211, -0.0158354, 114.646, 0.92376, -0.00665327
114.683, -0.389367, -0.0158271, 114.719, 0.923274, -0.00667309
114.756, -0.390523, -0.0158187, 114.792, 0.922787, -0.0066929
114.829, -0.391677, -0.0158103, 114.865, 0.922298, -0.00671271
114.902, -0.392832, -0.0158018, 114.938, 0.921808, -0.0067325
114.975, -0.393985, -0.0157934, 115.011, 0.921317, -0.00675228
115.048, -0.395138, -0.0157849, 115.084, 0.920824, -0.00677205
115.121, -0.39629, -0.0157764, 115.157, 0.920329, -0.00679181
115.194, -0.397442, -0.0157679, 115.23, 0.919834, -0.00681156
115.267, -0.398593, -0.0157593, 115.303, 0.919336, -0.0068313
115.34, -0.399744, -0.0157507, 115.376, 0.918838, -0.00685103
115.413, -0.400893, -0.0157421, 115.449, 0.918338, -0.00687074
115.486, -0.402043, -0.0157335, 115.522, 0.917836, -0.00689045
115.559, -0.403191, -0.0157248, 115.595, 0.917333, -0.00691015
115.632, -0.404339, -0.0157161, 115.668, 0.916829, -0.00692983
115.705, -0.405486, -0.0157074, 115.741, 0.916323, -0.00694951
115.778, -0.406633, -0.0156987, 115.814, 0.915815, -0.00696917
115.851, -0.407779, -0.0156899, 115.887, 0.915307, -0.00698882
115.924, -0.408924, -0.0156812, 115.96, 0.914796, -0.00700846
115.997, -0.410069, -0.0156724, 116.033, 0.914285, -0.00702809
116.07, -0.411213, -0.0156635, 116.106, 0.913772, -0.00704771
116.143, -0.412356, -0.0156547, 116.179, 0.913257, -0.00706732
116.216, -0.413499, -0.0156458, 116.252, 0.912741, -0.00708692
116.289, -0.414641, -0.0156369, 116.325, 0.912224, -0.0071065
116.362, -0.415783, -0.015628, 116.398, 0.911705, -0.00712607
116.435, -0.416924, -0.015619, 116.471, 0.911185, -0.00714564
116.508, -0.418064, -0.01561, 116.544, 0.910663, -0.00716519
116.581, -0.419203, -0.015601, 116.617, 0.91014, -0.00718473
116.654, -0.420342, -0.015592, 116.69, 0.909616, -0.00720426
116.727, -0.421481, -0.015583, 116.763, 0.90909, -0.00722378
116.8, -0.422618, -0.0155739, 116.836, 0.908563, -0.00724328
116.873, -0.423755, -0.0155648, 116.909, 0.908034, -0.00726278
116.946, -0.424891, -0.0155557, 116.982, 0.907504, -0.00728226
117.019, -0.426027, -0.0155465, 117.055, 0.906972, -0.00730174
117.092, -0.427162, -0.0155374, 117.128, 0.906439, -0.0073212
117.165, -0.428296, -0.0155282, 117.201, 0.905905, -0.00734065
117.238, -0.42943, -0.0155189, 117.274, 0.905369, -0.00736008
117.311, -0.430562, -0.0155097, 117.347, 0.904831, -0.00737951
117.384, -0.431695, -0.0155004, 117.42, 0.904293, -0.00739892
117.457, -0.432826, -0.0154911, 117.493, 0.903753, -0.00741833
117.53, -0.433957, -0.0154818, 117.566, 0.903211, -0.00743772
117.603, -0.435087, -0.0154725, 117.639, 0.902668, -0.0074571
117.676, -0.436217, -0.0154631, 117.712, 0.902124, -0.00747646
117.749, -0.437345, -0.0154537, 117.785, 0.901578, -0.00749582
117.822, -0.438474, -0.0154443, 117.858, 0.901031, -0.00751516
117.895, -0.439601, -0.0154349, 117.931, 0.900482, -0.0075345
117.968, -0.440728, -0.0154254, 118.004, 0.899932, -0.00755382
118.041, -0.441854, -0.0154159, 118.077, 0.899381, -0.00757313
118.114, -0.442979, -0.0154064, 118.15, 0.898828, -0.00759242
118.187, -0.444104, -0.0153969, 118.223, 0.898274, -0.00761171
118.26, -0.445228, -0.0153873, 118.296, 0.897718, -0.00763098
118.333, -0.446351, -0.0153777, 118.369, 0.897161, -0.00765024
118.406, -0.447474, -0.0153681, 118.442, 0.896602, -0.00766949
118.479, -0.448596, -0.0153585, 118.515, 0.896043, -0.00768873
118.552, -0.449717, -0.0153488, 118.588, 0.895481, -0.00770795
118.625, -0.450837, -0.0153392, 118.661, 0.894919, -0.00772716
118.698, -0.451957, -0.0153295, 118.734, 0.894355, -0.00774636
118.771, -0.453076, -0.0153197, 118.807, 0.893789, -0.00776555
118.844, -0.454194, -0.01531, 118.88, 0.893222, -0.00778473
118.917, -0.455312, -0.0153002, 118.953, 0.892654, -0.00780389
118.99, -0.456429, -0.0152904, 119.026, 0.892084, -0.00782304
119.063, -0.457545, -0.0152806, 119.099, 0.891513, -0.00784218
119.136, -0.458661, -0.0152707, 119.172, 0.890941, -0.00786131
119.209, -0.459775, -0.0152609, 119.245, 0.890367, -0.00788042
119.282, -0.460889, -0.015251, 119.318, 0.889791, -0.00789952
119.355, -0.462003, -0.0152411, 119.391, 0.889215, -0.00791861
119.428, -0.463115, -0.0152311, 119.464, 0.888637, -0.00793769
119.501, -0.464227, -0.0152212, 119.537, 0.888057, -0.00795676
119.574, -0.465338, -0.0152112, 119.61, 0.887476, -0.00797581
119.647, -0.466449, -0.0152012, 119.683, 0.886894, -0.00799485
119.72, -0.467558, -0.0151911, 119.756, 0.886311, -0.00801387
119.793, -0.468667, -0.0151811, 119.829, 0.885726, -0.00803289
119.866, -0.469776, -0.015171, 119.902, 0.885139, -0.00805189
119.939, -0.470883, -0.0151609, 119.975, 0.884551, -0.00807088
120.012, -0.47199, -0.0151507, 120.048, 0.883962, -0.00808986
120.085, -0.473096, -0.0151406, 120.121, 0.883372, -0.00810882
120.158, -0.474201, -0.0151304, 120.194, 0.88278, -0.00812777
120.231, -0.475306, -0.0151202, 120.267, 0.882186, -0.00814671
120.304, -0.476409, -0.01511, 120.34, 0.881592, -0.00816563
120.377, -0.477512, -0.0150997, 120.413, 0.880996, -0.00818455
120.45, -0.478615, -0.0150894, 120.486, 0.880398, -0.00820345
120.523, -0.479716, -0.0150791, 120.559, 0.879799, -0.00822233
120.596, -0.480817, -0.0150688, 120.632, 0.879199, -0.00824121
120.669, -0.481917, -0.0150585, 120.705, 0.878597, -0.00826007
120.742, -0.483016, -0.0150481, 120.778, 0.877994, -0.00827891
120.815, -0.484115, -0.0150377, 120.851, 0.87739, -0.00829775
120.888, -0.485213, -0.0150273, 120.924, 0.876784, -0.00831657
120.961, -0.48631, -0.0150169, 120.997, 0.876177, -0.00833538
121.034, -0.487406, -0.0150064, 121.07, 0.875569, -0.00835418
121.107, -0.488501, -0.0149959, 121.143, 0.874959, -0.00837296
121.18, -0.489596, -0.0149854, 121.216, 0.874348, -0.00839173
121.253, -0.49069, -0.0149749, 121.289, 0.873735, -0.00841048
121.326, -0.491783, -0.0149643, 121.362, 0.873121, -0.00842923
121.399, -0.492875, -0.0149537, 121.435, 0.872506, -0.00844796
121.472, -0.493967, -0.0149431, 121.508, 0.871889, -0.00846667
121.545, -0.495058, -0.0149325, 121.581, 0.871271, -0.00848537
121.618, -0.496148, -0.0149218, 121.654, 0.870652, -0.00850406
121.691, -0.497237, -0.0149112, 121.727, 0.870031, -0.00852274
121.764, -0.498326, -0.0149005, 121.8, 0.869409, -0.0085414
121.837, -0.499413, -0.0148898, 121.873, 0.868785, -0.00856005
121.91, -0.5005, -0.014879, 121.946, 0.86816, -0.00857869
121.983, -0.501587, -0.0148682, 122.019, 0.867534, -0.00859731
122.056, -0.502672, -0.0148575, 122.092, 0.866906, -0.00861592
122.129, -0.503757, -0.0148466, 122.165, 0.866277, -0.00863452
122.202, -0.50484, -0.0148358, 122.238, 0.865647, -0.0086531
122.275, -0.505923, -0.0148249, 122.311, 0.865015, -0.00867167
122.348, -0.507006, -0.0148141, 122.384, 0.864382, -0.00869022
122.421, -0.508087, -0.0148031, 122.457, 0.863748, -0.00870876
122.494, -0.509168, -0.0147922, 122.53, 0.863112, -0.00872729
122.567, -0.510248, -0.0147813, 122.603, 0.862475, -0.0087458
122.64, -0.511327, -0.0147703, 122.676, 0.861837, -0.0087643
122.713, -0.512405, -0.0147593, 122.749, 0.861197, -0.00878279
122.786, -0.513482, -0.0147483, 122.822, 0.860556, -0.00880126
122.859, -0.514559, -0.0147372, 122.895, 0.859913, -0.00881972
122.932, -0.515635, -0.0147262, 122.968, 0.859269, -0.00883816
123.005, -0.51671, -0.0147151, 123.041, 0.858624, -0.0088566
123.078, -0.517784, -0.014704, 123.114, 0.857978, -0.00887501
123.151, -0.518857, -0.0146928, 123.187, 0.85733, -0.00889342
123.224, -0.51993, -0.0146817, 123.26, 0.856681, -0.0089118
123.297, -0.521002, -0.0146705, 123.333, 0.85603, -0.00893018
123.37, -0.522073, -0.0146593, 123.406, 0.855378, -0.00894854
123.443, -0.523143, -0.014648, 123.479, 0.854725, -0.00896689
123.516, -0.524212, -0.0146368, 123.552, 0.85407, -0.00898522
123.589, -0.52528, -0.0146255, 123.625, 0.853414, -0.00900354
123.662, -0.526348, -0.0146142, 123.698, 0.852757, -0.00902184
123.735, -0.527415, -0.0146029, 123.771, 0.852099, -0.00904013
123.808, -0.528481, -0.0145915, 123.844, 0.851439, -0.00905841
123.881, -0.529546, -0.0145802, 123.917, 0.850777, -0.00907667
123.954, -0.53061, -0.0145688, 123.99, 0.850115, -0.00909492
124.027, -0.531674, -0.0145574, 124.063, 0.849451, -0.00911315
124.1, -0.532737, -0.0145459, 124.136, 0.848786, -0.00913137
124.173, -0.533799, -0.0145345, 124.209, 0.848119, -0.00914958
124.246, -0.53486, -0.014523, 124.282, 0.847451, -0.00916777
124.319, -0.53592, -0.0145115, 124.355, 0.846782, -0.00918594
124.392, -0.536979, -0.0145, 124.428, 0.846111, -0.0092041
124.465, -0.538038, -0.0144884, 124.501, 0.845439, -0.00922225
124.538, -0.539095, -0.0144769, 124.574, 0.844766, -0.00924038
124.611, -0.540152, -0.0144653, 124.647, 0.844092, -0.0092585
124.684, -0.541208, -0.0144536, 124.72, 0.843416, -0.0092766
124.757, -0.542263, -0.014442, 124.793, 0.842739, -0.00929469
124.83, -0.543317, -0.0144303, 124.866, 0.84206, -0.00931277
124.903, -0.544371, -0.0144187, 124.939, 0.84138, -0.00933083
124.976, -0.545423, -0.0144069, 125.012, 0.840699, -0.00934887
125.049, -0.546475, -0.0143952, 125.085, 0.840017, -0.0093669
125.122, -0.547526, -0.0143835, 125.158, 0.839333, -0.00938492
125.195, -0.548576, -0.0143717, 125.231, 0.838648, -0.00940292
125.268, -0.549625, -0.0143599, 125.304, 0.837961, -0.0094209
125.341, -0.550673, -0.0143481, 125.377, 0.837274, -0.00943888
125.414, -0.551721, -0.0143362, 125.45, 0.836584, -0.00945683
125.487, -0.552767, -0.0143244, 125.523, 0.835894, -0.00947477
125.56, -0.553813, -0.0143125, 125.596, 0.835202, -0.0094927
125.633, -0.554858, -0.0143006, 125.669, 0.83451, -0.00951061
125.706, -0.555902, -0.0142886, 125.742, 0.833815, -0.00952851
125.779, -0.556945, -0.0142767, 125.815, 0.83312, -0.00954639
125.852, -0.557987, -0.0142647, 125.888, 0.832423, -0.00956426
125.925, -0.559028, -0.0142527, 125.961, 0.831725, -0.00958211
125.998, -0.560069, -0.0142407, 126.034, 0.831025, -0.00959995
126.071, -0.561108, -0.0142286, 126.107, 0.830324, -0.00961777
126.144, -0.562147, -0.0142166, 126.18, 0.829622, -0.00963557
126.217, -0.563185, -0.0142045, 126.253, 0.828919, -0.00965337
126.29, -0.564222, -0.0141924, 126.326, 0.828214, -0.00967114
126.363, -0.565258, -0.0141802, 126.399, 0.827508, -0.0096889
126.436, -0.566293, -0.0141681, 126.472, 0.826801, -0.00970665
126.509, -0.567327, -0.0141559, 126.545, 0.826092, -0.00972438
126.582, -0.568361, -0.0141437, 126.618, 0.825382, -0.0097421
126.655, -0.569393, -0.0141315, 126.691, 0.824671, -0.0097598
126.728, -0.570425, -0.0141193, 126.764, 0.823959, -0.00977748
126.801, -0.571455, -0.014107, 126.837, 0.823245, -0.00979515
126.874, -0.572485, -0.0140947, 126.91, 0.82253, -0.0098128
126.947, -0.573514, -0.0140824, 126.983, 0.821814, -0.00983044
127.02, -0.574542, -0.0140701, 127.056, 0.821096, -0.00984807
127.093, -0.575569, -0.0140577, 127.129, 0.820377, -0.00986567
127.166, -0.576595, -0.0140453, 127.202, 0.819657, -0.00988327
127.239, -0.577621, -0.0140329, 127.275, 0.818935, -0.00990084
127.312, -0.578645, -0.0140205, 127.348, 0.818213, -0.0099184
127.385, -0.579669, -0.0140081, 127.421, 0.817489, -0.00993595
127.458, -0.580691, -0.0139956, 127.494, 0.816763, -0.00995348
127.531, -0.581713, -0.0139831, 127.567, 0.816037, -0.00997099
127.604, -0.582734, -0.0139706, 127.64, 0.815309, -0.00998849
127.677, -0.583754, -0.0139581, 127.713, 0.81458, -0.010006
127.75, -0.584773, -0.0139455, 127.786, 0.813849, -0.0100234
127.823, -0.585791, -0.013933, 127.859, 0.813117, -0.0100409
127.896, -0.586808, -0.0139204, 127.932, 0.812384, -0.0100583
127.969, -0.587824, -0.0139078, 128.005, 0.81165, -0.0100758
128.042, -0.588839, -0.0138951, 128.078, 0.810915, -0.0100932
128.115, -0.589853, -0.0138825, 128.151, 0.810178, -0.0101105
128.188, -0.590867, -0.0138698, 128.225, 0.80944, -0.0101279
128.261, -0.591879, -0.0138571, 128.297, 0.8087, -0.0101453
128.334, -0.592891, -0.0138443, 128.37, 0.80796, -0.0101626
128.407, -0.593902, -0.0138316, 128.444, 0.807218, -0.0101799
128.48, -0.594911, -0.0138188, 128.516, 0.806475, -0.0101972
128.553, -0.59592, -0.013806, 128.589, 0.80573, -0.0102145
128.626, -0.596928, -0.0137932, 128.662, 0.804985, -0.0102318
128.699, -0.597935, -0.0137804, 128.736, 0.804238, -0.0102491
128.772, -0.598941, -0.0137675, 128.808, 0.80349, -0.0102663
128.845, -0.599946, -0.0137547, 128.881, 0.80274, -0.0102836
128.918, -0.60095, -0.0137418, 128.954, 0.80199, -0.0103008
128.991, -0.601953, -0.0137289, 129.028, 0.801238, -0.010318
129.064, -0.602955, -0.0137159, 129.1, 0.800484, -0.0103351
129.137, -0.603956, -0.0137029, 129.173, 0.79973, -0.0103523
129.21, -0.604957, -0.01369, 129.246, 0.798974, -0.0103695
129.283, -0.605956, -0.013677, 129.32, 0.798217, -0.0103866
129.356, -0.606955, -0.0136639, 129.392, 0.797459, -0.0104037
129.429, -0.607952, -0.0136509, 129.465, 0.7967, -0.0104208
129.502, -0.608949, -0.0136378, 129.538, 0.795939, -0.0104379
129.575, -0.609944, -0.0136247, 129.611, 0.795177, -0.0104549
129.648, -0.610939, -0.0136116, 129.684, 0.794414, -0.010472
129.721, -0.611932, -0.0135985, 129.757, 0.793649, -0.010489
129.794, -0.612925, -0.0135853, 129.831, 0.792883, -0.010506
129.867, -0.613917, -0.0135722, 129.903, 0.792117, -0.010523
129.94, -0.614908, -0.013559, 129.976, 0.791348, -0.01054
130.013, -0.615897, -0.0135457, 130.049, 0.790579, -0.010557
130.086, -0.616886, -0.0135325, 130.123, 0.789808, -0.0105739
130.159, -0.617874, -0.0135192, 130.195, 0.789036, -0.0105909
130.232, -0.618861, -0.013506, 130.268, 0.788263, -0.0106078
130.305, -0.619847, -0.0134927, 130.341, 0.787489, -0.0106247
130.378, -0.620832, -0.0134793, 130.415, 0.786713, -0.0106416
130.451, -0.621816, -0.013466, 130.487, 0.785936, -0.0106584
130.524, -0.622799, -0.0134526, 130.56, 0.785158, -0.0106753
130.597, -0.623781, -0.0134392, 130.633, 0.784379, -0.0106921
130.67, -0.624762, -0.0134258, 130.707, 0.783599, -0.0107089
130.743, -0.625742, -0.0134124, 130.779, 0.782817, -0.0107257
130.816, -0.626721, -0.0133989, 130.852, 0.782034, -0.0107425
130.889, -0.627699, -0.0133855, 130.925, 0.78125, -0.0107593
130.962, -0.628676, -0.013372, 130.998, 0.780464, -0.010776
131.035, -0.629653, -0.0133585, 131.071, 0.779678, -0.0107928
131.108, -0.630628, -0.0133449, 131.144, 0.77889, -0.0108095
131.181, -0.631602, -0.0133314, 131.218, 0.778101, -0.0108262
131.254, -0.632575, -0.0133178, 131.29, 0.77731, -0.0108429
131.327, -0.633547, -0.0133042, 131.363, 0.776519, -0.0108595
131.4, -0.634519, -0.0132906, 131.436, 0.775726, -0.0108762
131.473, -0.635489, -0.013277, 131.51, 0.774932, -0.0108928
131.546, -0.636458, -0.0132633, 131.582, 0.774137, -0.0109094
131.619, -0.637426, -0.0132496, 131.655, 0.77334, -0.010926
131.692, -0.638393, -0.0132359, 131.728, 0.772543, -0.0109426
131.765, -0.63936, -0.0132222, 131.802, 0.771744, -0.0109592
131.838, -0.640325, -0.0132084, 131.874, 0.770944, -0.0109757
131.911, -0.641289, -0.0131947, 131.947, 0.770143, -0.0109922
131.984, -0.642252, -0.0131809, 132.02, 0.76934, -0.0110088
132.057, -0.643214, -0.0131671, 132.094, 0.768537, -0.0110253
132.13, -0.644176, -0.0131533, 132.166, 0.767732, -0.0110417
132.203, -0.645136, -0.0131394, 132.239, 0.766926, -0.0110582
132.276, -0.646095, -0.0131256, 132.312, 0.766119, -0.0110746
132.349, -0.647053, -0.0131117, 132.385, 0.76531, -0.0110911
132.422, -0.64801, -0.0130978, 132.458, 0.7645, -0.0111075
132.495, -0.648967, -0.0130838, 132.531, 0.76369, -0.0111238
132.568, -0.649922, -0.0130699, 132.605, 0.762878, -0.0111402
132.641, -0.650876, -0.0130559, 132.677, 0.762064, -0.0111566
132.714, -0.651829, -0.0130419, 132.75, 0.76125, -0.0111729
132.787, -0.652781, -0.0130279, 132.823, 0.760434, -0.0111892
132.86, -0.653732, -0.0130139, 132.897, 0.759618, -0.0112055
132.933, -0.654682, -0.0129999, 132.969, 0.7588, -0.0112218
133.006, -0.655631, -0.0129858, 133.042, 0.75798, -0.0112381
133.079, -0.656579, -0.0129717, 133.115, 0.75716, -0.0112543
133.152, -0.657526, -0.0129576, 133.189, 0.756338, -0.0112706
133.225, -0.658472, -0.0129435, 133.261, 0.755516, -0.0112868
133.298, -0.659417, -0.0129293, 133.334, 0.754692, -0.011303
133.371, -0.66036, -0.0129151, 133.407, 0.753867, -0.0113191
133.444, -0.661303, -0.0129009, 133.48, 0.75304, -0.0113353
133.517, -0.662245, -0.0128867, 133.553, 0.752213, -0.0113515
133.59, -0.663186, -0.0128725, 133.626, 0.751384, -0.0113676
133.663, -0.664125, -0.0128582, 133.7, 0.750554, -0.0113837
133.736, -0.665064, -0.012844, 133.772, 0.749723, -0.0113998
133.809, -0.666002, -0.0128297, 133.845, 0.748891, -0.0114158
133.882, -0.666938, -0.0128154, 133.918, 0.748058, -0.0114319
133.955, -0.667874, -0.012801, 133.992, 0.747223, -0.0114479
134.028, -0.668808, -0.0127867, 134.064, 0.746388, -0.0114639
134.101, -0.669742, -0.0127723, 134.137, 0.745551, -0.0114799
134.174, -0.670674, -0.0127579, 134.21, 0.744713, -0.0114959
134.247, -0.671605, -0.0127435, 134.284, 0.743873, -0.0115119
134.32, -0.672536, -0.0127291, 134.356, 0.743033, -0.0115278
134.393, -0.673465, -0.0127146, 134.429, 0.742192, -0.0115438
134.466, -0.674393, -0.0127001, 134.502, 0.741349, -0.0115597
134.539, -0.67532, -0.0126857, 134.576, 0.740505, -0.0115756
134.612, -0.676246, -0.0126711, 134.648, 0.73966, -0.0115914
134.685, -0.677171, -0.0126566, 134.721, 0.738814, -0.0116073
134.758, -0.678095, -0.0126421, 134.794, 0.737966, -0.0116231
134.831, -0.679018, -0.0126275, 134.867, 0.737118, -0.0116389
134.904, -0.67994, -0.0126129, 134.94, 0.736268, -0.0116547
134.977, -0.680861, -0.0125983, 135.013, 0.735418, -0.0116705
135.05, -0.68178, -0.0125837, 135.087, 0.734566, -0.0116863
135.123, -0.682699, -0.012569, 135.159, 0.733712, -0.011702
135.196, -0.683616, -0.0125543, 135.232, 0.732858, -0.0117178
135.269, -0.684533, -0.0125396, 135.305, 0.732003, -0.0117335
135.342, -0.685448, -0.0125249, 135.379, 0.731146, -0.0117492
135.415, -0.686363, -0.0125102, 135.451, 0.730289, -0.0117648
135.488, -0.687276, -0.0124955, 135.524, 0.72943, -0.0117805
135.561, -0.688188, -0.0124807, 135.597, 0.72857, -0.0117961
135.634, -0.689099, -0.0124659, 135.671, 0.727709, -0.0118117
135.707, -0.690009, -0.0124511, 135.743, 0.726846, -0.0118273
135.78, -0.690918, -0.0124363, 135.816, 0.725983, -0.0118429
135.853, -0.691826, -0.0124214, 135.889, 0.725118, -0.0118585
135.926, -0.692733, -0.0124066, 135.963, 0.724253, -0.011874
135.999, -0.693638, -0.0123917, 136.035, 0.723386, -0.0118895
136.072, -0.694543, -0.0123768, 136.108, 0.722518, -0.011905
136.145, -0.695446, -0.0123618, 136.181, 0.721649, -0.0119205
136.218, -0.696349, -0.0123469, 136.254, 0.720779, -0.011936
136.291, -0.69725, -0.0123319, 136.327, 0.719907, -0.0119514
136.364, -0.69815, -0.012317, 136.4, 0.719035, -0.0119669
136.437, -0.699049, -0.012302, 136.474, 0.718161, -0.0119823
136.51, -0.699948, -0.0122869, 136.546, 0.717287, -0.0119977
136.583, -0.700844, -0.0122719, 136.619, 0.716411, -0.0120131
136.656, -0.70174, -0.0122568, 136.692, 0.715534, -0.0120284
136.729, -0.702635, -0.0122418, 136.766, 0.714656, -0.0120437
136.802, -0.703529, -0.0122267, 136.838, 0.713777, -0.0120591
136.875, -0.704421, -0.0122115, 136.911, 0.712896, -0.0120744
136.948, -0.705313, -0.0121964, 136.984, 0.712015, -0.0120896
137.021, -0.706203, -0.0121813, 137.058, 0.711132, -0.0121049
137.094, -0.707092, -0.0121661, 137.13, 0.710249, -0.0121201
137.167, -0.70798, -0.0121509, 137.203, 0.709364, -0.0121354
137.24, -0.708867, -0.0121357, 137.276, 0.708478, -0.0121506
137.313, -0.709753, -0.0121204, 137.349, 0.707591, -0.0121657
137.386, -0.710638, -0.0121052, 137.422, 0.706703, -0.0121809
137.459, -0.711522, -0.0120899, 137.495, 0.705814, -0.0121961
137.532, -0.712404, -0.0120746, 137.569, 0.704923, -0.0122112
137.605, -0.713286, -0.0120593, 137.641, 0.704032, -0.0122263
137.678, -0.714166, -0.012044, 137.714, 0.70314, -0.0122414
137.751, -0.715045, -0.0120287, 137.787, 0.702246, -0.0122564
137.824, -0.715923, -0.0120133, 137.861, 0.701351, -0.0122715
137.897, -0.7168, -0.0119979, 137.933, 0.700455, -0.0122865
137.97, -0.717676, -0.0119825, 138.006, 0.699558, -0.0123015
138.043, -0.718551, -0.0119671, 138.079, 0.69866, -0.0123165
138.116, -0.719425, -0.0119517, 138.153, 0.697761, -0.0123315
138.189, -0.720297, -0.0119362, 138.225, 0.696861, -0.0123465
138.262, -0.721168, -0.0119207, 138.298, 0.69596, -0.0123614
138.335, -0.722039, -0.0119052, 138.371, 0.695057, -0.0123763
138.408, -0.722908, -0.0118897, 138.445, 0.694154, -0.0123912
138.481, -0.723776, -0.0118742, 138.517, 0.693249, -0.0124061
138.554, -0.724642, -0.0118586, 138.59, 0.692344, -0.0124209
138.627, -0.725508, -0.0118431, 138.663, 0.691437, -0.0124358
138.7, -0.726373, -0.0118275, 138.736, 0.690529, -0.0124506
138.773, -0.727236, -0.0118119, 138.809, 0.68962, -0.0124654
138.846, -0.728098, -0.0117963, 138.882, 0.68871, -0.0124802
138.919, -0.72896, -0.0117806, 138.956, 0.687799, -0.0124949
138.992, -0.729819, -0.011765, 139.028, 0.686887, -0.0125097
139.065, -0.730678, -0.0117493, 139.101, 0.685974, -0.0125244
139.138, -0.731536, -0.0117336, 139.174, 0.68506, -0.0125391
139.211, -0.732393, -0.0117179, 139.248, 0.684144, -0.0125538
139.284, -0.733248, -0.0117021, 139.32, 0.683228, -0.0125684
139.357, -0.734102, -0.0116864, 139.393, 0.68231, -0.0125831
139.43, -0.734955, -0.0116706, 139.466, 0.681392, -0.0125977
139.503, -0.735807, -0.0116548, 139.54, 0.680472, -0.0126123
139.576, -0.736658, -0.011639, 139.612, 0.679552, -0.0126269
139.649, -0.737508, -0.0116232, 139.685, 0.67863, -0.0126414
139.722, -0.738356, -0.0116073, 139.758, 0.677707, -0.012656
139.795, -0.739204, -0.0115915, 139.832, 0.676783, -0.0126705
139.868, -0.74005, -0.0115756, 139.904, 0.675858, -0.012685
139.941, -0.740895, -0.0115597, 139.977, 0.674932, -0.0126995
140.014, -0.741739, -0.0115438, 140.05, 0.674005, -0.0127139
140.087, -0.742581, -0.0115279, 140.123, 0.673077, -0.0127284
140.16, -0.743423, -0.0115119, 140.196, 0.672148, -0.0127428
140.233, -0.744263, -0.0114959, 140.269, 0.671218, -0.0127572
140.306, -0.745102, -0.0114799, 140.343, 0.670286, -0.0127716
140.379, -0.74594, -0.0114639, 140.415, 0.669354, -0.012786
140.452, -0.746777, -0.0114479, 140.488, 0.668421, -0.0128003
140.525, -0.747613, -0.0114319, 140.561, 0.667486, -0.0128146
140.598, -0.748448, -0.0114158, 140.635, 0.666551, -0.0128289
140.671, -0.749281, -0.0113997, 140.707, 0.665614, -0.0128432
140.744, -0.750113, -0.0113836, 140.78, 0.664677, -0.0128575
140.817, -0.750944, -0.0113675, 140.853, 0.663738, -0.0128717
140.89, -0.751774, -0.0113514, 140.927, 0.662798, -0.0128859
140.963, -0.752603, -0.0113352, 140.999, 0.661858, -0.0129001
141.036, -0.75343, -0.0113191, 141.072, 0.660916, -0.0129143
141.109, -0.754256, -0.0113029, 141.145, 0.659973, -0.0129285
141.182, -0.755081, -0.0112867, 141.218, 0.659029, -0.0129426
141.255, -0.755905, -0.0112705, 141.291, 0.658085, -0.0129567
141.328, -0.756728, -0.0112542, 141.364, 0.657139, -0.0129708
141.401, -0.75755, -0.011238, 141.438, 0.656192, -0.0129849
141.474, -0.75837, -0.0112217, 141.51, 0.655244, -0.012999
141.547, -0.759189, -0.0112054, 141.583, 0.654295, -0.013013
141.62, -0.760007, -0.0111891, 141.656, 0.653345, -0.013027
141.693, -0.760824, -0.0111728, 141.73, 0.652394, -0.013041
141.766, -0.76164, -0.0111564, 141.802, 0.651442, -0.013055
141.839, -0.762454, -0.0111401, 141.875, 0.650489, -0.013069
141.912, -0.763267, -0.0111237, 141.948, 0.649535, -0.0130829
141.985, -0.764079, -0.0111073, 142.022, 0.64858, -0.0130968
142.058, -0.76489, -0.0110909, 142.094, 0.647624, -0.0131107
142.131, -0.7657, -0.0110745, 142.167, 0.646667, -0.0131246
142.204, -0.766508, -0.011058, 142.24, 0.645709, -0.0131385
142.277, -0.767315, -0.0110416, 142.314, 0.64475, -0.0131523
142.35, -0.768122, -0.0110251, 142.386, 0.64379, -0.0131661
142.423, -0.768926, -0.0110086, 142.459, 0.642829, -0.0131799
142.496, -0.76973, -0.0109921, 142.532, 0.641866, -0.0131937
142.569, -0.770532, -0.0109755, 142.605, 0.640903, -0.0132074
142.642, -0.771334, -0.010959, 142.678, 0.639939, -0.0132212
142.715, -0.772134, -0.0109424, 142.751, 0.638974, -0.0132349
142.788, -0.772932, -0.0109258, 142.825, 0.638008, -0.0132486
142.861, -0.77373, -0.0109092, 142.897, 0.637041, -0.0132622
142.934, -0.774526, -0.0108926, 142.97, 0.636073, -0.0132759
143.007, -0.775322, -0.010876, 143.043, 0.635103, -0.0132895
143.08, -0.776115, -0.0108593, 143.117, 0.634133, -0.0133031
143.153, -0.776908, -0.0108426, 143.189, 0.633162, -0.0133167
143.226, -0.7777, -0.010826, 143.262, 0.63219, -0.0133303
143.299, -0.77849, -0.0108092, 143.335, 0.631217, -0.0133438
143.372, -0.779279, -0.0107925, 143.409, 0.630243, -0.0133573
143.445, -0.780067, -0.0107758, 143.481, 0.629268, -0.0133708
143.518, -0.780854, -0.010759, 143.554, 0.628292, -0.0133843
143.591, -0.781639, -0.0107423, 143.627, 0.627315, -0.0133978
143.664, -0.782423, -0.0107255, 143.701, 0.626337, -0.0134112
143.737, -0.783206, -0.0107087, 143.773, 0.625358, -0.0134246
143.81, -0.783988, -0.0106918, 143.846, 0.624378, -0.013438
143.883, -0.784768, -0.010675, 143.919, 0.623397, -0.0134514
143.956, -0.785548, -0.0106582, 143.992, 0.622415, -0.0134648
144.029, -0.786326, -0.0106413, 144.065, 0.621432, -0.0134781
144.102, -0.787103, -0.0106244, 144.138, 0.620448, -0.0134914
144.175, -0.787878, -0.0106075, 144.212, 0.619463, -0.0135047
144.248, -0.788652, -0.0105906, 144.284, 0.618477, -0.013518
144.321, -0.789426, -0.0105736, 144.357, 0.61749, -0.0135312
144.394, -0.790197, -0.0105567, 144.43, 0.616502, -0.0135444
144.467, -0.790968, -0.0105397, 144.504, 0.615514, -0.0135577
144.54, -0.791737, -0.0105227, 144.576, 0.614524, -0.0135708
144.613, -0.792506, -0.0105057, 144.649, 0.613533, -0.013584
144.686, -0.793273, -0.0104887, 144.722, 0.612542, -0.0135971
144.759, -0.794038, -0.0104716, 144.796, 0.611549, -0.0136103
144.832, -0.794803, -0.0104546, 144.868, 0.610556, -0.0136234
144.905, -0.795566, -0.0104375, 144.941, 0.609561, -0.0136365
144.978, -0.796328, -0.0104204, 145.014, 0.608566, -0.0136495
145.051, -0.797088, -0.0104033, 145.087, 0.607569, -0.0136625
145.124, -0.797848, -0.0103862, 145.16, 0.606572, -0.0136756
145.197, -0.798606, -0.0103691, 145.233, 0.605574, -0.0136886
145.27, -0.799363, -0.0103519, 145.306, 0.604574, -0.0137015
145.343, -0.800119, -0.0103348, 145.379, 0.603574, -0.0137145
145.416, -0.800873, -0.0103176, 145.452, 0.602573, -0.0137274
145.489, -0.801626, -0.0103004, 145.525, 0.601571, -0.0137403
145.562, -0.802378, -0.0102832, 145.599, 0.600568, -0.0137532
145.635, -0.803129, -0.0102659, 145.671, 0.599564, -0.0137661
145.708, -0.803878, -0.0102487, 145.744, 0.598559, -0.0137789
145.781, -0.804626, -0.0102314, 145.817, 0.597553, -0.0137917
145.854, -0.805373, -0.0102141, 145.891, 0.596546, -0.0138045
145.927, -0.806119, -0.0101968, 145.963, 0.595538, -0.0138173
146, -0.806863, -0.0101795, 146.036, 0.59453, -0.0138301
146.073, -0.807606, -0.0101622, 146.109, 0.59352, -0.0138428
146.146, -0.808348, -0.0101448, 146.183, 0.59251, -0.0138555
146.219, -0.809089, -0.0101275, 146.255, 0.591498, -0.0138682
146.292, -0.809828, -0.0101101, 146.328, 0.590486, -0.0138809
146.365, -0.810566, -0.0100927, 146.401, 0.589473, -0.0138935
146.438, -0.811303, -0.0100753, 146.474, 0.588458, -0.0139062
146.511, -0.812039, -0.0100579, 146.547, 0.587443, -0.0139188
146.584, -0.812773, -0.0100404, 146.62, 0.586427, -0.0139313
146.657, -0.813506, -0.010023, 146.694, 0.58541, -0.0139439
146.73, -0.814237, -0.0100055, 146.766, 0.584392, -0.0139564
146.803, -0.814968, -0.00998803, 146.839, 0.583373, -0.013969
146.876, -0.815697, -0.00997053, 146.912, 0.582354, -0.0139815
146.949, -0.816425, -0.00995301, 146.986, 0.581333, -0.0139939
147.022, -0.817151, -0.00993548, 147.058, 0.580311, -0.0140064
147.095, -0.817877, -0.00991793, 147.131, 0.579289, -0.0140188
147.168, -0.818601, -0.00990037, 147.204, 0.578266, -0.0140312
147.241, -0.819323, -0.00988279, 147.278, 0.577241, -0.0140436
147.314, -0.820045, -0.00986519, 147.35, 0.576216, -0.014056
147.387, -0.820765, -0.00984758, 147.423, 0.57519, -0.0140683
147.46, -0.821484, -0.00982995, 147.496, 0.574163, -0.0140806
147.533, -0.822201, -0.00981231, 147.57, 0.573135, -0.0140929
147.606, -0.822918, -0.00979465, 147.642, 0.572106, -0.0141052
147.679, -0.823633, -0.00977698, 147.715, 0.571077, -0.0141174
147.752, -0.824346, -0.00975929, 147.788, 0.570046, -0.0141297
147.825, -0.825059, -0.00974159, 147.861, 0.569015, -0.0141419
147.898, -0.82577, -0.00972387, 147.934, 0.567982, -0.0141541
147.971, -0.82648, -0.00970614, 148.007, 0.566949, -0.0141662
148.044, -0.827188, -0.00968839, 148.081, 0.565915, -0.0141784
148.117, -0.827896, -0.00967063, 148.153, 0.56488, -0.0141905
148.19, -0.828602, -0.00965285, 148.226, 0.563844, -0.0142026
148.263, -0.829306, -0.00963505, 148.299, 0.562807, -0.0142147
148.336, -0.83001, -0.00961724, 148.373, 0.56177, -0.0142267
148.409, -0.830712, -0.00959942, 148.445, 0.560731, -0.0142388
148.482, -0.831412, -0.00958158, 148.518, 0.559692, -0.0142508
148.555, -0.832112, -0.00956373, 148.591, 0.558651, -0.0142628
148.628, -0.83281, -0.00954586, 148.665, 0.55761, -0.0142747
148.701, -0.833507, -0.00952797, 148.737, 0.556568, -0.0142867
148.774, -0.834202, -0.00951007, 148.81, 0.555525, -0.0142986
148.847, -0.834897, -0.00949216, 148.883, 0.554481, -0.0143105
148.92, -0.83559, -0.00947423, 148.956, 0.553437, -0.0143224
148.993, -0.836281, -0.00945629, 149.029, 0.552391, -0.0143342
149.066, -0.836972, -0.00943833, 149.102, 0.551345, -0.014346
149.139, -0.837661, -0.00942036, 149.175, 0.550297, -0.0143578
149.212, -0.838348, -0.00940237, 149.248, 0.549249, -0.0143696
149.285, -0.839035, -0.00938437, 149.321, 0.5482, -0.0143814
149.358, -0.83972, -0.00936635, 149.394, 0.54715, -0.0143931
149.431, -0.840403, -0.00934832, 149.468, 0.5461, -0.0144049
149.504, -0.841086, -0.00933027, 149.54, 0.545048, -0.0144165
149.577, -0.841767, -0.00931221, 149.613, 0.543996, -0.0144282
149.65, -0.842447, -0.00929413, 149.686, 0.542943, -0.0144399
149.723, -0.843125, -0.00927604, 149.76, 0.541888, -0.0144515
149.796, -0.843802, -0.00925794, 149.832, 0.540833, -0.0144631
149.869, -0.844478, -0.00923982, 149.905, 0.539778, -0.0144747
149.942, -0.845153, -0.00922168, 149.978, 0.538721, -0.0144862
150.015, -0.845826, -0.00920353, 150.052, 0.537664, -0.0144978
150.088, -0.846498, -0.00918537, 150.124, 0.536605, -0.0145093
150.161, -0.847168, -0.00916719, 150.197, 0.535546, -0.0145208
150.234, -0.847837, -0.009149, 150.27, 0.534486, -0.0145323
150.307, -0.848505, -0.0091308, 150.343, 0.533425, -0.0145437
150.38, -0.849172, -0.00911258, 150.416, 0.532363, -0.0145551
150.453, -0.849837, -0.00909434, 150.489, 0.531301, -0.0145665
150.526, -0.850501, -0.00907609, 150.562, 0.530238, -0.0145779
150.599, -0.851164, -0.00905783, 150.635, 0.529173, -0.0145892
150.672, -0.851825, -0.00903955, 150.708, 0.528108, -0.0146006
150.745, -0.852485, -0.00902126, 150.781, 0.527043, -0.0146119
150.818, -0.853143, -0.00900296, 150.855, 0.525976, -0.0146232
150.891, -0.8538, -0.00898464, 150.927, 0.524908, -0.0146344
150.964, -0.854456, -0.0089663, 151, 0.52384, -0.0146457
151.037, -0.855111, -0.00894796, 151.073, 0.522771, -0.0146569
151.11, -0.855764, -0.00892959, 151.147, 0.521701, -0.0146681
151.183, -0.856416, -0.00891122, 151.219, 0.52063, -0.0146793
151.256, -0.857066, -0.00889283, 151.292, 0.519559, -0.0146904
151.329, -0.857716, -0.00887442, 151.365, 0.518486, -0.0147015
151.402, -0.858363, -0.00885601, 151.438, 0.517413, -0.0147126
151.475, -0.85901, -0.00883758, 151.511, 0.516339, -0.0147237
151.548, -0.859655, -0.00881913, 151.584, 0.515264, -0.0147348
151.621, -0.860299, -0.00880067, 151.657, 0.514189, -0.0147458
151.694, -0.860941, -0.0087822, 151.73, 0.513112, -0.0147568
151.767, -0.861582, -0.00876371, 151.803, 0.512035, -0.0147678
151.84, -0.862222, -0.00874521, 151.876, 0.510957, -0.0147788
151.913, -0.862861, -0.0087267, 151.95, 0.509878, -0.0147897
151.986, -0.863498, -0.00870817, 152.022, 0.508798, -0.0148006
152.059, -0.864133, -0.00868963, 152.095, 0.507718, -0.0148115
152.132, -0.864768, -0.00867107, 152.168, 0.506637, -0.0148224
152.205, -0.865401, -0.00865251, 152.242, 0.505555, -0.0148332
152.278, -0.866032, -0.00863392, 152.314, 0.504472, -0.0148441
152.351, -0.866663, -0.00861533, 152.387, 0.503388, -0.0148549
152.424, -0.867291, -0.00859672, 152.46, 0.502304, -0.0148656
152.497, -0.867919, -0.0085781, 152.534, 0.501219, -0.0148764
152.57, -0.868545, -0.00855946, 152.606, 0.500133, -0.0148871
152.643, -0.86917, -0.00854081, 152.679, 0.499046, -0.0148978
152.716, -0.869794, -0.00852215, 152.752, 0.497958, -0.0149085
152.789, -0.870416, -0.00850347, 152.825, 0.49687, -0.0149192
152.862, -0.871036, -0.00848478, 152.898, 0.495781, -0.0149298
152.935, -0.871656, -0.00846608, 152.971, 0.494691, -0.0149404
153.008, -0.872274, -0.00844737, 153.044, 0.4936, -0.014951
153.081, -0.87289, -0.00842864, 153.117, 0.492509, -0.0149616
153.154, -0.873506, -0.00840989, 153.19, 0.491417, -0.0149721
153.227, -0.87412, -0.00839114, 153.263, 0.490324, -0.0149826
153.3, -0.874732, -0.00837237, 153.337, 0.48923, -0.0149931
153.373, -0.875343, -0.00835359, 153.409, 0.488135, -0.0150036
153.446, -0.875953, -0.00833479, 153.482, 0.48704, -0.0150141
153.519, -0.876562, -0.00831598, 153.555, 0.485944, -0.0150245
153.592, -0.877169, -0.00829716, 153.629, 0.484847, -0.0150349
153.665, -0.877774, -0.00827833, 153.701, 0.48375, -0.0150453
153.738, -0.878379, -0.00825948, 153.774, 0.482652, -0.0150556
153.811, -0.878982, -0.00824062, 153.847, 0.481552, -0.015066
153.884, -0.879583, -0.00822175, 153.921, 0.480453, -0.0150763
153.957, -0.880183, -0.00820286, 153.993, 0.479352, -0.0150866
154.03, -0.880782, -0.00818397, 154.066, 0.478251, -0.0150968
154.103, -0.88138, -0.00816505, 154.139, 0.477149, -0.0151071
154.176, -0.881976, -0.00814613, 154.212, 0.476046, -0.0151173
154.249, -0.88257, -0.00812719, 154.285, 0.474942, -0.0151275
154.322, -0.883164, -0.00810824, 154.358, 0.473838, -0.0151376
154.395, -0.883756, -0.00808928, 154.431, 0.472733, -0.0151478
154.468, -0.884346, -0.00807031, 154.504, 0.471627, -0.0151579
154.541, -0.884935, -0.00805132, 154.577, 0.470521, -0.015168
154.614, -0.885523, -0.00803232, 154.65, 0.469413, -0.0151781
154.687, -0.886109, -0.00801331, 154.724, 0.468305, -0.0151881
154.76, -0.886694, -0.00799428, 154.796, 0.467197, -0.0151981
154.833, -0.887278, -0.00797524, 154.869, 0.466087, -0.0152081
154.906, -0.88786, -0.00795619, 154.942, 0.464977, -0.0152181
154.979, -0.888441, -0.00793713, 155.016, 0.463866, -0.0152281
155.052, -0.88902, -0.00791805, 155.088, 0.462754, -0.015238
155.125, -0.889598, -0.00789897, 155.161, 0.461642, -0.0152479
155.198, -0.890175, -0.00787986, 155.234, 0.460529, -0.0152578
155.271, -0.89075, -0.00786075, 155.307, 0.459415, -0.0152676
155.344, -0.891324, -0.00784163, 155.38, 0.458301, -0.0152775
155.417, -0.891896, -0.00782249, 155.453, 0.457185, -0.0152873
155.49, -0.892467, -0.00780334, 155.526, 0.456069, -0.0152971
155.563, -0.893037, -0.00778418, 155.599, 0.454953, -0.0153068
155.636, -0.893605, -0.00776501, 155.672, 0.453835, -0.0153166
155.709, -0.894172, -0.00774582, 155.745, 0.452717, -0.0153263
155.782, -0.894738, -0.00772662, 155.819, 0.451598, -0.015336
155.855, -0.895302, -0.00770741, 155.891, 0.450479, -0.0153456
155.928, -0.895864, -0.00768819, 155.964, 0.449359, -0.0153553
156.001, -0.896426, -0.00766895, 156.037, 0.448238, -0.0153649
156.074, -0.896985, -0.00764971, 156.111, 0.447116, -0.0153745
156.147, -0.897544, -0.00763045, 156.183, 0.445994, -0.0153841
156.22, -0.898101, -0.00761118, 156.256, 0.444871, -0.0153936
156.293, -0.898656, -0.0075919, 156.329, 0.443747, -0.0154031
156.366, -0.899211, -0.0075726, 156.403, 0.442623, -0.0154126
156.439, -0.899763, -0.0075533, 156.475, 0.441497, -0.0154221
156.512, -0.900315, -0.00753398, 156.548, 0.440372, -0.0154315
156.585, -0.900865, -0.00751465, 156.621, 0.439245, -0.015441
156.658, -0.901413, -0.00749531, 156.694, 0.438118, -0.0154504
156.731, -0.901961, -0.00747595, 156.767, 0.43699, -0.0154597
156.804, -0.902506, -0.00745659, 156.84, 0.435861, -0.0154691
156.877, -0.903051, -0.00743721, 156.913, 0.434732, -0.0154784
156.95, -0.903594, -0.00741783, 156.986, 0.433602, -0.0154877
157.023, -0.904135, -0.00739843, 157.059, 0.432472, -0.015497
157.096, -0.904675, -0.00737901, 157.132, 0.43134, -0.0155063
157.169, -0.905214, -0.00735959, 157.206, 0.430208, -0.0155155
157.242, -0.905751, -0.00734016, 157.278, 0.429076, -0.0155247
157.315, -0.906287, -0.00732071, 157.351, 0.427943, -0.0155339
157.388, -0.906821, -0.00730125, 157.424, 0.426809, -0.015543
157.461, -0.907354, -0.00728178, 157.498, 0.425674, -0.0155522
157.534, -0.907886, -0.0072623, 157.57, 0.424539, -0.0155613
157.607, -0.908416, -0.00724281, 157.643, 0.423403, -0.0155704
157.68, -0.908945, -0.00722331, 157.716, 0.422266, -0.0155794
157.753, -0.909472, -0.00720379, 157.79, 0.421129, -0.0155885
157.826, -0.909998, -0.00718427, 157.862, 0.419991, -0.0155975
157.899, -0.910522, -0.00716473, 157.935, 0.418852, -0.0156065
157.972, -0.911045, -0.00714518, 158.008, 0.417713, -0.0156154
158.045, -0.911567, -0.00712562, 158.081, 0.416573, -0.0156244
158.118, -0.912087, -0.00710605, 158.154, 0.415432, -0.0156333
158.191, -0.912606, -0.00708647, 158.227, 0.414291, -0.0156422
158.264, -0.913123, -0.00706688, 158.3, 0.413149, -0.015651
158.337, -0.913639, -0.00704727, 158.373, 0.412007, -0.0156599
158.41, -0.914154, -0.00702766, 158.446, 0.410864, -0.0156687
158.483, -0.914667, -0.00700803, 158.519, 0.40972, -0.0156775
158.556, -0.915178, -0.0069884, 158.593, 0.408575, -0.0156863
158.629, -0.915688, -0.00696875, 158.665, 0.40743, -0.015695
158.702, -0.916197, -0.00694909, 158.738, 0.406284, -0.0157037
158.775, -0.916704, -0.00692942, 158.811, 0.405138, -0.0157124
158.848, -0.91721, -0.00690974, 158.885, 0.403991, -0.0157211
158.921, -0.917715, -0.00689005, 158.957, 0.402843, -0.0157297
158.994, -0.918218, -0.00687034, 159.03, 0.401695, -0.0157383
159.067, -0.918719, -0.00685063, 159.103, 0.400546, -0.0157469
159.14, -0.919219, -0.00683091, 159.176, 0.399397, -0.0157555
159.213, -0.919718, -0.00681117, 159.249, 0.398247, -0.015764
159.286, -0.920215, -0.00679143, 159.322, 0.397096, -0.0157726
159.359, -0.920711, -0.00677167, 159.395, 0.395944, -0.0157811
159.432, -0.921205, -0.0067519, 159.468, 0.394792, -0.0157895
159.505, -0.921698, -0.00673213, 159.541, 0.39364, -0.015798
159.578, -0.92219, -0.00671234, 159.614, 0.392486, -0.0158064
159.651, -0.92268, -0.00669254, 159.688, 0.391333, -0.0158148
159.724, -0.923168, -0.00667273, 159.76, 0.390178, -0.0158232
159.797, -0.923655, -0.00665291, 159.833, 0.389023, -0.0158315
159.87, -0.924141, -0.00663308, 159.906, 0.387867, -0.0158398
159.943, -0.924625, -0.00661324, 159.98, 0.386711, -0.0158481
160.016, -0.925108, -0.00659339, 160.052, 0.385554, -0.0158564
160.089, -0.925589, -0.00657353, 160.125, 0.384397, -0.0158647
160.162, -0.926069, -0.00655366, 160.198, 0.383238, -0.0158729
160.235, -0.926547, -0.00653378, 160.272, 0.38208, -0.0158811
160.308, -0.927024, -0.00651389, 160.344, 0.38092, -0.0158893
160.381, -0.9275, -0.00649399, 160.417, 0.379761, -0.0158974
160.454, -0.927974, -0.00647408, 160.49, 0.3786, -0.0159055
160.527, -0.928447, -0.00645415, 160.563, 0.377439, -0.0159136
160.6, -0.928918, -0.00643422, 160.636, 0.376277, -0.0159217
160.673, -0.929387, -0.00641428, 160.709, 0.375115, -0.0159297
160.746, -0.929856, -0.00639433, 160.782, 0.373952, -0.0159378
160.819, -0.930322, -0.00637436, 160.855, 0.372789, -0.0159458
160.892, -0.930788, -0.00635439, 160.928, 0.371625, -0.0159537
160.965, -0.931252, -0.00633441, 161.001, 0.37046, -0.0159617
161.038, -0.931714, -0.00631442, 161.075, 0.369295, -0.0159696
161.111, -0.932175, -0.00629441, 161.147, 0.368129, -0.0159775
161.184, -0.932635, -0.0062744, 161.22, 0.366963, -0.0159854
161.257, -0.933093, -0.00625438, 161.293, 0.365796, -0.0159932
161.33, -0.933549, -0.00623435, 161.367, 0.364628, -0.0160011
161.403, -0.934004, -0.00621431, 161.439, 0.36346, -0.0160089
161.476, -0.934458, -0.00619426, 161.512, 0.362291, -0.0160166
161.549, -0.93491, -0.0061742, 161.585, 0.361122, -0.0160244
161.622, -0.935361, -0.00615412, 161.659, 0.359952, -0.0160321
161.695, -0.93581, -0.00613404, 161.731, 0.358782, -0.0160398
161.768, -0.936258, -0.00611395, 161.804, 0.357611, -0.0160475
161.841, -0.936704, -0.00609385, 161.877, 0.35644, -0.0160551
161.914, -0.937149, -0.00607375, 161.95, 0.355268, -0.0160628
161.987, -0.937592, -0.00605363, 162.023, 0.354095, -0.0160704
162.06, -0.938034, -0.0060335, 162.096, 0.352922, -0.0160779
162.133, -0.938475, -0.00601336, 162.169, 0.351748, -0.0160855
162.206, -0.938914, -0.00599321, 162.242, 0.350574, -0.016093
162.279, -0.939351, -0.00597306, 162.315, 0.349399, -0.0161005
162.352, -0.939787, -0.00595289, 162.388, 0.348224, -0.016108
162.425, -0.940222, -0.00593272, 162.462, 0.347048, -0.0161154
162.498, -0.940655, -0.00591253, 162.534, 0.345872, -0.0161228
162.571, -0.941086, -0.00589234, 162.607, 0.344695, -0.0161302
162.644, -0.941517, -0.00587214, 162.68, 0.343517, -0.0161376
162.717, -0.941945, -0.00585192, 162.754, 0.342339, -0.0161449
162.79, -0.942372, -0.0058317, 162.826, 0.341161, -0.0161523
162.863, -0.942798, -0.00581147, 162.899, 0.339981, -0.0161596
162.936, -0.943222, -0.00579123, 162.972, 0.338802, -0.0161668
163.009, -0.943645, -0.00577098, 163.045, 0.337622, -0.0161741
163.082, -0.944066, -0.00575072, 163.118, 0.336441, -0.0161813
163.155, -0.944486, -0.00573046, 163.191, 0.33526, -0.0161885
163.228, -0.944905, -0.00571018, 163.264, 0.334078, -0.0161957
163.301, -0.945321, -0.0056899, 163.337, 0.332896, -0.0162028
163.374, -0.945737, -0.0056696, 163.41, 0.331713, -0.0162099
163.447, -0.946151, -0.0056493, 163.483, 0.330529, -0.016217
163.52, -0.946563, -0.00562899, 163.556, 0.329346, -0.0162241
163.593, -0.946974, -0.00560867, 163.629, 0.328161, -0.0162311
163.666, -0.947383, -0.00558834, 163.702, 0.326976, -0.0162381
163.739, -0.947791, -0.005568, 163.775, 0.325791, -0.0162451
163.812, -0.948198, -0.00554765, 163.849, 0.324605, -0.0162521
163.885, -0.948603, -0.0055273, 163.921, 0.323419, -0.016259
163.958, -0.949006, -0.00550694, 163.994, 0.322232, -0.016266
164.031, -0.949408, -0.00548656, 164.067, 0.321044, -0.0162728
164.104, -0.949809, -0.00546618, 164.141, 0.319856, -0.0162797
164.177, -0.950208, -0.00544579, 164.213, 0.318668, -0.0162865
164.25, -0.950605, -0.00542539, 164.286, 0.317479, -0.0162934
164.323, -0.951001, -0.00540499, 164.359, 0.31629, -0.0163001
164.396, -0.951396, -0.00538457, 164.432, 0.3151, -0.0163069
164.469, -0.951789, -0.00536415, 164.505, 0.313909, -0.0163136
164.542, -0.952181, -0.00534371, 164.578, 0.312718, -0.0163203
164.615, -0.952571, -0.00532327, 164.651, 0.311527, -0.016327
164.688, -0.952959, -0.00530282, 164.724, 0.310335, -0.0163337
164.761, -0.953346, -0.00528237, 164.797, 0.309143, -0.0163403
164.834, -0.953732, -0.0052619, 164.87, 0.30795, -0.0163469
164.907, -0.954116, -0.00524143, 164.944, 0.306757, -0.0163535
164.98, -0.954499, -0.00522094, 165.016, 0.305563, -0.0163601
165.053, -0.95488, -0.00520045, 165.089, 0.304369, -0.0163666
165.126, -0.95526, -0.00517996, 165.162, 0.303174, -0.0163731
165.199, -0.955638, -0.00515945, 165.236, 0.301979, -0.0163796
165.272, -0.956014, -0.00513893, 165.308, 0.300783, -0.016386
165.345, -0.95639, -0.00511841, 165.381, 0.299587, -0.0163925
165.418, -0.956763, -0.00509788, 165.454, 0.29839, -0.0163989
165.491, -0.957135, -0.00507734, 165.528, 0.297193, -0.0164053
165.564, -0.957506, -0.00505679, 165.6, 0.295995, -0.0164116
165.637, -0.957875, -0.00503624, 165.673, 0.294797, -0.0164179
165.71, -0.958243, -0.00501568, 165.746, 0.293599, -0.0164242
165.783, -0.958609, -0.00499511, 165.819, 0.2924, -0.0164305
165.856, -0.958974, -0.00497453, 165.892, 0.2912, -0.0164368
165.929, -0.959337, -0.00495394, 165.965, 0.290001, -0.016443
166.002, -0.959698, -0.00493335, 166.038, 0.2888, -0.0164492
166.075, -0.960058, -0.00491275, 166.111, 0.287599, -0.0164553
166.148, -0.960417, -0.00489214, 166.184, 0.286398, -0.0164615
166.221, -0.960774, -0.00487152, 166.257, 0.285196, -0.0164676
166.294, -0.96113, -0.00485089, 166.331, 0.283994, -0.0164737
166.367, -0.961484, -0.00483026, 166.403, 0.282792, -0.0164798
166.44, -0.961837, -0.00480962, 166.476, 0.281589, -0.0164858
166.513, -0.962188, -0.00478897, 166.549, 0.280385, -0.0164918
166.586, -0.962537, -0.00476832, 166.623, 0.279181, -0.0164978
166.659, -0.962885, -0.00474766, 166.695, 0.277977, -0.0165038
166.732, -0.963232, -0.00472699, 166.768, 0.276772, -0.0165097
166.805, -0.963577, -0.00470631, 166.841, 0.275567, -0.0165156
166.878, -0.963921, -0.00468562, 166.914, 0.274361, -0.0165215
166.951, -0.964263, -0.00466493, 166.987, 0.273155, -0.0165274
167.024, -0.964603, -0.00464423, 167.06, 0.271949, -0.0165332
167.097, -0.964942, -0.00462352, 167.133, 0.270742, -0.016539
167.17, -0.96528, -0.00460281, 167.206, 0.269535, -0.0165448
167.243, -0.965616, -0.00458209, 167.279, 0.268327, -0.0165506
167.316, -0.96595, -0.00456136, 167.352, 0.267119, -0.0165563
167.389, -0.966283, -0.00454062, 167.425, 0.26591, -0.016562
167.462, -0.966615, -0.00451988, 167.498, 0.264701, -0.0165677
167.535, -0.966945, -0.00449913, 167.571, 0.263492, -0.0165734
167.608, -0.967273, -0.00447837, 167.644, 0.262282, -0.016579
167.681, -0.9676, -0.00445761, 167.718, 0.261071, -0.0165846
167.754, -0.967925, -0.00443684, 167.79, 0.259861, -0.0165902
167.827, -0.968249, -0.00441606, 167.863, 0.25865, -0.0165957
167.9, -0.968572, -0.00439527, 167.936, 0.257438, -0.0166012
167.973, -0.968892, -0.00437448, 168.01, 0.256226, -0.0166067
168.046, -0.969212, -0.00435368, 168.082, 0.255014, -0.0166122
168.119, -0.96953, -0.00433288, 168.155, 0.253801, -0.0166177
168.192, -0.969846, -0.00431206, 168.228, 0.252588, -0.0166231
168.265, -0.970161, -0.00429124, 168.301, 0.251375, -0.0166285
168.338, -0.970474, -0.00427042, 168.374, 0.250161, -0.0166338
168.411, -0.970786, -0.00424959, 168.447, 0.248947, -0.0166392
168.484, -0.971096, -0.00422875, 168.52, 0.247732, -0.0166445
168.557, -0.971405, -0.0042079, 168.593, 0.246517, -0.0166498
168.63, -0.971712, -0.00418705, 168.666, 0.245301, -0.0166551
168.703, -0.972017, -0.00416619, 168.739, 0.244086, -0.0166603
168.776, -0.972322, -0.00414532, 168.812, 0.242869, -0.0166655
168.849, -0.972624, -0.00412445, 168.885, 0.241653, -0.0166707
168.922, -0.972925, -0.00410357, 168.958, 0.240436, -0.0166758
168.995, -0.973225, -0.00408268, 169.031, 0.239218, -0.016681
169.068, -0.973523, -0.00406179, 169.105, 0.238001, -0.0166861
169.141, -0.973819, -0.00404089, 169.177, 0.236783, -0.0166912
169.214, -0.974114, -0.00401999, 169.25, 0.235564, -0.0166962
169.287, -0.974408, -0.00399908, 169.323, 0.234345, -0.0167013
169.36, -0.9747, -0.00397816, 169.397, 0.233126, -0.0167063
169.433, -0.97499, -0.00395724, 169.469, 0.231907, -0.0167112
169.506, -0.975279, -0.00393631, 169.542, 0.230687, -0.0167162
169.579, -0.975566, -0.00391537, 169.615, 0.229466, -0.0167211
169.652, -0.975852, -0.00389443, 169.688, 0.228246, -0.016726
169.725, -0.976137, -0.00387348, 169.761, 0.227025, -0.0167309
169.798, -0.976419, -0.00385253, 169.834, 0.225803, -0.0167357
169.871, -0.976701, -0.00383157, 169.907, 0.224582, -0.0167405
169.944, -0.97698, -0.0038106, 169.98, 0.22336, -0.0167453
170.017, -0.977258, -0.00378963, 170.053, 0.222137, -0.0167501
170.09, -0.977535, -0.00376865, 170.126, 0.220915, -0.0167548
170.163, -0.97781, -0.00374767, 170.2, 0.219691, -0.0167596
170.236, -0.978084, -0.00372668, 170.272, 0.218468, -0.0167643
170.309, -0.978356, -0.00370568, 170.345, 0.217244, -0.0167689
170.382, -0.978626, -0.00368468, 170.418, 0.21602, -0.0167735
170.455, -0.978895, -0.00366367, 170.492, 0.214796, -0.0167782
170.528, -0.979163, -0.00364266, 170.564, 0.213571, -0.0167827
170.601, -0.979429, -0.00362164, 170.637, 0.212346, -0.0167873
170.674, -0.979693, -0.00360061, 170.71, 0.21112, -0.0167918
170.747, -0.979956, -0.00357958, 170.783, 0.209894, -0.0167963
170.82, -0.980217, -0.00355854, 170.856, 0.208668, -0.0168008
170.893, -0.980477, -0.0035375, 170.929, 0.207442, -0.0168053
170.966, -0.980735, -0.00351646, 171.002, 0.206215, -0.0168097
171.039, -0.980992, -0.0034954, 171.075, 0.204988, -0.0168141
171.112, -0.981247, -0.00347434, 171.148, 0.20376, -0.0168185
171.185, -0.981501, -0.00345328, 171.221, 0.202533, -0.0168228
171.258, -0.981753, -0.00343221, 171.294, 0.201305, -0.0168271
171.331, -0.982003, -0.00341114, 171.367, 0.200076, -0.0168314
171.404, -0.982252, -0.00339006, 171.44, 0.198848, -0.0168357
171.477, -0.9825, -0.00336897, 171.513, 0.197619, -0.0168399
171.55, -0.982746, -0.00334788, 171.587, 0.196389, -0.0168441
171.623, -0.98299, -0.00332678, 171.659, 0.19516, -0.0168483
171.696, -0.983233, -0.00330568, 171.732, 0.19393, -0.0168525
171.769, -0.983474, -0.00328458, 171.805, 0.192699, -0.0168566
171.842, -0.983714, -0.00326346, 171.879, 0.191469, -0.0168607
171.915, -0.983952, -0.00324235, 171.951, 0.190238, -0.0168648
171.988, -0.984189, -0.00322122, 172.024, 0.189007, -0.0168689
172.061, -0.984424, -0.0032001, 172.097, 0.187776, -0.0168729
172.134, -0.984658, -0.00317897, 172.17, 0.186544, -0.0168769
172.207, -0.98489, -0.00315783, 172.243, 0.185312, -0.0168809
172.28, -0.98512, -0.00313669, 172.316, 0.18408, -0.0168848
172.353, -0.985349, -0.00311554, 172.389, 0.182847, -0.0168888
172.426, -0.985577, -0.00309439, 172.462, 0.181614, -0.0168927
172.499, -0.985803, -0.00307323, 172.535, 0.180381, -0.0168965
172.572, -0.986027, -0.00305207, 172.608, 0.179147, -0.0169004
172.645, -0.98625, -0.0030309, 172.681, 0.177914, -0.0169042
172.718, -0.986471, -0.00300973, 172.754, 0.17668, -0.016908
172.791, -0.986691, -0.00298855, 172.827, 0.175445, -0.0169118
172.864, -0.986909, -0.00296737, 172.9, 0.174211, -0.0169155
172.937, -0.987126, -0.00294619, 172.974, 0.172976, -0.0169192
173.01, -0.987341, -0.002925, 173.046, 0.171741, -0.0169229
173.083, -0.987554, -0.0029038, 173.119, 0.170506, -0.0169266
173.156, -0.987766, -0.0028826, 173.192, 0.16927, -0.0169302
173.229, -0.987977, -0.0028614, 173.266, 0.168034, -0.0169338
173.302, -0.988185, -0.00284019, 173.338, 0.166798, -0.0169374
173.375, -0.988393, -0.00281898, 173.411, 0.165561, -0.0169409
173.448, -0.988599, -0.00279776, 173.484, 0.164325, -0.0169445
173.521, -0.988803, -0.00277654, 173.557, 0.163088, -0.016948
173.594, -0.989005, -0.00275531, 173.63, 0.161851, -0.0169514
173.667, -0.989207, -0.00273408, 173.703, 0.160613, -0.0169549
173.74, -0.989406, -0.00271285, 173.776, 0.159375, -0.0169583
173.813, -0.989604, -0.00269161, 173.849, 0.158137, -0.0169617
173.886, -0.989801, -0.00267037, 173.922, 0.156899, -0.0169651
173.959, -0.989996, -0.00264912, 173.995, 0.155661, -0.0169684
174.032, -0.990189, -0.00262787, 174.069, 0.154422, -0.0169717
174.105, -0.990381, -0.00260661, 174.141, 0.153183, -0.016975
174.178, -0.990571, -0.00258535, 174.214, 0.151944, -0.0169783
174.251, -0.99076, -0.00256409, 174.287, 0.150705, -0.0169815
174.324, -0.990947, -0.00254282, 174.361, 0.149465, -0.0169847
174.397, -0.991133, -0.00252155, 174.433, 0.148225, -0.0169879
174.47, -0.991317, -0.00250027, 174.506, 0.146985, -0.016991
174.543, -0.991499, -0.00247899, 174.579, 0.145745, -0.0169942
174.616, -0.99168, -0.0024577, 174.652, 0.144504, -0.0169973
174.689, -0.99186, -0.00243642, 174.725, 0.143263, -0.0170003
174.762, -0.992038, -0.00241513, 174.798, 0.142022, -0.0170034
174.835, -0.992214, -0.00239383, 174.871, 0.140781, -0.0170064
174.908, -0.992389, -0.00237253, 174.944, 0.139539, -0.0170094
174.981, -0.992562, -0.00235123, 175.017, 0.138298, -0.0170124
175.054, -0.992733, -0.00232992, 175.09, 0.137056, -0.0170153
175.127, -0.992903, -0.00230861, 175.163, 0.135814, -0.0170182
175.2, -0.993072, -0.0022873, 175.236, 0.134571, -0.0170211
175.273, -0.993239, -0.00226598, 175.309, 0.133329, -0.017024
175.346, -0.993404, -0.00224466, 175.382, 0.132086, -0.0170268
175.419, -0.993568, -0.00222333, 175.456, 0.130843, -0.0170296
175.492, -0.993731, -0.002202, 175.528, 0.1296, -0.0170324
175.565, -0.993891, -0.00218067, 175.601, 0.128357, -0.0170352
175.638, -0.994051, -0.00215933, 175.674, 0.127113, -0.0170379
175.711, -0.994208, -0.002138, 175.748, 0.125869, -0.0170406
175.784, -0.994364, -0.00211665, 175.82, 0.124625, -0.0170433
175.857, -0.994519, -0.00209531, 175.893, 0.123381, -0.0170459
175.93, -0.994672, -0.00207396, 175.966, 0.122137, -0.0170485
176.003, -0.994823, -0.00205261, 176.039, 0.120892, -0.0170511
176.076, -0.994973, -0.00203125, 176.112, 0.119648, -0.0170537
176.149, -0.995121, -0.00200989, 176.185, 0.118403, -0.0170562
176.222, -0.995268, -0.00198853, 176.258, 0.117158, -0.0170588
176.295, -0.995413, -0.00196717, 176.331, 0.115912, -0.0170612
176.368, -0.995557, -0.0019458, 176.404, 0.114667, -0.0170637
176.441, -0.995699, -0.00192443, 176.477, 0.113421, -0.0170661
176.514, -0.995839, -0.00190305, 176.55, 0.112175, -0.0170685
176.587, -0.995978, -0.00188167, 176.623, 0.110929, -0.0170709
176.66, -0.996116, -0.00186029, 176.696, 0.109683, -0.0170733
176.733, -0.996251, -0.00183891, 176.769, 0.108437, -0.0170756
176.806, -0.996386, -0.00181752, 176.843, 0.10719, -0.0170779
176.879, -0.996518, -0.00179613, 176.915, 0.105944, -0.0170802
176.952, -0.996649, -0.00177474, 176.988, 0.104697, -0.0170824
177.025, -0.996779, -0.00175335, 177.061, 0.10345, -0.0170846
177.098, -0.996907, -0.00173195, 177.135, 0.102203, -0.0170868
177.171, -0.997033, -0.00171055, 177.207, 0.100955, -0.017089
177.244, -0.997158, -0.00168915, 177.28, 0.0997077, -0.0170911
177.317, -0.997282, -0.00166774, 177.353, 0.09846, -0.0170933
177.39, -0.997403, -0.00164633, 177.426, 0.0972122, -0.0170953
177.463, -0.997523, -0.00162492, 177.499, 0.0959643, -0.0170974
177.536, -0.997642, -0.00160351, 177.572, 0.0947162, -0.0170994
177.609, -0.997759, -0.00158209, 177.645, 0.0934679, -0.0171014
177.682, -0.997875, -0.00156067, 177.718, 0.0922195, -0.0171034
177.755, -0.997989, -0.00153925, 177.791, 0.090971, -0.0171054
177.828, -0.998101, -0.00151783, 177.864, 0.0897223, -0.0171073
177.901, -0.998212, -0.0014964, 177.938, 0.0884734, -0.0171092
177.974, -0.998321, -0.00147497, 178.01, 0.0872245, -0.0171111
178.047, -0.998429, -0.00145354, 178.083, 0.0859753, -0.0171129
178.12, -0.998535, -0.00143211, 178.156, 0.0847261, -0.0171147
178.193, -0.998639, -0.00141067, 178.23, 0.0834767, -0.0171165
178.266, -0.998742, -0.00138924, 178.302, 0.0822272, -0.0171183
178.339, -0.998844, -0.0013678, 178.375, 0.0809776, -0.01712
178.412, -0.998943, -0.00134635, 178.448, 0.0797278, -0.0171217
178.485, -0.999042, -0.00132491, 178.521, 0.0784779, -0.0171234
178.558, -0.999139, -0.00130346, 178.594, 0.0772279, -0.0171251
178.631, -0.999234, -0.00128202, 178.667, 0.0759778, -0.0171267
178.704, -0.999327, -0.00126056, 178.74, 0.0747275, -0.0171283
178.777, -0.999419, -0.00123911, 178.813, 0.0734772, -0.0171299
178.85, -0.99951, -0.00121766, 178.886, 0.0722267, -0.0171315
178.923, -0.999599, -0.0011962, 178.959, 0.0709761, -0.017133
178.996, -0.999686, -0.00117474, 179.032, 0.0697254, -0.0171345
179.069, -0.999772, -0.00115328, 179.105, 0.0684746, -0.0171359
179.142, -0.999856, -0.00113182, 179.178, 0.0672236, -0.0171374
179.215, -0.999938, -0.00111036, 179.251, 0.0659726, -0.0171388
179.288, -1.00002, -0.00108889, 179.325, 0.0647215, -0.0171402
179.361, -1.0001, -0.00106742, 179.397, 0.0634703, -0.0171416
179.434, -1.00018, -0.00104595, 179.47, 0.0622189, -0.0171429
179.507, -1.00025, -0.00102448, 179.543, 0.0609675, -0.0171442
179.58, -1.00033, -0.00100301, 179.617, 0.059716, -0.0171455
179.653, -1.0004, -0.000981536, 179.689, 0.0584643, -0.0171467
179.726, -1.00047, -0.000960061, 179.762, 0.0572126, -0.017148
179.799, -1.00054, -0.000938583, 179.835, 0.0559608, -0.0171492
179.872, -1.00061, -0.000917104, 179.908, 0.0547089, -0.0171503
179.945, -1.00068, -0.000895624, 179.981, 0.053457, -0.0171515
180.018, -1.00074, -0.000874142, 180.054, 0.0522049, -0.0171526
180.091, -1.00081, -0.000852659, 180.127, 0.0509528, -0.0171537
180.164, -1.00087, -0.000831175, 180.2, 0.0497005, -0.0171548
180.237, -1.00093, -0.000809689, 180.273, 0.0484482, -0.0171558
180.31, -1.00099, -0.000788202, 180.346, 0.0471959, -0.0171568
180.383, -1.00105, -0.000766713, 180.419, 0.0459434, -0.0171578
180.456, -1.0011, -0.000745223, 180.492, 0.0446909, -0.0171588
180.529, -1.00116, -0.000723732, 180.565, 0.0434383, -0.0171597
180.602, -1.00121, -0.00070224, 180.638, 0.0421857, -0.0171606
180.675, -1.00126, -0.000680747, 180.712, 0.0409329, -0.0171615
180.748, -1.00131, -0.000659253, 180.784, 0.0396801, -0.0171623
180.821, -1.00136, -0.000637757, 180.857, 0.0384273, -0.0171632
180.894, -1.00141, -0.000616261, 180.93, 0.0371744, -0.017164
180.967, -1.00145, -0.000594763, 181.004, 0.0359214, -0.0171647
181.04, -1.00149, -0.000573265, 181.076, 0.0346684, -0.0171655
181.113, -1.00154, -0.000551765, 181.149, 0.0334153, -0.0171662
181.186, -1.00158, -0.000530265, 181.222, 0.0321622, -0.0171669
181.259, -1.00162, -0.000508764, 181.295, 0.030909, -0.0171675
181.332, -1.00165, -0.000487261, 181.368, 0.0296558, -0.0171682
181.405, -1.00169, -0.000465758, 181.441, 0.0284025, -0.0171688
181.478, -1.00172, -0.000444255, 181.514, 0.0271492, -0.0171694
181.551, -1.00175, -0.00042275, 181.587, 0.0258958, -0.0171699
181.624, -1.00179, -0.000401245, 181.66, 0.0246424, -0.0171705
181.697, -1.00181, -0.000379739, 181.733, 0.023389, -0.017171
181.77, -1.00184, -0.000358233, 181.806, 0.0221355, -0.0171714
181.843, -1.00187, -0.000336726, 181.879, 0.020882, -0.0171719
181.916, -1.00189, -0.000315218, 181.952, 0.0196284, -0.0171723
181.989, -1.00192, -0.00029371, 182.025, 0.0183748, -0.0171727
182.062, -1.00194, -0.000272201, 182.099, 0.0171212, -0.0171731
182.135, -1.00196, -0.000250692, 182.171, 0.0158676, -0.0171734
182.208, -1.00198, -0.000229183, 182.244, 0.0146139, -0.0171737
182.281, -1.00199, -0.000207673, 182.317, 0.0133603, -0.017174
182.354, -1.00201, -0.000186162, 182.39, 0.0121066, -0.0171743
182.427, -1.00202, -0.000164651, 182.463, 0.0108528, -0.0171745
182.5, -1.00203, -0.00014314, 0, 0.00959909, -0.0171747
0, -1.00204, -0.000121629, 0, 0.00834534, -0.0171749
0, -1.00205, -0.000100117, 0, 0.00709157, -0.017175
0, -1.00206, -7.86056e-05, 0, 0.00583779, -0.0171752
0, -1.00207, -5.70937e-05, 0, 0.00458401, -0.0171753
0, -1.00207, -3.55816e-05, 0, 0.00333021, -0.0171753
0, -1.00207, -1.40694e-05, 0, 0.00207641, -0.0171754
0, -1.00207, 7.44289e-06, 0, 0.000822612, -0.0171754
0, -1.00207, 2.89552e-05, 0, -0.000431191, -0.0171754
0, -1.00207, 5.04675e-05, 0, -0.00168499, -0.0171753
0, -1.00207, 7.19798e-05, 0, -0.0029388, -0.0171753
0, -1.00206, 9.3492e-05, 0, -0.00419259, -0.0171752
0, -1.00205, 0.000115004, 0, -0.00544638, -0.0171751
0, -1.00205, 0.000136516, 0, -0.00670016, -0.0171749
0, -1.00204, 0.000158028, 0, -0.00795393, -0.0171748
0, -1.00203, 0.00017954, 0, -0.00920769, -0.0171746
0, -1.00201, 0.000201051, 0, -0.0104614, -0.0171743
0, -1.002, 0.000222562, 0, -0.0117152, -0.0171741
0, -1.00198, 0.000244073, 0, -0.0129689, -0.0171738
0, -1.00196, 0.000265584, 0, -0.0142226, -0.0171735
0, -1.00194, 0.000287094, 0, -0.0154762, -0.0171732
0, -1.00192, 0.000308603, 0, -0.0167299, -0.0171728
0, -1.0019, 0.000330113, 0, -0.0179835, -0.0171724
0, -1.00188, 0.000351622, 0, -0.0192371, -0.017172
0, -1.00185, 0.00037313, 0, -0.0204906, -0.0171716
0, -1.00182, 0.000394638, 0, -0.0217441, -0.0171711
0, -1.00179, 0.000416145, 0, -0.0229976, -0.0171706
0, -1.00176, 0.000437652, 0, -0.0242511, -0.0171701
0, -1.00173, 0.000459158, 0, -0.0255045, -0.0171695
0, -1.0017, 0.000480663, 0, -0.0267579, -0.017169
0, -1.00166, 0.000502168, 0, -0.0280112, -0.0171684
0, -1.00163, 0.000523672, 0, -0.0292645, -0.0171677
0, -1.00159, 0.000545175, 0, -0.0305178, -0.0171671
0, -1.00155, 0.000566677, 0, -0.031771, -0.0171664
0, -1.00151, 0.000588179, 0, -0.0330241, -0.0171657
0, -1.00146, 0.00060968, 0, -0.0342772, -0.017165
0, -1.00142, 0.000631179, 0, -0.0355302, -0.0171642
0, -1.00137, 0.000652678, 0, -0.0367832, -0.0171634
0, -1.00133, 0.000674176, 0, -0.0380362, -0.0171626
0, -1.00128, 0.000695673, 0, -0.039289, -0.0171617
0, -1.00123, 0.000717169, 0, -0.0405418, -0.0171609
0, -1.00117, 0.000738663, 0, -0.0417946, -0.01716
0, -1.00112, 0.000760157, 0, -0.0430473, -0.0171591
0, -1.00106, 0.000781649, 0, -0.0442999, -0.0171581
0, -1.00101, 0.000803141, 0, -0.0455524, -0.0171571
0, -1.00095, 0.000824631, 0, -0.0468049, -0.0171561
0, -1.00089, 0.00084612, 0, -0.0480573, -0.0171551
0, -1.00083, 0.000867607, 0, -0.0493096, -0.017154
0, -1.00076, 0.000889094, 0, -0.0505618, -0.0171529
0, -1.0007, 0.000910579, 0, -0.051814, -0.0171518
0, -1.00063, 0.000932062, 0, -0.0530661, -0.0171507
0, -1.00056, 0.000953545, 0, -0.0543181, -0.0171495
0, -1.00049, 0.000975025, 0, -0.05557, -0.0171483
0, -1.00042, 0.000996505, 0, -0.0568218, -0.0171471
0, -1.00035, 0.00101798, 0, -0.0580736, -0.0171459
0, -1.00028, 0.00103946, 0, -0.0593252, -0.0171446
0, -1.0002, 0.00106093, 0, -0.0605768, -0.0171433
0, -1.00012, 0.00108241, 0, -0.0618282, -0.017142
0, -1.00004, 0.00110388, 0, -0.0630796, -0.0171406
0, -0.999963, 0.00112535, 0, -0.0643309, -0.0171392
0, -0.999881, 0.00114682, 0, -0.065582, -0.0171378
0, -0.999798, 0.00116828, 0, -0.0668331, -0.0171364
0, -0.999712, 0.00118975, 0, -0.0680841, -0.0171349
0, -0.999625, 0.00121121, 0, -0.0693349, -0.0171334
0, -0.999537, 0.00123267, 0, -0.0705856, -0.0171319
0, -0.999447, 0.00125413, 0, -0.0718363, -0.0171304
0, -0.999356, 0.00127559, 0, -0.0730868, -0.0171288
0, -0.999262, 0.00129704, 0, -0.0743372, -0.0171272
0, -0.999168, 0.00131849, 0, -0.0755875, -0.0171256
0, -0.999071, 0.00133995, 0, -0.0768376, -0.0171239
0, -0.998974, 0.00136139, 0, -0.0780877, -0.0171223
0, -0.998874, 0.00138284, 0, -0.0793376, -0.0171206
0, -0.998773, 0.00140429, 0, -0.0805874, -0.0171188
0, -0.998671, 0.00142573, 0, -0.0818371, -0.0171171
0, -0.998567, 0.00144717, 0, -0.0830866, -0.0171153
0, -0.998461, 0.00146861, 0, -0.0843361, -0.0171135
0, -0.998354, 0.00149004, 0, -0.0855853, -0.0171116
0, -0.998245, 0.00151148, 0, -0.0868345, -0.0171098
0, -0.998135, 0.00153291, 0, -0.0880835, -0.0171079
0, -0.998023, 0.00155434, 0, -0.0893324, -0.017106
0, -0.997909, 0.00157577, 0, -0.0905811, -0.017104
0, -0.997794, 0.00159719, 0, -0.0918297, -0.0171021
0, -0.997678, 0.00161861, 0, -0.0930782, -0.0171001
0, -0.99756, 0.00164003, 0, -0.0943265, -0.017098
0, -0.99744, 0.00166145, 0, -0.0955746, -0.017096
0, -0.997319, 0.00168286, 0, -0.0968226, -0.0170939
0, -0.997196, 0.00170428, 0, -0.0980705, -0.0170918
0, -0.997071, 0.00172568, 0, -0.0993182, -0.0170897
0, -0.996945, 0.00174709, 0, -0.100566, -0.0170875
0, -0.996818, 0.00176849, 0, -0.101813, -0.0170853
0, -0.996689, 0.0017899, 0, -0.10306, -0.0170831
0, -0.996558, 0.00181129, 0, -0.104307, -0.0170809
0, -0.996426, 0.00183269, 0, -0.105554, -0.0170786
0, -0.996292, 0.00185408, 0, -0.106801, -0.0170763
0, -0.996157, 0.00187547, 0, -0.108048, -0.017074
0, -0.99602, 0.00189686, 0, -0.109294, -0.0170716
0, -0.995881, 0.00191824, 0, -0.11054, -0.0170693
0, -0.995741, 0.00193963, 0, -0.111786, -0.0170669
0, -0.9956, 0.001961, 0, -0.113032, -0.0170644
0, -0.995457, 0.00198238, 0, -0.114278, -0.017062
0, -0.995312, 0.00200375, 0, -0.115523, -0.0170595
0, -0.995166, 0.00202512, 0, -0.116769, -0.017057
0, -0.995018, 0.00204649, 0, -0.118014, -0.0170545
0, -0.994868, 0.00206785, 0, -0.119259, -0.0170519
0, -0.994717, 0.00208921, 0, -0.120504, -0.0170493
0, -0.994565, 0.00211057, 0, -0.121748, -0.0170467
0, -0.994411, 0.00213192, 0, -0.122993, -0.0170441
0, -0.994255, 0.00215327, 0, -0.124237, -0.0170414
0, -0.994098, 0.00217462, 0, -0.125481, -0.0170387
0, -0.993939, 0.00219596, 0, -0.126725, -0.017036
0, -0.993779, 0.0022173, 0, -0.127968, -0.0170332
0, -0.993617, 0.00223864, 0, -0.129212, -0.0170304
0, -0.993454, 0.00225997, 0, -0.130455, -0.0170276
0, -0.993289, 0.0022813, 0, -0.131698, -0.0170248
0, -0.993122, 0.00230262, 0, -0.132941, -0.017022
0, -0.992954, 0.00232395, 0, -0.134183, -0.0170191
0, -0.992784, 0.00234527, 0, -0.135426, -0.0170162
0, -0.992613, 0.00236658, 0, -0.136668, -0.0170132
0, -0.99244, 0.00238789, 0, -0.13791, -0.0170103
0, -0.992266, 0.0024092, 0, -0.139152, -0.0170073
0, -0.99209, 0.0024305, 0, -0.140393, -0.0170043
0, -0.991913, 0.00245181, 0, -0.141635, -0.0170012
0, -0.991734, 0.0024731, 0, -0.142876, -0.0169982
0, -0.991553, 0.0024944, 0, -0.144117, -0.0169951
0, -0.991371, 0.00251568, 0, -0.145357, -0.0169919
0, -0.991188, 0.00253697, 0, -0.146598, -0.0169888
0, -0.991002, 0.00255825, 0, -0.147838, -0.0169856
0, -0.990816, 0.00257953, 0, -0.149078, -0.0169824
0, -0.990627, 0.0026008, 0, -0.150317, -0.0169792
0, -0.990437, 0.00262207, 0, -0.151557, -0.0169759
0, -0.990246, 0.00264334, 0, -0.152796, -0.0169727
0, -0.990053, 0.0026646, 0, -0.154035, -0.0169694
0, -0.989859, 0.00268585, 0, -0.155274, -0.016966
0, -0.989662, 0.00270711, 0, -0.156512, -0.0169627
0, -0.989465, 0.00272836, 0, -0.157751, -0.0169593
0, -0.989266, 0.0027496, 0, -0.158989, -0.0169559
0, -0.989065, 0.00277084, 0, -0.160227, -0.0169524
0, -0.988863, 0.00279208, 0, -0.161464, -0.0169489
0, -0.988659, 0.00281331, 0, -0.162701, -0.0169455
0, -0.988453, 0.00283454, 0, -0.163938, -0.0169419
0, -0.988247, 0.00285576, 0, -0.165175, -0.0169384
0, -0.988038, 0.00287698, 0, -0.166412, -0.0169348
0, -0.987828, 0.00289819, 0, -0.167648, -0.0169312
0, -0.987617, 0.0029194, 0, -0.168884, -0.0169276
0, -0.987403, 0.00294061, 0, -0.17012, -0.0169239
0, -0.987189, 0.00296181, 0, -0.171355, -0.0169202
0, -0.986973, 0.002983, 0, -0.17259, -0.0169165
0, -0.986755, 0.00300419, 0, -0.173825, -0.0169128
0, -0.986535, 0.00302538, 0, -0.17506, -0.0169091
0, -0.986315, 0.00304656, 0, -0.176294, -0.0169053
0, -0.986092, 0.00306774, 0, -0.177528, -0.0169015
0, -0.985868, 0.00308891, 0, -0.178762, -0.0168976
0, -0.985643, 0.00311008, 0, -0.179995, -0.0168937
0, -0.985416, 0.00313124, 0, -0.181229, -0.0168899
0, -0.985187, 0.0031524, 0, -0.182462, -0.0168859
0, -0.984957, 0.00317356, 0, -0.183694, -0.016882
0, -0.984725, 0.0031947, 0, -0.184927, -0.016878
0, -0.984492, 0.00321585, 0, -0.186159, -0.016874
0, -0.984257, 0.00323699, 0, -0.187391, -0.01687
0, -0.984021, 0.00325812, 0, -0.188622, -0.0168659
0, -0.983783, 0.00327925, 0, -0.189853, -0.0168619
0, -0.983544, 0.00330037, 0, -0.191084, -0.0168578
0, -0.983303, 0.00332149, 0, -0.192315, -0.0168536
0, -0.98306, 0.0033426, 0, -0.193545, -0.0168495
0, -0.982816, 0.00336371, 0, -0.194775, -0.0168453
0, -0.982571, 0.00338481, 0, -0.196005, -0.0168411
0, -0.982324, 0.00340591, 0, -0.197234, -0.0168368
0, -0.982075, 0.003427, 0, -0.198463, -0.0168326
0, -0.981825, 0.00344809, 0, -0.199692, -0.0168283
0, -0.981573, 0.00346917, 0, -0.200921, -0.016824
0, -0.98132, 0.00349025, 0, -0.202149, -0.0168196
0, -0.981065, 0.00351132, 0, -0.203377, -0.0168153
0, -0.980809, 0.00353238, 0, -0.204604, -0.0168109
0, -0.980551, 0.00355344, 0, -0.205831, -0.0168065
0, -0.980292, 0.0035745, 0, -0.207058, -0.016802
0, -0.980031, 0.00359555, 0, -0.208285, -0.0167975
0, -0.979768, 0.00361659, 0, -0.209511, -0.016793
0, -0.979504, 0.00363763, 0, -0.210737, -0.0167885
0, -0.979239, 0.00365866, 0, -0.211962, -0.016784
0, -0.978972, 0.00367968, 0, -0.213188, -0.0167794
0, -0.978703, 0.00370071, 0, -0.214413, -0.0167748
0, -0.978433, 0.00372172, 0, -0.215637, -0.0167701
0, -0.978161, 0.00374273, 0, -0.216861, -0.0167655
0, -0.977888, 0.00376373, 0, -0.218085, -0.0167608
0, -0.977613, 0.00378473, 0, -0.219309, -0.0167561
0, -0.977337, 0.00380572, 0, -0.220532, -0.0167514
0, -0.977059, 0.00382671, 0, -0.221755, -0.0167466
0, -0.97678, 0.00384769, 0, -0.222977, -0.0167418
0, -0.976499, 0.00386866, 0, -0.224199, -0.016737
0, -0.976216, 0.00388963, 0, -0.225421, -0.0167321
0, -0.975933, 0.00391059, 0, -0.226643, -0.0167273
0, -0.975647, 0.00393155, 0, -0.227864, -0.0167224
0, -0.97536, 0.0039525, 0, -0.229085, -0.0167175
0, -0.975071, 0.00397344, 0, -0.230305, -0.0167125
0, -0.974781, 0.00399438, 0, -0.231525, -0.0167075
0, -0.97449, 0.00401531, 0, -0.232745, -0.0167025
0, -0.974197, 0.00403623, 0, -0.233964, -0.0166975
0, -0.973902, 0.00405715, 0, -0.235183, -0.0166925
0, -0.973606, 0.00407806, 0, -0.236401, -0.0166874
0, -0.973308, 0.00409897, 0, -0.23762, -0.0166823
0, -0.973009, 0.00411987, 0, -0.238837, -0.0166772
0, -0.972708, 0.00414076, 0, -0.240055, -0.016672
0, -0.972406, 0.00416165, 0, -0.241272, -0.0166668
0, -0.972102, 0.00418253, 0, -0.242489, -0.0166616
0, -0.971797, 0.0042034, 0, -0.243705, -0.0166564
0, -0.97149, 0.00422427, 0, -0.244921, -0.0166511
0, -0.971182, 0.00424513, 0, -0.246136, -0.0166458
0, -0.970872, 0.00426599, 0, -0.247351, -0.0166405
0, -0.97056, 0.00428683, 0, -0.248566, -0.0166352
0, -0.970247, 0.00430767, 0, -0.249781, -0.0166298
0, -0.969933, 0.00432851, 0, -0.250994, -0.0166244
0, -0.969617, 0.00434934, 0, -0.252208, -0.016619
0, -0.969299, 0.00437016, 0, -0.253421, -0.0166136
0, -0.96898, 0.00439097, 0, -0.254634, -0.0166081
0, -0.96866, 0.00441178, 0, -0.255846, -0.0166026
0, -0.968338, 0.00443258, 0, -0.257058, -0.0165971
0, -0.968014, 0.00445337, 0, -0.25827, -0.0165915
0, -0.967689, 0.00447416, 0, -0.259481, -0.0165859
0, -0.967363, 0.00449494, 0, -0.260692, -0.0165803
0, -0.967034, 0.00451571, 0, -0.261902, -0.0165747
0, -0.966705, 0.00453648, 0, -0.263112, -0.0165691
0, -0.966374, 0.00455723, 0, -0.264322, -0.0165634
0, -0.966041, 0.00457799, 0, -0.265531, -0.0165577
0, -0.965707, 0.00459873, 0, -0.26674, -0.016552
0, -0.965371, 0.00461947, 0, -0.267948, -0.0165462
0, -0.965034, 0.0046402, 0, -0.269156, -0.0165404
0, -0.964695, 0.00466092, 0, -0.270363, -0.0165346
0, -0.964355, 0.00468164, 0, -0.27157, -0.0165288
0, -0.964013, 0.00470234, 0, -0.272777, -0.0165229
0, -0.96367, 0.00472304, 0, -0.273983, -0.016517
0, -0.963325, 0.00474374, 0, -0.275189, -0.0165111
0, -0.962979, 0.00476442, 0, -0.276394, -0.0165052
0, -0.962631, 0.0047851, 0, -0.277599, -0.0164992
0, -0.962282, 0.00480577, 0, -0.278803, -0.0164932
0, -0.961931, 0.00482644, 0, -0.280007, -0.0164872
0, -0.961578, 0.0048471, 0, -0.281211, -0.0164812
0, -0.961225, 0.00486774, 0, -0.282414, -0.0164751
0, -0.960869, 0.00488839, 0, -0.283617, -0.016469
0, -0.960512, 0.00490902, 0, -0.284819, -0.0164629
0, -0.960154, 0.00492965, 0, -0.286021, -0.0164568
0, -0.959794, 0.00495026, 0, -0.287222, -0.0164506
0, -0.959433, 0.00497087, 0, -0.288423, -0.0164444
0, -0.95907, 0.00499148, 0, -0.289624, -0.0164382
0, -0.958706, 0.00501207, 0, -0.290824, -0.0164319
0, -0.95834, 0.00503266, 0, -0.292023, -0.0164256
0, -0.957972, 0.00505324, 0, -0.293222, -0.0164193
0, -0.957603, 0.00507381, 0, -0.294421, -0.016413
0, -0.957233, 0.00509438, 0, -0.295619, -0.0164067
0, -0.956861, 0.00511493, 0, -0.296817, -0.0164003
0, -0.956488, 0.00513548, 0, -0.298014, -0.0163939
0, -0.956113, 0.00515602, 0, -0.299211, -0.0163875
0, -0.955736, 0.00517655, 0, -0.300407, -0.016381
0, -0.955359, 0.00519708, 0, -0.301603, -0.0163745
0, -0.954979, 0.00521759, 0, -0.302798, -0.016368
0, -0.954598, 0.0052381, 0, -0.303993, -0.0163615
0, -0.954216, 0.0052586, 0, -0.305187, -0.0163549
0, -0.953832, 0.00527909, 0, -0.306381, -0.0163484
0, -0.953447, 0.00529957, 0, -0.307575, -0.0163417
0, -0.95306, 0.00532005, 0, -0.308768, -0.0163351
0, -0.952671, 0.00534052, 0, -0.30996, -0.0163285
0, -0.952282, 0.00536098, 0, -0.311152, -0.0163218
0, -0.95189, 0.00538143, 0, -0.312343, -0.0163151
0, -0.951497, 0.00540187, 0, -0.313534, -0.0163083
0, -0.951103, 0.0054223, 0, -0.314725, -0.0163016
0, -0.950707, 0.00544273, 0, -0.315915, -0.0162948
0, -0.95031, 0.00546314, 0, -0.317105, -0.016288
0, -0.949911, 0.00548355, 0, -0.318294, -0.0162811
0, -0.949511, 0.00550395, 0, -0.319482, -0.0162743
0, -0.949109, 0.00552434, 0, -0.32067, -0.0162674
0, -0.948706, 0.00554472, 0, -0.321858, -0.0162605
0, -0.948301, 0.0055651, 0, -0.323045, -0.0162535
0, -0.947895, 0.00558546, 0, -0.324231, -0.0162466
0, -0.947487, 0.00560582, 0, -0.325417, -0.0162396
0, -0.947078, 0.00562617, 0, -0.326603, -0.0162325
0, -0.946667, 0.0056465, 0, -0.327788, -0.0162255
0, -0.946255, 0.00566683, 0, -0.328972, -0.0162184
0, -0.945841, 0.00568716, 0, -0.330156, -0.0162113
0, -0.945426, 0.00570747, 0, -0.331339, -0.0162042
0, -0.945009, 0.00572777, 0, -0.332522, -0.0161971
0, -0.944591, 0.00574807, 0, -0.333705, -0.0161899
0, -0.944172, 0.00576835, 0, -0.334887, -0.0161827
0, -0.943751, 0.00578863, 0, -0.336068, -0.0161755
0, -0.943328, 0.0058089, 0, -0.337249, -0.0161682
0, -0.942904, 0.00582916, 0, -0.338429, -0.016161
0, -0.942478, 0.0058494, 0, -0.339609, -0.0161537
0, -0.942051, 0.00586965, 0, -0.340788, -0.0161464
0, -0.941623, 0.00588988, 0, -0.341967, -0.016139
0, -0.941193, 0.0059101, 0, -0.343145, -0.0161316
0, -0.940761, 0.00593031, 0, -0.344322, -0.0161242
0, -0.940329, 0.00595052, 0, -0.345499, -0.0161168
0, -0.939894, 0.00597071, 0, -0.346676, -0.0161094
0, -0.939458, 0.0059909, 0, -0.347852, -0.0161019
0, -0.939021, 0.00601107, 0, -0.349027, -0.0160944
0, -0.938582, 0.00603124, 0, -0.350202, -0.0160869
0, -0.938142, 0.00605139, 0, -0.351377, -0.0160793
0, -0.9377, 0.00607154, 0, -0.35255, -0.0160717
0, -0.937257, 0.00609168, 0, -0.353724, -0.0160641
0, -0.936812, 0.00611181, 0, -0.354896, -0.0160565
0, -0.936366, 0.00613193, 0, -0.356069, -0.0160489
0, -0.935918, 0.00615204, 0, -0.35724, -0.0160412
0, -0.935469, 0.00617214, 0, -0.358411, -0.0160335
0, -0.935019, 0.00619223, 0, -0.359582, -0.0160258
0, -0.934567, 0.00621231, 0, -0.360751, -0.016018
0, -0.934113, 0.00623238, 0, -0.361921, -0.0160102
0, -0.933658, 0.00625244, 0, -0.363089, -0.0160024
0, -0.933202, 0.00627249, 0, -0.364258, -0.0159946
0, -0.932744, 0.00629254, 0, -0.365425, -0.0159868
0, -0.932285, 0.00631257, 0, -0.366592, -0.0159789
0, -0.931824, 0.00633259, 0, -0.367759, -0.015971
0, -0.931361, 0.0063526, 0, -0.368925, -0.015963
0, -0.930898, 0.00637261, 0, -0.37009, -0.0159551
0, -0.930433, 0.0063926, 0, -0.371255, -0.0159471
0, -0.929966, 0.00641258, 0, -0.372419, -0.0159391
0, -0.929498, 0.00643256, 0, -0.373582, -0.0159311
0, -0.929028, 0.00645252, 0, -0.374745, -0.015923
0, -0.928557, 0.00647247, 0, -0.375908, -0.015915
0, -0.928085, 0.00649241, 0, -0.377069, -0.0159069
0, -0.927611, 0.00651235, 0, -0.378231, -0.0158987
0, -0.927135, 0.00653227, 0, -0.379391, -0.0158906
0, -0.926658, 0.00655218, 0, -0.380551, -0.0158824
0, -0.92618, 0.00657208, 0, -0.381711, -0.0158742
0, -0.9257, 0.00659197, 0, -0.38287, -0.015866
0, -0.925219, 0.00661186, 0, -0.384028, -0.0158577
0, -0.924737, 0.00663173, 0, -0.385185, -0.0158494
0, -0.924252, 0.00665159, 0, -0.386342, -0.0158411
0, -0.923767, 0.00667144, 0, -0.387499, -0.0158328
0, -0.92328, 0.00669128, 0, -0.388655, -0.0158245
0, -0.922791, 0.00671111, 0, -0.38981, -0.0158161
0, -0.922301, 0.00673093, 0, -0.390964, -0.0158077
0, -0.92181, 0.00675074, 0, -0.392118, -0.0157993
0, -0.921317, 0.00677053, 0, -0.393272, -0.0157908
0, -0.920823, 0.00679032, 0, -0.394424, -0.0157823
0, -0.920327, 0.0068101, 0, -0.395576, -0.0157738
0, -0.91983, 0.00682987, 0, -0.396728, -0.0157653
0, -0.919332, 0.00684962, 0, -0.397879, -0.0157568
0, -0.918832, 0.00686937, 0, -0.399029, -0.0157482
0, -0.91833, 0.0068891, 0, -0.400179, -0.0157396
0, -0.917827, 0.00690882, 0, -0.401328, -0.015731
0, -0.917323, 0.00692854, 0, -0.402476, -0.0157223
0, -0.916817, 0.00694824, 0, -0.403624, -0.0157136
0, -0.91631, 0.00696793, 0, -0.404771, -0.0157049
0, -0.915801, 0.00698761, 0, -0.405917, -0.0156962
0, -0.915291, 0.00700728, 0, -0.407063, -0.0156875
0, -0.91478, 0.00702694, 0, -0.408208, -0.0156787
0, -0.914267, 0.00704659, 0, -0.409353, -0.0156699
0, -0.913752, 0.00706622, 0, -0.410497, -0.0156611
0, -0.913236, 0.00708585, 0, -0.41164, -0.0156522
0, -0.912719, 0.00710547, 0, -0.412783, -0.0156434
0, -0.9122, 0.00712507, 0, -0.413925, -0.0156345
0, -0.91168, 0.00714466, 0, -0.415066, -0.0156255
0, -0.911159, 0.00716424, 0, -0.416207, -0.0156166
0, -0.910636, 0.00718381, 0, -0.417347, -0.0156076
0, -0.910111, 0.00720337, 0, -0.418486, -0.0155986
0, -0.909585, 0.00722292, 0, -0.419625, -0.0155896
0, -0.909058, 0.00724246, 0, -0.420763, -0.0155806
0, -0.90853, 0.00726198, 0, -0.4219, -0.0155715
0, -0.907999, 0.0072815, 0, -0.423037, -0.0155624
0, -0.907468, 0.007301, 0, -0.424173, -0.0155533
0, -0.906935, 0.00732049, 0, -0.425308, -0.0155442
0, -0.9064, 0.00733997, 0, -0.426443, -0.015535
0, -0.905865, 0.00735944, 0, -0.427577, -0.0155258
0, -0.905327, 0.00737889, 0, -0.42871, -0.0155166
0, -0.904789, 0.00739834, 0, -0.429843, -0.0155073
0, -0.904249, 0.00741777, 0, -0.430975, -0.0154981
0, -0.903707, 0.0074372, 0, -0.432107, -0.0154888
0, -0.903164, 0.00745661, 0, -0.433237, -0.0154795
0, -0.90262, 0.00747601, 0, -0.434367, -0.0154702
0, -0.902074, 0.00749539, 0, -0.435497, -0.0154608
0, -0.901527, 0.00751477, 0, -0.436625, -0.0154514
0, -0.900978, 0.00753413, 0, -0.437753, -0.015442
0, -0.900428, 0.00755349, 0, -0.43888, -0.0154326
0, -0.899877, 0.00757283, 0, -0.440007, -0.0154231
0, -0.899324, 0.00759215, 0, -0.441133, -0.0154136
0, -0.89877, 0.00761147, 0, -0.442258, -0.0154041
0, -0.898214, 0.00763078, 0, -0.443383, -0.0153946
0, -0.897657, 0.00765007, 0, -0.444506, -0.015385
0, -0.897099, 0.00766935, 0, -0.445629, -0.0153755
0, -0.896539, 0.00768862, 0, -0.446752, -0.0153659
0, -0.895978, 0.00770788, 0, -0.447874, -0.0153562
0, -0.895415, 0.00772712, 0, -0.448995, -0.0153466
0, -0.894851, 0.00774636, 0, -0.450115, -0.0153369
0, -0.894285, 0.00776558, 0, -0.451234, -0.0153272
0, -0.893719, 0.00778479, 0, -0.452353, -0.0153175
0, -0.89315, 0.00780398, 0, -0.453472, -0.0153077
0, -0.892581, 0.00782317, 0, -0.454589, -0.015298
0, -0.89201, 0.00784234, 0, -0.455706, -0.0152882
0, -0.891437, 0.0078615, 0, -0.456822, -0.0152784
0, -0.890863, 0.00788065, 0, -0.457937, -0.0152685
0, -0.890288, 0.00789978, 0, -0.459052, -0.0152586
0, -0.889711, 0.00791891, 0, -0.460166, -0.0152488
0, -0.889133, 0.00793802, 0, -0.461279, -0.0152388
0, -0.888554, 0.00795712, 0, -0.462391, -0.0152289
0, -0.887973, 0.0079762, 0, -0.463503, -0.0152189
0, -0.887391, 0.00799528, 0, -0.464614, -0.015209
0, -0.886807, 0.00801434, 0, -0.465724, -0.0151989
0, -0.886222, 0.00803339, 0, -0.466834, -0.0151889
0, -0.885635, 0.00805242, 0, -0.467942, -0.0151789
0, -0.885048, 0.00807145, 0, -0.469051, -0.0151688
0, -0.884458, 0.00809046, 0, -0.470158, -0.0151587
0, -0.883868, 0.00810946, 0, -0.471264, -0.0151485
0, -0.883276, 0.00812844, 0, -0.47237, -0.0151384
0, -0.882682, 0.00814741, 0, -0.473475, -0.0151282
0, -0.882088, 0.00816637, 0, -0.47458, -0.015118
0, -0.881491, 0.00818532, 0, -0.475683, -0.0151078
0, -0.880894, 0.00820426, 0, -0.476786, -0.0150975
0, -0.880295, 0.00822318, 0, -0.477888, -0.0150873
0, -0.879695, 0.00824209, 0, -0.47899, -0.015077
0, -0.879093, 0.00826099, 0, -0.48009, -0.0150666
0, -0.87849, 0.00827987, 0, -0.48119, -0.0150563
0, -0.877886, 0.00829874, 0, -0.482289, -0.0150459
0, -0.87728, 0.0083176, 0, -0.483388, -0.0150355
0, -0.876673, 0.00833644, 0, -0.484485, -0.0150251
0, -0.876064, 0.00835527, 0, -0.485582, -0.0150147
0, -0.875454, 0.00837409, 0, -0.486678, -0.0150042
0, -0.874843, 0.0083929, 0, -0.487773, -0.0149937
0, -0.87423, 0.00841169, 0, -0.488868, -0.0149832
0, -0.873616, 0.00843047, 0, -0.489962, -0.0149727
0, -0.873001, 0.00844924, 0, -0.491055, -0.0149621
0, -0.872384, 0.00846799, 0, -0.492147, -0.0149516
0, -0.871766, 0.00848673, 0, -0.493238, -0.014941
0, -0.871146, 0.00850546, 0, -0.494329, -0.0149303
0, -0.870525, 0.00852417, 0, -0.495419, -0.0149197
0, -0.869903, 0.00854287, 0, -0.496508, -0.014909
0, -0.869279, 0.00856156, 0, -0.497597, -0.0148983
0, -0.868654, 0.00858023, 0, -0.498684, -0.0148876
0, -0.868028, 0.00859889, 0, -0.499771, -0.0148769
0, -0.8674, 0.00861754, 0, -0.500857, -0.0148661
0, -0.866771, 0.00863617, 0, -0.501942, -0.0148553
0, -0.866141, 0.00865479, 0, -0.503027, -0.0148445
0, -0.865509, 0.00867339, 0, -0.50411, -0.0148336
0, -0.864876, 0.00869199, 0, -0.505193, -0.0148228
0, -0.864241, 0.00871057, 0, -0.506275, -0.0148119
0, -0.863605, 0.00872913, 0, -0.507356, -0.014801
0, -0.862968, 0.00874768, 0, -0.508437, -0.0147901
0, -0.86233, 0.00876622, 0, -0.509517, -0.0147791
0, -0.86169, 0.00878475, 0, -0.510595, -0.0147681
0, -0.861048, 0.00880326, 0, -0.511674, -0.0147571
0, -0.860406, 0.00882175, 0, -0.512751, -0.0147461
0, -0.859762, 0.00884024, 0, -0.513827, -0.0147351
0, -0.859116, 0.00885871, 0, -0.514903, -0.014724
0, -0.85847, 0.00887716, 0, -0.515978, -0.0147129
0, -0.857822, 0.0088956, 0, -0.517052, -0.0147018
0, -0.857172, 0.00891403, 0, -0.518125, -0.0146906
0, -0.856522, 0.00893244, 0, -0.519197, -0.0146795
0, -0.85587, 0.00895084, 0, -0.520269, -0.0146683
0, -0.855216, 0.00896923, 0, -0.52134, -0.0146571
0, -0.854561, 0.0089876, 0, -0.52241, -0.0146459
0, -0.853905, 0.00900596, 0, -0.523479, -0.0146346
0, -0.853248, 0.0090243, 0, -0.524547, -0.0146233
0, -0.852589, 0.00904263, 0, -0.525615, -0.014612
0, -0.851929, 0.00906095, 0, -0.526681, -0.0146007
0, -0.851267, 0.00907925, 0, -0.527747, -0.0145894
0, -0.850605, 0.00909754, 0, -0.528812, -0.014578
0, -0.849941, 0.00911581, 0, -0.529877, -0.0145666
0, -0.849275, 0.00913407, 0, -0.53094, -0.0145552
0, -0.848608, 0.00915232, 0, -0.532002, -0.0145437
0, -0.84794, 0.00917055, 0, -0.533064, -0.0145323
0, -0.847271, 0.00918876, 0, -0.534125, -0.0145208
0, -0.8466, 0.00920696, 0, -0.535185, -0.0145093
0, -0.845928, 0.00922515, 0, -0.536244, -0.0144978
0, -0.845254, 0.00924332, 0, -0.537303, -0.0144862
0, -0.84458, 0.00926148, 0, -0.53836, -0.0144746
0, -0.843904, 0.00927963, 0, -0.539417, -0.014463
0, -0.843226, 0.00929776, 0, -0.540472, -0.0144514
0, -0.842547, 0.00931587, 0, -0.541527, -0.0144398
0, -0.841867, 0.00933397, 0, -0.542582, -0.0144281
0, -0.841186, 0.00935206, 0, -0.543635, -0.0144164
0, -0.840503, 0.00937013, 0, -0.544687, -0.0144047
0, -0.839819, 0.00938819, 0, -0.545739, -0.014393
0, -0.839134, 0.00940623, 0, -0.546789, -0.0143812
0, -0.838447, 0.00942425, 0, -0.547839, -0.0143694
0, -0.837759, 0.00944227, 0, -0.548888, -0.0143576
0, -0.83707, 0.00946026, 0, -0.549936, -0.0143458
0, -0.836379, 0.00947825, 0, -0.550984, -0.014334
0, -0.835688, 0.00949622, 0, -0.55203, -0.0143221
0, -0.834994, 0.00951417, 0, -0.553075, -0.0143102
0, -0.8343, 0.00953211, 0, -0.55412, -0.0142983
0, -0.833604, 0.00955003, 0, -0.555164, -0.0142864
0, -0.832907, 0.00956794, 0, -0.556207, -0.0142744
0, -0.832208, 0.00958583, 0, -0.557249, -0.0142624
0, -0.831509, 0.00960371, 0, -0.55829, -0.0142504
0, -0.830807, 0.00962158, 0, -0.55933, -0.0142384
0, -0.830105, 0.00963943, 0, -0.56037, -0.0142263
0, -0.829401, 0.00965726, 0, -0.561408, -0.0142143
0, -0.828696, 0.00967508, 0, -0.562446, -0.0142022
0, -0.82799, 0.00969288, 0, -0.563483, -0.0141901
0, -0.827283, 0.00971067, 0, -0.564518, -0.0141779
0, -0.826574, 0.00972844, 0, -0.565553, -0.0141658
0, -0.825864, 0.0097462, 0, -0.566588, -0.0141536
0, -0.825152, 0.00976394, 0, -0.567621, -0.0141414
0, -0.824439, 0.00978167, 0, -0.568653, -0.0141291
0, -0.823725, 0.00979938, 0, -0.569685, -0.0141169
0, -0.82301, 0.00981708, 0, -0.570715, -0.0141046
0, -0.822293, 0.00983476, 0, -0.571745, -0.0140923
0, -0.821575, 0.00985243, 0, -0.572773, -0.01408
0, -0.820856, 0.00987008, 0, -0.573801, -0.0140677
0, -0.820136, 0.00988772, 0, -0.574828, -0.0140553
0, -0.819414, 0.00990534, 0, -0.575854, -0.0140429
0, -0.818691, 0.00992294, 0, -0.576879, -0.0140305
0, -0.817966, 0.00994053, 0, -0.577904, -0.0140181
0, -0.817241, 0.0099581, 0, -0.578927, -0.0140056
0, -0.816514, 0.00997566, 0, -0.579949, -0.0139932
0, -0.815785, 0.0099932, 0, -0.580971, -0.0139807
0, -0.815056, 0.0100107, 0, -0.581991, -0.0139682
0, -0.814325, 0.0100282, 0, -0.583011, -0.0139556
0, -0.813593, 0.0100457, 0, -0.58403, -0.0139431
0, -0.81286, 0.0100632, 0, -0.585048, -0.0139305
0, -0.812125, 0.0100807, 0, -0.586065, -0.0139179
0, -0.811389, 0.0100981, 0, -0.587081, -0.0139053
0, -0.810652, 0.0101156, 0, -0.588096, -0.0138926
0, -0.809914, 0.010133, 0, -0.58911, -0.01388
0, -0.809174, 0.0101504, 0, -0.590123, -0.0138673
0, -0.808433, 0.0101678, 0, -0.591135, -0.0138545
0, -0.807691, 0.0101851, 0, -0.592147, -0.0138418
0, -0.806947, 0.0102025, 0, -0.593157, -0.0138291
0, -0.806202, 0.0102198, 0, -0.594167, -0.0138163
0, -0.805456, 0.0102371, 0, -0.595175, -0.0138035
0, -0.804709, 0.0102545, 0, -0.596183, -0.0137907
0, -0.80396, 0.0102717, 0, -0.59719, -0.0137778
0, -0.803211, 0.010289, 0, -0.598196, -0.013765
0, -0.80246, 0.0103063, 0, -0.5992, -0.0137521
0, -0.801707, 0.0103235, 0, -0.600204, -0.0137392
0, -0.800954, 0.0103407, 0, -0.601207, -0.0137262
0, -0.800199, 0.0103579, 0, -0.602209, -0.0137133
0, -0.799443, 0.0103751, 0, -0.60321, -0.0137003
0, -0.798685, 0.0103923, 0, -0.60421, -0.0136873
0, -0.797927, 0.0104095, 0, -0.60521, -0.0136743
0, -0.797167, 0.0104266, 0, -0.606208, -0.0136613
0, -0.796406, 0.0104437, 0, -0.607205, -0.0136482
0, -0.795643, 0.0104609, 0, -0.608201, -0.0136351
0, -0.794879, 0.010478, 0, -0.609197, -0.013622
0, -0.794115, 0.010495, 0, -0.610191, -0.0136089
0, -0.793348, 0.0105121, 0, -0.611185, -0.0135958
0, -0.792581, 0.0105291, 0, -0.612177, -0.0135826
0, -0.791812, 0.0105462, 0, -0.613169, -0.0135694
0, -0.791043, 0.0105632, 0, -0.614159, -0.0135562
0, -0.790271, 0.0105802, 0, -0.615149, -0.013543
0, -0.789499, 0.0105972, 0, -0.616137, -0.0135297
0, -0.788726, 0.0106141, 0, -0.617125, -0.0135164
0, -0.787951, 0.0106311, 0, -0.618112, -0.0135031
0, -0.787175, 0.010648, 0, -0.619098, -0.0134898
0, -0.786397, 0.0106649, 0, -0.620082, -0.0134765
0, -0.785619, 0.0106818, 0, -0.621066, -0.0134631
0, -0.784839, 0.0106987, 0, -0.622049, -0.0134498
0, -0.784058, 0.0107155, 0, -0.623031, -0.0134364
0, -0.783276, 0.0107324, 0, -0.624012, -0.0134229
0, -0.782492, 0.0107492, 0, -0.624991, -0.0134095
0, -0.781708, 0.010766, 0, -0.62597, -0.013396
0, -0.780922, 0.0107828, 0, -0.626948, -0.0133825
0, -0.780135, 0.0107996, 0, -0.627925, -0.013369
0, -0.779346, 0.0108164, 0, -0.628901, -0.0133555
0, -0.778557, 0.0108331, 0, -0.629876, -0.013342
0, -0.777766, 0.0108498, 0, -0.63085, -0.0133284
0, -0.776974, 0.0108666, 0, -0.631823, -0.0133148
0, -0.77618, 0.0108833, 0, -0.632795, -0.0133012
0, -0.775386, 0.0108999, 0, -0.633766, -0.0132876
0, -0.77459, 0.0109166, 0, -0.634736, -0.0132739
0, -0.773793, 0.0109332, 0, -0.635705, -0.0132602
0, -0.772995, 0.0109499, 0, -0.636673, -0.0132465
0, -0.772196, 0.0109665, 0, -0.63764, -0.0132328
0, -0.771395, 0.0109831, 0, -0.638606, -0.0132191
0, -0.770594, 0.0109996, 0, -0.639571, -0.0132053
0, -0.769791, 0.0110162, 0, -0.640535, -0.0131916
0, -0.768986, 0.0110327, 0, -0.641498, -0.0131778
0, -0.768181, 0.0110493, 0, -0.64246, -0.0131639
0, -0.767374, 0.0110658, 0, -0.643421, -0.0131501
0, -0.766567, 0.0110823, 0, -0.644381, -0.0131362
0, -0.765758, 0.0110987, 0, -0.64534, -0.0131224
0, -0.764947, 0.0111152, 0, -0.646298, -0.0131085
0, -0.764136, 0.0111316, 0, -0.647255, -0.0130945
0, -0.763323, 0.011148, 0, -0.648211, -0.0130806
0, -0.76251, 0.0111644, 0, -0.649165, -0.0130666
0, -0.761695, 0.0111808, 0, -0.650119, -0.0130527
0, -0.760878, 0.0111972, 0, -0.651072, -0.0130386
0, -0.760061, 0.0112135, 0, -0.652024, -0.0130246
0, -0.759242, 0.0112299, 0, -0.652975, -0.0130106
0, -0.758423, 0.0112462, 0, -0.653925, -0.0129965
0, -0.757602, 0.0112625, 0, -0.654873, -0.0129824
0, -0.75678, 0.0112788, 0, -0.655821, -0.0129683
0, -0.755956, 0.011295, 0, -0.656768, -0.0129542
0, -0.755132, 0.0113113, 0, -0.657713, -0.01294
0, -0.754306, 0.0113275, 0, -0.658658, -0.0129259
0, -0.753479, 0.0113437, 0, -0.659602, -0.0129117
0, -0.752651, 0.0113599, 0, -0.660544, -0.0128975
0, -0.751822, 0.0113761, 0, -0.661486, -0.0128832
0, -0.750991, 0.0113922, 0, -0.662426, -0.012869
0, -0.75016, 0.0114083, 0, -0.663366, -0.0128547
0, -0.749327, 0.0114245, 0, -0.664304, -0.0128404
0, -0.748493, 0.0114406, 0, -0.665241, -0.0128261
0, -0.747658, 0.0114567, 0, -0.666178, -0.0128118
0, -0.746821, 0.0114727, 0, -0.667113, -0.0127974
0, -0.745984, 0.0114888, 0, -0.668047, -0.0127831
0, -0.745145, 0.0115048, 0, -0.66898, -0.0127687
0, -0.744305, 0.0115208, 0, -0.669912, -0.0127543
0, -0.743464, 0.0115368, 0, -0.670843, -0.0127398
0, -0.742622, 0.0115528, 0, -0.671773, -0.0127254
0, -0.741779, 0.0115687, 0, -0.672702, -0.0127109
0, -0.740934, 0.0115847, 0, -0.67363, -0.0126964
0, -0.740088, 0.0116006, 0, -0.674557, -0.0126819
0, -0.739242, 0.0116165, 0, -0.675483, -0.0126674
0, -0.738394, 0.0116324, 0, -0.676408, -0.0126528
0, -0.737544, 0.0116482, 0, -0.677331, -0.0126383
0, -0.736694, 0.0116641, 0, -0.678254, -0.0126237
0, -0.735843, 0.0116799, 0, -0.679175, -0.0126091
0, -0.73499, 0.0116957, 0, -0.680096, -0.0125944
0, -0.734136, 0.0117115, 0, -0.681015, -0.0125798
0, -0.733281, 0.0117273, 0, -0.681934, -0.0125651
0, -0.732425, 0.0117431, 0, -0.682851, -0.0125504
0, -0.731568, 0.0117588, 0, -0.683767, -0.0125357
0, -0.73071, 0.0117745, 0, -0.684682, -0.012521
0, -0.72985, 0.0117902, 0, -0.685596, -0.0125062
0, -0.728989, 0.0118059, 0, -0.686509, -0.0124915
0, -0.728128, 0.0118216, 0, -0.687421, -0.0124767
0, -0.727265, 0.0118372, 0, -0.688332, -0.0124619
0, -0.7264, 0.0118528, 0, -0.689241, -0.012447
0, -0.725535, 0.0118685, 0, -0.69015, -0.0124322
0, -0.724669, 0.011884, 0, -0.691058, -0.0124173
0, -0.723801, 0.0118996, 0, -0.691964, -0.0124024
0, -0.722933, 0.0119152, 0, -0.69287, -0.0123875
0, -0.722063, 0.0119307, 0, -0.693774, -0.0123726
0, -0.721192, 0.0119462, 0, -0.694677, -0.0123576
0, -0.72032, 0.0119617, 0, -0.695579, -0.0123427
0, -0.719447, 0.0119772, 0, -0.69648, -0.0123277
0, -0.718572, 0.0119927, 0, -0.69738, -0.0123127
0, -0.717697, 0.0120081, 0, -0.698279, -0.0122977
0, -0.71682, 0.0120235, 0, -0.699177, -0.0122826
0, -0.715942, 0.0120389, 0, -0.700073, -0.0122676
0, -0.715064, 0.0120543, 0, -0.700969, -0.0122525
0, -0.714184, 0.0120697, 0, -0.701863, -0.0122374
0, -0.713303, 0.012085, 0, -0.702757, -0.0122223
0, -0.71242, 0.0121004, 0, -0.703649, -0.0122071
0, -0.711537, 0.0121157, 0, -0.70454, -0.012192
0, -0.710653, 0.012131, 0, -0.70543, -0.0121768
0, -0.709767, 0.0121462, 0, -0.706319, -0.0121616
0, -0.70888, 0.0121615, 0, -0.707207, -0.0121464
0, -0.707993, 0.0121767, 0, -0.708093, -0.0121311
0, -0.707104, 0.0121919, 0, -0.708979, -0.0121159
0, -0.706214, 0.0122071, 0, -0.709863, -0.0121006
0, -0.705322, 0.0122223, 0, -0.710747, -0.0120853
0, -0.70443, 0.0122374, 0, -0.711629, -0.01207
0, -0.703537, 0.0122526, 0, -0.71251, -0.0120547
0, -0.702642, 0.0122677, 0, -0.71339, -0.0120393
0, -0.701747, 0.0122828, 0, -0.714269, -0.012024
0, -0.70085, 0.0122979, 0, -0.715147, -0.0120086
0, -0.699953, 0.0123129, 0, -0.716023, -0.0119932
0, -0.699054, 0.012328, 0, -0.716899, -0.0119777
0, -0.698154, 0.012343, 0, -0.717773, -0.0119623
0, -0.697253, 0.012358, 0, -0.718646, -0.0119468
0, -0.696351, 0.012373, 0, -0.719518, -0.0119313
0, -0.695447, 0.012388, 0, -0.720389, -0.0119158
0, -0.694543, 0.0124029, 0, -0.721259, -0.0119003
0, -0.693638, 0.0124178, 0, -0.722128, -0.0118848
0, -0.692731, 0.0124327, 0, -0.722996, -0.0118692
0, -0.691824, 0.0124476, 0, -0.723862, -0.0118537
0, -0.690915, 0.0124625, 0, -0.724727, -0.0118381
0, -0.690005, 0.0124773, 0, -0.725592, -0.0118224
0, -0.689094, 0.0124922, 0, -0.726455, -0.0118068
0, -0.688182, 0.012507, 0, -0.727317, -0.0117912
0, -0.687269, 0.0125218, 0, -0.728177, -0.0117755
0, -0.686355, 0.0125365, 0, -0.729037, -0.0117598
0, -0.68544, 0.0125513, 0, -0.729895, -0.0117441
0, -0.684524, 0.012566, 0, -0.730753, -0.0117284
0, -0.683607, 0.0125807, 0, -0.731609, -0.0117126
0, -0.682688, 0.0125954, 0, -0.732464, -0.0116969
0, -0.681769, 0.0126101, 0, -0.733318, -0.0116811
0, -0.680848, 0.0126247, 0, -0.73417, -0.0116653
0, -0.679927, 0.0126394, 0, -0.735022, -0.0116495
0, -0.679004, 0.012654, 0, -0.735872, -0.0116336
0, -0.67808, 0.0126686, 0, -0.736722, -0.0116178
0, -0.677155, 0.0126831, 0, -0.73757, -0.0116019
0, -0.676229, 0.0126977, 0, -0.738417, -0.011586
0, -0.675302, 0.0127122, 0, -0.739262, -0.0115701
0, -0.674374, 0.0127267, 0, -0.740107, -0.0115542
0, -0.673445, 0.0127412, 0, -0.740951, -0.0115382
0, -0.672515, 0.0127557, 0, -0.741793, -0.0115223
0, -0.671584, 0.0127702, 0, -0.742634, -0.0115063
0, -0.670652, 0.0127846, 0, -0.743474, -0.0114903
0, -0.669719, 0.012799, 0, -0.744313, -0.0114743
0, -0.668784, 0.0128134, 0, -0.74515, -0.0114582
0, -0.667849, 0.0128278, 0, -0.745987, -0.0114422
0, -0.666913, 0.0128421, 0, -0.746822, -0.0114261
0, -0.665975, 0.0128564, 0, -0.747656, -0.01141
0, -0.665037, 0.0128708, 0, -0.748489, -0.0113939
0, -0.664097, 0.0128851, 0, -0.749321, -0.0113778
0, -0.663156, 0.0128993, 0, -0.750151, -0.0113617
0, -0.662215, 0.0129136, 0, -0.750981, -0.0113455
0, -0.661272, 0.0129278, 0, -0.751809, -0.0113293
0, -0.660328, 0.012942, 0, -0.752636, -0.0113131
0, -0.659384, 0.0129562, 0, -0.753462, -0.0112969
0, -0.658438, 0.0129704, 0, -0.754287, -0.0112807
0, -0.657491, 0.0129845, 0, -0.75511, -0.0112644
0, -0.656543, 0.0129987, 0, -0.755932, -0.0112481
0, -0.655594, 0.0130128, 0, -0.756754, -0.0112319
0, -0.654644, 0.0130269, 0, -0.757573, -0.0112156
0, -0.653693, 0.0130409, 0, -0.758392, -0.0111992
0, -0.652741, 0.013055, 0, -0.75921, -0.0111829
0, -0.651788, 0.013069, 0, -0.760026, -0.0111665
0, -0.650834, 0.013083, 0, -0.760841, -0.0111502
0, -0.649879, 0.013097, 0, -0.761655, -0.0111338
0, -0.648923, 0.013111, 0, -0.762468, -0.0111174
0, -0.647966, 0.0131249, 0, -0.76328, -0.0111009
0, -0.647008, 0.0131388, 0, -0.76409, -0.0110845
0, -0.646049, 0.0131527, 0, -0.764899, -0.011068
0, -0.645089, 0.0131666, 0, -0.765707, -0.0110515
0, -0.644127, 0.0131805, 0, -0.766514, -0.011035
0, -0.643165, 0.0131943, 0, -0.767319, -0.0110185
0, -0.642202, 0.0132081, 0, -0.768124, -0.011002
0, -0.641238, 0.0132219, 0, -0.768927, -0.0109855
0, -0.640273, 0.0132357, 0, -0.769729, -0.0109689
0, -0.639306, 0.0132495, 0, -0.77053, -0.0109523
0, -0.638339, 0.0132632, 0, -0.771329, -0.0109357
0, -0.637371, 0.0132769, 0, -0.772127, -0.0109191
0, -0.636402, 0.0132906, 0, -0.772924, -0.0109024
0, -0.635432, 0.0133043, 0, -0.77372, -0.0108858
0, -0.63446, 0.013318, 0, -0.774515, -0.0108691
0, -0.633488, 0.0133316, 0, -0.775308, -0.0108524
0, -0.632515, 0.0133452, 0, -0.776101, -0.0108357
0, -0.631541, 0.0133588, 0, -0.776892, -0.010819
0, -0.630566, 0.0133724, 0, -0.777681, -0.0108023
0, -0.629589, 0.0133859, 0, -0.77847, -0.0107855
0, -0.628612, 0.0133995, 0, -0.779257, -0.0107687
0, -0.627634, 0.013413, 0, -0.780044, -0.010752
0, -0.626655, 0.0134265, 0, -0.780828, -0.0107351
0, -0.625675, 0.0134399, 0, -0.781612, -0.0107183
0, -0.624694, 0.0134534, 0, -0.782395, -0.0107015
0, -0.623712, 0.0134668, 0, -0.783176, -0.0106846
0, -0.622728, 0.0134802, 0, -0.783956, -0.0106677
0, -0.621744, 0.0134936, 0, -0.784734, -0.0106509
0, -0.620759, 0.013507, 0, -0.785512, -0.0106339
0, -0.619773, 0.0135203, 0, -0.786288, -0.010617
0, -0.618786, 0.0135336, 0, -0.787063, -0.0106001
0, -0.617798, 0.0135469, 0, -0.787837, -0.0105831
0, -0.616809, 0.0135602, 0, -0.78861, -0.0105661
0, -0.61582, 0.0135735, 0, -0.789381, -0.0105492
0, -0.614829, 0.0135867, 0, -0.790151, -0.0105321
0, -0.613837, 0.0135999, 0, -0.79092, -0.0105151
0, -0.612844, 0.0136131, 0, -0.791688, -0.0104981
0, -0.61185, 0.0136263, 0, -0.792454, -0.010481
0, -0.610856, 0.0136394, 0, -0.793219, -0.0104639
0, -0.60986, 0.0136525, 0, -0.793983, -0.0104469
0, -0.608863, 0.0136656, 0, -0.794745, -0.0104297
0, -0.607866, 0.0136787, 0, -0.795507, -0.0104126
0, -0.606867, 0.0136918, 0, -0.796267, -0.0103955
0, -0.605868, 0.0137048, 0, -0.797026, -0.0103783
0, -0.604867, 0.0137179, 0, -0.797783, -0.0103612
0, -0.603866, 0.0137309, 0, -0.79854, -0.010344
0, -0.602863, 0.0137438, 0, -0.799295, -0.0103268
0, -0.60186, 0.0137568, 0, -0.800049, -0.0103095
0, -0.600856, 0.0137697, 0, -0.800801, -0.0102923
0, -0.599851, 0.0137826, 0, -0.801553, -0.010275
0, -0.598845, 0.0137955, 0, -0.802303, -0.0102578
0, -0.597838, 0.0138084, 0, -0.803052, -0.0102405
0, -0.59683, 0.0138212, 0, -0.803799, -0.0102232
0, -0.595821, 0.0138341, 0, -0.804545, -0.0102059
0, -0.594811, 0.0138469, 0, -0.80529, -0.0101885
0, -0.5938, 0.0138597, 0, -0.806034, -0.0101712
0, -0.592788, 0.0138724, 0, -0.806777, -0.0101538
0, -0.591775, 0.0138852, 0, -0.807518, -0.0101364
0, -0.590762, 0.0138979, 0, -0.808258, -0.010119
0, -0.589747, 0.0139106, 0, -0.808997, -0.0101016
0, -0.588732, 0.0139232, 0, -0.809734, -0.0100842
0, -0.587715, 0.0139359, 0, -0.81047, -0.0100667
0, -0.586698, 0.0139485, 0, -0.811205, -0.0100493
0, -0.58568, 0.0139611, 0, -0.811939, -0.0100318
0, -0.584661, 0.0139737, 0, -0.812671, -0.0100143
0, -0.583641, 0.0139863, 0, -0.813402, -0.00999677
0, -0.58262, 0.0139988, 0, -0.814132, -0.00997924
0, -0.581598, 0.0140114, 0, -0.81486, -0.0099617
0, -0.580575, 0.0140239, 0, -0.815587, -0.00994414
0, -0.579551, 0.0140363, 0, -0.816313, -0.00992657
0, -0.578526, 0.0140488, 0, -0.817038, -0.00990898
0, -0.577501, 0.0140612, 0, -0.817761, -0.00989137
0, -0.576474, 0.0140736, 0, -0.818483, -0.00987375
0, -0.575447, 0.014086, 0, -0.819204, -0.00985611
0, -0.574419, 0.0140984, 0, -0.819924, -0.00983846
0, -0.57339, 0.0141107, 0, -0.820642, -0.00982079
0, -0.572359, 0.0141231, 0, -0.821359, -0.00980311
0, -0.571329, 0.0141354, 0, -0.822074, -0.00978541
0, -0.570297, 0.0141476, 0, -0.822789, -0.0097677
0, -0.569264, 0.0141599, 0, -0.823502, -0.00974997
0, -0.56823, 0.0141721, 0, -0.824214, -0.00973222
0, -0.567196, 0.0141843, 0, -0.824924, -0.00971446
0, -0.56616, 0.0141965, 0, -0.825633, -0.00969668
0, -0.565124, 0.0142087, 0, -0.826341, -0.00967889
0, -0.564087, 0.0142208, 0, -0.827048, -0.00966109
0, -0.563048, 0.014233, 0, -0.827753, -0.00964326
0, -0.562009, 0.0142451, 0, -0.828457, -0.00962543
0, -0.56097, 0.0142571, 0, -0.82916, -0.00960757
0, -0.559929, 0.0142692, 0, -0.829861, -0.00958971
0, -0.558887, 0.0142812, 0, -0.830561, -0.00957182
0, -0.557845, 0.0142932, 0, -0.83126, -0.00955393
0, -0.556801, 0.0143052, 0, -0.831957, -0.00953601
0, -0.555757, 0.0143172, 0, -0.832653, -0.00951808
0, -0.554712, 0.0143291, 0, -0.833348, -0.00950014
0, -0.553666, 0.0143411, 0, -0.834042, -0.00948218
0, -0.552619, 0.014353, 0, -0.834734, -0.00946421
0, -0.551571, 0.0143648, 0, -0.835425, -0.00944622
0, -0.550522, 0.0143767, 0, -0.836114, -0.00942822
0, -0.549473, 0.0143885, 0, -0.836802, -0.0094102
0, -0.548423, 0.0144003, 0, -0.837489, -0.00939217
0, -0.547371, 0.0144121, 0, -0.838175, -0.00937412
0, -0.546319, 0.0144239, 0, -0.838859, -0.00935606
0, -0.545266, 0.0144356, 0, -0.839542, -0.00933798
0, -0.544213, 0.0144473, 0, -0.840224, -0.00931989
0, -0.543158, 0.014459, 0, -0.840904, -0.00930178
0, -0.542102, 0.0144707, 0, -0.841583, -0.00928366
0, -0.541046, 0.0144824, 0, -0.842261, -0.00926553
0, -0.539989, 0.014494, 0, -0.842937, -0.00924737
0, -0.538931, 0.0145056, 0, -0.843613, -0.00922921
0, -0.537872, 0.0145172, 0, -0.844286, -0.00921103
0, -0.536812, 0.0145287, 0, -0.844959, -0.00919283
0, -0.535751, 0.0145403, 0, -0.84563, -0.00917463
0, -0.53469, 0.0145518, 0, -0.8463, -0.0091564
0, -0.533628, 0.0145633, 0, -0.846968, -0.00913816
0, -0.532565, 0.0145747, 0, -0.847635, -0.00911991
0, -0.531501, 0.0145862, 0, -0.848301, -0.00910164
0, -0.530436, 0.0145976, 0, -0.848965, -0.00908336
0, -0.52937, 0.014609, 0, -0.849628, -0.00906507
0, -0.528304, 0.0146204, 0, -0.85029, -0.00904676
0, -0.527237, 0.0146317, 0, -0.85095, -0.00902843
0, -0.526168, 0.0146431, 0, -0.85161, -0.0090101
0, -0.525099, 0.0146544, 0, -0.852267, -0.00899174
0, -0.52403, 0.0146657, 0, -0.852924, -0.00897338
0, -0.522959, 0.0146769, 0, -0.853579, -0.00895499
0, -0.521888, 0.0146882, 0, -0.854232, -0.0089366
0, -0.520815, 0.0146994, 0, -0.854885, -0.00891819
0, -0.519742, 0.0147106, 0, -0.855536, -0.00889977
0, -0.518669, 0.0147217, 0, -0.856186, -0.00888133
0, -0.517594, 0.0147329, 0, -0.856834, -0.00886288
0, -0.516518, 0.014744, 0, -0.857481, -0.00884441
0, -0.515442, 0.0147551, 0, -0.858126, -0.00882593
0, -0.514365, 0.0147662, 0, -0.858771, -0.00880744
0, -0.513287, 0.0147772, 0, -0.859414, -0.00878893
0, -0.512208, 0.0147883, 0, -0.860055, -0.00877041
0, -0.511129, 0.0147993, 0, -0.860696, -0.00875187
0, -0.510048, 0.0148103, 0, -0.861334, -0.00873332
0, -0.508967, 0.0148212, 0, -0.861972, -0.00871476
0, -0.507885, 0.0148322, 0, -0.862608, -0.00869618
0, -0.506802, 0.0148431, 0, -0.863243, -0.00867759
0, -0.505719, 0.014854, 0, -0.863876, -0.00865899
0, -0.504635, 0.0148648, 0, -0.864509, -0.00864037
0, -0.503549, 0.0148757, 0, -0.865139, -0.00862174
0, -0.502464, 0.0148865, 0, -0.865769, -0.00860309
0, -0.501377, 0.0148973, 0, -0.866397, -0.00858443
0, -0.500289, 0.0149081, 0, -0.867023, -0.00856576
0, -0.499201, 0.0149188, 0, -0.867649, -0.00854708
0, -0.498112, 0.0149295, 0, -0.868273, -0.00852838
0, -0.497022, 0.0149402, 0, -0.868895, -0.00850966
0, -0.495931, 0.0149509, 0, -0.869516, -0.00849094
0, -0.49484, 0.0149616, 0, -0.870136, -0.0084722
0, -0.493748, 0.0149722, 0, -0.870755, -0.00845344
0, -0.492655, 0.0149828, 0, -0.871372, -0.00843468
0, -0.491561, 0.0149934, 0, -0.871988, -0.0084159
0, -0.490467, 0.015004, 0, -0.872602, -0.0083971
0, -0.489371, 0.0150145, 0, -0.873215, -0.0083783
0, -0.488275, 0.015025, 0, -0.873826, -0.00835948
0, -0.487178, 0.0150355, 0, -0.874437, -0.00834064
0, -0.486081, 0.015046, 0, -0.875046, -0.0083218
0, -0.484982, 0.0150564, 0, -0.875653, -0.00830294
0, -0.483883, 0.0150669, 0, -0.876259, -0.00828406
0, -0.482783, 0.0150773, 0, -0.876864, -0.00826518
0, -0.481683, 0.0150876, 0, -0.877467, -0.00824628
0, -0.480581, 0.015098, 0, -0.878069, -0.00822737
0, -0.479479, 0.0151083, 0, -0.87867, -0.00820844
0, -0.478376, 0.0151186, 0, -0.879269, -0.00818951
0, -0.477273, 0.0151289, 0, -0.879867, -0.00817055
0, -0.476168, 0.0151392, 0, -0.880463, -0.00815159
0, -0.475063, 0.0151494, 0, -0.881058, -0.00813261
0, -0.473957, 0.0151596, 0, -0.881652, -0.00811362
0, -0.472851, 0.0151698, 0, -0.882244, -0.00809462
0, -0.471743, 0.0151799, 0, -0.882835, -0.00807561
0, -0.470635, 0.0151901, 0, -0.883425, -0.00805658
0, -0.469526, 0.0152002, 0, -0.884013, -0.00803754
0, -0.468417, 0.0152103, 0, -0.8846, -0.00801848
0, -0.467306, 0.0152203, 0, -0.885185, -0.00799942
0, -0.466195, 0.0152304, 0, -0.885769, -0.00798034
0, -0.465083, 0.0152404, 0, -0.886352, -0.00796125
0, -0.463971, 0.0152504, 0, -0.886933, -0.00794214
0, -0.462858, 0.0152604, 0, -0.887513, -0.00792303
0, -0.461744, 0.0152703, 0, -0.888091, -0.0079039
0, -0.460629, 0.0152802, 0, -0.888668, -0.00788476
0, -0.459513, 0.0152901, 0, -0.889243, -0.0078656
0, -0.458397, 0.0153, 0, -0.889818, -0.00784643
0, -0.45728, 0.0153099, 0, -0.89039, -0.00782725
0, -0.456163, 0.0153197, 0, -0.890962, -0.00780806
0, -0.455044, 0.0153295, 0, -0.891532, -0.00778886
0, -0.453925, 0.0153393, 0, -0.8921, -0.00776964
0, -0.452805, 0.015349, 0, -0.892668, -0.00775041
0, -0.451685, 0.0153587, 0, -0.893233, -0.00773117
0, -0.450564, 0.0153685, 0, -0.893798, -0.00771192
0, -0.449442, 0.0153781, 0, -0.894361, -0.00769266
0, -0.448319, 0.0153878, 0, -0.894922, -0.00767338
0, -0.447196, 0.0153974, 0, -0.895482, -0.00765409
0, -0.446072, 0.015407, 0, -0.896041, -0.00763479
0, -0.444947, 0.0154166, 0, -0.896599, -0.00761547
0, -0.443822, 0.0154262, 0, -0.897154, -0.00759615
0, -0.442696, 0.0154357, 0, -0.897709, -0.00757681
0, -0.441569, 0.0154452, 0, -0.898262, -0.00755746
0, -0.440441, 0.0154547, 0, -0.898814, -0.0075381
0, -0.439313, 0.0154642, 0, -0.899364, -0.00751872
0, -0.438184, 0.0154736, 0, -0.899913, -0.00749934
0, -0.437055, 0.015483, 0, -0.90046, -0.00747994
0, -0.435925, 0.0154924, 0, -0.901006, -0.00746053
0, -0.434794, 0.0155018, 0, -0.901551, -0.00744111
0, -0.433662, 0.0155111, 0, -0.902094, -0.00742168
0, -0.43253, 0.0155204, 0, -0.902636, -0.00740223
0, -0.431397, 0.0155297, 0, -0.903176, -0.00738277
0, -0.430263, 0.015539, 0, -0.903715, -0.00736331
0, -0.429129, 0.0155483, 0, -0.904253, -0.00734383
0, -0.427994, 0.0155575, 0, -0.904789, -0.00732433
0, -0.426858, 0.0155667, 0, -0.905324, -0.00730483
0, -0.425722, 0.0155758, 0, -0.905857, -0.00728532
0, -0.424584, 0.015585, 0, -0.906389, -0.00726579
0, -0.423447, 0.0155941, 0, -0.906919, -0.00724625
0, -0.422308, 0.0156032, 0, -0.907448, -0.0072267
0, -0.421169, 0.0156123, 0, -0.907976, -0.00720714
0, -0.42003, 0.0156213, 0, -0.908502, -0.00718757
0, -0.418889, 0.0156304, 0, -0.909026, -0.00716799
0, -0.417748, 0.0156394, 0, -0.90955, -0.00714839
0, -0.416607, 0.0156483, 0, -0.910072, -0.00712879
0, -0.415464, 0.0156573, 0, -0.910592, -0.00710917
0, -0.414321, 0.0156662, 0, -0.911111, -0.00708954
0, -0.413178, 0.0156751, 0, -0.911628, -0.0070699
0, -0.412033, 0.015684, 0, -0.912145, -0.00705025
0, -0.410888, 0.0156928, 0, -0.912659, -0.00703058
0, -0.409743, 0.0157017, 0, -0.913172, -0.00701091
0, -0.408597, 0.0157105, 0, -0.913684, -0.00699123
0, -0.40745, 0.0157192, 0, -0.914195, -0.00697153
0, -0.406302, 0.015728, 0, -0.914704, -0.00695182
0, -0.405154, 0.0157367, 0, -0.915211, -0.00693211
0, -0.404005, 0.0157454, 0, -0.915717, -0.00691238
0, -0.402856, 0.0157541, 0, -0.916222, -0.00689264
0, -0.401706, 0.0157628, 0, -0.916725, -0.00687289
0, -0.400555, 0.0157714, 0, -0.917227, -0.00685312
0, -0.399404, 0.01578, 0, -0.917727, -0.00683335
0, -0.398252, 0.0157886, 0, -0.918226, -0.00681357
0, -0.397099, 0.0157971, 0, -0.918723, -0.00679377
0, -0.395946, 0.0158057, 0, -0.919219, -0.00677397
0, -0.394792, 0.0158142, 0, -0.919713, -0.00675415
0, -0.393638, 0.0158227, 0, -0.920207, -0.00673433
0, -0.392483, 0.0158311, 0, -0.920698, -0.00671449
0, -0.391327, 0.0158395, 0, -0.921188, -0.00669464
0, -0.390171, 0.015848, 0, -0.921677, -0.00667478
0, -0.389014, 0.0158563, 0, -0.922164, -0.00665492
0, -0.387857, 0.0158647, 0, -0.92265, -0.00663504
0, -0.386698, 0.015873, 0, -0.923134, -0.00661515
0, -0.38554, 0.0158813, 0, -0.923617, -0.00659525
0, -0.38438, 0.0158896, 0, -0.924099, -0.00657533
0, -0.38322, 0.0158979, 0, -0.924579, -0.00655541
0, -0.38206, 0.0159061, 0, -0.925057, -0.00653548
0, -0.380899, 0.0159143, 0, -0.925534, -0.00651554
0, -0.379737, 0.0159225, 0, -0.92601, -0.00649559
0, -0.378575, 0.0159306, 0, -0.926484, -0.00647562
0, -0.377412, 0.0159388, 0, -0.926957, -0.00645565
0, -0.376248, 0.0159469, 0, -0.927428, -0.00643567
0, -0.375084, 0.015955, 0, -0.927898, -0.00641567
0, -0.373919, 0.015963, 0, -0.928366, -0.00639567
0, -0.372754, 0.0159711, 0, -0.928833, -0.00637566
0, -0.371588, 0.0159791, 0, -0.929299, -0.00635563
0, -0.370422, 0.015987, 0, -0.929763, -0.0063356
0, -0.369255, 0.015995, 0, -0.930225, -0.00631555
0, -0.368087, 0.0160029, 0, -0.930686, -0.0062955
0, -0.366919, 0.0160108, 0, -0.931146, -0.00627543
0, -0.36575, 0.0160187, 0, -0.931604, -0.00625536
0, -0.364581, 0.0160266, 0, -0.93206, -0.00623528
0, -0.363411, 0.0160344, 0, -0.932516, -0.00621518
0, -0.36224, 0.0160422, 0, -0.932969, -0.00619508
0, -0.361069, 0.01605, 0, -0.933422, -0.00617496
0, -0.359897, 0.0160577, 0, -0.933872, -0.00615484
0, -0.358725, 0.0160655, 0, -0.934322, -0.00613471
0, -0.357552, 0.0160732, 0, -0.93477, -0.00611457
0, -0.356379, 0.0160809, 0, -0.935216, -0.00609441
0, -0.355205, 0.0160885, 0, -0.935661, -0.00607425
0, -0.354031, 0.0160961, 0, -0.936104, -0.00605408
0, -0.352856, 0.0161038, 0, -0.936546, -0.0060339
0, -0.35168, 0.0161113, 0, -0.936987, -0.00601371
0, -0.350504, 0.0161189, 0, -0.937426, -0.0059935
0, -0.349327, 0.0161264, 0, -0.937863, -0.00597329
0, -0.34815, 0.0161339, 0, -0.938299, -0.00595307
0, -0.346972, 0.0161414, 0, -0.938734, -0.00593285
0, -0.345794, 0.0161488, 0, -0.939167, -0.00591261
0, -0.344615, 0.0161563, 0, -0.939598, -0.00589236
0, -0.343436, 0.0161637, 0, -0.940029, -0.0058721
0, -0.342256, 0.016171, 0, -0.940457, -0.00585183
0, -0.341075, 0.0161784, 0, -0.940884, -0.00583156
0, -0.339894, 0.0161857, 0, -0.94131, -0.00581127
0, -0.338713, 0.016193, 0, -0.941734, -0.00579098
0, -0.337531, 0.0162003, 0, -0.942157, -0.00577067
0, -0.336348, 0.0162075, 0, -0.942578, -0.00575036
0, -0.335165, 0.0162148, 0, -0.942998, -0.00573004
0, -0.333981, 0.016222, 0, -0.943416, -0.00570971
0, -0.332797, 0.0162291, 0, -0.943833, -0.00568937
0, -0.331612, 0.0162363, 0, -0.944249, -0.00566902
0, -0.330427, 0.0162434, 0, -0.944662, -0.00564866
0, -0.329241, 0.0162505, 0, -0.945075, -0.00562829
0, -0.328055, 0.0162576, 0, -0.945486, -0.00560792
0, -0.326868, 0.0162646, 0, -0.945895, -0.00558753
0, -0.325681, 0.0162716, 0, -0.946303, -0.00556714
0, -0.324493, 0.0162786, 0, -0.946709, -0.00554674
0, -0.323305, 0.0162856, 0, -0.947114, -0.00552632
0, -0.322116, 0.0162925, 0, -0.947518, -0.0055059
0, -0.320926, 0.0162994, 0, -0.94792, -0.00548547
0, -0.319737, 0.0163063, 0, -0.94832, -0.00546504
0, -0.318546, 0.0163132, 0, -0.948719, -0.00544459
0, -0.317355, 0.01632, 0, -0.949116, -0.00542413
0, -0.316164, 0.0163269, 0, -0.949512, -0.00540367
0, -0.314972, 0.0163336, 0, -0.949907, -0.0053832
0, -0.31378, 0.0163404, 0, -0.9503, -0.00536272
0, -0.312587, 0.0163471, 0, -0.950691, -0.00534223
0, -0.311394, 0.0163539, 0, -0.951081, -0.00532173
0, -0.3102, 0.0163605, 0, -0.95147, -0.00530122
0, -0.309005, 0.0163672, 0, -0.951857, -0.00528071
0, -0.307811, 0.0163738, 0, -0.952242, -0.00526018
0, -0.306615, 0.0163804, 0, -0.952626, -0.00523965
0, -0.30542, 0.016387, 0, -0.953009, -0.00521911
0, -0.304223, 0.0163936, 0, -0.95339, -0.00519856
0, -0.303027, 0.0164001, 0, -0.953769, -0.00517801
0, -0.301829, 0.0164066, 0, -0.954147, -0.00515744
0, -0.300632, 0.0164131, 0, -0.954524, -0.00513687
0, -0.299434, 0.0164196, 0, -0.954899, -0.00511629
0, -0.298235, 0.016426, 0, -0.955272, -0.0050957
0, -0.297036, 0.0164324, 0, -0.955644, -0.0050751
0, -0.295836, 0.0164388, 0, -0.956015, -0.0050545
0, -0.294636, 0.0164451, 0, -0.956384, -0.00503388
0, -0.293436, 0.0164514, 0, -0.956751, -0.00501326
0, -0.292235, 0.0164577, 0, -0.957117, -0.00499263
0, -0.291033, 0.016464, 0, -0.957482, -0.00497199
0, -0.289831, 0.0164703, 0, -0.957845, -0.00495135
0, -0.288629, 0.0164765, 0, -0.958206, -0.00493069
0, -0.287426, 0.0164827, 0, -0.958566, -0.00491003
0, -0.286223, 0.0164888, 0, -0.958924, -0.00488936
0, -0.285019, 0.016495, 0, -0.959281, -0.00486869
0, -0.283815, 0.0165011, 0, -0.959637, -0.004848
0, -0.282611, 0.0165072, 0, -0.959991, -0.00482731
0, -0.281406, 0.0165133, 0, -0.960343, -0.00480661
0, -0.2802, 0.0165193, 0, -0.960694, -0.0047859
0, -0.278994, 0.0165253, 0, -0.961043, -0.00476519
0, -0.277788, 0.0165313, 0, -0.961391, -0.00474447
0, -0.276581, 0.0165373, 0, -0.961737, -0.00472373
0, -0.275374, 0.0165432, 0, -0.962082, -0.004703
0, -0.274166, 0.0165491, 0, -0.962426, -0.00468225
0, -0.272958, 0.016555, 0, -0.962767, -0.0046615
0, -0.27175, 0.0165608, 0, -0.963108, -0.00464074
0, -0.270541, 0.0165667, 0, -0.963446, -0.00461997
0, -0.269331, 0.0165725, 0, -0.963784, -0.0045992
0, -0.268122, 0.0165783, 0, -0.964119, -0.00457841
0, -0.266911, 0.016584, 0, -0.964454, -0.00455762
0, -0.265701, 0.0165897, 0, -0.964786, -0.00453683
0, -0.26449, 0.0165954, 0, -0.965118, -0.00451602
0, -0.263278, 0.0166011, 0, -0.965447, -0.00449521
0, -0.262066, 0.0166068, 0, -0.965775, -0.00447439
0, -0.260854, 0.0166124, 0, -0.966102, -0.00445357
0, -0.259641, 0.016618, 0, -0.966427, -0.00443273
0, -0.258428, 0.0166236, 0, -0.966751, -0.00441189
0, -0.257215, 0.0166291, 0, -0.967073, -0.00439105
0, -0.256001, 0.0166346, 0, -0.967393, -0.00437019
0, -0.254787, 0.0166401, 0, -0.967712, -0.00434933
0, -0.253572, 0.0166456, 0, -0.96803, -0.00432846
0, -0.252357, 0.016651, 0, -0.968346, -0.00430759
0, -0.251141, 0.0166564, 0, -0.96866, -0.00428671
0, -0.249925, 0.0166618, 0, -0.968973, -0.00426582
0, -0.248709, 0.0166672, 0, -0.969285, -0.00424493
0, -0.247492, 0.0166725, 0, -0.969595, -0.00422402
0, -0.246275, 0.0166778, 0, -0.969903, -0.00420311
0, -0.245058, 0.0166831, 0, -0.97021, -0.0041822
0, -0.24384, 0.0166884, 0, -0.970515, -0.00416128
0, -0.242621, 0.0166936, 0, -0.970819, -0.00414035
0, -0.241403, 0.0166988, 0, -0.971121, -0.00411941
0, -0.240184, 0.016704, 0, -0.971422, -0.00409847
0, -0.238964, 0.0167091, 0, -0.971721, -0.00407752
0, -0.237745, 0.0167143, 0, -0.972019, -0.00405657
0, -0.236525, 0.0167194, 0, -0.972315, -0.00403561
0, -0.235304, 0.0167244, 0, -0.972609, -0.00401464
0, -0.234083, 0.0167295, 0, -0.972902, -0.00399366
0, -0.232862, 0.0167345, 0, -0.973194, -0.00397268
0, -0.23164, 0.0167395, 0, -0.973484, -0.0039517
0, -0.230418, 0.0167445, 0, -0.973772, -0.0039307
0, -0.229196, 0.0167494, 0, -0.974059, -0.0039097
0, -0.227973, 0.0167543, 0, -0.974345, -0.0038887
0, -0.22675, 0.0167592, 0, -0.974629, -0.00386769
0, -0.225527, 0.0167641, 0, -0.974911, -0.00384667
0, -0.224303, 0.0167689, 0, -0.975192, -0.00382564
0, -0.223079, 0.0167737, 0, -0.975471, -0.00380461
0, -0.221854, 0.0167785, 0, -0.975749, -0.00378358
0, -0.22063, 0.0167833, 0, -0.976025, -0.00376253
0, -0.219404, 0.016788, 0, -0.9763, -0.00374149
0, -0.218179, 0.0167927, 0, -0.976573, -0.00372043
0, -0.216953, 0.0167974, 0, -0.976844, -0.00369937
0, -0.215727, 0.016802, 0, -0.977114, -0.0036783
0, -0.2145, 0.0168066, 0, -0.977383, -0.00365723
0, -0.213273, 0.0168112, 0, -0.97765, -0.00363615
0, -0.212046, 0.0168158, 0, -0.977915, -0.00361507
0, -0.210819, 0.0168204, 0, -0.978179, -0.00359398
0, -0.209591, 0.0168249, 0, -0.978442, -0.00357288
0, -0.208362, 0.0168294, 0, -0.978702, -0.00355178
0, -0.207134, 0.0168338, 0, -0.978962, -0.00353068
0, -0.205905, 0.0168383, 0, -0.979219, -0.00350956
0, -0.204676, 0.0168427, 0, -0.979476, -0.00348845
0, -0.203446, 0.0168471, 0, -0.97973, -0.00346732
0, -0.202217, 0.0168514, 0, -0.979983, -0.00344619
0, -0.200986, 0.0168558, 0, -0.980235, -0.00342506
0, -0.199756, 0.0168601, 0, -0.980485, -0.00340392
0, -0.198525, 0.0168644, 0, -0.980734, -0.00338277
0, -0.197294, 0.0168686, 0, -0.98098, -0.00336162
0, -0.196063, 0.0168728, 0, -0.981226, -0.00334046
0, -0.194831, 0.016877, 0, -0.98147, -0.0033193
0, -0.193599, 0.0168812, 0, -0.981712, -0.00329813
0, -0.192367, 0.0168854, 0, -0.981953, -0.00327696
0, -0.191134, 0.0168895, 0, -0.982192, -0.00325578
0, -0.189901, 0.0168936, 0, -0.98243, -0.0032346
0, -0.188668, 0.0168976, 0, -0.982666, -0.00321341
0, -0.187434, 0.0169017, 0, -0.9829, -0.00319222
0, -0.1862, 0.0169057, 0, -0.983133, -0.00317102
0, -0.184966, 0.0169097, 0, -0.983365, -0.00314982
0, -0.183732, 0.0169136, 0, -0.983595, -0.00312861
0, -0.182497, 0.0169176, 0, -0.983823, -0.0031074
0, -0.181262, 0.0169215, 0, -0.98405, -0.00308618
0, -0.180027, 0.0169254, 0, -0.984275, -0.00306495
0, -0.178791, 0.0169292, 0, -0.984499, -0.00304373
0, -0.177556, 0.0169331, 0, -0.984721, -0.00302249
0, -0.176319, 0.0169369, 0, -0.984942, -0.00300125
0, -0.175083, 0.0169406, 0, -0.985161, -0.00298001
0, -0.173846, 0.0169444, 0, -0.985379, -0.00295876
0, -0.172609, 0.0169481, 0, -0.985595, -0.00293751
0, -0.171372, 0.0169518, 0, -0.985809, -0.00291625
0, -0.170135, 0.0169555, 0, -0.986022, -0.00289499
0, -0.168897, 0.0169591, 0, -0.986233, -0.00287373
0, -0.167659, 0.0169627, 0, -0.986443, -0.00285246
0, -0.166421, 0.0169663, 0, -0.986651, -0.00283118
0, -0.165182, 0.0169699, 0, -0.986858, -0.0028099
0, -0.163943, 0.0169734, 0, -0.987063, -0.00278861
0, -0.162704, 0.0169769, 0, -0.987267, -0.00276733
0, -0.161465, 0.0169804, 0, -0.987469, -0.00274603
0, -0.160225, 0.0169839, 0, -0.987669, -0.00272473
0, -0.158986, 0.0169873, 0, -0.987868, -0.00270343
0, -0.157745, 0.0169907, 0, -0.988065, -0.00268212
0, -0.156505, 0.0169941, 0, -0.988261, -0.00266081
0, -0.155265, 0.0169974, 0, -0.988455, -0.0026395
0, -0.154024, 0.0170007, 0, -0.988648, -0.00261818
0, -0.152783, 0.017004, 0, -0.988839, -0.00259685
0, -0.151541, 0.0170073, 0, -0.989029, -0.00257553
0, -0.1503, 0.0170105, 0, -0.989217, -0.00255419
0, -0.149058, 0.0170137, 0, -0.989403, -0.00253286
0, -0.147816, 0.0170169, 0, -0.989588, -0.00251152
0, -0.146574, 0.0170201, 0, -0.989771, -0.00249017
0, -0.145331, 0.0170232, 0, -0.989953, -0.00246882
0, -0.144089, 0.0170263, 0, -0.990133, -0.00244747
0, -0.142846, 0.0170294, 0, -0.990312, -0.00242612
0, -0.141603, 0.0170325, 0, -0.990489, -0.00240476
0, -0.140359, 0.0170355, 0, -0.990665, -0.00238339
0, -0.139116, 0.0170385, 0, -0.990839, -0.00236202
0, -0.137872, 0.0170415, 0, -0.991011, -0.00234065
0, -0.136628, 0.0170444, 0, -0.991182, -0.00231928
0, -0.135384, 0.0170473, 0, -0.991351, -0.0022979
0, -0.134139, 0.0170502, 0, -0.991519, -0.00227651
0, -0.132895, 0.0170531, 0, -0.991685, -0.00225513
0, -0.13165, 0.0170559, 0, -0.99185, -0.00223374
0, -0.130405, 0.0170587, 0, -0.992013, -0.00221234
0, -0.129159, 0.0170615, 0, -0.992174, -0.00219095
0, -0.127914, 0.0170643, 0, -0.992334, -0.00216954
0, -0.126668, 0.017067, 0, -0.992493, -0.00214814
0, -0.125422, 0.0170697, 0, -0.99265, -0.00212673
0, -0.124176, 0.0170724, 0, -0.992805, -0.00210532
0, -0.12293, 0.0170751, 0, -0.992959, -0.00208391
0, -0.121683, 0.0170777, 0, -0.993111, -0.00206249
0, -0.120437, 0.0170803, 0, -0.993261, -0.00204107
0, -0.11919, 0.0170829, 0, -0.99341, -0.00201964
0, -0.117943, 0.0170854, 0, -0.993558, -0.00199821
0, -0.116696, 0.0170879, 0, -0.993704, -0.00197678
0, -0.115448, 0.0170904, 0, -0.993848, -0.00195535
0, -0.1142, 0.0170929, 0, -0.993991, -0.00193391
0, -0.112953, 0.0170953, 0, -0.994132, -0.00191247
0, -0.111705, 0.0170977, 0, -0.994271, -0.00189102
0, -0.110457, 0.0171001, 0, -0.994409, -0.00186958
0, -0.109208, 0.0171024, 0, -0.994546, -0.00184813
0, -0.10796, 0.0171048, 0, -0.994681, -0.00182667
0, -0.106711, 0.0171071, 0, -0.994814, -0.00180522
0, -0.105462, 0.0171094, 0, -0.994946, -0.00178376
0, -0.104213, 0.0171116, 0, -0.995076, -0.0017623
0, -0.102964, 0.0171138, 0, -0.995205, -0.00174083
0, -0.101715, 0.017116, 0, -0.995332, -0.00171937
0, -0.100465, 0.0171182, 0, -0.995457, -0.0016979
0, -0.0992158, 0.0171203, 0, -0.995581, -0.00167642
0, -0.0979661, 0.0171224, 0, -0.995704, -0.00165495
0, -0.0967161, 0.0171245, 0, -0.995825, -0.00163347
0, -0.095466, 0.0171266, 0, -0.995944, -0.00161199
0, -0.0942158, 0.0171286, 0, -0.996061, -0.0015905
0, -0.0929654, 0.0171306, 0, -0.996178, -0.00156902
0, -0.0917149, 0.0171326, 0, -0.996292, -0.00154753
0, -0.0904642, 0.0171345, 0, -0.996405, -0.00152604
0, -0.0892134, 0.0171365, 0, -0.996516, -0.00150454
0, -0.0879624, 0.0171384, 0, -0.996626, -0.00148305
0, -0.0867113, 0.0171402, 0, -0.996735, -0.00146155
0, -0.0854601, 0.0171421, 0, -0.996841, -0.00144005
0, -0.0842087, 0.0171439, 0, -0.996946, -0.00141854
0, -0.0829572, 0.0171457, 0, -0.99705, -0.00139704
0, -0.0817056, 0.0171474, 0, -0.997152, -0.00137553
0, -0.0804538, 0.0171492, 0, -0.997252, -0.00135402
0, -0.0792019, 0.0171509, 0, -0.997351, -0.0013325
0, -0.0779499, 0.0171526, 0, -0.997448, -0.00131099
0, -0.0766977, 0.0171542, 0, -0.997544, -0.00128947
0, -0.0754455, 0.0171559, 0, -0.997638, -0.00126795
0, -0.0741931, 0.0171575, 0, -0.997731, -0.00124643
0, -0.0729406, 0.017159, 0, -0.997822, -0.00122491
0, -0.071688, 0.0171606, 0, -0.997911, -0.00120338
0, -0.0704353, 0.0171621, 0, -0.997999, -0.00118186
0, -0.0691825, 0.0171636, 0, -0.998085, -0.00116033
0, -0.0679295, 0.0171651, 0, -0.99817, -0.0011388
0, -0.0666765, 0.0171665, 0, -0.998253, -0.00111726
0, -0.0654233, 0.0171679, 0, -0.998335, -0.00109573
0, -0.06417, 0.0171693, 0, -0.998415, -0.00107419
0, -0.0629167, 0.0171706, 0, -0.998493, -0.00105265
0, -0.0616632, 0.017172, 0, -0.99857, -0.00103111
0, -0.0604097, 0.0171733, 0, -0.998645, -0.00100957
0, -0.059156, 0.0171746, 0, -0.998719, -0.000988028
0, -0.0579023, 0.0171758, 0, -0.998791, -0.000966483
0, -0.0566485, 0.017177, 0, -0.998862, -0.000944936
0, -0.0553945, 0.0171782, 0, -0.998931, -0.000923388
0, -0.0541405, 0.0171794, 0, -0.998998, -0.000901838
0, -0.0528864, 0.0171805, 0, -0.999064, -0.000880286
0, -0.0516322, 0.0171816, 0, -0.999128, -0.000858733
0, -0.050378, 0.0171827, 0, -0.999191, -0.000837179
0, -0.0491236, 0.0171838, 0, -0.999252, -0.000815623
0, -0.0478692, 0.0171848, 0, -0.999311, -0.000794066
0, -0.0466147, 0.0171858, 0, -0.999369, -0.000772508
0, -0.0453602, 0.0171868, 0, -0.999426, -0.000750948
0, -0.0441055, 0.0171878, 0, -0.999481, -0.000729387
0, -0.0428508, 0.0171887, 0, -0.999534, -0.000707825
0, -0.0415961, 0.0171896, 0, -0.999586, -0.000686261
0, -0.0403412, 0.0171904, 0, -0.999636, -0.000664696
0, -0.0390863, 0.0171913, 0, -0.999684, -0.000643131
0, -0.0378314, 0.0171921, 0, -0.999731, -0.000621564
0, -0.0365763, 0.0171929, 0, -0.999777, -0.000599996
0, -0.0353212, 0.0171937, 0, -0.99982, -0.000578427
0, -0.0340661, 0.0171944, 0, -0.999863, -0.000556857
0, -0.0328109, 0.0171951, 0, -0.999903, -0.000535286
0, -0.0315557, 0.0171958, 0, -0.999942, -0.000513714
0, -0.0303004, 0.0171964, 0, -0.99998, -0.000492141
0, -0.029045, 0.0171971, 0, -1.00002, -0.000470568
0, -0.0277897, 0.0171977, 0, -1.00005, -0.000448993
0, -0.0265342, 0.0171982, 0, -1.00008, -0.000427418
0, -0.0252788, 0.0171988, 0, -1.00011, -0.000405842
0, -0.0240232, 0.0171993, 0, -1.00014, -0.000384265
0, -0.0227677, 0.0171998, 0, -1.00017, -0.000362688
0, -0.0215121, 0.0172003, 0, -1.0002, -0.00034111
0, -0.0202565, 0.0172007, 0, -1.00022, -0.000319531
0, -0.0190008, 0.0172011, 0, -1.00025, -0.000297952
0, -0.0177452, 0.0172015, 0, -1.00027, -0.000276372
0, -0.0164895, 0.0172018, 0, -1.00029, -0.000254792
0, -0.0152337, 0.0172022, 0, -1.00031, -0.000233211
0, -0.013978, 0.0172025, 0, -1.00032, -0.00021163
0, -0.0127222, 0.0172027, 0, -1.00034, -0.000190048
0, -0.0114664, 0.017203, 0, -1.00035, -0.000168466
0, -0.0102106, 0.0172032, 0, -1.00037, -0.000146883
0, -0.00895473, 0.0172034, 0, -1.00038, -0.000125301
0, -0.00769888, 0.0172036, 0, -1.00039, -0.000103718
0, -0.00644302, 0.0172037, 0, -1.00039, -8.21344e-05
0, -0.00518715, 0.0172038, 0, -1.0004, -6.05509e-05
0, -0.00393127, 0.0172039, 0, -1.0004, -3.89673e-05
0, -0.00267539, 0.017204, 0, -1.00041, -1.73835e-05
0, -0.0014195, 0.017204, 0, -1.00041, 4.20047e-06
0, -0.000163607, 0.017204, 0, -1.00041, 2.57845e-05
0, 0.00109229, 0.017204, 0, -1.00041, 4.73685e-05
0, 0.00234818, 0.0172039, 0, -1.0004, 6.89526e-05
0, 0.00360406, 0.0172038, 0, -1.0004, 9.05366e-05
0, 0.00485994, 0.0172037, 0, -1.00039, 0.000112121
0, 0.00611582, 0.0172036, 0, -1.00038, 0.000133704
0, 0.00737168, 0.0172035, 0, -1.00037, 0.000155288
0, 0.00862753, 0.0172033, 0, -1.00036, 0.000176872
0, 0.00988337, 0.0172031, 0, -1.00035, 0.000198455
0, 0.0111392, 0.0172028, 0, -1.00033, 0.000220038
0, 0.012395, 0.0172025, 0, -1.00032, 0.000241621
0, 0.0136508, 0.0172022, 0, -1.0003, 0.000263204
0, 0.0149065, 0.0172019, 0, -1.00028, 0.000284786
0, 0.0161623, 0.0172016, 0, -1.00026, 0.000306368
0, 0.017418, 0.0172012, 0, -1.00024, 0.00032795
0, 0.0186737, 0.0172008, 0, -1.00021, 0.000349531
0, 0.0199293, 0.0172004, 0, -1.00019, 0.000371111
0, 0.021185, 0.0171999, 0, -1.00016, 0.000392691
0, 0.0224406, 0.0171994, 0, -1.00013, 0.000414271
0, 0.0236961, 0.0171989, 0, -1.0001, 0.00043585
0, 0.0249516, 0.0171984, 0, -1.00007, 0.000457428
0, 0.0262071, 0.0171978, 0, -1.00004, 0.000479006
0, 0.0274626, 0.0171972, 0, -1, 0.000500583
0, 0.028718, 0.0171966, 0, -0.999965, 0.00052216
0, 0.0299733, 0.017196, 0, -0.999927, 0.000543735
0, 0.0312286, 0.0171953, 0, -0.999888, 0.00056531
0, 0.0324839, 0.0171946, 0, -0.999846, 0.000586884
0, 0.0337391, 0.0171939, 0, -0.999803, 0.000608458
0, 0.0349942, 0.0171931, 0, -0.999759, 0.00063003
0, 0.0362493, 0.0171923, 0, -0.999713, 0.000651601
0, 0.0375044, 0.0171915, 0, -0.999665, 0.000673172
0, 0.0387593, 0.0171907, 0, -0.999616, 0.000694741
0, 0.0400143, 0.0171898, 0, -0.999566, 0.00071631
0, 0.0412691, 0.0171889, 0, -0.999513, 0.000737877
0, 0.0425239, 0.017188, 0, -0.999459, 0.000759444
0, 0.0437786, 0.0171871, 0, -0.999404, 0.000781009
0, 0.0450333, 0.0171861, 0, -0.999347, 0.000802573
0, 0.0462879, 0.0171851, 0, -0.999288, 0.000824136
0, 0.0475424, 0.0171841, 0, -0.999228, 0.000845698
0, 0.0487968, 0.017183, 0, -0.999166, 0.000867258
0, 0.0500512, 0.0171819, 0, -0.999103, 0.000888817
0, 0.0513055, 0.0171808, 0, -0.999038, 0.000910375
0, 0.0525597, 0.0171797, 0, -0.998972, 0.000931932
0, 0.0538138, 0.0171785, 0, -0.998904, 0.000953487
0, 0.0550678, 0.0171773, 0, -0.998834, 0.000975041
0, 0.0563218, 0.0171761, 0, -0.998763, 0.000996593
0, 0.0575756, 0.0171749, 0, -0.99869, 0.00101814
0, 0.0588294, 0.0171736, 0, -0.998616, 0.00103969
0, 0.0600831, 0.0171723, 0, -0.99854, 0.00106124
0, 0.0613366, 0.017171, 0, -0.998463, 0.00108279
0, 0.0625901, 0.0171696, 0, -0.998384, 0.00110433
0, 0.0638435, 0.0171683, 0, -0.998303, 0.00112587
0, 0.0650968, 0.0171669, 0, -0.998221, 0.00114741
0, 0.06635, 0.0171654, 0, -0.998137, 0.00116895
0, 0.067603, 0.017164, 0, -0.998052, 0.00119049
0, 0.068856, 0.0171625, 0, -0.997965, 0.00121203
0, 0.0701089, 0.017161, 0, -0.997876, 0.00123356
0, 0.0713616, 0.0171594, 0, -0.997786, 0.00125509
0, 0.0726143, 0.0171579, 0, -0.997695, 0.00127662
0, 0.0738668, 0.0171563, 0, -0.997601, 0.00129815
0, 0.0751192, 0.0171546, 0, -0.997507, 0.00131968
0, 0.0763715, 0.017153, 0, -0.99741, 0.0013412
0, 0.0776236, 0.0171513, 0, -0.997312, 0.00136273
0, 0.0788757, 0.0171496, 0, -0.997213, 0.00138425
0, 0.0801276, 0.0171479, 0, -0.997112, 0.00140576
0, 0.0813794, 0.0171461, 0, -0.997009, 0.00142728
0, 0.0826311, 0.0171443, 0, -0.996905, 0.00144879
0, 0.0838826, 0.0171425, 0, -0.996799, 0.00147031
0, 0.085134, 0.0171407, 0, -0.996692, 0.00149181
0, 0.0863853, 0.0171388, 0, -0.996583, 0.00151332
0, 0.0876364, 0.0171369, 0, -0.996473, 0.00153483
0, 0.0888874, 0.017135, 0, -0.996361, 0.00155633
0, 0.0901383, 0.0171331, 0, -0.996247, 0.00157783
0, 0.091389, 0.0171311, 0, -0.996132, 0.00159933
0, 0.0926396, 0.0171291, 0, -0.996015, 0.00162082
0, 0.09389, 0.0171271, 0, -0.995897, 0.00164231
0, 0.0951403, 0.017125, 0, -0.995777, 0.00166381
0, 0.0963904, 0.0171229, 0, -0.995655, 0.00168529
0, 0.0976404, 0.0171208, 0, -0.995532, 0.00170678
0, 0.0988902, 0.0171187, 0, -0.995408, 0.00172826
0, 0.10014, 0.0171165, 0, -0.995282, 0.00174974
0, 0.101389, 0.0171144, 0, -0.995154, 0.00177122
0, 0.102639, 0.0171121, 0, -0.995024, 0.00179269
0, 0.103888, 0.0171099, 0, -0.994894, 0.00181416
0, 0.105137, 0.0171076, 0, -0.994761, 0.00183563
0, 0.106386, 0.0171053, 0, -0.994627, 0.0018571
0, 0.107634, 0.017103, 0, -0.994492, 0.00187856
0, 0.108883, 0.0171007, 0, -0.994354, 0.00190002
0, 0.110131, 0.0170983, 0, -0.994216, 0.00192148
0, 0.11138, 0.0170959, 0, -0.994076, 0.00194294
0, 0.112628, 0.0170935, 0, -0.993934, 0.00196439
0, 0.113875, 0.017091, 0, -0.99379, 0.00198584
0, 0.115123, 0.0170885, 0, -0.993645, 0.00200728
0, 0.11637, 0.017086, 0, -0.993499, 0.00202872
0, 0.117618, 0.0170835, 0, -0.993351, 0.00205016
0, 0.118865, 0.0170809, 0, -0.993201, 0.0020716
0, 0.120112, 0.0170783, 0, -0.99305, 0.00209303
0, 0.121358, 0.0170757, 0, -0.992897, 0.00211446
0, 0.122605, 0.017073, 0, -0.992743, 0.00213589
0, 0.123851, 0.0170704, 0, -0.992587, 0.00215731
0, 0.125097, 0.0170677, 0, -0.992429, 0.00217873
0, 0.126343, 0.0170649, 0, -0.99227, 0.00220015
0, 0.127589, 0.0170622, 0, -0.99211, 0.00222156
0, 0.128835, 0.0170594, 0, -0.991947, 0.00224297
0, 0.13008, 0.0170566, 0, -0.991784, 0.00226438
0, 0.131325, 0.0170538, 0, -0.991618, 0.00228578
0, 0.13257, 0.0170509, 0, -0.991452, 0.00230718
0, 0.133815, 0.017048, 0, -0.991283, 0.00232857
0, 0.135059, 0.0170451, 0, -0.991113, 0.00234997
0, 0.136304, 0.0170422, 0, -0.990942, 0.00237135
0, 0.137548, 0.0170392, 0, -0.990768, 0.00239274
0, 0.138791, 0.0170362, 0, -0.990594, 0.00241412
0, 0.140035, 0.0170332, 0, -0.990418, 0.0024355
0, 0.141279, 0.0170301, 0, -0.99024, 0.00245687
0, 0.142522, 0.017027, 0, -0.99006, 0.00247824
0, 0.143765, 0.0170239, 0, -0.989879, 0.00249961
0, 0.145007, 0.0170208, 0, -0.989697, 0.00252097
0, 0.14625, 0.0170176, 0, -0.989513, 0.00254233
0, 0.147492, 0.0170145, 0, -0.989327, 0.00256368
0, 0.148734, 0.0170113, 0, -0.98914, 0.00258503
0, 0.149976, 0.017008, 0, -0.988952, 0.00260638
0, 0.151218, 0.0170048, 0, -0.988761, 0.00262772
0, 0.152459, 0.0170015, 0, -0.988569, 0.00264906
0, 0.1537, 0.0169981, 0, -0.988376, 0.00267039
0, 0.154941, 0.0169948, 0, -0.988181, 0.00269172
0, 0.156182, 0.0169914, 0, -0.987985, 0.00271305
0, 0.157422, 0.016988, 0, -0.987787, 0.00273437
0, 0.158662, 0.0169846, 0, -0.987587, 0.00275569
0, 0.159902, 0.0169812, 0, -0.987386, 0.002777
0, 0.161142, 0.0169777, 0, -0.987183, 0.00279831
0, 0.162381, 0.0169742, 0, -0.986979, 0.00281961
0, 0.16362, 0.0169706, 0, -0.986773, 0.00284092
0, 0.164859, 0.0169671, 0, -0.986566, 0.00286221
0, 0.166098, 0.0169635, 0, -0.986357, 0.0028835
0, 0.167336, 0.0169599, 0, -0.986146, 0.00290479
0, 0.168574, 0.0169562, 0, -0.985934, 0.00292607
0, 0.169812, 0.0169526, 0, -0.985721, 0.00294735
0, 0.171049, 0.0169489, 0, -0.985505, 0.00296862
0, 0.172287, 0.0169452, 0, -0.985289, 0.00298989
0, 0.173524, 0.0169414, 0, -0.98507, 0.00301115
0, 0.17476, 0.0169377, 0, -0.984851, 0.00303241
0, 0.175997, 0.0169339, 0, -0.984629, 0.00305367
0, 0.177233, 0.01693, 0, -0.984406, 0.00307492
0, 0.178469, 0.0169262, 0, -0.984182, 0.00309616
0, 0.179704, 0.0169223, 0, -0.983956, 0.0031174
0, 0.18094, 0.0169184, 0, -0.983728, 0.00313864
0, 0.182175, 0.0169145, 0, -0.983499, 0.00315987
0, 0.18341, 0.0169105, 0, -0.983268, 0.0031811
0, 0.184644, 0.0169065, 0, -0.983036, 0.00320232
0, 0.185878, 0.0169025, 0, -0.982802, 0.00322353
0, 0.187112, 0.0168985, 0, -0.982567, 0.00324474
0, 0.188346, 0.0168944, 0, -0.98233, 0.00326595
0, 0.189579, 0.0168903, 0, -0.982092, 0.00328715
0, 0.190812, 0.0168862, 0, -0.981852, 0.00330834
0, 0.192045, 0.016882, 0, -0.98161, 0.00332953
0, 0.193277, 0.0168779, 0, -0.981367, 0.00335072
0, 0.194509, 0.0168737, 0, -0.981123, 0.0033719
0, 0.195741, 0.0168694, 0, -0.980877, 0.00339307
0, 0.196972, 0.0168652, 0, -0.980629, 0.00341424
0, 0.198204, 0.0168609, 0, -0.98038, 0.00343541
0, 0.199434, 0.0168566, 0, -0.980129, 0.00345657
0, 0.200665, 0.0168523, 0, -0.979877, 0.00347772
0, 0.201895, 0.0168479, 0, -0.979623, 0.00349887
0, 0.203125, 0.0168435, 0, -0.979367, 0.00352001
0, 0.204355, 0.0168391, 0, -0.97911, 0.00354115
0, 0.205584, 0.0168347, 0, -0.978852, 0.00356228
0, 0.206813, 0.0168302, 0, -0.978592, 0.00358341
0, 0.208041, 0.0168257, 0, -0.97833, 0.00360453
0, 0.20927, 0.0168212, 0, -0.978067, 0.00362564
0, 0.210498, 0.0168167, 0, -0.977802, 0.00364675
0, 0.211725, 0.0168121, 0, -0.977536, 0.00366785
0, 0.212953, 0.0168075, 0, -0.977268, 0.00368895
0, 0.214179, 0.0168029, 0, -0.976999, 0.00371004
0, 0.215406, 0.0167982, 0, -0.976728, 0.00373113
0, 0.216632, 0.0167935, 0, -0.976456, 0.00375221
0, 0.217858, 0.0167888, 0, -0.976182, 0.00377329
0, 0.219084, 0.0167841, 0, -0.975907, 0.00379435
0, 0.220309, 0.0167793, 0, -0.97563, 0.00381542
0, 0.221534, 0.0167746, 0, -0.975351, 0.00383647
0, 0.222759, 0.0167698, 0, -0.975071, 0.00385752
0, 0.223983, 0.0167649, 0, -0.974789, 0.00387857
0, 0.225207, 0.0167601, 0, -0.974506, 0.00389961
0, 0.22643, 0.0167552, 0, -0.974222, 0.00392064
0, 0.227653, 0.0167503, 0, -0.973935, 0.00394167
0, 0.228876, 0.0167453, 0, -0.973648, 0.00396269
0, 0.230098, 0.0167403, 0, -0.973358, 0.0039837
0, 0.23132, 0.0167354, 0, -0.973067, 0.00400471
0, 0.232542, 0.0167303, 0, -0.972775, 0.00402571
0, 0.233763, 0.0167253, 0, -0.972481, 0.00404671
0, 0.234984, 0.0167202, 0, -0.972186, 0.0040677
0, 0.236205, 0.0167151, 0, -0.971889, 0.00408868
0, 0.237425, 0.01671, 0, -0.97159, 0.00410966
0, 0.238645, 0.0167048, 0, -0.97129, 0.00413063
0, 0.239864, 0.0166997, 0, -0.970989, 0.00415159
0, 0.241083, 0.0166945, 0, -0.970686, 0.00417255
0, 0.242302, 0.0166892, 0, -0.970381, 0.0041935
0, 0.243521, 0.016684, 0, -0.970075, 0.00421444
0, 0.244738, 0.0166787, 0, -0.969767, 0.00423538
0, 0.245956, 0.0166734, 0, -0.969458, 0.00425631
0, 0.247173, 0.016668, 0, -0.969148, 0.00427724
0, 0.24839, 0.0166627, 0, -0.968835, 0.00429815
0, 0.249606, 0.0166573, 0, -0.968522, 0.00431907
0, 0.250822, 0.0166519, 0, -0.968206, 0.00433997
0, 0.252038, 0.0166464, 0, -0.967889, 0.00436087
0, 0.253253, 0.016641, 0, -0.967571, 0.00438176
0, 0.254468, 0.0166355, 0, -0.967251, 0.00440264
0, 0.255682, 0.0166299, 0, -0.96693, 0.00442352
0, 0.256896, 0.0166244, 0, -0.966607, 0.00444439
0, 0.25811, 0.0166188, 0, -0.966282, 0.00446525
0, 0.259323, 0.0166132, 0, -0.965957, 0.00448611
0, 0.260536, 0.0166076, 0, -0.965629, 0.00450696
0, 0.261748, 0.0166019, 0, -0.9653, 0.0045278
0, 0.26296, 0.0165963, 0, -0.964969, 0.00454863
0, 0.264172, 0.0165906, 0, -0.964637, 0.00456946
0, 0.265383, 0.0165848, 0, -0.964304, 0.00459028
0, 0.266593, 0.0165791, 0, -0.963969, 0.0046111
0, 0.267804, 0.0165733, 0, -0.963632, 0.0046319
0, 0.269013, 0.0165675, 0, -0.963294, 0.0046527
0, 0.270223, 0.0165617, 0, -0.962954, 0.00467349
0, 0.271432, 0.0165558, 0, -0.962613, 0.00469428
0, 0.27264, 0.0165499, 0, -0.962271, 0.00471506
0, 0.273849, 0.016544, 0, -0.961926, 0.00473583
0, 0.275056, 0.0165381, 0, -0.961581, 0.00475659
0, 0.276264, 0.0165321, 0, -0.961233, 0.00477734
0, 0.27747, 0.0165261, 0, -0.960885, 0.00479809
0, 0.278677, 0.0165201, 0, -0.960534, 0.00481883
0, 0.279883, 0.016514, 0, -0.960183, 0.00483956
0, 0.281088, 0.016508, 0, -0.959829, 0.00486029
0, 0.282293, 0.0165019, 0, -0.959475, 0.00488101
0, 0.283498, 0.0164957, 0, -0.959118, 0.00490172
0, 0.284702, 0.0164896, 0, -0.95876, 0.00492242
0, 0.285906, 0.0164834, 0, -0.958401, 0.00494311
0, 0.287109, 0.0164772, 0, -0.95804, 0.0049638
0, 0.288312, 0.016471, 0, -0.957678, 0.00498448
0, 0.289514, 0.0164648, 0, -0.957314, 0.00500515
0, 0.290716, 0.0164585, 0, -0.956949, 0.00502581
0, 0.291918, 0.0164522, 0, -0.956582, 0.00504647
0, 0.293119, 0.0164458, 0, -0.956213, 0.00506712
0, 0.294319, 0.0164395, 0, -0.955843, 0.00508776
0, 0.29552, 0.0164331, 0, -0.955472, 0.00510839
0, 0.296719, 0.0164267, 0, -0.955099, 0.00512901
0, 0.297918, 0.0164203, 0, -0.954725, 0.00514963
0, 0.299117, 0.0164138, 0, -0.954349, 0.00517024
0, 0.300315, 0.0164073, 0, -0.953971, 0.00519083
0, 0.301513, 0.0164008, 0, -0.953592, 0.00521143
0, 0.30271, 0.0163943, 0, -0.953212, 0.00523201
0, 0.303907, 0.0163877, 0, -0.95283, 0.00525258
0, 0.305103, 0.0163811, 0, -0.952447, 0.00527315
0, 0.306299, 0.0163745, 0, -0.952062, 0.00529371
0, 0.307494, 0.0163679, 0, -0.951675, 0.00531426
0, 0.308689, 0.0163612, 0, -0.951287, 0.0053348
0, 0.309884, 0.0163545, 0, -0.950898, 0.00535534
0, 0.311078, 0.0163478, 0, -0.950507, 0.00537586
0, 0.312271, 0.016341, 0, -0.950114, 0.00539638
0, 0.313464, 0.0163343, 0, -0.949721, 0.00541689
0, 0.314656, 0.0163275, 0, -0.949325, 0.00543739
0, 0.315848, 0.0163207, 0, -0.948928, 0.00545788
0, 0.31704, 0.0163138, 0, -0.94853, 0.00547836
0, 0.31823, 0.0163069, 0, -0.94813, 0.00549884
0, 0.319421, 0.0163, 0, -0.947728, 0.0055193
0, 0.320611, 0.0162931, 0, -0.947326, 0.00553976
0, 0.3218, 0.0162862, 0, -0.946921, 0.00556021
0, 0.322989, 0.0162792, 0, -0.946515, 0.00558065
0, 0.324177, 0.0162722, 0, -0.946108, 0.00560108
0, 0.325365, 0.0162652, 0, -0.945699, 0.0056215
0, 0.326553, 0.0162581, 0, -0.945289, 0.00564191
0, 0.327739, 0.016251, 0, -0.944877, 0.00566232
0, 0.328926, 0.0162439, 0, -0.944463, 0.00568271
0, 0.330112, 0.0162368, 0, -0.944049, 0.0057031
0, 0.331297, 0.0162297, 0, -0.943632, 0.00572348
0, 0.332482, 0.0162225, 0, -0.943214, 0.00574385
0, 0.333666, 0.0162153, 0, -0.942795, 0.00576421
0, 0.33485, 0.016208, 0, -0.942374, 0.00578456
0, 0.336033, 0.0162008, 0, -0.941952, 0.0058049
0, 0.337215, 0.0161935, 0, -0.941528, 0.00582523
0, 0.338398, 0.0161862, 0, -0.941103, 0.00584556
0, 0.339579, 0.0161789, 0, -0.940676, 0.00586587
0, 0.34076, 0.0161715, 0, -0.940248, 0.00588618
0, 0.341941, 0.0161641, 0, -0.939818, 0.00590647
0, 0.343121, 0.0161567, 0, -0.939387, 0.00592676
0, 0.3443, 0.0161493, 0, -0.938955, 0.00594704
0, 0.345479, 0.0161418, 0, -0.93852, 0.0059673
0, 0.346657, 0.0161343, 0, -0.938085, 0.00598756
0, 0.347835, 0.0161268, 0, -0.937648, 0.00600781
0, 0.349012, 0.0161193, 0, -0.937209, 0.00602805
0, 0.350189, 0.0161117, 0, -0.936769, 0.00604828
0, 0.351365, 0.0161041, 0, -0.936328, 0.0060685
0, 0.352541, 0.0160965, 0, -0.935885, 0.00608872
0, 0.353716, 0.0160889, 0, -0.93544, 0.00610892
0, 0.35489, 0.0160812, 0, -0.934994, 0.00612911
0, 0.356064, 0.0160735, 0, -0.934547, 0.00614929
0, 0.357238, 0.0160658, 0, -0.934098, 0.00616947
0, 0.358411, 0.0160581, 0, -0.933647, 0.00618963
0, 0.359583, 0.0160503, 0, -0.933196, 0.00620978
0, 0.360755, 0.0160425, 0, -0.932742, 0.00622993
0, 0.361926, 0.0160347, 0, -0.932288, 0.00625006
0, 0.363096, 0.0160268, 0, -0.931831, 0.00627019
0, 0.364266, 0.016019, 0, -0.931374, 0.0062903
0, 0.365435, 0.0160111, 0, -0.930914, 0.00631041
0, 0.366604, 0.0160032, 0, -0.930454, 0.0063305
0, 0.367773, 0.0159952, 0, -0.929992, 0.00635059
0, 0.36894, 0.0159873, 0, -0.929528, 0.00637066
0, 0.370107, 0.0159793, 0, -0.929063, 0.00639073
0, 0.371274, 0.0159712, 0, -0.928596, 0.00641078
0, 0.37244, 0.0159632, 0, -0.928128, 0.00643083
0, 0.373605, 0.0159551, 0, -0.927659, 0.00645086
0, 0.37477, 0.015947, 0, -0.927188, 0.00647089
0, 0.375934, 0.0159389, 0, -0.926716, 0.0064909
0, 0.377097, 0.0159308, 0, -0.926242, 0.00651091
0, 0.37826, 0.0159226, 0, -0.925767, 0.0065309
0, 0.379423, 0.0159144, 0, -0.92529, 0.00655088
0, 0.380584, 0.0159062, 0, -0.924812, 0.00657086
0, 0.381746, 0.015898, 0, -0.924332, 0.00659082
0, 0.382906, 0.0158897, 0, -0.923851, 0.00661077
0, 0.384066, 0.0158814, 0, -0.923368, 0.00663072
0, 0.385225, 0.0158731, 0, -0.922884, 0.00665065
0, 0.386384, 0.0158647, 0, -0.922399, 0.00667057
0, 0.387542, 0.0158564, 0, -0.921912, 0.00669048
0, 0.3887, 0.015848, 0, -0.921423, 0.00671038
0, 0.389857, 0.0158395, 0, -0.920933, 0.00673027
0, 0.391013, 0.0158311, 0, -0.920442, 0.00675015
0, 0.392169, 0.0158226, 0, -0.919949, 0.00677002
0, 0.393324, 0.0158141, 0, -0.919455, 0.00678988
0, 0.394478, 0.0158056, 0, -0.918959, 0.00680973
0, 0.395632, 0.0157971, 0, -0.918462, 0.00682957
0, 0.396785, 0.0157885, 0, -0.917964, 0.00684939
0, 0.397938, 0.0157799, 0, -0.917464, 0.00686921
0, 0.39909, 0.0157713, 0, -0.916962, 0.00688902
0, 0.400241, 0.0157626, 0, -0.916459, 0.00690881
0, 0.401392, 0.015754, 0, -0.915955, 0.00692859
0, 0.402542, 0.0157453, 0, -0.915449, 0.00694837
0, 0.403691, 0.0157365, 0, -0.914942, 0.00696813
0, 0.40484, 0.0157278, 0, -0.914433, 0.00698788
0, 0.405988, 0.015719, 0, -0.913923, 0.00700762
0, 0.407135, 0.0157102, 0, -0.913412, 0.00702735
0, 0.408282, 0.0157014, 0, -0.912899, 0.00704706
0, 0.409428, 0.0156926, 0, -0.912384, 0.00706677
0, 0.410574, 0.0156837, 0, -0.911868, 0.00708647
0, 0.411719, 0.0156748, 0, -0.911351, 0.00710615
0, 0.412863, 0.0156659, 0, -0.910832, 0.00712582
0, 0.414007, 0.015657, 0, -0.910312, 0.00714549
0, 0.41515, 0.015648, 0, -0.909791, 0.00716514
0, 0.416292, 0.015639, 0, -0.909268, 0.00718478
0, 0.417434, 0.01563, 0, -0.908743, 0.00720441
0, 0.418575, 0.0156209, 0, -0.908217, 0.00722402
0, 0.419715, 0.0156119, 0, -0.90769, 0.00724363
0, 0.420855, 0.0156028, 0, -0.907161, 0.00726322
0, 0.421994, 0.0155937, 0, -0.906631, 0.00728281
0, 0.423132, 0.0155845, 0, -0.906099, 0.00730238
0, 0.42427, 0.0155754, 0, -0.905566, 0.00732194
0, 0.425407, 0.0155662, 0, -0.905032, 0.00734149
0, 0.426543, 0.015557, 0, -0.904496, 0.00736102
0, 0.427679, 0.0155477, 0, -0.903958, 0.00738055
0, 0.428814, 0.0155385, 0, -0.903419, 0.00740006
0, 0.429948, 0.0155292, 0, -0.902879, 0.00741956
0, 0.431082, 0.0155199, 0, -0.902338, 0.00743905
0, 0.432215, 0.0155105, 0, -0.901795, 0.00745853
0, 0.433347, 0.0155012, 0, -0.90125, 0.007478
0, 0.434478, 0.0154918, 0, -0.900704, 0.00749746
0, 0.435609, 0.0154824, 0, -0.900157, 0.0075169
0, 0.43674, 0.0154729, 0, -0.899608, 0.00753633
0, 0.437869, 0.0154635, 0, -0.899058, 0.00755575
0, 0.438998, 0.015454, 0, -0.898506, 0.00757516
0, 0.440126, 0.0154445, 0, -0.897953, 0.00759456
0, 0.441253, 0.015435, 0, -0.897399, 0.00761394
0, 0.44238, 0.0154254, 0, -0.896843, 0.00763331
0, 0.443506, 0.0154158, 0, -0.896286, 0.00765267
0, 0.444632, 0.0154062, 0, -0.895727, 0.00767202
0, 0.445756, 0.0153966, 0, -0.895167, 0.00769136
0, 0.44688, 0.0153869, 0, -0.894606, 0.00771068
0, 0.448003, 0.0153773, 0, -0.894043, 0.00773
0, 0.449126, 0.0153676, 0, -0.893479, 0.0077493
0, 0.450248, 0.0153578, 0, -0.892913, 0.00776858
0, 0.451369, 0.0153481, 0, -0.892346, 0.00778786
0, 0.452489, 0.0153383, 0, -0.891777, 0.00780712
0, 0.453609, 0.0153285, 0, -0.891207, 0.00782637
0, 0.454728, 0.0153187, 0, -0.890636, 0.00784561
0, 0.455846, 0.0153088, 0, -0.890063, 0.00786484
0, 0.456964, 0.015299, 0, -0.889489, 0.00788405
0, 0.458081, 0.0152891, 0, -0.888914, 0.00790325
0, 0.459197, 0.0152792, 0, -0.888337, 0.00792244
0, 0.460312, 0.0152692, 0, -0.887758, 0.00794162
0, 0.461427, 0.0152592, 0, -0.887179, 0.00796079
0, 0.462541, 0.0152493, 0, -0.886598, 0.00797994
0, 0.463654, 0.0152392, 0, -0.886015, 0.00799908
0, 0.464766, 0.0152292, 0, -0.885431, 0.0080182
0, 0.465878, 0.0152191, 0, -0.884846, 0.00803732
0, 0.466989, 0.015209, 0, -0.884259, 0.00805642
0, 0.468099, 0.0151989, 0, -0.883671, 0.00807551
0, 0.469209, 0.0151888, 0, -0.883081, 0.00809458
0, 0.470318, 0.0151786, 0, -0.882491, 0.00811365
0, 0.471426, 0.0151685, 0, -0.881898, 0.0081327
0, 0.472533, 0.0151583, 0, -0.881305, 0.00815174
0, 0.47364, 0.015148, 0, -0.880709, 0.00817076
0, 0.474745, 0.0151378, 0, -0.880113, 0.00818977
0, 0.47585, 0.0151275, 0, -0.879515, 0.00820877
0, 0.476955, 0.0151172, 0, -0.878916, 0.00822776
0, 0.478058, 0.0151069, 0, -0.878315, 0.00824673
0, 0.479161, 0.0150965, 0, -0.877713, 0.00826569
0, 0.480263, 0.0150861, 0, -0.87711, 0.00828464
0, 0.481364, 0.0150757, 0, -0.876505, 0.00830358
0, 0.482465, 0.0150653, 0, -0.875899, 0.0083225
0, 0.483565, 0.0150549, 0, -0.875291, 0.00834141
0, 0.484664, 0.0150444, 0, -0.874682, 0.0083603
0, 0.485762, 0.0150339, 0, -0.874072, 0.00837919
0, 0.486859, 0.0150234, 0, -0.87346, 0.00839805
0, 0.487956, 0.0150128, 0, -0.872847, 0.00841691
0, 0.489052, 0.0150023, 0, -0.872233, 0.00843575
0, 0.490147, 0.0149917, 0, -0.871617, 0.00845458
0, 0.491242, 0.0149811, 0, -0.871, 0.0084734
0, 0.492335, 0.0149704, 0, -0.870381, 0.0084922
0, 0.493428, 0.0149598, 0, -0.869761, 0.00851099
0, 0.49452, 0.0149491, 0, -0.86914, 0.00852977
0, 0.495611, 0.0149384, 0, -0.868518, 0.00854853
0, 0.496702, 0.0149277, 0, -0.867893, 0.00856728
0, 0.497792, 0.0149169, 0, -0.867268, 0.00858601
0, 0.498881, 0.0149061, 0, -0.866641, 0.00860474
0, 0.499969, 0.0148953, 0, -0.866013, 0.00862345
0, 0.501056, 0.0148845, 0, -0.865384, 0.00864214
0, 0.502143, 0.0148737, 0, -0.864753, 0.00866082
0, 0.503229, 0.0148628, 0, -0.864121, 0.00867949
0, 0.504313, 0.0148519, 0, -0.863487, 0.00869814
0, 0.505398, 0.014841, 0, -0.862852, 0.00871679
0, 0.506481, 0.01483, 0, -0.862216, 0.00873541
0, 0.507564, 0.0148191, 0, -0.861578, 0.00875403
0, 0.508645, 0.0148081, 0, -0.860939, 0.00877262
0, 0.509726, 0.0147971, 0, -0.860298, 0.00879121
0, 0.510807, 0.014786, 0, -0.859657, 0.00880978
0, 0.511886, 0.014775, 0, -0.859014, 0.00882834
0, 0.512965, 0.0147639, 0, -0.858369, 0.00884688
0, 0.514042, 0.0147528, 0, -0.857723, 0.00886541
0, 0.515119, 0.0147416, 0, -0.857076, 0.00888393
0, 0.516195, 0.0147305, 0, -0.856428, 0.00890243
0, 0.517271, 0.0147193, 0, -0.855778, 0.00892092
0, 0.518345, 0.0147081, 0, -0.855127, 0.0089394
0, 0.519419, 0.0146969, 0, -0.854474, 0.00895786
0, 0.520492, 0.0146857, 0, -0.85382, 0.0089763
0, 0.521564, 0.0146744, 0, -0.853165, 0.00899473
0, 0.522635, 0.0146631, 0, -0.852508, 0.00901315
0, 0.523706, 0.0146518, 0, -0.85185, 0.00903156
0, 0.524775, 0.0146404, 0, -0.851191, 0.00904994
0, 0.525844, 0.0146291, 0, -0.85053, 0.00906832
0, 0.526912, 0.0146177, 0, -0.849868, 0.00908668
0, 0.527979, 0.0146063, 0, -0.849205, 0.00910503
0, 0.529045, 0.0145949, 0, -0.84854, 0.00912336
0, 0.530111, 0.0145834, 0, -0.847874, 0.00914168
0, 0.531175, 0.0145719, 0, -0.847207, 0.00915998
0, 0.532239, 0.0145604, 0, -0.846538, 0.00917827
0, 0.533302, 0.0145489, 0, -0.845868, 0.00919654
0, 0.534364, 0.0145374, 0, -0.845197, 0.00921481
0, 0.535425, 0.0145258, 0, -0.844524, 0.00923305
0, 0.536485, 0.0145142, 0, -0.84385, 0.00925128
0, 0.537545, 0.0145026, 0, -0.843175, 0.0092695
0, 0.538604, 0.014491, 0, -0.842498, 0.0092877
0, 0.539662, 0.0144793, 0, -0.84182, 0.00930589
0, 0.540719, 0.0144676, 0, -0.841141, 0.00932406
0, 0.541775, 0.0144559, 0, -0.84046, 0.00934222
0, 0.54283, 0.0144442, 0, -0.839778, 0.00936036
0, 0.543884, 0.0144324, 0, -0.839095, 0.00937849
0, 0.544938, 0.0144207, 0, -0.83841, 0.00939661
0, 0.545991, 0.0144089, 0, -0.837724, 0.00941471
0, 0.547043, 0.014397, 0, -0.837037, 0.00943279
0, 0.548093, 0.0143852, 0, -0.836348, 0.00945086
0, 0.549144, 0.0143733, 0, -0.835658, 0.00946891
0, 0.550193, 0.0143615, 0, -0.834967, 0.00948695
0, 0.551241, 0.0143495, 0, -0.834275, 0.00950498
0, 0.552289, 0.0143376, 0, -0.833581, 0.00952299
0, 0.553335, 0.0143257, 0, -0.832886, 0.00954098
0, 0.554381, 0.0143137, 0, -0.832189, 0.00955896
0, 0.555426, 0.0143017, 0, -0.831491, 0.00957693
0, 0.55647, 0.0142897, 0, -0.830792, 0.00959488
0, 0.557513, 0.0142776, 0, -0.830092, 0.00961281
0, 0.558556, 0.0142655, 0, -0.82939, 0.00963073
0, 0.559597, 0.0142535, 0, -0.828687, 0.00964864
0, 0.560637, 0.0142413, 0, -0.827983, 0.00966653
0, 0.561677, 0.0142292, 0, -0.827277, 0.0096844
0, 0.562716, 0.014217, 0, -0.82657, 0.00970226
0, 0.563754, 0.0142049, 0, -0.825862, 0.0097201
0, 0.564791, 0.0141927, 0, -0.825152, 0.00973793
0, 0.565827, 0.0141804, 0, -0.824441, 0.00975574
0, 0.566862, 0.0141682, 0, -0.823729, 0.00977354
0, 0.567896, 0.0141559, 0, -0.823016, 0.00979132
0, 0.568929, 0.0141436, 0, -0.822301, 0.00980909
0, 0.569962, 0.0141313, 0, -0.821585, 0.00982684
0, 0.570994, 0.014119, 0, -0.820868, 0.00984458
0, 0.572024, 0.0141066, 0, -0.820149, 0.0098623
0, 0.573054, 0.0140942, 0, -0.819429, 0.00988
0, 0.574083, 0.0140818, 0, -0.818708, 0.00989769
0, 0.575111, 0.0140694, 0, -0.817985, 0.00991537
0, 0.576138, 0.014057, 0, -0.817261, 0.00993302
0, 0.577164, 0.0140445, 0, -0.816536, 0.00995067
0, 0.578189, 0.014032, 0, -0.81581, 0.00996829
0, 0.579214, 0.0140195, 0, -0.815082, 0.0099859
0, 0.580237, 0.0140069, 0, -0.814353, 0.0100035
0, 0.58126, 0.0139944, 0, -0.813623, 0.0100211
0, 0.582281, 0.0139818, 0, -0.812891, 0.0100386
0, 0.583302, 0.0139692, 0, -0.812159, 0.0100562
0, 0.584322, 0.0139566, 0, -0.811424, 0.0100737
0, 0.58534, 0.0139439, 0, -0.810689, 0.0100912
0, 0.586358, 0.0139313, 0, -0.809952, 0.0101087
0, 0.587375, 0.0139186, 0, -0.809215, 0.0101262
0, 0.588391, 0.0139059, 0, -0.808475, 0.0101437
0, 0.589407, 0.0138931, 0, -0.807735, 0.0101611
0, 0.590421, 0.0138804, 0, -0.806993, 0.0101786
0, 0.591434, 0.0138676, 0, -0.80625, 0.010196
0, 0.592446, 0.0138548, 0, -0.805506, 0.0102134
0, 0.593458, 0.013842, 0, -0.80476, 0.0102308
0, 0.594468, 0.0138291, 0, -0.804013, 0.0102482
0, 0.595478, 0.0138162, 0, -0.803265, 0.0102655
0, 0.596486, 0.0138034, 0, -0.802516, 0.0102829
0, 0.597494, 0.0137904, 0, -0.801765, 0.0103002
0, 0.598501, 0.0137775, 0, -0.801013, 0.0103175
0, 0.599506, 0.0137646, 0, -0.80026, 0.0103348
0, 0.600511, 0.0137516, 0, -0.799506, 0.0103521
0, 0.601515, 0.0137386, 0, -0.79875, 0.0103693
0, 0.602518, 0.0137256, 0, -0.797993, 0.0103866
0, 0.60352, 0.0137125, 0, -0.797235, 0.0104038
0, 0.604521, 0.0136995, 0, -0.796475, 0.010421
0, 0.605521, 0.0136864, 0, -0.795714, 0.0104382
0, 0.60652, 0.0136733, 0, -0.794953, 0.0104554
0, 0.607518, 0.0136602, 0, -0.794189, 0.0104725
0, 0.608515, 0.013647, 0, -0.793425, 0.0104897
0, 0.609512, 0.0136338, 0, -0.792659, 0.0105068
0, 0.610507, 0.0136206, 0, -0.791892, 0.0105239
0, 0.611501, 0.0136074, 0, -0.791124, 0.010541
0, 0.612495, 0.0135942, 0, -0.790354, 0.0105581
0, 0.613487, 0.0135809, 0, -0.789584, 0.0105751
0, 0.614478, 0.0135677, 0, -0.788812, 0.0105922
0, 0.615469, 0.0135544, 0, -0.788038, 0.0106092
0, 0.616458, 0.013541, 0, -0.787264, 0.0106262
0, 0.617447, 0.0135277, 0, -0.786488, 0.0106432
0, 0.618434, 0.0135143, 0, -0.785711, 0.0106602
0, 0.619421, 0.013501, 0, -0.784933, 0.0106772
0, 0.620406, 0.0134875, 0, -0.784154, 0.0106941
0, 0.621391, 0.0134741, 0, -0.783373, 0.010711
0, 0.622375, 0.0134607, 0, -0.782591, 0.0107279
0, 0.623357, 0.0134472, 0, -0.781808, 0.0107448
0, 0.624339, 0.0134337, 0, -0.781023, 0.0107617
0, 0.62532, 0.0134202, 0, -0.780238, 0.0107786
0, 0.626299, 0.0134067, 0, -0.779451, 0.0107954
0, 0.627278, 0.0133931, 0, -0.778663, 0.0108122
0, 0.628256, 0.0133795, 0, -0.777874, 0.0108291
0, 0.629232, 0.0133659, 0, -0.777083, 0.0108458
0, 0.630208, 0.0133523, 0, -0.776291, 0.0108626
0, 0.631183, 0.0133387, 0, -0.775498, 0.0108794
0, 0.632156, 0.013325, 0, -0.774704, 0.0108961
0, 0.633129, 0.0133113, 0, -0.773909, 0.0109128
0, 0.634101, 0.0132976, 0, -0.773112, 0.0109295
0, 0.635072, 0.0132839, 0, -0.772314, 0.0109462
0, 0.636041, 0.0132702, 0, -0.771515, 0.0109629
0, 0.63701, 0.0132564, 0, -0.770715, 0.0109796
0, 0.637978, 0.0132426, 0, -0.769913, 0.0109962
0, 0.638945, 0.0132288, 0, -0.769111, 0.0110128
0, 0.63991, 0.013215, 0, -0.768307, 0.0110294
0, 0.640875, 0.0132011, 0, -0.767502, 0.011046
0, 0.641839, 0.0131873, 0, -0.766695, 0.0110626
0, 0.642801, 0.0131734, 0, -0.765888, 0.0110791
0, 0.643763, 0.0131595, 0, -0.765079, 0.0110956
0, 0.644724, 0.0131455, 0, -0.764269, 0.0111122
0, 0.645683, 0.0131316, 0, -0.763458, 0.0111287
0, 0.646642, 0.0131176, 0, -0.762645, 0.0111451
0, 0.647599, 0.0131036, 0, -0.761832, 0.0111616
0, 0.648556, 0.0130896, 0, -0.761017, 0.011178
0, 0.649512, 0.0130756, 0, -0.760201, 0.0111945
0, 0.650466, 0.0130615, 0, -0.759384, 0.0112109
0, 0.65142, 0.0130474, 0, -0.758565, 0.0112273
0, 0.652372, 0.0130333, 0, -0.757746, 0.0112437
0, 0.653323, 0.0130192, 0, -0.756925, 0.01126
0, 0.654274, 0.0130051, 0, -0.756103, 0.0112763
0, 0.655223, 0.0129909, 0, -0.75528, 0.0112927
0, 0.656172, 0.0129767, 0, -0.754456, 0.011309
0, 0.657119, 0.0129625, 0, -0.75363, 0.0113253
0, 0.658065, 0.0129483, 0, -0.752803, 0.0113415
0, 0.65901, 0.0129341, 0, -0.751975, 0.0113578
0, 0.659955, 0.0129198, 0, -0.751146, 0.011374
0, 0.660898, 0.0129055, 0, -0.750316, 0.0113902
0, 0.66184, 0.0128912, 0, -0.749484, 0.0114064
0, 0.662781, 0.0128769, 0, -0.748652, 0.0114226
0, 0.663721, 0.0128626, 0, -0.747818, 0.0114388
0, 0.66466, 0.0128482, 0, -0.746983, 0.0114549
0, 0.665598, 0.0128338, 0, -0.746147, 0.011471
0, 0.666535, 0.0128194, 0, -0.745309, 0.0114871
0, 0.66747, 0.012805, 0, -0.744471, 0.0115032
0, 0.668405, 0.0127906, 0, -0.743631, 0.0115193
0, 0.669339, 0.0127761, 0, -0.74279, 0.0115353
0, 0.670272, 0.0127616, 0, -0.741948, 0.0115514
0, 0.671203, 0.0127471, 0, -0.741105, 0.0115674
0, 0.672134, 0.0127326, 0, -0.74026, 0.0115834
0, 0.673063, 0.012718, 0, -0.739415, 0.0115994
0, 0.673992, 0.0127035, 0, -0.738568, 0.0116153
0, 0.674919, 0.0126889, 0, -0.73772, 0.0116313
0, 0.675845, 0.0126743, 0, -0.736871, 0.0116472
0, 0.67677, 0.0126597, 0, -0.736021, 0.0116631
0, 0.677695, 0.012645, 0, -0.735169, 0.011679
0, 0.678618, 0.0126303, 0, -0.734317, 0.0116948
0, 0.67954, 0.0126157, 0, -0.733463, 0.0117107
0, 0.680461, 0.012601, 0, -0.732608, 0.0117265
0, 0.681381, 0.0125862, 0, -0.731752, 0.0117423
0, 0.682299, 0.0125715, 0, -0.730895, 0.0117581
0, 0.683217, 0.0125567, 0, -0.730037, 0.0117739
0, 0.684134, 0.0125419, 0, -0.729177, 0.0117897
0, 0.685049, 0.0125271, 0, -0.728316, 0.0118054
0, 0.685964, 0.0125123, 0, -0.727455, 0.0118211
0, 0.686877, 0.0124975, 0, -0.726592, 0.0118368
0, 0.687789, 0.0124826, 0, -0.725728, 0.0118525
0, 0.688701, 0.0124677, 0, -0.724862, 0.0118682
0, 0.689611, 0.0124528, 0, -0.723996, 0.0118838
0, 0.69052, 0.0124379, 0, -0.723128, 0.0118994
0, 0.691428, 0.012423, 0, -0.72226, 0.0119151
0, 0.692335, 0.012408, 0, -0.72139, 0.0119306
0, 0.69324, 0.012393, 0, -0.720519, 0.0119462
0, 0.694145, 0.012378, 0, -0.719647, 0.0119618
0, 0.695049, 0.012363, 0, -0.718774, 0.0119773
0, 0.695951, 0.0123479, 0, -0.717899, 0.0119928
0, 0.696853, 0.0123329, 0, -0.717024, 0.0120083
0, 0.697753, 0.0123178, 0, -0.716147, 0.0120238
0, 0.698652, 0.0123027, 0, -0.71527, 0.0120392
0, 0.69955, 0.0122876, 0, -0.714391, 0.0120547
0, 0.700447, 0.0122725, 0, -0.713511, 0.0120701
0, 0.701343, 0.0122573, 0, -0.71263, 0.0120855
0, 0.702238, 0.0122421, 0, -0.711747, 0.0121009
0, 0.703132, 0.0122269, 0, -0.710864, 0.0121162
0, 0.704024, 0.0122117, 0, -0.70998, 0.0121316
0, 0.704916, 0.0121965, 0, -0.709094, 0.0121469
0, 0.705806, 0.0121812, 0, -0.708207, 0.0121622
0, 0.706695, 0.012166, 0, -0.707319, 0.0121775
0, 0.707583, 0.0121507, 0, -0.70643, 0.0121928
0, 0.70847, 0.0121354, 0, -0.70554, 0.012208
0, 0.709356, 0.01212, 0, -0.704649, 0.0122232
0, 0.710241, 0.0121047, 0, -0.703757, 0.0122385
0, 0.711125, 0.0120893, 0, -0.702863, 0.0122536
0, 0.712007, 0.0120739, 0, -0.701969, 0.0122688
0, 0.712889, 0.0120585, 0, -0.701073, 0.012284
0, 0.713769, 0.0120431, 0, -0.700177, 0.0122991
0, 0.714648, 0.0120276, 0, -0.699279, 0.0123142
0, 0.715526, 0.0120122, 0, -0.69838, 0.0123293
0, 0.716403, 0.0119967, 0, -0.69748, 0.0123444
0, 0.717279, 0.0119812, 0, -0.696579, 0.0123594
0, 0.718153, 0.0119657, 0, -0.695676, 0.0123745
0, 0.719027, 0.0119501, 0, -0.694773, 0.0123895
0, 0.719899, 0.0119346, 0, -0.693869, 0.0124045
0, 0.72077, 0.011919, 0, -0.692963, 0.0124194
0, 0.72164, 0.0119034, 0, -0.692056, 0.0124344
0, 0.722509, 0.0118878, 0, -0.691149, 0.0124493
0, 0.723377, 0.0118722, 0, -0.69024, 0.0124643
0, 0.724244, 0.0118565, 0, -0.68933, 0.0124792
0, 0.725109, 0.0118408, 0, -0.688419, 0.012494
0, 0.725974, 0.0118252, 0, -0.687507, 0.0125089
0, 0.726837, 0.0118094, 0, -0.686594, 0.0125237
0, 0.727699, 0.0117937, 0, -0.68568, 0.0125385
0, 0.72856, 0.011778, 0, -0.684764, 0.0125533
0, 0.72942, 0.0117622, 0, -0.683848, 0.0125681
0, 0.730278, 0.0117464, 0, -0.68293, 0.0125829
0, 0.731136, 0.0117306, 0, -0.682012, 0.0125976
0, 0.731992, 0.0117148, 0, -0.681092, 0.0126123
0, 0.732847, 0.011699, 0, -0.680172, 0.012627
0, 0.733701, 0.0116831, 0, -0.67925, 0.0126417
0, 0.734554, 0.0116672, 0, -0.678327, 0.0126564
0, 0.735406, 0.0116513, 0, -0.677403, 0.012671
0, 0.736257, 0.0116354, 0, -0.676478, 0.0126856
0, 0.737106, 0.0116195, 0, -0.675552, 0.0127002
0, 0.737954, 0.0116036, 0, -0.674625, 0.0127148
0, 0.738801, 0.0115876, 0, -0.673697, 0.0127294
0, 0.739647, 0.0115716, 0, -0.672767, 0.0127439
0, 0.740492, 0.0115556, 0, -0.671837, 0.0127584
0, 0.741335, 0.0115396, 0, -0.670906, 0.0127729
0, 0.742178, 0.0115235, 0, -0.669973, 0.0127874
0, 0.743019, 0.0115075, 0, -0.66904, 0.0128019
0, 0.743859, 0.0114914, 0, -0.668105, 0.0128163
0, 0.744698, 0.0114753, 0, -0.66717, 0.0128307
0, 0.745536, 0.0114592, 0, -0.666233, 0.0128451
0, 0.746372, 0.0114431, 0, -0.665295, 0.0128595
0, 0.747208, 0.0114269, 0, -0.664357, 0.0128739
0, 0.748042, 0.0114108, 0, -0.663417, 0.0128882
0, 0.748875, 0.0113946, 0, -0.662476, 0.0129025
0, 0.749706, 0.0113784, 0, -0.661534, 0.0129168
0, 0.750537, 0.0113621, 0, -0.660591, 0.0129311
0, 0.751367, 0.0113459, 0, -0.659647, 0.0129454
0, 0.752195, 0.0113297, 0, -0.658702, 0.0129596
0, 0.753022, 0.0113134, 0, -0.657756, 0.0129738
0, 0.753848, 0.0112971, 0, -0.656809, 0.012988
0, 0.754672, 0.0112808, 0, -0.655861, 0.0130022
0, 0.755496, 0.0112644, 0, -0.654912, 0.0130163
0, 0.756318, 0.0112481, 0, -0.653962, 0.0130305
0, 0.757139, 0.0112317, 0, -0.65301, 0.0130446
0, 0.757959, 0.0112154, 0, -0.652058, 0.0130587
0, 0.758778, 0.011199, 0, -0.651105, 0.0130727
0, 0.759595, 0.0111825, 0, -0.650151, 0.0130868
0, 0.760412, 0.0111661, 0, -0.649195, 0.0131008
0, 0.761227, 0.0111497, 0, -0.648239, 0.0131148
0, 0.762041, 0.0111332, 0, -0.647282, 0.0131288
0, 0.762854, 0.0111167, 0, -0.646323, 0.0131428
0, 0.763665, 0.0111002, 0, -0.645364, 0.0131567
0, 0.764475, 0.0110837, 0, -0.644403, 0.0131707
0, 0.765285, 0.0110671, 0, -0.643442, 0.0131846
0, 0.766092, 0.0110506, 0, -0.642479, 0.0131984
0, 0.766899, 0.011034, 0, -0.641516, 0.0132123
0, 0.767705, 0.0110174, 0, -0.640551, 0.0132262
0, 0.768509, 0.0110008, 0, -0.639586, 0.01324
0, 0.769312, 0.0109842, 0, -0.638619, 0.0132538
0, 0.770114, 0.0109675, 0, -0.637652, 0.0132676
0, 0.770914, 0.0109509, 0, -0.636683, 0.0132813
0, 0.771714, 0.0109342, 0, -0.635714, 0.0132951
0, 0.772512, 0.0109175, 0, -0.634743, 0.0133088
0, 0.773309, 0.0109008, 0, -0.633772, 0.0133225
0, 0.774105, 0.0108841, 0, -0.632799, 0.0133362
0, 0.774899, 0.0108673, 0, -0.631826, 0.0133498
0, 0.775693, 0.0108505, 0, -0.630851, 0.0133634
0, 0.776485, 0.0108338, 0, -0.629875, 0.0133771
0, 0.777276, 0.010817, 0, -0.628899, 0.0133906
0, 0.778065, 0.0108001, 0, -0.627921, 0.0134042
0, 0.778854, 0.0107833, 0, -0.626943, 0.0134178
0, 0.779641, 0.0107665, 0, -0.625963, 0.0134313
0, 0.780427, 0.0107496, 0, -0.624983, 0.0134448
0, 0.781211, 0.0107327, 0, -0.624001, 0.0134583
0, 0.781995, 0.0107158, 0, -0.623019, 0.0134718
0, 0.782777, 0.0106989, 0, -0.622036, 0.0134852
0, 0.783558, 0.010682, 0, -0.621051, 0.0134986
0, 0.784338, 0.010665, 0, -0.620066, 0.013512
0, 0.785117, 0.010648, 0, -0.619079, 0.0135254
0, 0.785894, 0.0106311, 0, -0.618092, 0.0135388
0, 0.78667, 0.0106141, 0, -0.617104, 0.0135521
0, 0.787445, 0.010597, 0, -0.616114, 0.0135654
0, 0.788218, 0.01058, 0, -0.615124, 0.0135787
0, 0.788991, 0.0105629, 0, -0.614133, 0.013592
0, 0.789762, 0.0105459, 0, -0.613141, 0.0136052
0, 0.790532, 0.0105288, 0, -0.612147, 0.0136185
0, 0.7913, 0.0105117, 0, -0.611153, 0.0136317
0, 0.792068, 0.0104946, 0, -0.610158, 0.0136449
0, 0.792834, 0.0104774, 0, -0.609162, 0.013658
0, 0.793599, 0.0104603, 0, -0.608165, 0.0136712
0, 0.794362, 0.0104431, 0, -0.607167, 0.0136843
0, 0.795124, 0.0104259, 0, -0.606168, 0.0136974
0, 0.795886, 0.0104087, 0, -0.605168, 0.0137105
0, 0.796645, 0.0103915, 0, -0.604167, 0.0137235
0, 0.797404, 0.0103743, 0, -0.603166, 0.0137366
0, 0.798161, 0.010357, 0, -0.602163, 0.0137496
0, 0.798917, 0.0103398, 0, -0.601159, 0.0137626
0, 0.799672, 0.0103225, 0, -0.600154, 0.0137755
0, 0.800426, 0.0103052, 0, -0.599149, 0.0137885
0, 0.801178, 0.0102879, 0, -0.598142, 0.0138014
0, 0.801929, 0.0102705, 0, -0.597135, 0.0138143
0, 0.802679, 0.0102532, 0, -0.596126, 0.0138272
0, 0.803427, 0.0102358, 0, -0.595117, 0.0138401
0, 0.804174, 0.0102184, 0, -0.594107, 0.0138529
0, 0.80492, 0.010201, 0, -0.593095, 0.0138657
0, 0.805665, 0.0101836, 0, -0.592083, 0.0138785
0, 0.806408, 0.0101662, 0, -0.59107, 0.0138913
0, 0.807151, 0.0101488, 0, -0.590056, 0.0139041
0, 0.807891, 0.0101313, 0, -0.589041, 0.0139168
0, 0.808631, 0.0101138, 0, -0.588025, 0.0139295
0, 0.809369, 0.0100963, 0, -0.587008, 0.0139422
0, 0.810106, 0.0100788, 0, -0.58599, 0.0139548
0, 0.810842, 0.0100613, 0, -0.584972, 0.0139675
0, 0.811577, 0.0100438, 0, -0.583952, 0.0139801
0, 0.81231, 0.0100262, 0, -0.582931, 0.0139927
0, 0.813042, 0.0100086, 0, -0.58191, 0.0140053
0, 0.813772, 0.00999104, 0, -0.580888, 0.0140178
0, 0.814502, 0.00997344, 0, -0.579864, 0.0140304
0, 0.81523, 0.00995582, 0, -0.57884, 0.0140429
0, 0.815957, 0.00993818, 0, -0.577815, 0.0140554
0, 0.816682, 0.00992053, 0, -0.576789, 0.0140678
0, 0.817406, 0.00990287, 0, -0.575762, 0.0140803
0, 0.818129, 0.00988518, 0, -0.574734, 0.0140927
0, 0.818851, 0.00986749, 0, -0.573705, 0.0141051
0, 0.819571, 0.00984977, 0, -0.572676, 0.0141175
0, 0.82029, 0.00983204, 0, -0.571645, 0.0141298
0, 0.821008, 0.0098143, 0, -0.570614, 0.0141422
0, 0.821724, 0.00979654, 0, -0.569581, 0.0141545
0, 0.822439, 0.00977876, 0, -0.568548, 0.0141668
0, 0.823153, 0.00976097, 0, -0.567514, 0.014179
0, 0.823866, 0.00974317, 0, -0.566479, 0.0141913
0, 0.824577, 0.00972535, 0, -0.565443, 0.0142035
0, 0.825287, 0.00970751, 0, -0.564406, 0.0142157
0, 0.825996, 0.00968966, 0, -0.563368, 0.0142279
0, 0.826703, 0.00967179, 0, -0.56233, 0.01424
0, 0.827409, 0.00965391, 0, -0.56129, 0.0142521
0, 0.828114, 0.00963601, 0, -0.56025, 0.0142643
0, 0.828817, 0.0096181, 0, -0.559208, 0.0142763
0, 0.829519, 0.00960017, 0, -0.558166, 0.0142884
0, 0.83022, 0.00958222, 0, -0.557123, 0.0143004
0, 0.83092, 0.00956427, 0, -0.556079, 0.0143125
0, 0.831618, 0.00954629, 0, -0.555034, 0.0143245
0, 0.832315, 0.0095283, 0, -0.553989, 0.0143364
0, 0.83301, 0.0095103, 0, -0.552942, 0.0143484
0, 0.833705, 0.00949228, 0, -0.551895, 0.0143603
0, 0.834398, 0.00947425, 0, -0.550846, 0.0143722
0, 0.835089, 0.0094562, 0, -0.549797, 0.0143841
0, 0.835779, 0.00943813, 0, -0.548747, 0.014396
0, 0.836468, 0.00942006, 0, -0.547696, 0.0144078
0, 0.837156, 0.00940196, 0, -0.546644, 0.0144196
0, 0.837842, 0.00938385, 0, -0.545592, 0.0144314
0, 0.838527, 0.00936573, 0, -0.544538, 0.0144432
0, 0.839211, 0.00934759, 0, -0.543484, 0.0144549
0, 0.839894, 0.00932944, 0, -0.542429, 0.0144666
0, 0.840575, 0.00931127, 0, -0.541373, 0.0144783
0, 0.841254, 0.00929309, 0, -0.540316, 0.01449
0, 0.841933, 0.0092749, 0, -0.539258, 0.0145017
0, 0.84261, 0.00925668, 0, -0.538199, 0.0145133
0, 0.843285, 0.00923846, 0, -0.53714, 0.0145249
0, 0.84396, 0.00922022, 0, -0.53608, 0.0145365
0, 0.844633, 0.00920196, 0, -0.535018, 0.0145481
0, 0.845305, 0.00918369, 0, -0.533956, 0.0145596
0, 0.845975, 0.00916541, 0, -0.532894, 0.0145711
0, 0.846644, 0.00914711, 0, -0.53183, 0.0145826
0, 0.847312, 0.0091288, 0, -0.530765, 0.0145941
0, 0.847978, 0.00911047, 0, -0.5297, 0.0146055
0, 0.848643, 0.00909213, 0, -0.528634, 0.014617
0, 0.849307, 0.00907377, 0, -0.527567, 0.0146284
0, 0.84997, 0.0090554, 0, -0.526499, 0.0146397
0, 0.850631, 0.00903702, 0, -0.52543, 0.0146511
0, 0.85129, 0.00901862, 0, -0.524361, 0.0146624
0, 0.851949, 0.00900021, 0, -0.52329, 0.0146737
0, 0.852606, 0.00898178, 0, -0.522219, 0.014685
0, 0.853261, 0.00896334, 0, -0.521147, 0.0146963
0, 0.853916, 0.00894488, 0, -0.520074, 0.0147075
0, 0.854569, 0.00892641, 0, -0.519001, 0.0147188
0, 0.85522, 0.00890793, 0, -0.517926, 0.01473
0, 0.855871, 0.00888943, 0, -0.516851, 0.0147411
0, 0.856519, 0.00887092, 0, -0.515775, 0.0147523
0, 0.857167, 0.00885239, 0, -0.514698, 0.0147634
0, 0.857813, 0.00883385, 0, -0.51362, 0.0147745
0, 0.858458, 0.0088153, 0, -0.512542, 0.0147856
0, 0.859102, 0.00879673, 0, -0.511462, 0.0147966
0, 0.859744, 0.00877815, 0, -0.510382, 0.0148077
0, 0.860385, 0.00875955, 0, -0.509301, 0.0148187
0, 0.861024, 0.00874094, 0, -0.508219, 0.0148296
0, 0.861662, 0.00872232, 0, -0.507137, 0.0148406
0, 0.862299, 0.00870368, 0, -0.506053, 0.0148515
0, 0.862934, 0.00868503, 0, -0.504969, 0.0148625
0, 0.863568, 0.00866637, 0, -0.503884, 0.0148733
0, 0.864201, 0.00864769, 0, -0.502799, 0.0148842
0, 0.864832, 0.008629, 0, -0.501712, 0.0148951
0, 0.865462, 0.00861029, 0, -0.500625, 0.0149059
0, 0.866091, 0.00859158, 0, -0.499537, 0.0149167
0, 0.866718, 0.00857284, 0, -0.498448, 0.0149274
0, 0.867344, 0.0085541, 0, -0.497358, 0.0149382
0, 0.867968, 0.00853534, 0, -0.496267, 0.0149489
0, 0.868591, 0.00851657, 0, -0.495176, 0.0149596
0, 0.869213, 0.00849778, 0, -0.494084, 0.0149703
0, 0.869833, 0.00847898, 0, -0.492991, 0.014981
0, 0.870452, 0.00846017, 0, -0.491898, 0.0149916
0, 0.87107, 0.00844134, 0, -0.490803, 0.0150022
0, 0.871686, 0.0084225, 0, -0.489708, 0.0150128
0, 0.872301, 0.00840365, 0, -0.488612, 0.0150233
0, 0.872914, 0.00838478, 0, -0.487515, 0.0150339
0, 0.873526, 0.0083659, 0, -0.486418, 0.0150444
0, 0.874137, 0.00834701, 0, -0.48532, 0.0150549
0, 0.874746, 0.0083281, 0, -0.484221, 0.0150653
0, 0.875354, 0.00830918, 0, -0.483121, 0.0150758
0, 0.875961, 0.00829025, 0, -0.48202, 0.0150862
0, 0.876566, 0.00827131, 0, -0.480919, 0.0150966
0, 0.87717, 0.00825235, 0, -0.479817, 0.015107
0, 0.877772, 0.00823338, 0, -0.478714, 0.0151173
0, 0.878373, 0.00821439, 0, -0.477611, 0.0151276
0, 0.878973, 0.0081954, 0, -0.476506, 0.0151379
0, 0.879571, 0.00817639, 0, -0.475401, 0.0151482
0, 0.880168, 0.00815736, 0, -0.474296, 0.0151585
0, 0.880764, 0.00813833, 0, -0.473189, 0.0151687
0, 0.881358, 0.00811928, 0, -0.472082, 0.0151789
0, 0.88195, 0.00810022, 0, -0.470974, 0.0151891
0, 0.882542, 0.00808114, 0, -0.469865, 0.0151992
0, 0.883132, 0.00806206, 0, -0.468755, 0.0152094
0, 0.88372, 0.00804296, 0, -0.467645, 0.0152195
0, 0.884307, 0.00802384, 0, -0.466534, 0.0152296
0, 0.884893, 0.00800472, 0, -0.465422, 0.0152396
0, 0.885477, 0.00798558, 0, -0.46431, 0.0152496
0, 0.88606, 0.00796643, 0, -0.463196, 0.0152597
0, 0.886642, 0.00794727, 0, -0.462083, 0.0152696
0, 0.887222, 0.00792809, 0, -0.460968, 0.0152796
0, 0.887801, 0.00790891, 0, -0.459852, 0.0152895
0, 0.888378, 0.00788971, 0, -0.458736, 0.0152995
0, 0.888954, 0.00787049, 0, -0.457619, 0.0153093
0, 0.889529, 0.00785127, 0, -0.456502, 0.0153192
0, 0.890102, 0.00783203, 0, -0.455384, 0.0153291
0, 0.890674, 0.00781278, 0, -0.454265, 0.0153389
0, 0.891244, 0.00779352, 0, -0.453145, 0.0153487
0, 0.891813, 0.00777424, 0, -0.452024, 0.0153584
0, 0.89238, 0.00775496, 0, -0.450903, 0.0153682
0, 0.892946, 0.00773566, 0, -0.449781, 0.0153779
0, 0.893511, 0.00771635, 0, -0.448659, 0.0153876
0, 0.894074, 0.00769702, 0, -0.447535, 0.0153973
0, 0.894636, 0.00767769, 0, -0.446411, 0.0154069
0, 0.895197, 0.00765834, 0, -0.445287, 0.0154165
0, 0.895756, 0.00763898, 0, -0.444161, 0.0154261
0, 0.896314, 0.00761961, 0, -0.443035, 0.0154357
0, 0.89687, 0.00760022, 0, -0.441908, 0.0154453
0, 0.897425, 0.00758083, 0, -0.440781, 0.0154548
0, 0.897978, 0.00756142, 0, -0.439653, 0.0154643
0, 0.89853, 0.007542, 0, -0.438524, 0.0154738
0, 0.899081, 0.00752257, 0, -0.437394, 0.0154832
0, 0.89963, 0.00750313, 0, -0.436264, 0.0154927
0, 0.900177, 0.00748367, 0, -0.435133, 0.0155021
0, 0.900724, 0.0074642, 0, -0.434001, 0.0155114
0, 0.901269, 0.00744473, 0, -0.432869, 0.0155208
0, 0.901812, 0.00742524, 0, -0.431736, 0.0155301
0, 0.902354, 0.00740573, 0, -0.430602, 0.0155394
0, 0.902895, 0.00738622, 0, -0.429468, 0.0155487
0, 0.903434, 0.00736669, 0, -0.428333, 0.015558
1.97626e-323, 0.903972, 0.00734716, 6.95266e-310, -0.427197, 0.0155672
6.95266e-310, 0.904508, 0.00732761, 6.92125e-310, -0.426061, 0.0155764
0, 0.905043, 0.00730805, 8.09477e-319, -0.424924, 0.0155856
7.93746e-319, 0.905576, 0.00728848, 7.93746e-319, -0.423786, 0.0155948
2.02369e-320, 0.906109, 0.00726889, 0, -0.422647, 0.0156039
4.94066e-324, 0.906639, 0.0072493, 8.09477e-319, -0.421508, 0.015613
8.76259e-318, 0.907168, 0.00722969, 8.74263e-318, -0.420369, 0.0156221
8.74263e-318, 0.907696, 0.00721007, 2.02369e-320, -0.419228, 0.0156311
8.09477e-319, 0.908222, 0.00719044, 2.47033e-323, -0.418087, 0.0156402
8.76259e-318, 0.908747, 0.0071708, 1.03613e-317, -0.416945, 0.0156492
1.03422e-317, 0.909271, 0.00715115, 1.03422e-317, -0.415803, 0.0156582
2.02369e-320, 0.909793, 0.00713149, 8.76259e-318, -0.41466, 0.0156671
4.94066e-324, 0.910313, 0.00711182, 1.03613e-317, -0.413516, 0.0156761
1.04827e-317, 0.910833, 0.00709213, 1.04711e-317, -0.412372, 0.015685
1.07427e-317, 0.91135, 0.00707243, 2.02369e-320, -0.411227, 0.0156939
1.03411e-317, 0.911867, 0.00705273, 1.4822e-323, -0.410081, 0.0157027
0, 0.912381, 0.00703301, 0, -0.408935, 0.0157116
0, 0.912895, 0.00701328, 0, -0.407788, 0.0157204
0, 0.913407, 0.00699354, 0, -0.40664, 0.0157292
0, 0.913917, 0.00697379, 0, -0.405492, 0.0157379
0, 0.914426, 0.00695402, 0, -0.404343, 0.0157467
0, 0.914934, 0.00693425, 0, -0.403194, 0.0157554
0, 0.91544, 0.00691446, 0, -0.402044, 0.0157641
0, 0.915945, 0.00689467, 0, -0.400893, 0.0157728
0, 0.916448, 0.00687486, 0, -0.399741, 0.0157814
0, 0.91695, 0.00685504, 0, -0.398589, 0.01579
0, 0.917451, 0.00683522, 0, -0.397437, 0.0157986
0, 0.91795, 0.00681538, 0, -0.396283, 0.0158072
0, 0.918447, 0.00679553, 0, -0.39513, 0.0158157
0, 0.918943, 0.00677567, 0, -0.393975, 0.0158242
0, 0.919438, 0.0067558, 0, -0.39282, 0.0158327
0, 0.919931, 0.00673591, 0, -0.391664, 0.0158412
0, 0.920423, 0.00671602, 0, -0.390508, 0.0158496
0, 0.920913, 0.00669612, 0, -0.389351, 0.015858
0, 0.921402, 0.00667621, 0, -0.388193, 0.0158664
0, 0.921889, 0.00665628, 0, -0.387035, 0.0158748
0, 0.922375, 0.00663635, 0, -0.385876, 0.0158831
0, 0.92286, 0.0066164, 0, -0.384716, 0.0158914
0, 0.923343, 0.00659645, 0, -0.383556, 0.0158997
0, 0.923824, 0.00657648, 0, -0.382396, 0.015908
0, 0.924304, 0.00655651, 0, -0.381234, 0.0159162
0, 0.924783, 0.00653652, 0, -0.380072, 0.0159244
0, 0.92526, 0.00651652, 0, -0.37891, 0.0159326
0, 0.925736, 0.00649652, 0, -0.377747, 0.0159408
0, 0.92621, 0.0064765, 0, -0.376583, 0.0159489
0, 0.926683, 0.00645647, 0, -0.375419, 0.015957
0, 0.927154, 0.00643643, 0, -0.374254, 0.0159651
0, 0.927624, 0.00641639, 6.92125e-310, -0.373089, 0.0159732
0, 0.928092, 0.00639633, 0, -0.371923, 0.0159812
6.92125e-310, 0.928559, 0.00637626, 6.92125e-310, -0.370756, 0.0159892
6.95266e-310, 0.929025, 0.00635618, 6.92125e-310, -0.369589, 0.0159972
8.48798e-314, 0.929489, 0.00633609, 3.16202e-322, -0.368421, 0.0160052
3.16202e-322, 0.929951, 0.006316, 3.16202e-322, -0.367253, 0.0160131
3.87347e-321, 0.930412, 0.00629589, 3.87347e-321, -0.366084, 0.016021
3.95253e-323, 0.930872, 0.00627577, 8.48798e-314, -0.364914, 0.0160289
9.54155e-318, 0.93133, 0.00625564, 9.54155e-318, -0.363744, 0.0160368
9.54155e-318, 0.931787, 0.0062355, 1.38338e-322, -0.362573, 0.0160446
1.38338e-322, 0.932242, 0.00621536, 7.90505e-323, -0.361402, 0.0160524
8.48798e-314, 0.932696, 0.0061952, 0, -0.36023, 0.0160602
0, 0.933148, 0.00617503, 0, -0.359058, 0.016068
7.93746e-319, 0.933599, 0.00615486, 7.93746e-319, -0.357885, 0.0160757
2.02369e-320, 0.934048, 0.00613467, 1.061e-313, -0.356711, 0.0160834
8.09477e-319, 0.934496, 0.00611447, 8.09477e-319, -0.355537, 0.0160911
8.09477e-319, 0.934942, 0.00609427, 7.93316e-318, -0.354363, 0.0160988
7.93316e-318, 0.935387, 0.00607405, 2.02369e-320, -0.353187, 0.0161064
8.48798e-314, 0.93583, 0.00605383, 8.76259e-318, -0.352012, 0.016114
8.76259e-318, 0.936272, 0.00603359, 8.76259e-318, -0.350835, 0.0161216
1.5796e-318, 0.936713, 0.00601335, 1.5796e-318, -0.349658, 0.0161292
2.02369e-320, 0.937152, 0.0059931, 1.2732e-313, -0.348481, 0.0161367
1.03567e-317, 0.937589, 0.00597283, 1.0377e-317, -0.347303, 0.0161442
1.0377e-317, 0.938025, 0.00595256, 9.41096e-320, -0.346124, 0.0161517
3.65767e-319, 0.93846, 0.00593228, 2.02369e-320, -0.344945, 0.0161591
1.2732e-313, 0.938893, 0.00591199, 1.04135e-317, -0.343766, 0.0161666
1.04337e-317, 0.939324, 0.00589169, 1.04337e-317, -0.342586, 0.016174
2.84582e-321, 0.939755, 0.00587138, 2.84582e-321, -0.341405, 0.0161813
3.95253e-323, 0.940183, 0.00585106, 8.48798e-314, -0.340224, 0.0161887
4.18968e-321, 0.94061, 0.00583073, 4.18968e-321, -0.339042, 0.016196
4.18968e-321, 0.941036, 0.0058104, 2.37152e-322, -0.33786, 0.0162033
2.37152e-322, 0.94146, 0.00579005, 3.95253e-323, -0.336677, 0.0162106
8.48798e-314, 0.941883, 0.00576969, 4.42683e-321, -0.335493, 0.0162178
4.42683e-321, 0.942304, 0.00574933, 4.42683e-321, -0.334309, 0.0162251
3.35965e-322, 0.942724, 0.00572896, 3.35965e-322, -0.333125, 0.0162323
1.97626e-323, 0.943142, 0.00570857, 8.48798e-314, -0.33194, 0.0162394
1.03567e-317, 0.943559, 0.00568818, 1.0377e-317, -0.330755, 0.0162466
1.0377e-317, 0.943974, 0.00566778, 7.90505e-323, -0.329569, 0.0162537
6.71929e-322, 0.944388, 0.00564737, 3.95253e-323, -0.328382, 0.0162608
9.32067e-314, 0.9448, 0.00562695, 4.18968e-321, -0.327195, 0.0162679
4.18968e-321, 0.945211, 0.00560653, 4.18968e-321, -0.326007, 0.0162749
2.37152e-322, 0.94562, 0.00558609, 2.37152e-322, -0.324819, 0.0162819
3.95253e-323, 0.946028, 0.00556565, 9.32067e-314, -0.323631, 0.0162889
9.54169e-318, 0.946434, 0.00554519, 9.54169e-318, -0.322442, 0.0162959
9.54169e-318, 0.946839, 0.00552473, 1.49781e-319, -0.321252, 0.0163028
1.49781e-319, 0.947242, 0.00550426, 1.97626e-323, -0.320062, 0.0163098
1.35647e-313, 0.947644, 0.00548378, 0, -0.318871, 0.0163167
0, 0.948044, 0.00546329, 0, -0.31768, 0.0163235
0, 0.948443, 0.0054428, 0, -0.316489, 0.0163304
7.90505e-323, 0.94884, 0.00542229, 9.32067e-314, -0.315297, 0.0163372
1.03567e-317, 0.949236, 0.00540178, 1.0377e-317, -0.314104, 0.016344
1.0377e-317, 0.94963, 0.00538125, 6.52957e-320, -0.312911, 0.0163507
6.52957e-320, 0.950023, 0.00536072, 4.94066e-324, -0.311717, 0.0163575
6.95266e-310, 0.950415, 0.00534018, 6.92125e-310, -0.310523, 0.0163642
1.97626e-323, 0.950804, 0.00531964, 8.69083e-311, -0.309329, 0.0163709
6.95266e-310, 0.951193, 0.00529908, 2.02369e-320, -0.308133, 0.0163775
6.36703e-314, 0.95158, 0.00527852, 6.95266e-310, -0.306938, 0.0163842
0, 0.951965, 0.00525794, 6.95266e-310, -0.305742, 0.0163908
0, 0.952349, 0.00523736, 8.69083e-311, -0.304545, 0.0163973
1.07427e-317, 0.952731, 0.00521677, 6.92125e-310, -0.303348, 0.0164039
4.81907e-310, 0.953112, 0.00519617, 6.92125e-310, -0.302151, 0.0164104
6.36599e-314, 0.953491, 0.00517557, 6.95266e-310, -0.300953, 0.0164169
1.03556e-320, 0.953869, 0.00515496, 2.15729e-319, -0.299754, 0.0164234
1.03556e-320, 0.954245, 0.00513433, 2.15729e-319, -0.298556, 0.0164299
4.94066e-324, 0.95462, 0.0051137, 1.64331e-319, -0.297356, 0.0164363
0, 0.954993, 0.00509307, 0, -0.296156, 0.0164427
1.05208e-317, 0.955365, 0.00507242, 2.02369e-320, -0.294956, 0.0164491
2.05531e-320, 0.955736, 0.00505177, 8.84829e-315, -0.293755, 0.0164554
5.07176e-316, 0.956104, 0.0050311, 8.83609e-315, -0.292554, 0.0164617
0, 0.956472, 0.00501043, 8.83923e-315, -0.291352, 0.016468
1.56899e-315, 0.956837, 0.00498976, 0, -0.29015, 0.0164743
0, 0.957202, 0.00496907, 6.92125e-310, -0.288947, 0.0164805
6.92125e-310, 0.957564, 0.00494838, 6.92125e-310, -0.287744, 0.0164868
6.95266e-310, 0.957926, 0.00492768, 6.92125e-310, -0.286541, 0.016493
6.92125e-310, 0.958285, 0.00490697, 6.92125e-310, -0.285337, 0.0164991
6.95266e-310, 0.958644, 0.00488625, 6.92125e-310, -0.284132, 0.0165053
4.94066e-324, 0.959, 0.00486553, 0, -0.282928, 0.0165114
0, 0.959355, 0.00484479, 0, -0.281722, 0.0165175
6.92125e-310, 0.959709, 0.00482405, 4.94066e-324, -0.280516, 0.0165235
0, 0.960061, 0.00480331, 1.50651e-314, -0.27931, 0.0165296
6.92125e-310, 0.960412, 0.00478255, 4.94066e-324, -0.278104, 0.0165356
0, 0.960761, 0.00476179, 1.50651e-314, -0.276897, 0.0165416
6.9211e-310, 0.961109, 0.00474102, 4.94066e-324, -0.275689, 0.0165475
0, 0.961455, 0.00472024, 6.92125e-310, -0.274481, 0.0165534
6.95266e-310, 0.961799, 0.00469946, 4.94066e-324, -0.273273, 0.0165593
4.11063e-321, 0.962142, 0.00467867, 3.328e-294, -0.272064, 0.0165652
0, 0.962484, 0.00465787, 2.124e-314, -0.270855, 0.0165711
8.54457e-319, 0.962824, 0.00463706, 3.16202e-322, -0.269645, 0.0165769
1.05005e-317, 0.963162, 0.00461625, 1.3351e-307, -0.268435, 0.0165827
1.72449e-307, 0.963499, 0.00459543, 8.48798e-314, -0.267224, 0.0165885
3.16202e-322, 0.963835, 0.0045746, 3.16202e-322, -0.266013, 0.0165942
3.16202e-322, 0.964169, 0.00455376, 3.87347e-321, -0.264802, 0.0166
3.87347e-321, 0.964501, 0.00453292, 3.95253e-323, -0.26359, 0.0166056
8.48798e-314, 0.964832, 0.00451207, 9.54155e-318, -0.262378, 0.0166113
9.54155e-318, 0.965162, 0.00449121, 9.54155e-318, -0.261165, 0.016617
1.38338e-322, 0.965489, 0.00447035, 1.38338e-322, -0.259952, 0.0166226
7.90505e-323, 0.965816, 0.00444948, 8.48798e-314, -0.258739, 0.0166282
0, 0.966141, 0.0044286, 0, -0.257525, 0.0166337
0, 0.966464, 0.00440771, 7.93746e-319, -0.256311, 0.0166393
7.93746e-319, 0.966786, 0.00438682, 2.02369e-320, -0.255096, 0.0166448
1.061e-313, 0.967106, 0.00436592, 8.09477e-319, -0.253881, 0.0166503
8.09477e-319, 0.967425, 0.00434502, 8.09477e-319, -0.252665, 0.0166557
7.93316e-318, 0.967742, 0.0043241, 7.93316e-318, -0.25145, 0.0166612
2.02369e-320, 0.968057, 0.00430318, 8.48798e-314, -0.250233, 0.0166666
8.76259e-318, 0.968372, 0.00428226, 8.76259e-318, -0.249017, 0.016672
8.76259e-318, 0.968684, 0.00426133, 1.5796e-318, -0.2478, 0.0166773
1.5796e-318, 0.968995, 0.00424039, 2.02369e-320, -0.246582, 0.0166826
1.2732e-313, 0.969305, 0.00421944, 1.03567e-317, -0.245364, 0.0166879
1.0377e-317, 0.969613, 0.00419849, 1.0377e-317, -0.244146, 0.0166932
9.41096e-320, 0.969919, 0.00417753, 3.65767e-319, -0.242927, 0.0166985
2.02369e-320, 0.970224, 0.00415656, 1.2732e-313, -0.241708, 0.0167037
1.04135e-317, 0.970528, 0.00413559, 1.04337e-317, -0.240489, 0.0167089
1.04337e-317, 0.97083, 0.00411461, 2.84582e-321, -0.239269, 0.0167141
2.84582e-321, 0.97113, 0.00409362, 3.95253e-323, -0.238049, 0.0167192
8.48798e-314, 0.971429, 0.00407263, 4.18968e-321, -0.236829, 0.0167243
4.18968e-321, 0.971726, 0.00405163, 4.18968e-321, -0.235608, 0.0167294
2.37152e-322, 0.972022, 0.00403063, 2.37152e-322, -0.234387, 0.0167345
3.95253e-323, 0.972316, 0.00400962, 8.48798e-314, -0.233165, 0.0167395
4.42683e-321, 0.972609, 0.0039886, 4.42683e-321, -0.231943, 0.0167445
4.42683e-321, 0.9729, 0.00396758, 3.35965e-322, -0.230721, 0.0167495
3.35965e-322, 0.97319, 0.00394655, 1.97626e-323, -0.229498, 0.0167545
8.48798e-314, 0.973478, 0.00392551, 1.03567e-317, -0.228275, 0.0167594
1.0377e-317, 0.973764, 0.00390447, 1.0377e-317, -0.227051, 0.0167643
7.90505e-323, 0.974049, 0.00388342, 6.71929e-322, -0.225828, 0.0167692
3.95253e-323, 0.974333, 0.00386237, 9.32067e-314, -0.224603, 0.016774
4.18968e-321, 0.974615, 0.00384131, 4.18968e-321, -0.223379, 0.0167789
4.18968e-321, 0.974895, 0.00382024, 2.37152e-322, -0.222154, 0.0167837
2.37152e-322, 0.975174, 0.00379917, 3.95253e-323, -0.220929, 0.0167884
9.32067e-314, 0.975451, 0.00377809, 9.54169e-318, -0.219703, 0.0167932
9.54169e-318, 0.975727, 0.003757, 9.54169e-318, -0.218477, 0.0167979
1.49781e-319, 0.976001, 0.00373591, 1.49781e-319, -0.217251, 0.0168026
1.97626e-323, 0.976274, 0.00371482, 1.35647e-313, -0.216025, 0.0168073
0, 0.976545, 0.00369372, 0, -0.214798, 0.0168119
0, 0.976815, 0.00367261, 0, -0.21357, 0.0168165
0, 0.977083, 0.0036515, 6.95266e-310, -0.212343, 0.0168211
0, 0.97735, 0.00363038, 6.92125e-310, -0.211115, 0.0168257
0, 0.977615, 0.00360925, 6.92125e-310, -0.209887, 0.0168302
6.95266e-310, 0.977878, 0.00358812, 6.92125e-310, -0.208658, 0.0168347
9.88131e-324, 0.97814, 0.00356698, 6.92125e-310, -0.207429, 0.0168392
6.95266e-310, 0.9784, 0.00354584, 6.92125e-310, -0.2062, 0.0168437
0, 0.978659, 0.0035247, 6.95266e-310, -0.20497, 0.0168481
6.92125e-310, 0.978917, 0.00350354, 6.95266e-310, -0.20374, 0.0168525
6.95266e-310, 0.979172, 0.00348238, 6.92125e-310, -0.20251, 0.0168569
6.92125e-310, 0.979427, 0.00346122, 2.96439e-323, -0.201279, 0.0168612
6.95266e-310, 0.979679, 0.00344005, 6.92125e-310, -0.200049, 0.0168655
6.92125e-310, 0.97993, 0.00341888, 6.92125e-310, -0.198817, 0.0168698
6.92125e-310, 0.98018, 0.0033977, 6.92125e-310, -0.197586, 0.0168741
6.92125e-310, 0.980428, 0.00337651, 6.92125e-310, -0.196354, 0.0168784
9.88131e-324, 0.980674, 0.00335532, 6.92125e-310, -0.195122, 0.0168826
-nan, 0.980919, 0.00333412, 0, -0.19389, 0.0168868
0, 0.981163, 0.00331292, 4.81907e-310, -0.192657, 0.0168909
-nan, 0.981405, 0.00329172, 0, -0.191424, 0.0168951
0, 0.981645, 0.00327051, 6.95266e-310, -0.19019, 0.0168992
-nan, 0.981884, 0.00324929, 0, -0.188957, 0.0169033
6.95266e-310, 0.982121, 0.00322807, 6.92125e-310, -0.187723, 0.0169073
-nan, 0.982356, 0.00320684, 2.96439e-323, -0.186489, 0.0169113
2.96439e-323, 0.982591, 0.00318561, 6.92125e-310, -0.185254, 0.0169153
0, 0.982823, 0.00316437, 0, -0.184019, 0.0169193
6.95266e-310, 0.983054, 0.00314313, 6.92125e-310, -0.182784, 0.0169233
4.94066e-324, 0.983284, 0.00312188, 6.92125e-310, -0.181549, 0.0169272
0, 0.983511, 0.00310063, 6.92125e-310, -0.180313, 0.0169311
4.94066e-324, 0.983738, 0.00307938, 6.92125e-310, -0.179077, 0.016935
6.95266e-310, 0.983963, 0.00305811, 6.92125e-310, -0.177841, 0.0169388
4.94066e-324, 0.984186, 0.00303685, 6.92125e-310, -0.176604, 0.0169426
6.95266e-310, 0.984408, 0.00301558, 6.92125e-310, -0.175368, 0.0169464
4.94066e-324, 0.984628, 0.0029943, 6.92125e-310, -0.17413, 0.0169502
6.95266e-310, 0.984846, 0.00297302, 6.92125e-310, -0.172893, 0.0169539
2.05978e-314, 0.985063, 0.00295174, 6.92125e-310, -0.171655, 0.0169576
6.92125e-310, 0.985279, 0.00293045, 6.92125e-310, -0.170418, 0.0169613
6.95266e-310, 0.985493, 0.00290915, 6.92125e-310, -0.169179, 0.0169649
1.52419e-320, 0.985705, 0.00288785, 6.92125e-310, -0.167941, 0.0169686
6.92125e-310, 0.985916, 0.00286655, 6.95266e-310, -0.166702, 0.0169722
6.95266e-310, 0.986125, 0.00284524, 6.92125e-310, -0.165463, 0.0169758
6.95266e-310, 0.986333, 0.00282393, 6.92125e-310, -0.164224, 0.0169793
1.22281e-320, 0.986539, 0.00280262, 6.92125e-310, -0.162985, 0.0169828
7.5376e-315, 0.986744, 0.00278129, 6.92125e-310, -0.161745, 0.0169863
6.92125e-310, 0.986947, 0.00275997, 6.92125e-310, -0.160505, 0.0169898
6.95266e-310, 0.987148, 0.00273864, 6.92125e-310, -0.159265, 0.0169932
2.37744e-320, 0.987348, 0.00271731, 6.92125e-310, -0.158024, 0.0169966
6.92125e-310, 0.987546, 0.00269597, 6.95266e-310, -0.156783, 0.017
6.95266e-310, 0.987743, 0.00267463, 6.92125e-310, -0.155542, 0.0170034
6.95266e-310, 0.987938, 0.00265328, 6.92125e-310, -0.154301, 0.0170067
5.25192e-321, 0.988132, 0.00263193, 2.96439e-323, -0.15306, 0.01701
6.92125e-310, 0.988324, 0.00261057, 6.9211e-310, -0.151818, 0.0170133
6.95266e-310, 0.988515, 0.00258922, 6.95266e-310, -0.150576, 0.0170166
6.95266e-310, 0.988704, 0.00256785, 6.9211e-310, -0.149334, 0.0170198
1.17775e-316, 0.988891, 0.00254649, 6.92125e-310, -0.148091, 0.017023
6.92118e-310, 0.989077, 0.00252511, 6.92125e-310, -0.146849, 0.0170262
1.55386e-314, 0.989262, 0.00250374, 0, -0.145606, 0.0170293
6.95266e-310, 0.989444, 0.00248236, 6.92125e-310, -0.144362, 0.0170324
6.92125e-310, 0.989625, 0.00246098, 6.92125e-310, -0.143119, 0.0170355
1.1252e-314, 0.989805, 0.00243959, 6.92125e-310, -0.141875, 0.0170386
6.92125e-310, 0.989983, 0.0024182, 6.92125e-310, -0.140632, 0.0170416
6.95266e-310, 0.99016, 0.00239681, 6.92125e-310, -0.139388, 0.0170446
1.89721e-321, 0.990335, 0.00237541, 6.92125e-310, -0.138143, 0.0170476
1.09625e-315, 0.990508, 0.00235401, 6.92125e-310, -0.136899, 0.0170506
6.92125e-310, 0.99068, 0.0023326, 6.92125e-310, -0.135654, 0.0170535
6.95266e-310, 0.99085, 0.0023112, 6.92125e-310, -0.134409, 0.0170564
8.92283e-321, 0.991019, 0.00228978, 6.92125e-310, -0.133164, 0.0170593
6.92125e-310, 0.991186, 0.00226837, 6.95266e-310, -0.131919, 0.0170621
6.95266e-310, 0.991352, 0.00224695, 6.92125e-310, -0.130673, 0.017065
6.95266e-310, 0.991516, 0.00222552, 6.92125e-310, -0.129428, 0.0170678
2.90115e-320, 0.991678, 0.0022041, 2.96439e-323, -0.128182, 0.0170705
6.92125e-310, 0.991839, 0.00218267, 6.9211e-310, -0.126935, 0.0170733
6.95266e-310, 0.991998, 0.00216123, 6.95266e-310, -0.125689, 0.017076
6.95266e-310, 0.992156, 0.0021398, 6.9211e-310, -0.124443, 0.0170787
1.71289e-317, 0.992312, 0.00211836, 6.92125e-310, -0.123196, 0.0170813
6.92111e-310, 0.992467, 0.00209691, 6.92125e-310, -0.121949, 0.017084
1.55386e-314, 0.99262, 0.00207547, 0, -0.120702, 0.0170866
6.95266e-310, 0.992772, 0.00205402, 6.92125e-310, -0.119454, 0.0170892
6.92125e-310, 0.992922, 0.00203257, 6.92125e-310, -0.118207, 0.0170917
1.09625e-315, 0.99307, 0.00201111, 6.95266e-310, -0.116959, 0.0170942
6.95266e-310, 0.993217, 0.00198965, 6.92125e-310, -0.115711, 0.0170967
1.97626e-323, 0.993362, 0.00196819, 6.92125e-310, -0.114463, 0.0170992
4.94066e-324, 0.993506, 0.00194672, 0, -0.113215, 0.0171017
4.94066e-324, 0.993648, 0.00192525, 6.92125e-310, -0.111967, 0.0171041
1.55386e-314, 0.993788, 0.00190378, 0, -0.110718, 0.0171065
6.95266e-310, 0.993927, 0.00188231, 6.92125e-310, -0.109469, 0.0171088
0, 0.994065, 0.00186083, 6.92125e-310, -0.10822, 0.0171112
6.95266e-310, 0.994201, 0.00183935, 6.95251e-310, -0.106971, 0.0171135
6.92125e-310, 0.994335, 0.00181787, 6.95266e-310, -0.105722, 0.0171158
4.94066e-324, 0.994468, 0.00179638, 2.122e-314, -0.104472, 0.017118
6.92125e-310, 0.994599, 0.00177489, 6.92125e-310, -0.103223, 0.0171203
4.94066e-324, 0.994728, 0.0017534, 6.92125e-310, -0.101973, 0.0171225
6.95266e-310, 0.994856, 0.00173191, 6.92125e-310, -0.100723, 0.0171246
1.97626e-323, 0.994983, 0.00171041, 6.92125e-310, -0.099473, 0.0171268
1.12647e-321, 0.995108, 0.00168891, 6.92125e-310, -0.0982228, 0.0171289
6.92125e-310, 0.995231, 0.00166741, 6.92125e-310, -0.0969724, 0.017131
6.95266e-310, 0.995353, 0.0016459, 6.92125e-310, -0.0957218, 0.0171331
4.94066e-324, 0.995473, 0.0016244, 0, -0.0944711, 0.0171351
6.92125e-310, 0.995591, 0.00160289, 6.92125e-310, -0.0932202, 0.0171371
6.95266e-310, 0.995708, 0.00158137, 6.95266e-310, -0.0919692, 0.0171391
7.87263e-85, 0.995824, 0.00155986, 2.11653e+214, -0.0907181, 0.0171411
6.95266e-310, 0.995938, 0.00153834, 6.92125e-310, -0.0894668, 0.017143
6.95266e-310, 0.99605, 0.00151682, 6.92125e-310, -0.0882153, 0.0171449
6.92125e-310, 0.996161, 0.0014953, 1.58101e-322, -0.0869637, 0.0171468
6.92125e-310, 0.99627, 0.00147378, 6.95266e-310, -0.085712, 0.0171486
3.64265e-319, 0.996377, 0.00145225, 0, -0.0844602, 0.0171505
2.07226e-317, 0.996483, 0.00143072, 6.92125e-310, -0.0832082, 0.0171523
6.92125e-310, 0.996588, 0.00140919, 6.95266e-310, -0.0819561, 0.017154
4.94066e-324, 0.996691, 0.00138766, 4.17199e-309, -0.0807038, 0.0171558
6.95266e-310, 0.996792, 0.00136612, 6.92125e-310, -0.0794515, 0.0171575
6.95266e-310, 0.996892, 0.00134458, 6.92125e-310, -0.078199, 0.0171592
6.92125e-310, 0.99699, 0.00132304, 1.58101e-322, -0.0769463, 0.0171609
6.95266e-310, 0.997086, 0.0013015, 6.95266e-310, -0.0756936, 0.0171625
4.94066e-324, 0.997181, 0.00127996, 0, -0.0744407, 0.0171641
2.07226e-317, 0.997275, 0.00125841, 6.92125e-310, -0.0731878, 0.0171657
6.92125e-310, 0.997367, 0.00123687, 6.92125e-310, -0.0719347, 0.0171672
6.92125e-310, 0.997457, 0.00121532, 4.17199e-309, -0.0706815, 0.0171688
0, 0.997546, 0.00119377, 0, -0.0694281, 0.0171703
0, 0.997633, 0.00117221, 0, -0.0681747, 0.0171717
6.92125e-310, 0.997719, 0.00115066, 6.92125e-310, -0.0669212, 0.0171732
6.92125e-310, 0.997802, 0.0011291, 6.92125e-310, -0.0656675, 0.0171746
6.92125e-310, 0.997885, 0.00110754, 6.92125e-310, -0.0644138, 0.017176
6.92125e-310, 0.997966, 0.00108598, 6.92125e-310, -0.0631599, 0.0171774
6.92125e-310, 0.998045, 0.00106442, 0, -0.061906, 0.0171787
6.92125e-310, 0.998123, 0.00104286, 6.92125e-310, -0.0606519, 0.01718
0, 0.998199, 0.00102129, 0, -0.0593978, 0.0171813
0, 0.998273, 0.000999726, 0, -0.0581436, 0.0171825
0, 0.998346, 0.000978158, 0, -0.0568892, 0.0171838
0, 0.998418, 0.000956589, 0, -0.0556348, 0.017185
0, 0.998488, 0.000935017, 0, -0.0543803, 0.0171861
0, 0.998556, 0.000913445, 0, -0.0531257, 0.0171873
0, 0.998623, 0.000891871, 0, -0.0518711, 0.0171884
0, 0.998688, 0.000870296, 0, -0.0506163, 0.0171895
0, 0.998751, 0.000848719, 0, -0.0493615, 0.0171906
0, 0.998813, 0.000827142, 0, -0.0481066, 0.0171916
0, 0.998874, 0.000805562, 0, -0.0468516, 0.0171926
0, 0.998932, 0.000783982, 0, -0.0455965, 0.0171936
0, 0.99899, 0.000762401, 0, -0.0443414, 0.0171946
0, 0.999045, 0.000740818, 0, -0.0430862, 0.0171955
9.88131e-324, 0.999099, 0.000719234, -2.96439e-323, -0.0418309, 0.0171964
0, 0.999152, 0.000697649, 0, -0.0405756, 0.0171973
0, 0.999203, 0.000676063, 0, -0.0393202, 0.0171981
0, 0.999252, 0.000654477, 6.92125e-310, -0.0380647, 0.017199
0, 0.9993, 0.000632889, 3.24107e-321, -0.0368092, 0.0171997
6.92125e-310, 0.999346, 0.0006113, 3.16202e-321, -0.0355536, 0.0172005
6.95266e-310, 0.999391, 0.00058971, 6.92125e-310, -0.034298, 0.0172013
6.95266e-310, 0.999434, 0.000568119, 6.92125e-310, -0.0330423, 0.017202
9.88131e-324, 0.999475, 0.000546528, -2.96439e-323, -0.0317865, 0.0172027
0, 0.999515, 0.000524935, 3.39917e-321, -0.0305307, 0.0172033
0, 0.999553, 0.000503342, 6.92125e-310, -0.0292749, 0.0172039
0, 0.99959, 0.000481749, 0, -0.028019, 0.0172046
6.67819e-319, 0.999625, 0.000460154, -1.46934e-108, -0.0267631, 0.0172051
0, 0.999659, 0.000438559, 2.27616e-320, -0.0255071, 0.0172057
2.27616e-320, 0.999691, 0.000416963, 0, -0.0242511, 0.0172062
6.95266e-310, 0.999721, 0.000395366, -1.46934e-108, -0.022995, 0.0172067
6.95266e-310, 0.99975, 0.000373769, 6.92125e-310, -0.0217389, 0.0172072
2.27616e-320, 0.999778, 0.000352172, -nan, -0.0204828, 0.0172076
6.95266e-310, 0.999803, 0.000330574, 6.92125e-310, -0.0192267, 0.017208
6.95266e-310, 0.999827, 0.000308975, 6.92125e-310, -0.0179705, 0.0172084
6.95266e-310, 0.99985, 0.000287376, 6.92125e-310, -0.0167143, 0.0172088
7.87263e-85, 0.999871, 0.000265777, 3.64265e-319, -0.015458, 0.0172091
7.87263e-85, 0.99989, 0.000244177, 2.11653e+214, -0.0142018, 0.0172094
