0, 0.1, 0
0.000333333, 0.1, -0.00833333
0.000666667, 0.0999972, -0.0166644
0.001, 0.0999917, -0.0249931
0.00133333, 0.0999833, -0.0333191
0.00166667, 0.0999722, -0.0416421
0.002, 0.0999583, -0.0499621
0.00233333, 0.0999417, -0.0582786
0.00266667, 0.0999223, -0.0665915
0.003, 0.0999001, -0.0749006
0.00333333, 0.0998751, -0.0832057
0.00366667, 0.0998474, -0.0915064
0.004, 0.0998169, -0.0998026
0.00433333, 0.0997836, -0.108094
0.00466667, 0.0997476, -0.116381
0.005, 0.0997088, -0.124662
0.00533333, 0.0996672, -0.132938
0.00566667, 0.0996229, -0.141208
0.006, 0.0995758, -0.149472
0.00633333, 0.099526, -0.15773
0.00666667, 0.0994734, -0.165982
0.007, 0.0994181, -0.174227
0.00733333, 0.09936, -0.182466
0.00766667, 0.0992992, -0.190697
0.008, 0.0992356, -0.198921
0.00833333, 0.0991693, -0.207138
0.00866667, 0.0991003, -0.215346
0.009, 0.0990285, -0.223547
0.00933333, 0.098954, -0.23174
0.00966667, 0.0988768, -0.239924
0.01, 0.0987968, -0.2481
0.0103333, 0.0987141, -0.256267
0.0106667, 0.0986287, -0.264425
0.011, 0.0985405, -0.272573
0.0113333, 0.0984497, -0.280713
0.0116667, 0.0983561, -0.288842
0.012, 0.0982598, -0.296961
0.0123333, 0.0981608, -0.30507
0.0126667, 0.0980591, -0.313169
0.013, 0.0979547, -0.321257
0.0133333, 0.0978477, -0.329334
0.0136667, 0.0977379, -0.3374
0.014, 0.0976254, -0.345455
0.0143333, 0.0975103, -0.353499
0.0146667, 0.0973924, -0.36153
0.015, 0.0972719, -0.36955
0.0153333, 0.0971487, -0.377557
0.0156667, 0.0970229, -0.385552
0.016, 0.0968944, -0.393535
0.0163333, 0.0967632, -0.401504
0.0166667, 0.0966293, -0.409461
0.017, 0.0964929, -0.417404
0.0173333, 0.0963537, -0.425334
0.0176667, 0.0962119, -0.43325
0.018, 0.0960675, -0.441152
0.0183333, 0.0959205, -0.44904
0.0186667, 0.0957708, -0.456914
0.019, 0.0956185, -0.464773
0.0193333, 0.0954636, -0.472617
0.0196667, 0.095306, -0.480446
0.02, 0.0951459, -0.48826
0.0203333, 0.0949831, -0.496059
0.0206667, 0.0948178, -0.503842
0.021, 0.0946498, -0.511609
0.0213333, 0.0944793, -0.51936
0.0216667, 0.0943062, -0.527095
0.022, 0.0941305, -0.534813
0.0223333, 0.0939522, -0.542515
0.0226667, 0.0937714, -0.550199
0.023, 0.093588, -0.557867
0.0233333, 0.093402, -0.565517
0.0236667, 0.0932135, -0.57315
0.024, 0.0930225, -0.580765
0.0243333, 0.0928289, -0.588362
0.0246667, 0.0926327, -0.595941
0.025, 0.0924341, -0.603501
0.0253333, 0.0922329, -0.611043
0.0256667, 0.0920292, -0.618566
0.026, 0.0918231, -0.62607
0.0263333, 0.0916144, -0.633555
0.0266667, 0.0914032, -0.641021
0.027, 0.0911895, -0.648467
0.0273333, 0.0909734, -0.655893
0.0276667, 0.0907547, -0.663299
0.028, 0.0905336, -0.670685
0.0283333, 0.0903101, -0.678051
0.0286667, 0.090084, -0.685396
0.029, 0.0898556, -0.69272
0.0293333, 0.0896247, -0.700023
0.0296667, 0.0893913, -0.707306
0.03, 0.0891556, -0.714566
0.0303333, 0.0889174, -0.721805
0.0306667, 0.0886768, -0.729023
0.031, 0.0884338, -0.736218
0.0313333, 0.0881884, -0.743391
0.0316667, 0.0879406, -0.750542
0.032, 0.0876904, -0.75767
0.0323333, 0.0874378, -0.764776
0.0326667, 0.0871829, -0.771858
0.033, 0.0869256, -0.778917
0.0333333, 0.086666, -0.785954
0.0336667, 0.086404, -0.792966
0.034, 0.0861397, -0.799955
0.0343333, 0.085873, -0.80692
0.0346667, 0.085604, -0.813861
0.035, 0.0853328, -0.820778
0.0353333, 0.0850592, -0.82767
0.0356667, 0.0847833, -0.834537
0.036, 0.0845051, -0.84138
0.0363333, 0.0842246, -0.848198
0.0366667, 0.0839419, -0.85499
0.037, 0.0836569, -0.861757
0.0373333, 0.0833697, -0.868499
0.0376667, 0.0830802, -0.875215
0.038, 0.0827884, -0.881905
0.0383333, 0.0824944, -0.888569
0.0386667, 0.0821983, -0.895206
0.039, 0.0818999, -0.901817
0.0393333, 0.0815992, -0.908402
0.0396667, 0.0812964, -0.91496
0.04, 0.0809915, -0.92149
0.0403333, 0.0806843, -0.927994
0.0406667, 0.080375, -0.93447
0.041, 0.0800635, -0.940919
0.0413333, 0.0797498, -0.94734
0.0416667, 0.0794341, -0.953733
0.042, 0.0791161, -0.960098
0.0423333, 0.0787961, -0.966435
0.0426667, 0.078474, -0.972744
0.043, 0.0781497, -0.979024
0.0433333, 0.0778234, -0.985275
0.0436667, 0.077495, -0.991498
0.044, 0.0771645, -0.997691
0.0443333, 0.0768319, -1.00386
0.0446667, 0.0764973, -1.00999
0.045, 0.0761606, -1.0161
0.0453333, 0.0758219, -1.02217
0.0456667, 0.0754812, -1.02822
0.046, 0.0751384, -1.03423
0.0463333, 0.0747937, -1.04022
0.0466667, 0.074447, -1.04617
0.047, 0.0740982, -1.0521
0.0473333, 0.0737475, -1.05799
0.0476667, 0.0733949, -1.06386
0.048, 0.0730403, -1.06969
0.0483333, 0.0726837, -1.07549
0.0486667, 0.0723252, -1.08126
0.049, 0.0719648, -1.087
0.0493333, 0.0716024, -1.09271
0.0496667, 0.0712382, -1.09838
0.05, 0.0708721, -1.10403
0.0503333, 0.0705041, -1.10964
0.0506667, 0.0701342, -1.11522
0.051, 0.0697624, -1.12077
0.0513333, 0.0693889, -1.12628
0.0516667, 0.0690134, -1.13176
0.052, 0.0686362, -1.13721
0.0523333, 0.0682571, -1.14263
0.0526667, 0.0678762, -1.14801
0.053, 0.0674936, -1.15336
0.0533333, 0.0671091, -1.15868
0.0536667, 0.0667229, -1.16396
0.054, 0.0663349, -1.16921
0.0543333, 0.0659452, -1.17443
0.0546667, 0.0655537, -1.17961
0.055, 0.0651605, -1.18476
0.0553333, 0.0647656, -1.18987
0.0556667, 0.0643689, -1.19495
0.056, 0.0639706, -1.2
0.0563333, 0.0635706, -1.20501
0.0566667, 0.063169, -1.20998
0.057, 0.0627656, -1.21493
0.0573333, 0.0623606, -1.21983
0.0576667, 0.061954, -1.2247
0.058, 0.0615458, -1.22954
0.0583333, 0.061136, -1.23434
0.0586667, 0.0607245, -1.23911
0.059, 0.0603115, -1.24384
0.0593333, 0.0598969, -1.24853
0.0596667, 0.0594807, -1.25319
0.06, 0.059063, -1.25781
0.0603333, 0.0586437, -1.2624
0.0606667, 0.0582229, -1.26695
0.061, 0.0578006, -1.27146
0.0613333, 0.0573767, -1.27594
0.0616667, 0.0569514, -1.28038
0.062, 0.0565246, -1.28479
0.0623333, 0.0560964, -1.28915
0.0626667, 0.0556667, -1.29348
0.063, 0.0552355, -1.29778
0.0633333, 0.0548029, -1.30204
0.0636667, 0.0543689, -1.30626
0.064, 0.0539335, -1.31044
0.0643333, 0.0534967, -1.31458
0.0646667, 0.0530585, -1.31869
0.065, 0.0526189, -1.32276
0.0653333, 0.052178, -1.32679
0.0656667, 0.0517357, -1.33079
0.066, 0.0512921, -1.33474
0.0663333, 0.0508472, -1.33866
0.0666667, 0.050401, -1.34254
0.067, 0.0499535, -1.34638
0.0673333, 0.0495047, -1.35019
0.0676667, 0.0490546, -1.35395
0.068, 0.0486033, -1.35768
0.0683333, 0.0481507, -1.36137
0.0686667, 0.047697, -1.36502
0.069, 0.0472419, -1.36863
0.0693333, 0.0467857, -1.3722
0.0696667, 0.0463283, -1.37573
0.07, 0.0458698, -1.37923
0.0703333, 0.04541, -1.38268
0.0706667, 0.0449491, -1.3861
0.071, 0.0444871, -1.38947
0.0713333, 0.0440239, -1.39281
0.0716667, 0.0435597, -1.39611
0.072, 0.0430943, -1.39936
0.0723333, 0.0426278, -1.40258
0.0726667, 0.0421603, -1.40576
0.073, 0.0416917, -1.4089
0.0733333, 0.0412221, -1.412
0.0736667, 0.0407514, -1.41506
0.074, 0.0402797, -1.41808
0.0743333, 0.0398071, -1.42105
0.0746667, 0.0393334, -1.42399
0.075, 0.0388587, -1.42689
0.0753333, 0.0383831, -1.42975
0.0756667, 0.0379065, -1.43257
0.076, 0.037429, -1.43534
0.0763333, 0.0369505, -1.43808
0.0766667, 0.0364712, -1.44077
0.077, 0.0359909, -1.44343
0.0773333, 0.0355098, -1.44604
0.0776667, 0.0350277, -1.44862
0.078, 0.0345449, -1.45115
0.0783333, 0.0340612, -1.45364
0.0786667, 0.0335766, -1.45609
0.079, 0.0330912, -1.4585
0.0793333, 0.0326051, -1.46087
0.0796667, 0.0321181, -1.4632
0.08, 0.0316304, -1.46548
0.0803333, 0.0311419, -1.46773
0.0806667, 0.0306527, -1.46993
0.081, 0.0301627, -1.4721
0.0813333, 0.029672, -1.47422
0.0816667, 0.0291806, -1.4763
0.082, 0.0286885, -1.47833
0.0823333, 0.0281957, -1.48033
0.0826667, 0.0277022, -1.48229
0.083, 0.0272082, -1.4842
0.0833333, 0.0267134, -1.48607
0.0836667, 0.0262181, -1.4879
0.084, 0.0257221, -1.48969
0.0843333, 0.0252255, -1.49143
0.0846667, 0.0247284, -1.49314
0.085, 0.0242307, -1.4948
0.0853333, 0.0237324, -1.49642
0.0856667, 0.0232336, -1.498
0.086, 0.0227343, -1.49954
0.0863333, 0.0222344, -1.50103
0.0866667, 0.0217341, -1.50248
0.087, 0.0212332, -1.5039
0.0873333, 0.020732, -1.50526
0.0876667, 0.0202302, -1.50659
0.088, 0.019728, -1.50787
0.0883333, 0.0192254, -1.50912
0.0886667, 0.0187223, -1.51032
0.089, 0.0182189, -1.51147
0.0893333, 0.0177151, -1.51259
0.0896667, 0.0172109, -1.51366
0.09, 0.0167063, -1.51469
0.0903333, 0.0162014, -1.51568
0.0906667, 0.0156962, -1.51663
0.091, 0.0151907, -1.51753
0.0913333, 0.0146848, -1.51839
0.0916667, 0.0141787, -1.51921
0.092, 0.0136723, -1.51999
0.0923333, 0.0131656, -1.52072
0.0926667, 0.0126587, -1.52141
0.093, 0.0121516, -1.52206
0.0933333, 0.0116442, -1.52267
0.0936667, 0.0111367, -1.52323
0.094, 0.0106289, -1.52375
0.0943333, 0.010121, -1.52423
0.0946667, 0.00961293, -1.52467
0.095, 0.0091047, -1.52506
0.0953333, 0.00859635, -1.52542
0.0956667, 0.00808788, -1.52573
0.096, 0.0075793, -1.52599
0.0963333, 0.00707064, -1.52622
0.0966667, 0.0065619, -1.5264
0.097, 0.0060531, -1.52654
0.0973333, 0.00554425, -1.52664
0.0976667, 0.00503537, -1.52669
0.098, 0.00452647, -1.5267
0.0983333, 0.00401757, -1.52667
0.0986667, 0.00350868, -1.5266
0.099, 0.00299981, -1.52649
0.0993333, 0.00249098, -1.52633
0.0996667, 0.00198221, -1.52613
0.1, 0.0014735, -1.52589
0.100333, 0.000964867, -1.52561
0.100667, 0.000456332, -1.52528
0.101, -5.20945e-05, -1.52491
0.101333, -0.000560398, -1.5245
0.101667, -0.00106856, -1.52405
0.102, -0.00157658, -1.52355
0.102333, -0.00208443, -1.52301
0.102667, -0.0025921, -1.52243
0.103, -0.00309958, -1.52181
0.103333, -0.00360685, -1.52115
0.103667, -0.0041139, -1.52044
0.104, -0.00462071, -1.51969
0.104333, -0.00512728, -1.5189
0.104667, -0.00563358, -1.51807
0.105, -0.0061396, -1.5172
0.105333, -0.00664533, -1.51628
0.105667, -0.00715076, -1.51532
0.106, -0.00765587, -1.51432
0.106333, -0.00816064, -1.51328
0.106667, -0.00866507, -1.5122
0.107, -0.00916913, -1.51107
0.107333, -0.00967282, -1.5099
0.107667, -0.0101761, -1.50869
0.108, -0.010679, -1.50744
0.108333, -0.0111815, -1.50615
0.108667, -0.0116836, -1.50482
0.109, -0.0121852, -1.50344
0.109333, -0.0126863, -1.50203
0.109667, -0.013187, -1.50057
0.11, -0.0136872, -1.49907
0.110333, -0.0141869, -1.49753
0.110667, -0.014686, -1.49595
0.111, -0.0151847, -1.49433
0.111333, -0.0156828, -1.49266
0.111667, -0.0161804, -1.49096
0.112, -0.0166773, -1.48921
0.112333, -0.0171737, -1.48742
0.112667, -0.0176696, -1.4856
0.113, -0.0181647, -1.48373
0.113333, -0.0186593, -1.48182
0.113667, -0.0191533, -1.47987
0.114, -0.0196466, -1.47788
0.114333, -0.0201392, -1.47585
0.114667, -0.0206311, -1.47377
0.115, -0.0211224, -1.47166
0.115333, -0.0216129, -1.46951
0.115667, -0.0221028, -1.46732
0.116, -0.0225919, -1.46508
0.116333, -0.0230802, -1.46281
0.116667, -0.0235678, -1.4605
0.117, -0.0240547, -1.45814
0.117333, -0.0245407, -1.45575
0.117667, -0.025026, -1.45332
0.118, -0.0255104, -1.45084
0.118333, -0.025994, -1.44833
0.118667, -0.0264768, -1.44578
0.119, -0.0269587, -1.44319
0.119333, -0.0274398, -1.44056
0.119667, -0.02792, -1.43788
0.12, -0.0283993, -1.43517
0.120333, -0.0288777, -1.43243
0.120667, -0.0293551, -1.42964
0.121, -0.0298317, -1.42681
0.121333, -0.0303073, -1.42394
0.121667, -0.0307819, -1.42104
0.122, -0.0312556, -1.41809
0.122333, -0.0317283, -1.41511
0.122667, -0.0322, -1.41209
0.123, -0.0326707, -1.40903
0.123333, -0.0331404, -1.40593
0.123667, -0.033609, -1.40279
0.124, -0.0340766, -1.39962
0.124333, -0.0345432, -1.39641
0.124667, -0.0350086, -1.39316
0.125, -0.035473, -1.38987
0.125333, -0.0359363, -1.38654
0.125667, -0.0363985, -1.38318
0.126, -0.0368596, -1.37977
0.126333, -0.0373195, -1.37633
0.126667, -0.0377783, -1.37286
0.127, -0.0382359, -1.36934
0.127333, -0.0386923, -1.36579
0.127667, -0.0391476, -1.3622
0.128, -0.0396017, -1.35858
0.128333, -0.0400545, -1.35491
0.128667, -0.0405062, -1.35122
0.129, -0.0409566, -1.34748
0.129333, -0.0414057, -1.34371
0.129667, -0.0418536, -1.3399
0.13, -0.0423003, -1.33605
0.130333, -0.0427456, -1.33217
0.130667, -0.0431897, -1.32825
0.131, -0.0436324, -1.3243
0.131333, -0.0440739, -1.32031
0.131667, -0.044514, -1.31629
0.132, -0.0449527, -1.31223
0.132333, -0.0453901, -1.30813
0.132667, -0.0458262, -1.304
0.133, -0.0462608, -1.29983
0.133333, -0.0466941, -1.29563
0.133667, -0.047126, -1.29139
0.134, -0.0475565, -1.28712
0.134333, -0.0479855, -1.28282
0.134667, -0.0484131, -1.27848
0.135, -0.0488393, -1.2741
0.135333, -0.049264, -1.26969
0.135667, -0.0496872, -1.26525
0.136, -0.0501089, -1.26077
0.136333, -0.0505292, -1.25626
0.136667, -0.0509479, -1.25171
0.137, -0.0513652, -1.24713
0.137333, -0.0517809, -1.24252
0.137667, -0.0521951, -1.23787
0.138, -0.0526077, -1.23319
0.138333, -0.0530188, -1.22848
0.138667, -0.0534282, -1.22373
0.139, -0.0538362, -1.21896
0.139333, -0.0542425, -1.21414
0.139667, -0.0546472, -1.2093
0.14, -0.0550503, -1.20442
0.140333, -0.0554518, -1.19951
0.140667, -0.0558516, -1.19457
0.141, -0.0562498, -1.1896
0.141333, -0.0566463, -1.1846
0.141667, -0.0570412, -1.17956
0.142, -0.0574344, -1.17449
0.142333, -0.0578259, -1.16939
0.142667, -0.0582157, -1.16426
0.143, -0.0586038, -1.1591
0.143333, -0.0589901, -1.15391
0.143667, -0.0593748, -1.14868
0.144, -0.0597577, -1.14343
0.144333, -0.0601388, -1.13814
0.144667, -0.0605182, -1.13283
0.145, -0.0608958, -1.12748
0.145333, -0.0612716, -1.12211
0.145667, -0.0616457, -1.1167
0.146, -0.0620179, -1.11127
0.146333, -0.0623883, -1.1058
0.146667, -0.0627569, -1.10031
0.147, -0.0631237, -1.09479
0.147333, -0.0634886, -1.08924
0.147667, -0.0638517, -1.08365
0.148, -0.0642129, -1.07804
0.148333, -0.0645723, -1.07241
0.148667, -0.0649297, -1.06674
0.149, -0.0652853, -1.06104
0.149333, -0.065639, -1.05532
0.149667, -0.0659908, -1.04957
0.15, -0.0663406, -1.04379
0.150333, -0.0666886, -1.03798
0.150667, -0.0670345, -1.03215
0.151, -0.0673786, -1.02629
0.151333, -0.0677207, -1.0204
0.151667, -0.0680608, -1.01448
0.152, -0.068399, -1.00854
0.152333, -0.0687352, -1.00257
0.152667, -0.0690694, -0.996577
0.153, -0.0694015, -0.990555
0.153333, -0.0697317, -0.984507
0.153667, -0.0700599, -0.978434
0.154, -0.070386, -0.972335
0.154333, -0.0707102, -0.96621
0.154667, -0.0710322, -0.96006
0.155, -0.0713523, -0.953884
0.155333, -0.0716702, -0.947684
0.155667, -0.0719861, -0.941459
0.156, -0.0722999, -0.935209
0.156333, -0.0726117, -0.928934
0.156667, -0.0729213, -0.922636
0.157, -0.0732289, -0.916313
0.157333, -0.0735343, -0.909966
0.157667, -0.0738376, -0.903596
0.158, -0.0741388, -0.897202
0.158333, -0.0744379, -0.890784
0.158667, -0.0747348, -0.884343
0.159, -0.0750296, -0.87788
0.159333, -0.0753222, -0.871393
0.159667, -0.0756127, -0.864884
0.16, -0.075901, -0.858352
0.160333, -0.0761871, -0.851798
0.160667, -0.076471, -0.845222
0.161, -0.0767528, -0.838624
0.161333, -0.0770323, -0.832004
0.161667, -0.0773096, -0.825363
0.162, -0.0775848, -0.818701
0.162333, -0.0778577, -0.812017
0.162667, -0.0781283, -0.805312
0.163, -0.0783968, -0.798587
0.163333, -0.078663, -0.791841
0.163667, -0.0789269, -0.785074
0.164, -0.0791886, -0.778288
0.164333, -0.079448, -0.771481
0.164667, -0.0797052, -0.764655
0.165, -0.0799601, -0.757809
0.165333, -0.0802127, -0.750943
0.165667, -0.080463, -0.744059
0.166, -0.080711, -0.737155
0.166333, -0.0809567, -0.730233
0.166667, -0.0812001, -0.723292
0.167, -0.0814412, -0.716332
0.167333, -0.08168, -0.709354
0.167667, -0.0819165, -0.702358
0.168, -0.0821506, -0.695345
0.168333, -0.0823824, -0.688313
0.168667, -0.0826118, -0.681265
0.169, -0.0828389, -0.674199
0.169333, -0.0830636, -0.667116
0.169667, -0.083286, -0.660016
0.17, -0.083506, -0.652899
0.170333, -0.0837236, -0.645766
0.170667, -0.0839389, -0.638617
0.171, -0.0841518, -0.631452
0.171333, -0.0843623, -0.624271
0.171667, -0.0845703, -0.617074
0.172, -0.084776, -0.609862
0.172333, -0.0849793, -0.602635
0.172667, -0.0851802, -0.595393
0.173, -0.0853787, -0.588135
0.173333, -0.0855747, -0.580864
0.173667, -0.0857683, -0.573578
0.174, -0.0859595, -0.566277
0.174333, -0.0861483, -0.558963
0.174667, -0.0863346, -0.551635
0.175, -0.0865185, -0.544293
0.175333, -0.0866999, -0.536938
0.175667, -0.0868789, -0.52957
0.176, -0.0870554, -0.522189
0.176333, -0.0872295, -0.514795
0.176667, -0.0874011, -0.507389
0.177, -0.0875702, -0.49997
0.177333, -0.0877369, -0.492539
0.177667, -0.087901, -0.485096
0.178, -0.0880627, -0.477642
0.178333, -0.088222, -0.470176
0.178667, -0.0883787, -0.462699
0.179, -0.0885329, -0.45521
0.179333, -0.0886847, -0.447711
0.179667, -0.0888339, -0.440202
0.18, -0.0889806, -0.432681
0.180333, -0.0891248, -0.425151
0.180667, -0.0892666, -0.41761
0.181, -0.0894058, -0.41006
0.181333, -0.0895425, -0.4025
0.181667, -0.0896766, -0.394931
0.182, -0.0898083, -0.387353
0.182333, -0.0899374, -0.379765
0.182667, -0.090064, -0.372169
0.183, -0.090188, -0.364565
0.183333, -0.0903096, -0.356952
0.183667, -0.0904285, -0.349331
0.184, -0.090545, -0.341702
0.184333, -0.0906589, -0.334066
0.184667, -0.0907702, -0.326422
0.185, -0.090879, -0.31877
0.185333, -0.0909853, -0.311112
0.185667, -0.091089, -0.303447
0.186, -0.0911902, -0.295775
0.186333, -0.0912887, -0.288097
0.186667, -0.0913848, -0.280413
0.187, -0.0914782, -0.272723
0.187333, -0.0915692, -0.265027
0.187667, -0.0916575, -0.257326
0.188, -0.0917433, -0.249619
0.188333, -0.0918265, -0.241907
0.188667, -0.0919071, -0.23419
0.189, -0.0919852, -0.226469
0.189333, -0.0920607, -0.218743
0.189667, -0.0921336, -0.211013
0.19, -0.0922039, -0.203279
0.190333, -0.0922717, -0.195541
0.190667, -0.0923369, -0.1878
0.191, -0.0923995, -0.180055
0.191333, -0.0924595, -0.172307
0.191667, -0.0925169, -0.164556
0.192, -0.0925718, -0.156802
0.192333, -0.092624, -0.149046
0.192667, -0.0926737, -0.141288
0.193, -0.0927208, -0.133527
0.193333, -0.0927653, -0.125765
0.193667, -0.0928072, -0.118001
0.194, -0.0928466, -0.110236
0.194333, -0.0928833, -0.102469
0.194667, -0.0929175, -0.0947013
0.195, -0.092949, -0.0869329
0.195333, -0.092978, -0.079164
0.195667, -0.0930044, -0.0713947
0.196, -0.0930282, -0.0636253
0.196333, -0.0930494, -0.055856
0.196667, -0.093068, -0.048087
0.197, -0.0930841, -0.0403185
0.197333, -0.0930975, -0.0325507
0.197667, -0.0931084, -0.0247839
0.198, -0.0931166, -0.0170183
0.198333, -0.0931223, -0.00925403
0.198667, -0.0931254, -0.00149138
0.199, -0.0931259, 0.00626947
0.199333, -0.0931238, 0.0140283
0.199667, -0.0931191, 0.0217849
0.2, -0.0931118, 0.029539
0.200333, -0.093102, 0.0372904
0.200667, -0.0930896, 0.045039
0.201, -0.0930746, 0.0527844
0.201333, -0.093057, 0.0605266
0.201667, -0.0930368, 0.0682652
0.202, -0.093014, 0.076
0.202333, -0.0929887, 0.0837309
0.202667, -0.0929608, 0.0914577
0.203, -0.0929303, 0.09918
0.203333, -0.0928972, 0.106898
0.203667, -0.0928616, 0.114611
0.204, -0.0928234, 0.122319
0.204333, -0.0927826, 0.130021
0.204667, -0.0927393, 0.137718
0.205, -0.0926934, 0.14541
0.205333, -0.0926449, 0.153096
0.205667, -0.0925939, 0.160775
0.206, -0.0925403, 0.168449
0.206333, -0.0924841, 0.176115
0.206667, -0.0924254, 0.183775
0.207, -0.0923642, 0.191428
0.207333, -0.0923004, 0.199074
0.207667, -0.092234, 0.206713
0.208, -0.0921651, 0.214344
0.208333, -0.0920937, 0.221967
0.208667, -0.0920197, 0.229583
0.209, -0.0919431, 0.23719
0.209333, -0.0918641, 0.244788
0.209667, -0.0917825, 0.252378
0.21, -0.0916984, 0.25996
0.210333, -0.0916117, 0.267532
0.210667, -0.0915225, 0.275095
0.211, -0.0914308, 0.282648
0.211333, -0.0913366, 0.290192
0.211667, -0.0912399, 0.297726
0.212, -0.0911406, 0.30525
0.212333, -0.0910389, 0.312764
0.212667, -0.0909346, 0.320267
0.213, -0.0908279, 0.327759
0.213333, -0.0907186, 0.335241
0.213667, -0.0906069, 0.342712
0.214, -0.0904926, 0.350171
0.214333, -0.0903759, 0.357618
0.214667, -0.0902567, 0.365054
0.215, -0.090135, 0.372478
0.215333, -0.0900109, 0.37989
0.215667, -0.0898842, 0.38729
0.216, -0.0897551, 0.394677
0.216333, -0.0896236, 0.402051
0.216667, -0.0894896, 0.409413
0.217, -0.0893531, 0.416761
0.217333, -0.0892142, 0.424096
0.217667, -0.0890728, 0.431417
0.218, -0.088929, 0.438725
0.218333, -0.0887828, 0.446019
0.218667, -0.0886341, 0.453299
0.219, -0.088483, 0.460564
0.219333, -0.0883295, 0.467815
0.219667, -0.0881735, 0.475051
0.22, -0.0880152, 0.482272
0.220333, -0.0878544, 0.489478
0.220667, -0.0876913, 0.496668
0.221, -0.0875257, 0.503844
0.221333, -0.0873578, 0.511003
0.221667, -0.0871874, 0.518147
0.222, -0.0870147, 0.525274
0.222333, -0.0868396, 0.532385
0.222667, -0.0866621, 0.53948
0.223, -0.0864823, 0.546558
0.223333, -0.0863001, 0.553619
0.223667, -0.0861156, 0.560663
0.224, -0.0859287, 0.56769
0.224333, -0.0857395, 0.574699
0.224667, -0.0855479, 0.581691
0.225, -0.085354, 0.588665
0.225333, -0.0851578, 0.595621
0.225667, -0.0849593, 0.602558
0.226, -0.0847584, 0.609477
0.226333, -0.0845552, 0.616378
0.226667, -0.0843498, 0.62326
0.227, -0.084142, 0.630123
0.227333, -0.083932, 0.636967
0.227667, -0.0837197, 0.643791
0.228, -0.0835051, 0.650596
0.228333, -0.0832882, 0.657381
0.228667, -0.0830691, 0.664147
0.229, -0.0828477, 0.670892
0.229333, -0.0826241, 0.677617
0.229667, -0.0823982, 0.684322
0.23, -0.0821701, 0.691006
0.230333, -0.0819397, 0.697669
0.230667, -0.0817072, 0.704311
0.231, -0.0814724, 0.710933
0.231333, -0.0812354, 0.717532
0.231667, -0.0809963, 0.724111
0.232, -0.0807549, 0.730667
0.232333, -0.0805113, 0.737202
0.232667, -0.0802656, 0.743715
0.233, -0.0800177, 0.750205
0.233333, -0.0797676, 0.756673
0.233667, -0.0795154, 0.763119
0.234, -0.079261, 0.769541
0.234333, -0.0790045, 0.775941
0.234667, -0.0787459, 0.782318
0.235, -0.0784851, 0.788672
0.235333, -0.0782222, 0.795002
0.235667, -0.0779572, 0.801308
0.236, -0.0776901, 0.807591
0.236333, -0.0774209, 0.81385
0.236667, -0.0771496, 0.820085
0.237, -0.0768763, 0.826295
0.237333, -0.0766008, 0.832481
0.237667, -0.0763233, 0.838642
0.238, -0.0760438, 0.844779
0.238333, -0.0757622, 0.850891
0.238667, -0.0754786, 0.856977
0.239, -0.0751929, 0.863039
0.239333, -0.0749052, 0.869075
0.239667, -0.0746155, 0.875085
0.24, -0.0743238, 0.88107
0.240333, -0.0740302, 0.887028
0.240667, -0.0737345, 0.892961
0.241, -0.0734368, 0.898867
0.241333, -0.0731372, 0.904747
0.241667, -0.0728356, 0.910601
0.242, -0.0725321, 0.916428
0.242333, -0.0722266, 0.922228
0.242667, -0.0719192, 0.928001
0.243, -0.0716099, 0.933746
0.243333, -0.0712986, 0.939465
0.243667, -0.0709855, 0.945156
0.244, -0.0706704, 0.950819
0.244333, -0.0703535, 0.956455
0.244667, -0.0700347, 0.962063
0.245, -0.069714, 0.967642
0.245333, -0.0693914, 0.973194
0.245667, -0.069067, 0.978717
0.246, -0.0687408, 0.984212
0.246333, -0.0684127, 0.989678
0.246667, -0.0680828, 0.995115
0.247, -0.0677511, 1.00052
0.247333, -0.0674176, 1.0059
0.247667, -0.0670823, 1.01125
0.248, -0.0667452, 1.01657
0.248333, -0.0664064, 1.02186
0.248667, -0.0660657, 1.02712
0.249, -0.0657234, 1.03236
0.249333, -0.0653792, 1.03756
0.249667, -0.0650334, 1.04273
0.25, -0.0646858, 1.04787
0.250333, -0.0643365, 1.05298
0.250667, -0.0639855, 1.05806
0.251, -0.0636328, 1.06311
0.251333, -0.0632785, 1.06813
0.251667, -0.0629224, 1.07312
0.252, -0.0625647, 1.07808
0.252333, -0.0622054, 1.083
0.252667, -0.0618444, 1.0879
0.253, -0.0614817, 1.09276
0.253333, -0.0611175, 1.09759
0.253667, -0.0607516, 1.10239
0.254, -0.0603841, 1.10716
0.254333, -0.0600151, 1.1119
0.254667, -0.0596445, 1.11661
0.255, -0.0592723, 1.12128
0.255333, -0.0588985, 1.12592
0.255667, -0.0585232, 1.13053
0.256, -0.0581464, 1.1351
0.256333, -0.057768, 1.13964
0.256667, -0.0573881, 1.14415
0.257, -0.0570067, 1.14863
0.257333, -0.0566238, 1.15308
0.257667, -0.0562395, 1.15749
0.258, -0.0558537, 1.16187
0.258333, -0.0554664, 1.16621
0.258667, -0.0550776, 1.17052
0.259, -0.0546875, 1.1748
0.259333, -0.0542959, 1.17904
0.259667, -0.0539028, 1.18325
0.26, -0.0535084, 1.18743
0.260333, -0.0531126, 1.19157
0.260667, -0.0527154, 1.19568
0.261, -0.0523169, 1.19975
0.261333, -0.0519169, 1.20379
0.261667, -0.0515157, 1.2078
0.262, -0.0511131, 1.21177
0.262333, -0.0507092, 1.21571
0.262667, -0.0503039, 1.21961
0.263, -0.0498974, 1.22347
0.263333, -0.0494896, 1.22731
0.263667, -0.0490805, 1.2311
0.264, -0.0486701, 1.23487
0.264333, -0.0482585, 1.23859
0.264667, -0.0478456, 1.24228
0.265, -0.0474315, 1.24594
0.265333, -0.0470162, 1.24956
0.265667, -0.0465997, 1.25314
0.266, -0.046182, 1.25669
0.266333, -0.0457631, 1.26021
0.266667, -0.045343, 1.26368
0.267, -0.0449218, 1.26713
0.267333, -0.0444994, 1.27053
0.267667, -0.0440759, 1.2739
0.268, -0.0436513, 1.27723
0.268333, -0.0432255, 1.28053
0.268667, -0.0427987, 1.28379
0.269, -0.0423707, 1.28702
0.269333, -0.0419417, 1.2902
0.269667, -0.0415117, 1.29335
0.27, -0.0410805, 1.29647
0.270333, -0.0406484, 1.29955
0.270667, -0.0402152, 1.30259
0.271, -0.039781, 1.30559
0.271333, -0.0393458, 1.30856
0.271667, -0.0389096, 1.31149
0.272, -0.0384725, 1.31438
0.272333, -0.0380343, 1.31724
0.272667, -0.0375953, 1.32005
0.273, -0.0371552, 1.32284
0.273333, -0.0367143, 1.32558
0.273667, -0.0362724, 1.32829
0.274, -0.0358297, 1.33095
0.274333, -0.035386, 1.33358
0.274667, -0.0349415, 1.33618
0.275, -0.0344961, 1.33873
0.275333, -0.0340499, 1.34125
0.275667, -0.0336028, 1.34373
0.276, -0.0331549, 1.34617
0.276333, -0.0327061, 1.34858
0.276667, -0.0322566, 1.35094
0.277, -0.0318063, 1.35327
0.277333, -0.0313552, 1.35556
0.277667, -0.0309034, 1.35781
0.278, -0.0304507, 1.36002
0.278333, -0.0299974, 1.3622
0.278667, -0.0295433, 1.36434
0.279, -0.0290886, 1.36643
0.279333, -0.0286331, 1.36849
0.279667, -0.0281769, 1.37051
0.28, -0.0277201, 1.3725
0.280333, -0.0272626, 1.37444
0.280667, -0.0268044, 1.37635
0.281, -0.0263457, 1.37821
0.281333, -0.0258862, 1.38004
0.281667, -0.0254262, 1.38183
0.282, -0.0249656, 1.38358
0.282333, -0.0245044, 1.38529
0.282667, -0.0240427, 1.38697
0.283, -0.0235803, 1.3886
0.283333, -0.0231175, 1.39019
0.283667, -0.0226541, 1.39175
0.284, -0.0221902, 1.39327
0.284333, -0.0217257, 1.39474
0.284667, -0.0212608, 1.39618
0.285, -0.0207954, 1.39758
0.285333, -0.0203296, 1.39894
0.285667, -0.0198633, 1.40026
0.286, -0.0193965, 1.40154
0.286333, -0.0189293, 1.40279
0.286667, -0.0184617, 1.40399
0.287, -0.0179937, 1.40516
0.287333, -0.0175253, 1.40628
0.287667, -0.0170566, 1.40737
0.288, -0.0165875, 1.40841
0.288333, -0.016118, 1.40942
0.288667, -0.0156482, 1.41039
0.289, -0.0151781, 1.41131
0.289333, -0.0147076, 1.4122
0.289667, -0.0142369, 1.41305
0.29, -0.0137659, 1.41386
0.290333, -0.0132946, 1.41463
0.290667, -0.012823, 1.41536
0.291, -0.0123513, 1.41605
0.291333, -0.0118792, 1.4167
0.291667, -0.011407, 1.41732
0.292, -0.0109346, 1.41789
0.292333, -0.0104619, 1.41842
0.292667, -0.00998912, 1.41892
0.293, -0.00951615, 1.41937
0.293333, -0.00904303, 1.41978
0.293667, -0.00856977, 1.42016
0.294, -0.00809638, 1.42049
0.294333, -0.00762288, 1.42079
0.294667, -0.00714929, 1.42105
0.295, -0.0066756, 1.42126
0.295333, -0.00620185, 1.42144
0.295667, -0.00572804, 1.42158
0.296, -0.00525418, 1.42168
0.296333, -0.00478028, 1.42174
0.296667, -0.00430637, 1.42175
0.297, -0.00383245, 1.42173
0.297333, -0.00335854, 1.42167
0.297667, -0.00288465, 1.42158
0.298, -0.00241079, 1.42144
0.298333, -0.00193698, 1.42126
0.298667, -0.00146323, 1.42104
0.299, -0.000989546, 1.42078
0.299333, -0.000515951, 1.42049
0.299667, -4.24553e-05, 1.42015
0.3, 0.000430929, 1.41978
0.300333, 0.000904188, 1.41936
0.300667, 0.00137731, 1.41891
0.301, 0.00185028, 1.41842
0.301333, 0.00232308, 1.41788
0.301667, 0.00279571, 1.41731
0.302, 0.00326815, 1.4167
0.302333, 0.00374038, 1.41605
0.302667, 0.0042124, 1.41536
0.303, 0.00468418, 1.41463
0.303333, 0.00515573, 1.41386
0.303667, 0.00562702, 1.41306
0.304, 0.00609804, 1.41221
0.304333, 0.00656877, 1.41133
0.304667, 0.00703922, 1.4104
0.305, 0.00750935, 1.40944
0.305333, 0.00797916, 1.40844
0.305667, 0.00844864, 1.4074
0.306, 0.00891778, 1.40632
0.306333, 0.00938655, 1.4052
0.306667, 0.00985495, 1.40404
0.307, 0.010323, 1.40285
0.307333, 0.0107906, 1.40161
0.307667, 0.0112578, 1.40034
0.308, 0.0117246, 1.39903
0.308333, 0.0121909, 1.39768
0.308667, 0.0126568, 1.39629
0.309, 0.0131222, 1.39486
0.309333, 0.0135872, 1.3934
0.309667, 0.0140517, 1.39189
0.31, 0.0145156, 1.39035
0.310333, 0.0149791, 1.38877
0.310667, 0.015442, 1.38715
0.311, 0.0159044, 1.3855
0.311333, 0.0163662, 1.3838
0.311667, 0.0168275, 1.38207
0.312, 0.0172882, 1.3803
0.312333, 0.0177483, 1.37849
0.312667, 0.0182078, 1.37664
0.313, 0.0186666, 1.37476
0.313333, 0.0191249, 1.37284
0.313667, 0.0195825, 1.37088
0.314, 0.0200395, 1.36888
0.314333, 0.0204958, 1.36684
0.314667, 0.0209514, 1.36477
0.315, 0.0214063, 1.36266
0.315333, 0.0218605, 1.36051
0.315667, 0.022314, 1.35833
0.316, 0.0227668, 1.35611
0.316333, 0.0232188, 1.35385
0.316667, 0.0236701, 1.35155
0.317, 0.0241206, 1.34922
0.317333, 0.0245704, 1.34685
0.317667, 0.0250193, 1.34444
0.318, 0.0254675, 1.342
0.318333, 0.0259148, 1.33952
0.318667, 0.0263613, 1.337
0.319, 0.026807, 1.33445
0.319333, 0.0272518, 1.33186
0.319667, 0.0276958, 1.32923
0.32, 0.0281388, 1.32657
0.320333, 0.028581, 1.32387
0.320667, 0.0290223, 1.32114
0.321, 0.0294627, 1.31837
0.321333, 0.0299022, 1.31556
0.321667, 0.0303407, 1.31272
0.322, 0.0307782, 1.30984
0.322333, 0.0312149, 1.30693
0.322667, 0.0316505, 1.30398
0.323, 0.0320852, 1.30099
0.323333, 0.0325188, 1.29797
0.323667, 0.0329515, 1.29491
0.324, 0.0333831, 1.29182
0.324333, 0.0338137, 1.2887
0.324667, 0.0342433, 1.28553
0.325, 0.0346718, 1.28234
0.325333, 0.0350992, 1.27911
0.325667, 0.0355256, 1.27584
0.326, 0.0359509, 1.27254
0.326333, 0.0363751, 1.26921
0.326667, 0.0367981, 1.26584
0.327, 0.0372201, 1.26243
0.327333, 0.0376409, 1.25899
0.327667, 0.0380606, 1.25552
0.328, 0.0384791, 1.25201
0.328333, 0.0388964, 1.24847
0.328667, 0.0393126, 1.2449
0.329, 0.0397275, 1.24129
0.329333, 0.0401413, 1.23765
0.329667, 0.0405538, 1.23397
0.33, 0.0409652, 1.23027
0.330333, 0.0413753, 1.22652
0.330667, 0.0417841, 1.22275
0.331, 0.0421917, 1.21894
0.331333, 0.042598, 1.2151
0.331667, 0.043003, 1.21123
0.332, 0.0434068, 1.20732
0.332333, 0.0438092, 1.20338
0.332667, 0.0442103, 1.19941
0.333, 0.0446101, 1.1954
0.333333, 0.0450086, 1.19137
0.333667, 0.0454057, 1.1873
0.334, 0.0458015, 1.1832
0.334333, 0.0461959, 1.17907
0.334667, 0.0465889, 1.1749
0.335, 0.0469806, 1.17071
0.335333, 0.0473708, 1.16648
0.335667, 0.0477596, 1.16222
0.336, 0.048147, 1.15793
0.336333, 0.048533, 1.15361
0.336667, 0.0489175, 1.14926
0.337, 0.0493006, 1.14488
0.337333, 0.0496823, 1.14046
0.337667, 0.0500624, 1.13602
0.338, 0.0504411, 1.13154
0.338333, 0.0508183, 1.12704
0.338667, 0.0511939, 1.1225
0.339, 0.0515681, 1.11794
0.339333, 0.0519408, 1.11334
0.339667, 0.0523119, 1.10872
0.34, 0.0526814, 1.10406
0.340333, 0.0530495, 1.09938
0.340667, 0.0534159, 1.09466
0.341, 0.0537808, 1.08992
0.341333, 0.0541441, 1.08515
0.341667, 0.0545058, 1.08035
0.342, 0.0548659, 1.07552
0.342333, 0.0552244, 1.07066
0.342667, 0.0555813, 1.06577
0.343, 0.0559366, 1.06085
0.343333, 0.0562902, 1.05591
0.343667, 0.0566422, 1.05094
0.344, 0.0569925, 1.04594
0.344333, 0.0573411, 1.04091
0.344667, 0.0576881, 1.03585
0.345, 0.0580334, 1.03077
0.345333, 0.058377, 1.02566
0.345667, 0.0587189, 1.02052
0.346, 0.059059, 1.01535
0.346333, 0.0593975, 1.01016
0.346667, 0.0597342, 1.00494
0.347, 0.0600692, 0.999696
0.347333, 0.0604024, 0.994423
0.347667, 0.0607339, 0.989125
0.348, 0.0610636, 0.9838
0.348333, 0.0613915, 0.978449
0.348667, 0.0617177, 0.973072
0.349, 0.062042, 0.967669
0.349333, 0.0623646, 0.962241
0.349667, 0.0626853, 0.956787
0.35, 0.0630043, 0.951309
0.350333, 0.0633214, 0.945805
0.350667, 0.0636366, 0.940276
0.351, 0.0639501, 0.934722
0.351333, 0.0642616, 0.929143
0.351667, 0.0645714, 0.92354
0.352, 0.0648792, 0.917913
0.352333, 0.0651852, 0.912262
0.352667, 0.0654893, 0.906586
0.353, 0.0657915, 0.900887
0.353333, 0.0660918, 0.895164
0.353667, 0.0663901, 0.889418
0.354, 0.0666866, 0.883648
0.354333, 0.0669812, 0.877855
0.354667, 0.0672738, 0.87204
0.355, 0.0675645, 0.866201
0.355333, 0.0678532, 0.86034
0.355667, 0.06814, 0.854456
0.356, 0.0684248, 0.84855
0.356333, 0.0687076, 0.842621
0.356667, 0.0689885, 0.836671
0.357, 0.0692674, 0.830699
0.357333, 0.0695443, 0.824705
0.357667, 0.0698192, 0.81869
0.358, 0.0700921, 0.812653
0.358333, 0.070363, 0.806595
0.358667, 0.0706319, 0.800517
0.359, 0.0708987, 0.794417
0.359333, 0.0711635, 0.788297
0.359667, 0.0714263, 0.782157
0.36, 0.071687, 0.775996
0.360333, 0.0719457, 0.769815
0.360667, 0.0722023, 0.763614
0.361, 0.0724568, 0.757394
0.361333, 0.0727093, 0.751154
0.361667, 0.0729596, 0.744894
0.362, 0.0732079, 0.738616
0.362333, 0.0734541, 0.732318
0.362667, 0.0736983, 0.726002
0.363, 0.0739403, 0.719666
0.363333, 0.0741801, 0.713313
0.363667, 0.0744179, 0.706941
0.364, 0.0746536, 0.700551
0.364333, 0.0748871, 0.694143
0.364667, 0.0751185, 0.687717
0.365, 0.0753477, 0.681274
0.365333, 0.0755748, 0.674813
0.365667, 0.0757997, 0.668336
0.366, 0.0760225, 0.661841
0.366333, 0.0762431, 0.655329
0.366667, 0.0764616, 0.648801
0.367, 0.0766778, 0.642256
0.367333, 0.0768919, 0.635695
0.367667, 0.0771038, 0.629118
0.368, 0.0773135, 0.622524
0.368333, 0.077521, 0.615916
0.368667, 0.0777263, 0.609291
0.369, 0.0779294, 0.602652
0.369333, 0.0781303, 0.595997
0.369667, 0.078329, 0.589327
0.37, 0.0785254, 0.582643
0.370333, 0.0787196, 0.575943
0.370667, 0.0789116, 0.56923
0.371, 0.0791014, 0.562502
0.371333, 0.0792889, 0.55576
0.371667, 0.0794741, 0.549005
0.372, 0.0796571, 0.542235
0.372333, 0.0798379, 0.535453
0.372667, 0.0800163, 0.528657
0.373, 0.0801926, 0.521848
0.373333, 0.0803665, 0.515026
0.373667, 0.0805382, 0.508191
0.374, 0.0807076, 0.501344
0.374333, 0.0808747, 0.494485
0.374667, 0.0810395, 0.487614
0.375, 0.0812021, 0.48073
0.375333, 0.0813623, 0.473835
0.375667, 0.0815203, 0.466929
0.376, 0.0816759, 0.460011
0.376333, 0.0818292, 0.453082
0.376667, 0.0819803, 0.446142
0.377, 0.082129, 0.439191
0.377333, 0.0822754, 0.43223
0.377667, 0.0824194, 0.425258
0.378, 0.0825612, 0.418277
0.378333, 0.0827006, 0.411285
0.378667, 0.0828377, 0.404284
0.379, 0.0829725, 0.397273
0.379333, 0.0831049, 0.390252
0.379667, 0.083235, 0.383223
0.38, 0.0833627, 0.376185
0.380333, 0.0834881, 0.369137
0.380667, 0.0836112, 0.362082
0.381, 0.0837319, 0.355017
0.381333, 0.0838502, 0.347945
0.381667, 0.0839662, 0.340865
0.382, 0.0840798, 0.333777
0.382333, 0.0841911, 0.326681
0.382667, 0.0843, 0.319578
0.383, 0.0844065, 0.312468
0.383333, 0.0845106, 0.305351
0.383667, 0.0846124, 0.298227
0.384, 0.0847118, 0.291096
0.384333, 0.0848089, 0.283959
0.384667, 0.0849035, 0.276816
0.385, 0.0849958, 0.269667
0.385333, 0.0850857, 0.262512
0.385667, 0.0851732, 0.255351
0.386, 0.0852583, 0.248186
0.386333, 0.085341, 0.241015
0.386667, 0.0854214, 0.233839
0.387, 0.0854993, 0.226658
0.387333, 0.0855749, 0.219472
0.387667, 0.085648, 0.212283
0.388, 0.0857188, 0.205089
0.388333, 0.0857872, 0.197891
0.388667, 0.0858531, 0.190689
0.389, 0.0859167, 0.183484
0.389333, 0.0859778, 0.176275
0.389667, 0.0860366, 0.169063
0.39, 0.086093, 0.161848
0.390333, 0.0861469, 0.154631
0.390667, 0.0861984, 0.147411
0.391, 0.0862476, 0.140188
0.391333, 0.0862943, 0.132964
0.391667, 0.0863386, 0.125737
0.392, 0.0863805, 0.118509
0.392333, 0.08642, 0.111279
0.392667, 0.0864571, 0.104047
0.393, 0.0864918, 0.0968147
0.393333, 0.0865241, 0.0895812
0.393667, 0.086554, 0.082347
0.394, 0.0865814, 0.0751122
0.394333, 0.0866064, 0.067877
0.394667, 0.0866291, 0.0606417
0.395, 0.0866493, 0.0534065
0.395333, 0.0866671, 0.0461715
0.395667, 0.0866825, 0.0389369
0.396, 0.0866955, 0.031703
0.396333, 0.086706, 0.0244699
0.396667, 0.0867142, 0.0172379
0.397, 0.0867199, 0.0100071
0.397333, 0.0867233, 0.00277777
0.397667, 0.0867242, -0.00444991
0.398, 0.0867227, -0.0116757
0.398333, 0.0867188, -0.0188995
0.398667, 0.0867125, -0.026121
0.399, 0.0867038, -0.0333401
0.399333, 0.0866927, -0.0405565
0.399667, 0.0866792, -0.0477701
0.4, 0.0866632, -0.0549806
0.400333, 0.0866449, -0.0621879
0.400667, 0.0866242, -0.0693918
0.401, 0.0866011, -0.0765919
0.401333, 0.0865755, -0.0837883
0.401667, 0.0865476, -0.0909805
0.402, 0.0865173, -0.0981686
0.402333, 0.0864845, -0.105352
0.402667, 0.0864494, -0.112531
0.403, 0.0864119, -0.119705
0.403333, 0.086372, -0.126874
0.403667, 0.0863297, -0.134038
0.404, 0.086285, -0.141197
0.404333, 0.086238, -0.148349
0.404667, 0.0861885, -0.155496
0.405, 0.0861367, -0.162637
0.405333, 0.0860825, -0.169772
0.405667, 0.0860259, -0.1769
0.406, 0.0859669, -0.184022
0.406333, 0.0859056, -0.191137
0.406667, 0.0858419, -0.198244
0.407, 0.0857758, -0.205345
0.407333, 0.0857073, -0.212438
0.407667, 0.0856365, -0.219524
0.408, 0.0855634, -0.226602
0.408333, 0.0854878, -0.233672
0.408667, 0.0854099, -0.240733
0.409, 0.0853297, -0.247787
0.409333, 0.0852471, -0.254831
0.409667, 0.0851622, -0.261867
0.41, 0.0850749, -0.268894
0.410333, 0.0849852, -0.275912
0.410667, 0.0848933, -0.282921
0.411, 0.084799, -0.28992
0.411333, 0.0847023, -0.296909
0.411667, 0.0846033, -0.303888
0.412, 0.084502, -0.310858
0.412333, 0.0843984, -0.317816
0.412667, 0.0842925, -0.324765
0.413, 0.0841842, -0.331703
0.413333, 0.0840737, -0.33863
0.413667, 0.0839608, -0.345545
0.414, 0.0838456, -0.35245
0.414333, 0.0837281, -0.359343
0.414667, 0.0836083, -0.366225
0.415, 0.0834863, -0.373094
0.415333, 0.0833619, -0.379952
0.415667, 0.0832353, -0.386798
0.416, 0.0831063, -0.393631
0.416333, 0.0829751, -0.400451
0.416667, 0.0828416, -0.407259
0.417, 0.0827059, -0.414054
0.417333, 0.0825679, -0.420836
0.417667, 0.0824276, -0.427604
0.418, 0.082285, -0.434359
0.418333, 0.0821403, -0.4411
0.418667, 0.0819932, -0.447828
0.419, 0.0818439, -0.454541
0.419333, 0.0816924, -0.46124
0.419667, 0.0815387, -0.467925
0.42, 0.0813827, -0.474595
0.420333, 0.0812245, -0.48125
0.420667, 0.0810641, -0.487891
0.421, 0.0809015, -0.494516
0.421333, 0.0807366, -0.501126
0.421667, 0.0805696, -0.50772
0.422, 0.0804003, -0.514299
0.422333, 0.0802289, -0.520862
0.422667, 0.0800553, -0.527409
0.423, 0.0798795, -0.533939
0.423333, 0.0797015, -0.540454
0.423667, 0.0795214, -0.546951
0.424, 0.079339, -0.553432
0.424333, 0.0791546, -0.559896
0.424667, 0.0789679, -0.566343
0.425, 0.0787792, -0.572773
0.425333, 0.0785882, -0.579185
0.425667, 0.0783952, -0.58558
0.426, 0.0782, -0.591956
0.426333, 0.0780027, -0.598315
0.426667, 0.0778032, -0.604656
0.427, 0.0776017, -0.610978
0.427333, 0.077398, -0.617282
0.427667, 0.0771922, -0.623567
0.428, 0.0769844, -0.629834
0.428333, 0.0767744, -0.636081
0.428667, 0.0765624, -0.642309
0.429, 0.0763483, -0.648518
0.429333, 0.0761321, -0.654708
0.429667, 0.0759139, -0.660877
0.43, 0.0756936, -0.667027
0.430333, 0.0754713, -0.673157
0.430667, 0.0752469, -0.679267
0.431, 0.0750205, -0.685356
0.431333, 0.074792, -0.691425
0.431667, 0.0745615, -0.697474
0.432, 0.074329, -0.703501
0.432333, 0.0740945, -0.709508
0.432667, 0.073858, -0.715493
0.433, 0.0736195, -0.721457
0.433333, 0.0733791, -0.7274
0.433667, 0.0731366, -0.733321
0.434, 0.0728922, -0.73922
0.434333, 0.0726457, -0.745097
0.434667, 0.0723974, -0.750952
0.435, 0.0721471, -0.756785
0.435333, 0.0718948, -0.762595
0.435667, 0.0716406, -0.768383
0.436, 0.0713845, -0.774148
0.436333, 0.0711264, -0.779891
0.436667, 0.0708665, -0.78561
0.437, 0.0706046, -0.791306
0.437333, 0.0703408, -0.796979
0.437667, 0.0700752, -0.802628
0.438, 0.0698076, -0.808253
0.438333, 0.0695382, -0.813855
0.438667, 0.0692669, -0.819433
0.439, 0.0689938, -0.824987
0.439333, 0.0687188, -0.830516
0.439667, 0.0684419, -0.836021
0.44, 0.0681633, -0.841502
0.440333, 0.0678828, -0.846958
0.440667, 0.0676004, -0.852389
0.441, 0.0673163, -0.857795
0.441333, 0.0670304, -0.863176
0.441667, 0.0667427, -0.868531
0.442, 0.0664531, -0.873862
0.442333, 0.0661619, -0.879166
0.442667, 0.0658688, -0.884446
0.443, 0.065574, -0.889699
0.443333, 0.0652774, -0.894926
0.443667, 0.0649791, -0.900127
0.444, 0.0646791, -0.905302
0.444333, 0.0643773, -0.910451
0.444667, 0.0640738, -0.915573
0.445, 0.0637686, -0.920668
0.445333, 0.0634617, -0.925736
0.445667, 0.0631532, -0.930778
0.446, 0.0628429, -0.935793
0.446333, 0.062531, -0.94078
0.446667, 0.0622174, -0.94574
0.447, 0.0619021, -0.950673
0.447333, 0.0615852, -0.955578
0.447667, 0.0612667, -0.960455
0.448, 0.0609466, -0.965304
0.448333, 0.0606248, -0.970126
0.448667, 0.0603014, -0.974919
0.449, 0.0599764, -0.979684
0.449333, 0.0596499, -0.984421
0.449667, 0.0593217, -0.989129
0.45, 0.058992, -0.993809
0.450333, 0.0586608, -0.99846
0.450667, 0.0583279, -1.00308
0.451, 0.0579936, -1.00768
0.451333, 0.0576577, -1.01224
0.451667, 0.0573203, -1.01677
0.452, 0.0569814, -1.02128
0.452333, 0.0566409, -1.02576
0.452667, 0.056299, -1.0302
0.453, 0.0559556, -1.03462
0.453333, 0.0556107, -1.03901
0.453667, 0.0552644, -1.04336
0.454, 0.0549166, -1.04769
0.454333, 0.0545674, -1.05199
0.454667, 0.0542167, -1.05625
0.455, 0.0538646, -1.06049
0.455333, 0.0535111, -1.0647
0.455667, 0.0531562, -1.06887
0.456, 0.0527999, -1.07302
0.456333, 0.0524423, -1.07713
0.456667, 0.0520832, -1.08121
0.457, 0.0517228, -1.08527
0.457333, 0.0513611, -1.08929
0.457667, 0.050998, -1.09328
0.458, 0.0506336, -1.09723
0.458333, 0.0502678, -1.10116
0.458667, 0.0499008, -1.10506
0.459, 0.0495324, -1.10892
0.459333, 0.0491628, -1.11275
0.459667, 0.0487918, -1.11655
0.46, 0.0484197, -1.12032
0.460333, 0.0480462, -1.12406
0.460667, 0.0476715, -1.12776
0.461, 0.0472956, -1.13143
0.461333, 0.0469185, -1.13507
0.461667, 0.0465401, -1.13868
0.462, 0.0461606, -1.14225
0.462333, 0.0457798, -1.1458
0.462667, 0.0453979, -1.14931
0.463, 0.0450148, -1.15278
0.463333, 0.0446305, -1.15623
0.463667, 0.0442451, -1.15964
0.464, 0.0438586, -1.16302
0.464333, 0.0434709, -1.16636
0.464667, 0.0430821, -1.16967
0.465, 0.0426922, -1.17295
0.465333, 0.0423012, -1.17619
0.465667, 0.0419092, -1.17941
0.466, 0.041516, -1.18258
0.466333, 0.0411218, -1.18573
0.466667, 0.0407266, -1.18884
0.467, 0.0403303, -1.19192
0.467333, 0.039933, -1.19496
0.467667, 0.0395347, -1.19797
0.468, 0.0391354, -1.20094
0.468333, 0.038735, -1.20388
0.468667, 0.0383337, -1.20679
0.469, 0.0379315, -1.20966
0.469333, 0.0375283, -1.2125
0.469667, 0.0371241, -1.21531
0.47, 0.036719, -1.21808
0.470333, 0.036313, -1.22081
0.470667, 0.035906, -1.22351
0.471, 0.0354982, -1.22618
0.471333, 0.0350895, -1.22881
0.471667, 0.0346799, -1.2314
0.472, 0.0342694, -1.23397
0.472333, 0.0338581, -1.23649
0.472667, 0.0334459, -1.23898
0.473, 0.0330329, -1.24144
0.473333, 0.0326191, -1.24386
0.473667, 0.0322045, -1.24625
0.474, 0.0317891, -1.2486
0.474333, 0.0313729, -1.25092
0.474667, 0.0309559, -1.2532
0.475, 0.0305382, -1.25544
0.475333, 0.0301197, -1.25765
0.475667, 0.0297005, -1.25983
0.476, 0.0292805, -1.26197
0.476333, 0.0288599, -1.26407
0.476667, 0.0284385, -1.26614
0.477, 0.0280165, -1.26817
0.477333, 0.0275937, -1.27017
0.477667, 0.0271703, -1.27213
0.478, 0.0267463, -1.27405
0.478333, 0.0263216, -1.27594
0.478667, 0.0258963, -1.2778
0.479, 0.0254704, -1.27961
0.479333, 0.0250438, -1.28139
0.479667, 0.0246167, -1.28314
0.48, 0.024189, -1.28485
0.480333, 0.0237607, -1.28652
0.480667, 0.0233319, -1.28816
0.481, 0.0229025, -1.28976
0.481333, 0.0224726, -1.29132
0.481667, 0.0220421, -1.29285
0.482, 0.0216112, -1.29434
0.482333, 0.0211797, -1.2958
0.482667, 0.0207478, -1.29722
0.483, 0.0203154, -1.2986
0.483333, 0.0198825, -1.29995
0.483667, 0.0194492, -1.30126
0.484, 0.0190154, -1.30253
0.484333, 0.0185813, -1.30377
0.484667, 0.0181467, -1.30497
0.485, 0.0177117, -1.30614
0.485333, 0.0172763, -1.30726
0.485667, 0.0168406, -1.30835
0.486, 0.0164044, -1.30941
0.486333, 0.015968, -1.31043
0.486667, 0.0155312, -1.31141
0.487, 0.015094, -1.31235
0.487333, 0.0146566, -1.31326
0.487667, 0.0142188, -1.31413
0.488, 0.0137808, -1.31497
0.488333, 0.0133424, -1.31576
0.488667, 0.0129039, -1.31652
0.489, 0.012465, -1.31725
0.489333, 0.0120259, -1.31794
0.489667, 0.0115866, -1.31859
0.49, 0.0111471, -1.3192
0.490333, 0.0107074, -1.31978
0.490667, 0.0102674, -1.32032
0.491, 0.00982733, -1.32082
0.491333, 0.00938705, -1.32129
0.491667, 0.00894662, -1.32172
0.492, 0.00850605, -1.32211
0.492333, 0.00806535, -1.32247
0.492667, 0.00762452, -1.32279
0.493, 0.00718359, -1.32307
0.493333, 0.00674257, -1.32332
0.493667, 0.00630147, -1.32353
0.494, 0.00586029, -1.3237
0.494333, 0.00541906, -1.32383
0.494667, 0.00497778, -1.32393
0.495, 0.00453647, -1.32399
0.495333, 0.00409514, -1.32402
0.495667, 0.0036538, -1.32401
0.496, 0.00321246, -1.32396
0.496333, 0.00277115, -1.32387
0.496667, 0.00232985, -1.32375
0.497, 0.0018886, -1.32359
0.497333, 0.00144741, -1.3234
0.497667, 0.00100628, -1.32316
0.498, 0.000565221, -1.32289
0.498333, 0.000124256, -1.32259
0.498667, -0.000316607, -1.32225
0.499, -0.000757356, -1.32187
0.499333, -0.00119798, -1.32145
0.499667, -0.00163846, -1.321
0.5, -0.0020788, -1.32051
0.500333, -0.00251897, -1.31999
0.500667, -0.00295896, -1.31942
0.501, -0.00339877, -1.31883
0.501333, -0.00383838, -1.31819
0.501667, -0.00427777, -1.31752
0.502, -0.00471695, -1.31681
0.502333, -0.00515588, -1.31607
0.502667, -0.00559457, -1.31529
0.503, -0.006033, -1.31447
0.503333, -0.00647116, -1.31362
0.503667, -0.00690903, -1.31273
0.504, -0.00734661, -1.3118
0.504333, -0.00778387, -1.31084
0.504667, -0.00822082, -1.30984
0.505, -0.00865743, -1.30881
0.505333, -0.0090937, -1.30774
0.505667, -0.00952961, -1.30663
0.506, -0.00996516, -1.30549
0.506333, -0.0104003, -1.30431
0.506667, -0.0108351, -1.30309
0.507, -0.0112695, -1.30184
0.507333, -0.0117034, -1.30056
0.507667, -0.0121369, -1.29923
0.508, -0.01257, -1.29788
0.508333, -0.0130026, -1.29648
0.508667, -0.0134348, -1.29505
0.509, -0.0138665, -1.29359
0.509333, -0.0142977, -1.29209
0.509667, -0.0147284, -1.29055
0.51, -0.0151585, -1.28898
0.510333, -0.0155882, -1.28737
0.510667, -0.0160173, -1.28573
0.511, -0.0164459, -1.28405
0.511333, -0.0168739, -1.28234
0.511667, -0.0173014, -1.28059
0.512, -0.0177282, -1.27881
0.512333, -0.0181545, -1.27699
0.512667, -0.0185802, -1.27514
0.513, -0.0190052, -1.27325
0.513333, -0.0194296, -1.27133
0.513667, -0.0198534, -1.26937
0.514, -0.0202765, -1.26738
0.514333, -0.020699, -1.26535
0.514667, -0.0211208, -1.26329
0.515, -0.0215419, -1.26119
0.515333, -0.0219623, -1.25906
0.515667, -0.0223819, -1.25689
0.516, -0.0228009, -1.25469
0.516333, -0.0232191, -1.25246
0.516667, -0.0236366, -1.25019
0.517, -0.0240534, -1.24788
0.517333, -0.0244693, -1.24555
0.517667, -0.0248845, -1.24318
0.518, -0.0252989, -1.24077
0.518333, -0.0257125, -1.23833
0.518667, -0.0261253, -1.23586
0.519, -0.0265372, -1.23335
0.519333, -0.0269483, -1.23081
0.519667, -0.0273586, -1.22824
0.52, -0.027768, -1.22563
0.520333, -0.0281766, -1.22299
0.520667, -0.0285842, -1.22031
0.521, -0.028991, -1.21761
0.521333, -0.0293969, -1.21487
0.521667, -0.0298018, -1.21209
0.522, -0.0302058, -1.20929
0.522333, -0.0306089, -1.20645
0.522667, -0.0310111, -1.20357
0.523, -0.0314123, -1.20067
0.523333, -0.0318125, -1.19773
0.523667, -0.0322117, -1.19476
0.524, -0.03261, -1.19176
0.524333, -0.0330073, -1.18872
0.524667, -0.0334035, -1.18565
0.525, -0.0337987, -1.18256
0.525333, -0.0341929, -1.17942
0.525667, -0.034586, -1.17626
0.526, -0.0349781, -1.17306
0.526333, -0.0353691, -1.16984
0.526667, -0.0357591, -1.16658
0.527, -0.0361479, -1.16329
0.527333, -0.0365357, -1.15996
0.527667, -0.0369224, -1.15661
0.528, -0.0373079, -1.15322
0.528333, -0.0376923, -1.14981
0.528667, -0.0380756, -1.14636
0.529, -0.0384577, -1.14288
0.529333, -0.0388387, -1.13937
0.529667, -0.0392184, -1.13583
0.53, -0.0395971, -1.13226
0.530333, -0.0399745, -1.12866
0.530667, -0.0403507, -1.12503
0.531, -0.0407257, -1.12136
0.531333, -0.0410995, -1.11767
0.531667, -0.0414721, -1.11395
0.532, -0.0418434, -1.11019
0.532333, -0.0422134, -1.10641
0.532667, -0.0425822, -1.1026
0.533, -0.0429498, -1.09876
0.533333, -0.043316, -1.09488
0.533667, -0.043681, -1.09098
0.534, -0.0440446, -1.08705
0.534333, -0.044407, -1.08309
0.534667, -0.044768, -1.0791
0.535, -0.0451277, -1.07508
0.535333, -0.0454861, -1.07104
0.535667, -0.0458431, -1.06696
0.536, -0.0461987, -1.06285
0.536333, -0.046553, -1.05872
0.536667, -0.0469059, -1.05456
0.537, -0.0472575, -1.05037
0.537333, -0.0476076, -1.04615
0.537667, -0.0479563, -1.04191
0.538, -0.0483036, -1.03763
0.538333, -0.0486495, -1.03333
0.538667, -0.0489939, -1.029
0.539, -0.0493369, -1.02464
0.539333, -0.0496785, -1.02026
0.539667, -0.0500186, -1.01585
0.54, -0.0503572, -1.01141
0.540333, -0.0506943, -1.00694
0.540667, -0.05103, -1.00245
0.541, -0.0513641, -0.997927
0.541333, -0.0516967, -0.993381
0.541667, -0.0520279, -0.988808
0.542, -0.0523575, -0.984209
0.542333, -0.0526855, -0.979583
0.542667, -0.0530121, -0.974931
0.543, -0.053337, -0.970254
0.543333, -0.0536605, -0.96555
0.543667, -0.0539823, -0.960821
0.544, -0.0543026, -0.956066
0.544333, -0.0546213, -0.951286
0.544667, -0.0549384, -0.946481
0.545, -0.0552539, -0.94165
0.545333, -0.0555678, -0.936794
0.545667, -0.05588, -0.931914
0.546, -0.0561907, -0.927009
0.546333, -0.0564997, -0.922079
0.546667, -0.056807, -0.917125
0.547, -0.0571127, -0.912146
0.547333, -0.0574168, -0.907144
0.547667, -0.0577192, -0.902117
0.548, -0.0580199, -0.897067
0.548333, -0.0583189, -0.891992
0.548667, -0.0586162, -0.886895
0.549, -0.0589118, -0.881773
0.549333, -0.0592058, -0.876629
0.549667, -0.059498, -0.871461
0.55, -0.0597885, -0.866271
0.550333, -0.0600772, -0.861057
0.550667, -0.0603642, -0.855821
0.551, -0.0606495, -0.850563
0.551333, -0.060933, -0.845282
0.551667, -0.0612148, -0.839979
0.552, -0.0614948, -0.834654
0.552333, -0.061773, -0.829306
0.552667, -0.0620494, -0.823937
0.553, -0.0623241, -0.818547
0.553333, -0.0625969, -0.813135
0.553667, -0.062868, -0.807702
0.554, -0.0631372, -0.802247
0.554333, -0.0634046, -0.796772
0.554667, -0.0636702, -0.791276
0.555, -0.063934, -0.785759
0.555333, -0.0641959, -0.780222
0.555667, -0.064456, -0.774664
0.556, -0.0647142, -0.769086
0.556333, -0.0649706, -0.763488
0.556667, -0.0652251, -0.75787
0.557, -0.0654777, -0.752233
0.557333, -0.0657284, -0.746576
0.557667, -0.0659773, -0.740899
0.558, -0.0662242, -0.735204
0.558333, -0.0664693, -0.729489
0.558667, -0.0667125, -0.723755
0.559, -0.0669537, -0.718003
0.559333, -0.0671931, -0.712232
0.559667, -0.0674305, -0.706442
0.56, -0.067666, -0.700635
0.560333, -0.0678995, -0.694809
0.560667, -0.0681311, -0.688966
0.561, -0.0683608, -0.683104
0.561333, -0.0685885, -0.677225
0.561667, -0.0688142, -0.671329
0.562, -0.069038, -0.665416
0.562333, -0.0692598, -0.659485
0.562667, -0.0694796, -0.653537
0.563, -0.0696975, -0.647573
0.563333, -0.0699133, -0.641592
0.563667, -0.0701272, -0.635595
0.564, -0.070339, -0.629582
0.564333, -0.0705489, -0.623552
0.564667, -0.0707568, -0.617507
0.565, -0.0709626, -0.611446
0.565333, -0.0711664, -0.605369
0.565667, -0.0713682, -0.599277
0.566, -0.071568, -0.59317
0.566333, -0.0717657, -0.587048
0.566667, -0.0719614, -0.580911
0.567, -0.072155, -0.574759
0.567333, -0.0723466, -0.568593
0.567667, -0.0725361, -0.562413
0.568, -0.0727236, -0.556218
0.568333, -0.072909, -0.550009
0.568667, -0.0730923, -0.543787
0.569, -0.0732736, -0.537551
0.569333, -0.0734528, -0.531301
0.569667, -0.0736299, -0.525039
0.57, -0.0738049, -0.518763
0.570333, -0.0739778, -0.512474
0.570667, -0.0741486, -0.506173
0.571, -0.0743174, -0.499859
0.571333, -0.074484, -0.493532
0.571667, -0.0746485, -0.487194
0.572, -0.0748109, -0.480843
0.572333, -0.0749712, -0.47448
0.572667, -0.0751293, -0.468106
0.573, -0.0752854, -0.461721
0.573333, -0.0754393, -0.455324
0.573667, -0.075591, -0.448916
0.574, -0.0757407, -0.442497
0.574333, -0.0758882, -0.436067
0.574667, -0.0760335, -0.429627
0.575, -0.0761767, -0.423176
0.575333, -0.0763178, -0.416715
0.575667, -0.0764567, -0.410244
0.576, -0.0765935, -0.403763
0.576333, -0.076728, -0.397273
0.576667, -0.0768605, -0.390773
0.577, -0.0769907, -0.384264
0.577333, -0.0771188, -0.377745
0.577667, -0.0772447, -0.371218
0.578, -0.0773685, -0.364682
0.578333, -0.07749, -0.358137
0.578667, -0.0776094, -0.351584
0.579, -0.0777266, -0.345023
0.579333, -0.0778416, -0.338454
0.579667, -0.0779544, -0.331877
0.58, -0.0780651, -0.325292
0.580333, -0.0781735, -0.3187
0.580667, -0.0782797, -0.312101
0.581, -0.0783838, -0.305494
0.581333, -0.0784856, -0.298881
0.581667, -0.0785852, -0.292261
0.582, -0.0786826, -0.285634
0.582333, -0.0787778, -0.279001
0.582667, -0.0788708, -0.272362
0.583, -0.0789616, -0.265716
0.583333, -0.0790502, -0.259065
0.583667, -0.0791366, -0.252409
0.584, -0.0792207, -0.245747
0.584333, -0.0793026, -0.239079
0.584667, -0.0793823, -0.232407
0.585, -0.0794598, -0.22573
0.585333, -0.079535, -0.219048
0.585667, -0.079608, -0.212362
0.586, -0.0796788, -0.205671
0.586333, -0.0797474, -0.198976
0.586667, -0.0798137, -0.192278
0.587, -0.0798778, -0.185575
0.587333, -0.0799397, -0.178869
0.587667, -0.0799993, -0.17216
0.588, -0.0800567, -0.165448
0.588333, -0.0801118, -0.158732
0.588667, -0.0801647, -0.152014
0.589, -0.0802154, -0.145293
0.589333, -0.0802638, -0.138569
0.589667, -0.08031, -0.131844
0.59, -0.080354, -0.125116
0.590333, -0.0803957, -0.118387
0.590667, -0.0804351, -0.111655
0.591, -0.0804724, -0.104923
0.591333, -0.0805073, -0.0981887
0.591667, -0.0805401, -0.0914536
0.592, -0.0805705, -0.0847175
0.592333, -0.0805988, -0.0779807
0.592667, -0.0806248, -0.0712433
0.593, -0.0806485, -0.0645056
0.593333, -0.08067, -0.0577677
0.593667, -0.0806893, -0.0510298
0.594, -0.0807063, -0.0442921
0.594333, -0.0807211, -0.0375548
0.594667, -0.0807336, -0.030818
0.595, -0.0807438, -0.024082
0.595333, -0.0807519, -0.0173469
0.595667, -0.0807577, -0.0106129
0.596, -0.0807612, -0.00388031
0.596333, -0.0807625, 0.00285082
0.596667, -0.0807615, 0.00958027
0.597, -0.0807583, 0.0163078
0.597333, -0.0807529, 0.0230334
0.597667, -0.0807452, 0.0297566
0.598, -0.0807353, 0.0364775
0.598333, -0.0807231, 0.0431957
0.598667, -0.0807087, 0.0499111
0.599, -0.0806921, 0.0566235
0.599333, -0.0806732, 0.0633327
0.599667, -0.0806521, 0.0700386
0.6, -0.0806288, 0.076741
0.600333, -0.0806032, 0.0834396
0.600667, -0.0805754, 0.0901342
0.601, -0.0805453, 0.0968248
0.601333, -0.0805131, 0.103511
0.601667, -0.0804786, 0.110193
0.602, -0.0804418, 0.11687
0.602333, -0.0804029, 0.123542
0.602667, -0.0803617, 0.13021
0.603, -0.0803183, 0.136872
0.603333, -0.0802727, 0.143528
0.603667, -0.0802248, 0.15018
0.604, -0.0801748, 0.156825
0.604333, -0.0801225, 0.163464
0.604667, -0.080068, 0.170098
0.605, -0.0800113, 0.176725
0.605333, -0.0799524, 0.183345
0.605667, -0.0798913, 0.189959
0.606, -0.079828, 0.196566
0.606333, -0.0797624, 0.203166
0.606667, -0.0796947, 0.209758
0.607, -0.0796248, 0.216344
0.607333, -0.0795527, 0.222921
0.607667, -0.0794784, 0.229491
0.608, -0.0794019, 0.236053
0.608333, -0.0793232, 0.242607
0.608667, -0.0792423, 0.249153
0.609, -0.0791593, 0.25569
0.609333, -0.079074, 0.262218
0.609667, -0.0789866, 0.268738
0.61, -0.0788971, 0.275249
0.610333, -0.0788053, 0.28175
0.610667, -0.0787114, 0.288242
0.611, -0.0786153, 0.294724
0.611333, -0.0785171, 0.301197
0.611667, -0.0784167, 0.30766
0.612, -0.0783141, 0.314112
0.612333, -0.0782094, 0.320555
0.612667, -0.0781026, 0.326987
0.613, -0.0779936, 0.333408
0.613333, -0.0778824, 0.339819
0.613667, -0.0777692, 0.346218
0.614, -0.0776538, 0.352607
0.614333, -0.0775362, 0.358984
0.614667, -0.0774166, 0.365349
0.615, -0.0772948, 0.371703
0.615333, -0.0771709, 0.378045
0.615667, -0.0770449, 0.384376
0.616, -0.0769167, 0.390693
0.616333, -0.0767865, 0.396999
0.616667, -0.0766542, 0.403292
0.617, -0.0765197, 0.409572
0.617333, -0.0763832, 0.41584
0.617667, -0.0762446, 0.422094
0.618, -0.0761039, 0.428335
0.618333, -0.0759611, 0.434563
0.618667, -0.0758163, 0.440777
0.619, -0.0756693, 0.446978
0.619333, -0.0755203, 0.453164
0.619667, -0.0753693, 0.459337
0.62, -0.0752162, 0.465495
0.620333, -0.075061, 0.471639
0.620667, -0.0749038, 0.477768
0.621, -0.0747445, 0.483883
0.621333, -0.0745833, 0.489983
0.621667, -0.0744199, 0.496067
0.622, -0.0742546, 0.502137
0.622333, -0.0740872, 0.508191
0.622667, -0.0739178, 0.514229
0.623, -0.0737464, 0.520252
0.623333, -0.073573, 0.526258
0.623667, -0.0733975, 0.532249
0.624, -0.0732201, 0.538224
0.624333, -0.0730407, 0.544182
0.624667, -0.0728593, 0.550124
0.625, -0.072676, 0.556048
0.625333, -0.0724906, 0.561956
0.625667, -0.0723033, 0.567848
0.626, -0.072114, 0.573721
0.626333, -0.0719228, 0.579578
0.626667, -0.0717296, 0.585417
0.627, -0.0715344, 0.591238
0.627333, -0.0713374, 0.597042
0.627667, -0.0711383, 0.602827
0.628, -0.0709374, 0.608595
0.628333, -0.0707345, 0.614344
0.628667, -0.0705297, 0.620075
0.629, -0.0703231, 0.625787
0.629333, -0.0701145, 0.63148
0.629667, -0.069904, 0.637155
0.63, -0.0696916, 0.64281
0.630333, -0.0694773, 0.648446
0.630667, -0.0692612, 0.654063
0.631, -0.0690431, 0.65966
0.631333, -0.0688233, 0.665238
0.631667, -0.0686015, 0.670796
0.632, -0.0683779, 0.676334
0.632333, -0.0681525, 0.681852
0.632667, -0.0679252, 0.687349
0.633, -0.0676961, 0.692826
0.633333, -0.0674651, 0.698283
0.633667, -0.0672324, 0.703719
0.634, -0.0669978, 0.709134
0.634333, -0.0667614, 0.714528
0.634667, -0.0665232, 0.719901
0.635, -0.0662833, 0.725253
0.635333, -0.0660415, 0.730583
0.635667, -0.065798, 0.735891
0.636, -0.0655527, 0.741178
0.636333, -0.0653056, 0.746443
0.636667, -0.0650568, 0.751686
0.637, -0.0648063, 0.756907
0.637333, -0.064554, 0.762106
0.637667, -0.0642999, 0.767282
0.638, -0.0640442, 0.772436
0.638333, -0.0637867, 0.777567
0.638667, -0.0635275, 0.782675
0.639, -0.0632666, 0.787761
0.639333, -0.063004, 0.792823
0.639667, -0.0627397, 0.797862
0.64, -0.0624738, 0.802877
0.640333, -0.0622062, 0.807869
0.640667, -0.0619369, 0.812838
0.641, -0.0616659, 0.817782
0.641333, -0.0613933, 0.822703
0.641667, -0.0611191, 0.8276
0.642, -0.0608432, 0.832472
0.642333, -0.0605657, 0.837321
0.642667, -0.0602866, 0.842144
0.643, -0.0600059, 0.846944
0.643333, -0.0597236, 0.851718
0.643667, -0.0594397, 0.856468
0.644, -0.0591542, 0.861193
0.644333, -0.0588671, 0.865893
0.644667, -0.0585785, 0.870568
0.645, -0.0582883, 0.875217
0.645333, -0.0579966, 0.879841
0.645667, -0.0577033, 0.88444
0.646, -0.0574085, 0.889012
0.646333, -0.0571122, 0.893559
0.646667, -0.0568143, 0.89808
0.647, -0.0565149, 0.902575
0.647333, -0.0562141, 0.907044
0.647667, -0.0559117, 0.911487
0.648, -0.0556079, 0.915903
0.648333, -0.0553026, 0.920293
0.648667, -0.0549958, 0.924656
0.649, -0.0546876, 0.928992
0.649333, -0.054378, 0.933302
0.649667, -0.0540669, 0.937585
0.65, -0.0537543, 0.94184
0.650333, -0.0534404, 0.946069
0.650667, -0.053125, 0.95027
0.651, -0.0528083, 0.954443
0.651333, -0.0524901, 0.958589
0.651667, -0.0521706, 0.962708
0.652, -0.0518497, 0.966799
0.652333, -0.0515274, 0.970862
0.652667, -0.0512038, 0.974897
0.653, -0.0508788, 0.978904
0.653333, -0.0505525, 0.982883
0.653667, -0.0502249, 0.986833
0.654, -0.049896, 0.990756
0.654333, -0.0495657, 0.994649
0.654667, -0.0492342, 0.998515
0.655, -0.0489013, 1.00235
0.655333, -0.0485672, 1.00616
0.655667, -0.0482318, 1.00994
0.656, -0.0478952, 1.01369
0.656333, -0.0475573, 1.01741
0.656667, -0.0472181, 1.0211
0.657, -0.0468778, 1.02476
0.657333, -0.0465362, 1.0284
0.657667, -0.0461934, 1.032
0.658, -0.0458494, 1.03557
0.658333, -0.0455042, 1.03912
0.658667, -0.0451578, 1.04263
0.659, -0.0448103, 1.04612
0.659333, -0.0444616, 1.04957
0.659667, -0.0441117, 1.053
0.66, -0.0437607, 1.05639
0.660333, -0.0434086, 1.05976
0.660667, -0.0430553, 1.06309
0.661, -0.042701, 1.0664
0.661333, -0.0423455, 1.06967
0.661667, -0.0419889, 1.07292
0.662, -0.0416313, 1.07613
0.662333, -0.0412726, 1.07931
0.662667, -0.0409128, 1.08246
0.663, -0.040552, 1.08558
0.663333, -0.0401901, 1.08867
0.663667, -0.0398272, 1.09173
0.664, -0.0394633, 1.09476
0.664333, -0.0390984, 1.09776
0.664667, -0.0387325, 1.10072
0.665, -0.0383656, 1.10366
0.665333, -0.0379977, 1.10656
0.665667, -0.0376288, 1.10943
0.666, -0.037259, 1.11227
0.666333, -0.0368883, 1.11508
0.666667, -0.0365166, 1.11786
0.667, -0.036144, 1.1206
0.667333, -0.0357704, 1.12331
0.667667, -0.035396, 1.126
0.668, -0.0350207, 1.12865
0.668333, -0.0346444, 1.13126
0.668667, -0.0342674, 1.13385
0.669, -0.0338894, 1.1364
0.669333, -0.0335106, 1.13892
0.669667, -0.033131, 1.14141
0.67, -0.0327505, 1.14387
0.670333, -0.0323692, 1.14629
0.670667, -0.0319871, 1.14868
0.671, -0.0316042, 1.15104
0.671333, -0.0312205, 1.15337
0.671667, -0.0308361, 1.15566
0.672, -0.0304509, 1.15793
0.672333, -0.0300649, 1.16015
0.672667, -0.0296782, 1.16235
0.673, -0.0292907, 1.16451
0.673333, -0.0289025, 1.16664
0.673667, -0.0285137, 1.16874
0.674, -0.0281241, 1.17081
0.674333, -0.0277338, 1.17284
0.674667, -0.0273429, 1.17484
0.675, -0.0269513, 1.1768
0.675333, -0.026559, 1.17873
0.675667, -0.0261661, 1.18063
0.676, -0.0257725, 1.1825
0.676333, -0.0253784, 1.18433
0.676667, -0.0249836, 1.18613
0.677, -0.0245882, 1.18789
0.677333, -0.0241923, 1.18963
0.677667, -0.0237957, 1.19133
0.678, -0.0233986, 1.19299
0.678333, -0.0230009, 1.19462
0.678667, -0.0226027, 1.19622
0.679, -0.022204, 1.19779
0.679333, -0.0218047, 1.19932
0.679667, -0.021405, 1.20081
0.68, -0.0210047, 1.20228
0.680333, -0.0206039, 1.20371
0.680667, -0.0202027, 1.2051
0.681, -0.019801, 1.20646
0.681333, -0.0193988, 1.20779
0.681667, -0.0189962, 1.20909
0.682, -0.0185932, 1.21035
0.682333, -0.0181898, 1.21158
0.682667, -0.0177859, 1.21277
0.683, -0.0173816, 1.21393
0.683333, -0.016977, 1.21505
0.683667, -0.016572, 1.21614
0.684, -0.0161666, 1.2172
0.684333, -0.0157609, 1.21822
0.684667, -0.0153548, 1.21921
0.685, -0.0149484, 1.22016
0.685333, -0.0145417, 1.22108
0.685667, -0.0141346, 1.22197
0.686, -0.0137273, 1.22282
0.686333, -0.0133197, 1.22364
0.686667, -0.0129118, 1.22442
0.687, -0.0125037, 1.22517
0.687333, -0.0120953, 1.22589
0.687667, -0.0116867, 1.22657
0.688, -0.0112778, 1.22722
0.688333, -0.0108687, 1.22783
0.688667, -0.0104595, 1.22841
0.689, -0.01005, 1.22895
0.689333, -0.00964035, 1.22946
0.689667, -0.00923053, 1.22994
0.69, -0.00882055, 1.23038
0.690333, -0.00841042, 1.23079
0.690667, -0.00800016, 1.23116
0.691, -0.00758978, 1.2315
0.691333, -0.00717928, 1.2318
0.691667, -0.00676868, 1.23207
0.692, -0.00635799, 1.23231
0.692333, -0.00594722, 1.23251
0.692667, -0.00553638, 1.23267
0.693, -0.00512549, 1.23281
0.693333, -0.00471456, 1.2329
0.693667, -0.00430359, 1.23297
0.694, -0.0038926, 1.233
0.694333, -0.0034816, 1.23299
0.694667, -0.0030706, 1.23296
0.695, -0.00265961, 1.23288
0.695333, -0.00224865, 1.23278
0.695667, -0.00183773, 1.23263
0.696, -0.00142685, 1.23246
0.696333, -0.00101603, 1.23225
0.696667, -0.000605281, 1.23201
0.697, -0.000194613, 1.23173
0.697333, 0.000215963, 1.23141
0.697667, 0.000626434, 1.23107
0.698, 0.00103679, 1.23069
0.698333, 0.00144702, 1.23027
0.698667, 0.00185711, 1.22982
0.699, 0.00226705, 1.22934
0.699333, 0.00267683, 1.22883
0.699667, 0.00308644, 1.22827
0.7, 0.00349587, 1.22769
0.700333, 0.0039051, 1.22707
0.700667, 0.00431412, 1.22642
0.701, 0.00472293, 1.22573
0.701333, 0.0051315, 1.22501
0.701667, 0.00553984, 1.22426
0.702, 0.00594793, 1.22347
0.702333, 0.00635575, 1.22265
0.702667, 0.0067633, 1.22179
0.703, 0.00717056, 1.2209
0.703333, 0.00757753, 1.21998
0.703667, 0.00798419, 1.21902
0.704, 0.00839053, 1.21803
0.704333, 0.00879654, 1.21701
0.704667, 0.00920221, 1.21595
0.705, 0.00960753, 1.21486
0.705333, 0.0100125, 1.21373
0.705667, 0.0104171, 1.21258
0.706, 0.0108212, 1.21138
0.706333, 0.011225, 1.21016
0.706667, 0.0116284, 1.2089
0.707, 0.0120314, 1.20761
0.707333, 0.0124339, 1.20629
0.707667, 0.012836, 1.20493
0.708, 0.0132377, 1.20354
0.708333, 0.0136389, 1.20211
0.708667, 0.0140396, 1.20066
0.709, 0.0144398, 1.19917
0.709333, 0.0148395, 1.19764
0.709667, 0.0152387, 1.19609
0.71, 0.0156374, 1.1945
0.710333, 0.0160356, 1.19288
0.710667, 0.0164332, 1.19122
0.711, 0.0168303, 1.18953
0.711333, 0.0172268, 1.18781
0.711667, 0.0176227, 1.18606
0.712, 0.0180181, 1.18428
0.712333, 0.0184128, 1.18246
0.712667, 0.018807, 1.18061
0.713, 0.0192005, 1.17873
0.713333, 0.0195934, 1.17681
0.713667, 0.0199857, 1.17487
0.714, 0.0203773, 1.17289
0.714333, 0.0207683, 1.17088
0.714667, 0.0211586, 1.16884
0.715, 0.0215482, 1.16676
0.715333, 0.0219371, 1.16465
0.715667, 0.0223253, 1.16251
0.716, 0.0227128, 1.16034
0.716333, 0.0230996, 1.15814
0.716667, 0.0234857, 1.15591
0.717, 0.023871, 1.15364
0.717333, 0.0242555, 1.15135
0.717667, 0.0246393, 1.14902
0.718, 0.0250223, 1.14666
0.718333, 0.0254045, 1.14427
0.718667, 0.0257859, 1.14184
0.719, 0.0261666, 1.13939
0.719333, 0.0265464, 1.13691
0.719667, 0.0269253, 1.13439
0.72, 0.0273035, 1.13185
0.720333, 0.0276807, 1.12927
0.720667, 0.0280572, 1.12666
0.721, 0.0284327, 1.12402
0.721333, 0.0288074, 1.12135
0.721667, 0.0291812, 1.11865
0.722, 0.0295541, 1.11592
0.722333, 0.029926, 1.11316
0.722667, 0.0302971, 1.11037
0.723, 0.0306672, 1.10755
0.723333, 0.0310364, 1.1047
0.723667, 0.0314046, 1.10182
0.724, 0.0317719, 1.09891
0.724333, 0.0321382, 1.09597
0.724667, 0.0325035, 1.093
0.725, 0.0328679, 1.09
0.725333, 0.0332312, 1.08697
0.725667, 0.0335935, 1.08391
0.726, 0.0339548, 1.08082
0.726333, 0.0343151, 1.0777
0.726667, 0.0346743, 1.07456
0.727, 0.0350325, 1.07138
0.727333, 0.0353896, 1.06817
0.727667, 0.0357457, 1.06494
0.728, 0.0361007, 1.06168
0.728333, 0.0364546, 1.05839
0.728667, 0.0368074, 1.05507
0.729, 0.0371591, 1.05172
0.729333, 0.0375096, 1.04834
0.729667, 0.0378591, 1.04493
0.73, 0.0382074, 1.0415
0.730333, 0.0385545, 1.03804
0.730667, 0.0389006, 1.03455
0.731, 0.0392454, 1.03103
0.731333, 0.0395891, 1.02749
0.731667, 0.0399316, 1.02391
0.732, 0.0402729, 1.02031
0.732333, 0.040613, 1.01668
0.732667, 0.0409519, 1.01303
0.733, 0.0412896, 1.00935
0.733333, 0.041626, 1.00564
0.733667, 0.0419612, 1.0019
0.734, 0.0422952, 0.998135
0.734333, 0.0426279, 0.994345
0.734667, 0.0429594, 0.990527
0.735, 0.0432895, 0.986683
0.735333, 0.0436184, 0.982813
0.735667, 0.043946, 0.978916
0.736, 0.0442723, 0.974992
0.736333, 0.0445973, 0.971043
0.736667, 0.044921, 0.967068
0.737, 0.0452434, 0.963066
0.737333, 0.0455644, 0.959039
0.737667, 0.0458841, 0.954986
0.738, 0.0462024, 0.950908
0.738333, 0.0465194, 0.946804
0.738667, 0.046835, 0.942675
0.739, 0.0471492, 0.938521
0.739333, 0.047462, 0.934342
0.739667, 0.0477735, 0.930137
0.74, 0.0480835, 0.925908
0.740333, 0.0483922, 0.921654
0.740667, 0.0486994, 0.917376
0.741, 0.0490052, 0.913073
0.741333, 0.0493095, 0.908746
0.741667, 0.0496124, 0.904394
0.742, 0.0499139, 0.900019
0.742333, 0.0502139, 0.895619
0.742667, 0.0505125, 0.891196
0.743, 0.0508095, 0.886749
0.743333, 0.0511051, 0.882278
0.743667, 0.0513992, 0.877784
0.744, 0.0516918, 0.873267
0.744333, 0.0519829, 0.868726
0.744667, 0.0522725, 0.864163
0.745, 0.0525605, 0.859576
0.745333, 0.052847, 0.854967
0.745667, 0.053132, 0.850335
0.746, 0.0534155, 0.845681
0.746333, 0.0536974, 0.841004
0.746667, 0.0539777, 0.836305
0.747, 0.0542565, 0.831584
0.747333, 0.0545337, 0.82684
0.747667, 0.0548093, 0.822075
0.748, 0.0550833, 0.817289
0.748333, 0.0553557, 0.812481
0.748667, 0.0556266, 0.807651
0.749, 0.0558958, 0.8028
0.749333, 0.0561634, 0.797928
0.749667, 0.0564293, 0.793035
0.75, 0.0566937, 0.788121
0.750333, 0.0569564, 0.783186
0.750667, 0.0572175, 0.778231
0.751, 0.0574769, 0.773256
0.751333, 0.0577346, 0.76826
0.751667, 0.0579907, 0.763243
0.752, 0.0582451, 0.758207
0.752333, 0.0584979, 0.753151
0.752667, 0.0587489, 0.748076
0.753, 0.0589983, 0.742981
0.753333, 0.0592459, 0.737866
0.753667, 0.0594919, 0.732732
0.754, 0.0597361, 0.727579
0.754333, 0.0599787, 0.722407
0.754667, 0.0602195, 0.717216
0.755, 0.0604585, 0.712006
0.755333, 0.0606959, 0.706778
0.755667, 0.0609315, 0.701532
0.756, 0.0611653, 0.696267
0.756333, 0.0613974, 0.690984
0.756667, 0.0616277, 0.685684
0.757, 0.0618563, 0.680365
0.757333, 0.0620831, 0.675029
0.757667, 0.0623081, 0.669676
0.758, 0.0625313, 0.664305
0.758333, 0.0627527, 0.658917
0.758667, 0.0629724, 0.653511
0.759, 0.0631902, 0.648089
0.759333, 0.0634062, 0.642651
0.759667, 0.0636205, 0.637196
0.76, 0.0638329, 0.631724
0.760333, 0.0640434, 0.626236
0.760667, 0.0642522, 0.620732
0.761, 0.0644591, 0.615212
0.761333, 0.0646642, 0.609677
0.761667, 0.0648674, 0.604125
0.762, 0.0650688, 0.598559
0.762333, 0.0652683, 0.592977
0.762667, 0.0654659, 0.587379
0.763, 0.0656617, 0.581767
0.763333, 0.0658557, 0.57614
0.763667, 0.0660477, 0.570499
0.764, 0.0662379, 0.564843
0.764333, 0.0664261, 0.559172
0.764667, 0.0666125, 0.553488
0.765, 0.066797, 0.547789
0.765333, 0.0669796, 0.542076
0.765667, 0.0671603, 0.53635
0.766, 0.0673391, 0.530611
0.766333, 0.067516, 0.524857
0.766667, 0.0676909, 0.519091
0.767, 0.067864, 0.513312
0.767333, 0.0680351, 0.50752
0.767667, 0.0682042, 0.501715
0.768, 0.0683715, 0.495897
0.768333, 0.0685368, 0.490067
0.768667, 0.0687001, 0.484225
0.769, 0.0688615, 0.478371
0.769333, 0.069021, 0.472505
0.769667, 0.0691785, 0.466627
0.77, 0.069334, 0.460738
0.770333, 0.0694876, 0.454837
0.770667, 0.0696392, 0.448925
0.771, 0.0697889, 0.443002
0.771333, 0.0699365, 0.437069
0.771667, 0.0700822, 0.431124
0.772, 0.0702259, 0.425169
0.772333, 0.0703677, 0.419203
0.772667, 0.0705074, 0.413227
0.773, 0.0706451, 0.407242
0.773333, 0.0707809, 0.401246
0.773667, 0.0709146, 0.395241
0.774, 0.0710464, 0.389226
0.774333, 0.0711761, 0.383201
0.774667, 0.0713039, 0.377168
0.775, 0.0714296, 0.371125
0.775333, 0.0715533, 0.365074
0.775667, 0.071675, 0.359014
0.776, 0.0717947, 0.352945
0.776333, 0.0719123, 0.346868
0.776667, 0.0720279, 0.340783
0.777, 0.0721415, 0.33469
0.777333, 0.0722531, 0.328589
0.777667, 0.0723626, 0.32248
0.778, 0.0724701, 0.316364
0.778333, 0.0725756, 0.31024
0.778667, 0.072679, 0.304109
0.779, 0.0727803, 0.297972
0.779333, 0.0728797, 0.291827
0.779667, 0.0729769, 0.285676
0.78, 0.0730722, 0.279519
0.780333, 0.0731653, 0.273355
0.780667, 0.0732565, 0.267185
0.781, 0.0733455, 0.261009
0.781333, 0.0734325, 0.254827
0.781667, 0.0735175, 0.24864
0.782, 0.0736003, 0.242447
0.782333, 0.0736812, 0.236249
0.782667, 0.0737599, 0.230046
0.783, 0.0738366, 0.223838
0.783333, 0.0739112, 0.217625
0.783667, 0.0739837, 0.211408
0.784, 0.0740542, 0.205186
0.784333, 0.0741226, 0.19896
0.784667, 0.0741889, 0.19273
0.785, 0.0742532, 0.186496
0.785333, 0.0743153, 0.180259
0.785667, 0.0743754, 0.174018
0.786, 0.0744334, 0.167774
0.786333, 0.0744894, 0.161526
0.786667, 0.0745432, 0.155275
0.787, 0.074595, 0.149022
0.787333, 0.0746446, 0.142766
0.787667, 0.0746922, 0.136508
0.788, 0.0747377, 0.130247
0.788333, 0.0747811, 0.123984
0.788667, 0.0748225, 0.117719
0.789, 0.0748617, 0.111453
0.789333, 0.0748989, 0.105184
0.789667, 0.0749339, 0.0989148
0.79, 0.0749669, 0.0926439
0.790333, 0.0749978, 0.086372
0.790667, 0.0750266, 0.0800991
0.791, 0.0750533, 0.0738256
0.791333, 0.0750779, 0.0675515
0.791667, 0.0751004, 0.0612769
0.792, 0.0751208, 0.0550022
0.792333, 0.0751391, 0.0487275
0.792667, 0.0751554, 0.0424529
0.793, 0.0751695, 0.0361786
0.793333, 0.0751816, 0.0299049
0.793667, 0.0751916, 0.0236318
0.794, 0.0751994, 0.0173595
0.794333, 0.0752052, 0.0110882
0.794667, 0.0752089, 0.00481819
0.795, 0.0752105, -0.0014505
0.795333, 0.07521, -0.00771766
0.795667, 0.0752075, -0.0139831
0.796, 0.0752028, -0.0202467
0.796333, 0.0751961, -0.0265082
0.796667, 0.0751872, -0.0327674
0.797, 0.0751763, -0.0390243
0.797333, 0.0751633, -0.0452786
0.797667, 0.0751482, -0.0515301
0.798, 0.075131, -0.0577787
0.798333, 0.0751118, -0.0640242
0.798667, 0.0750904, -0.0702665
0.799, 0.075067, -0.0765053
0.799333, 0.0750415, -0.0827405
0.799667, 0.0750139, -0.0889719
0.8, 0.0749843, -0.0951993
0.800333, 0.0749525, -0.101423
0.800667, 0.0749187, -0.107642
0.801, 0.0748828, -0.113856
0.801333, 0.0748449, -0.120066
0.801667, 0.0748049, -0.126271
0.802, 0.0747628, -0.132471
0.802333, 0.0747186, -0.138666
0.802667, 0.0746724, -0.144856
0.803, 0.0746241, -0.15104
0.803333, 0.0745738, -0.157218
0.803667, 0.0745214, -0.163391
0.804, 0.0744669, -0.169557
0.804333, 0.0744104, -0.175718
0.804667, 0.0743518, -0.181872
0.805, 0.0742912, -0.188019
0.805333, 0.0742285, -0.19416
0.805667, 0.0741638, -0.200294
0.806, 0.074097, -0.206421
0.806333, 0.0740282, -0.21254
0.806667, 0.0739574, -0.218653
0.807, 0.0738845, -0.224758
0.807333, 0.0738096, -0.230855
0.807667, 0.0737326, -0.236944
0.808, 0.0736536, -0.243025
0.808333, 0.0735726, -0.249098
0.808667, 0.0734896, -0.255163
0.809, 0.0734045, -0.261219
0.809333, 0.0733175, -0.267266
0.809667, 0.0732284, -0.273305
0.81, 0.0731373, -0.279334
0.810333, 0.0730442, -0.285354
0.810667, 0.0729491, -0.291365
0.811, 0.0728519, -0.297367
0.811333, 0.0727528, -0.303358
0.811667, 0.0726517, -0.30934
0.812, 0.0725486, -0.315312
0.812333, 0.0724435, -0.321274
0.812667, 0.0723364, -0.327225
0.813, 0.0722273, -0.333166
0.813333, 0.0721162, -0.339096
0.813667, 0.0720032, -0.345015
0.814, 0.0718882, -0.350923
0.814333, 0.0717712, -0.356821
0.814667, 0.0716523, -0.362706
0.815, 0.0715314, -0.368581
0.815333, 0.0714085, -0.374443
0.815667, 0.0712837, -0.380294
0.816, 0.071157, -0.386133
0.816333, 0.0710282, -0.39196
0.816667, 0.0708976, -0.397774
0.817, 0.070765, -0.403576
0.817333, 0.0706305, -0.409366
0.817667, 0.070494, -0.415143
0.818, 0.0703556, -0.420906
0.818333, 0.0702153, -0.426657
0.818667, 0.0700731, -0.432395
0.819, 0.069929, -0.438119
0.819333, 0.0697829, -0.443829
0.819667, 0.069635, -0.449526
0.82, 0.0694852, -0.455209
0.820333, 0.0693334, -0.460878
0.820667, 0.0691798, -0.466533
0.821, 0.0690243, -0.472174
0.821333, 0.0688669, -0.4778
0.821667, 0.0687076, -0.483411
0.822, 0.0685465, -0.489008
0.822333, 0.0683835, -0.49459
0.822667, 0.0682186, -0.500157
0.823, 0.0680519, -0.505708
0.823333, 0.0678833, -0.511244
0.823667, 0.0677129, -0.516765
0.824, 0.0675407, -0.52227
0.824333, 0.0673666, -0.527759
0.824667, 0.0671907, -0.533232
0.825, 0.0670129, -0.538689
0.825333, 0.0668334, -0.54413
0.825667, 0.066652, -0.549554
0.826, 0.0664688, -0.554962
0.826333, 0.0662838, -0.560353
0.826667, 0.066097, -0.565727
0.827, 0.0659084, -0.571084
0.827333, 0.0657181, -0.576425
0.827667, 0.0655259, -0.581747
0.828, 0.065332, -0.587053
0.828333, 0.0651363, -0.59234
0.828667, 0.0649389, -0.597611
0.829, 0.0647397, -0.602863
0.829333, 0.0645387, -0.608097
0.829667, 0.064336, -0.613313
0.83, 0.0641316, -0.618511
0.830333, 0.0639254, -0.62369
0.830667, 0.0637175, -0.628851
0.831, 0.0635079, -0.633993
0.831333, 0.0632966, -0.639116
0.831667, 0.0630835, -0.644221
0.832, 0.0628688, -0.649306
0.832333, 0.0626524, -0.654372
0.832667, 0.0624342, -0.659418
0.833, 0.0622144, -0.664445
0.833333, 0.061993, -0.669453
0.833667, 0.0617698, -0.67444
0.834, 0.061545, -0.679408
0.834333, 0.0613185, -0.684355
0.834667, 0.0610904, -0.689283
0.835, 0.0608606, -0.69419
0.835333, 0.0606292, -0.699076
0.835667, 0.0603962, -0.703942
0.836, 0.0601616, -0.708788
0.836333, 0.0599253, -0.713612
0.836667, 0.0596874, -0.718416
0.837, 0.059448, -0.723198
0.837333, 0.0592069, -0.727959
0.837667, 0.0589643, -0.732699
0.838, 0.05872, -0.737417
0.838333, 0.0584742, -0.742114
0.838667, 0.0582268, -0.746789
0.839, 0.0579779, -0.751442
0.839333, 0.0577274, -0.756073
0.839667, 0.0574754, -0.760682
0.84, 0.0572218, -0.765269
0.840333, 0.0569668, -0.769833
0.840667, 0.0567101, -0.774375
0.841, 0.056452, -0.778895
0.841333, 0.0561924, -0.783391
0.841667, 0.0559313, -0.787865
0.842, 0.0556686, -0.792316
0.842333, 0.0554045, -0.796744
0.842667, 0.0551389, -0.801148
0.843, 0.0548719, -0.805529
0.843333, 0.0546034, -0.809887
0.843667, 0.0543334, -0.814222
0.844, 0.054062, -0.818532
0.844333, 0.0537892, -0.822819
0.844667, 0.0535149, -0.827082
0.845, 0.0532392, -0.831321
0.845333, 0.0529621, -0.835536
0.845667, 0.0526836, -0.839727
0.846, 0.0524037, -0.843893
0.846333, 0.0521224, -0.848035
0.846667, 0.0518397, -0.852153
0.847, 0.0515557, -0.856245
0.847333, 0.0512702, -0.860313
0.847667, 0.0509835, -0.864356
0.848, 0.0506953, -0.868374
0.848333, 0.0504059, -0.872368
0.848667, 0.0501151, -0.876335
0.849, 0.049823, -0.880278
0.849333, 0.0495296, -0.884195
0.849667, 0.0492348, -0.888087
0.85, 0.0489388, -0.891953
0.850333, 0.0486415, -0.895793
0.850667, 0.0483429, -0.899608
0.851, 0.048043, -0.903397
0.851333, 0.0477419, -0.907159
0.851667, 0.0474395, -0.910896
0.852, 0.0471359, -0.914606
0.852333, 0.046831, -0.91829
0.852667, 0.0465249, -0.921948
0.853, 0.0462176, -0.925579
0.853333, 0.0459091, -0.929184
0.853667, 0.0455993, -0.932762
0.854, 0.0452884, -0.936313
0.854333, 0.0449763, -0.939837
0.854667, 0.044663, -0.943335
0.855, 0.0443486, -0.946805
0.855333, 0.044033, -0.950248
0.855667, 0.0437162, -0.953664
0.856, 0.0433983, -0.957053
0.856333, 0.0430793, -0.960414
0.856667, 0.0427592, -0.963748
0.857, 0.0424379, -0.967055
0.857333, 0.0421156, -0.970333
0.857667, 0.0417921, -0.973584
0.858, 0.0414676, -0.976807
0.858333, 0.041142, -0.980002
0.858667, 0.0408153, -0.983169
0.859, 0.0404876, -0.986308
0.859333, 0.0401589, -0.989419
0.859667, 0.039829, -0.992502
0.86, 0.0394982, -0.995557
0.860333, 0.0391664, -0.998583
0.860667, 0.0388335, -1.00158
0.861, 0.0384996, -1.00455
0.861333, 0.0381648, -1.00749
0.861667, 0.037829, -1.0104
0.862, 0.0374922, -1.01328
0.862333, 0.0371544, -1.01614
0.862667, 0.0368157, -1.01896
0.863, 0.036476, -1.02176
0.863333, 0.0361354, -1.02453
0.863667, 0.0357939, -1.02727
0.864, 0.0354515, -1.02997
0.864333, 0.0351082, -1.03265
0.864667, 0.034764, -1.0353
0.865, 0.0344189, -1.03793
0.865333, 0.0340729, -1.04052
0.865667, 0.0337261, -1.04308
0.866, 0.0333784, -1.04561
0.866333, 0.0330298, -1.04811
0.866667, 0.0326805, -1.05059
0.867, 0.0323303, -1.05303
0.867333, 0.0319792, -1.05544
0.867667, 0.0316274, -1.05783
0.868, 0.0312748, -1.06018
0.868333, 0.0309214, -1.0625
0.868667, 0.0305673, -1.0648
0.869, 0.0302123, -1.06706
0.869333, 0.0298566, -1.06929
0.869667, 0.0295002, -1.0715
0.87, 0.029143, -1.07367
0.870333, 0.0287852, -1.07581
0.870667, 0.0284266, -1.07792
0.871, 0.0280672, -1.08
0.871333, 0.0277072, -1.08206
0.871667, 0.0273466, -1.08408
0.872, 0.0269852, -1.08607
0.872333, 0.0266232, -1.08802
0.872667, 0.0262605, -1.08995
0.873, 0.0258972, -1.09185
0.873333, 0.0255332, -1.09372
0.873667, 0.0251687, -1.09555
0.874, 0.0248035, -1.09736
0.874333, 0.0244377, -1.09913
0.874667, 0.0240713, -1.10088
0.875, 0.0237044, -1.10259
0.875333, 0.0233368, -1.10427
0.875667, 0.0229687, -1.10592
0.876, 0.0226001, -1.10754
0.876333, 0.0222309, -1.10913
0.876667, 0.0218612, -1.11068
0.877, 0.021491, -1.11221
0.877333, 0.0211202, -1.1137
0.877667, 0.020749, -1.11517
0.878, 0.0203773, -1.1166
0.878333, 0.0200051, -1.118
0.878667, 0.0196324, -1.11937
0.879, 0.0192593, -1.12071
0.879333, 0.0188857, -1.12201
0.879667, 0.0185117, -1.12329
0.88, 0.0181373, -1.12453
0.880333, 0.0177624, -1.12574
0.880667, 0.0173872, -1.12692
0.881, 0.0170116, -1.12807
0.881333, 0.0166355, -1.12919
0.881667, 0.0162591, -1.13027
0.882, 0.0158824, -1.13133
0.882333, 0.0155053, -1.13235
0.882667, 0.0151278, -1.13334
0.883, 0.01475, -1.1343
0.883333, 0.0143719, -1.13522
0.883667, 0.0139935, -1.13612
0.884, 0.0136148, -1.13698
0.884333, 0.0132358, -1.13781
0.884667, 0.0128566, -1.13861
0.885, 0.012477, -1.13938
0.885333, 0.0120972, -1.14012
0.885667, 0.0117172, -1.14082
0.886, 0.0113369, -1.14149
0.886333, 0.0109564, -1.14213
0.886667, 0.0105757, -1.14274
0.887, 0.0101948, -1.14332
0.887333, 0.0098137, -1.14386
0.887667, 0.00943241, -1.14437
0.888, 0.00905095, -1.14486
0.888333, 0.00866934, -1.1453
0.888667, 0.00828757, -1.14572
0.889, 0.00790566, -1.14611
0.889333, 0.00752363, -1.14646
0.889667, 0.00714147, -1.14678
0.89, 0.00675921, -1.14707
0.890333, 0.00637685, -1.14733
0.890667, 0.00599441, -1.14755
0.891, 0.00561189, -1.14775
0.891333, 0.00522931, -1.14791
0.891667, 0.00484668, -1.14804
0.892, 0.004464, -1.14814
0.892333, 0.00408128, -1.1482
0.892667, 0.00369855, -1.14824
0.893, 0.00331581, -1.14824
0.893333, 0.00293306, -1.14821
0.893667, 0.00255032, -1.14815
0.894, 0.00216761, -1.14805
0.894333, 0.00178492, -1.14793
0.894667, 0.00140228, -1.14777
0.895, 0.00101969, -1.14758
0.895333, 0.000637166, -1.14736
0.895667, 0.000254713, -1.14711
0.896, -0.000127656, -1.14682
0.896333, -0.00050993, -1.14651
0.896667, -0.000892098, -1.14616
0.897, -0.00127415, -1.14578
0.897333, -0.00165608, -1.14537
0.897667, -0.00203786, -1.14492
0.898, -0.00241951, -1.14445
0.898333, -0.00280099, -1.14394
0.898667, -0.0031823, -1.1434
0.899, -0.00356343, -1.14283
0.899333, -0.00394438, -1.14223
0.899667, -0.00432512, -1.1416
0.9, -0.00470565, -1.14093
0.900333, -0.00508596, -1.14024
0.900667, -0.00546604, -1.13951
0.901, -0.00584588, -1.13875
0.901333, -0.00622546, -1.13796
0.901667, -0.00660478, -1.13713
0.902, -0.00698382, -1.13628
0.902333, -0.00736258, -1.1354
0.902667, -0.00774105, -1.13448
0.903, -0.00811921, -1.13353
0.903333, -0.00849705, -1.13255
0.903667, -0.00887457, -1.13154
0.904, -0.00925175, -1.1305
0.904333, -0.00962859, -1.12943
0.904667, -0.0100051, -1.12833
0.905, -0.0103812, -1.12719
0.905333, -0.0107569, -1.12603
0.905667, -0.0111322, -1.12483
0.906, -0.0115072, -1.1236
0.906333, -0.0118817, -1.12234
0.906667, -0.0122558, -1.12105
0.907, -0.0126295, -1.11973
0.907333, -0.0130028, -1.11838
0.907667, -0.0133756, -1.117
0.908, -0.0137479, -1.11559
0.908333, -0.0141198, -1.11414
0.908667, -0.0144911, -1.11267
0.909, -0.014862, -1.11117
0.909333, -0.0152324, -1.10963
0.909667, -0.0156023, -1.10807
0.91, -0.0159716, -1.10647
0.910333, -0.0163405, -1.10484
0.910667, -0.0167088, -1.10319
0.911, -0.0170765, -1.1015
0.911333, -0.0174436, -1.09978
0.911667, -0.0178102, -1.09804
0.912, -0.0181763, -1.09626
0.912333, -0.0185417, -1.09445
0.912667, -0.0189065, -1.09262
0.913, -0.0192707, -1.09075
0.913333, -0.0196343, -1.08885
0.913667, -0.0199972, -1.08693
0.914, -0.0203595, -1.08497
0.914333, -0.0207212, -1.08298
0.914667, -0.0210822, -1.08097
0.915, -0.0214425, -1.07892
0.915333, -0.0218022, -1.07685
0.915667, -0.0221611, -1.07475
0.916, -0.0225194, -1.07261
0.916333, -0.0228769, -1.07045
0.916667, -0.0232337, -1.06826
0.917, -0.0235898, -1.06604
0.917333, -0.0239451, -1.06379
0.917667, -0.0242997, -1.06151
0.918, -0.0246536, -1.0592
0.918333, -0.0250066, -1.05686
0.918667, -0.0253589, -1.0545
0.919, -0.0257104, -1.0521
0.919333, -0.0260611, -1.04968
0.919667, -0.026411, -1.04723
0.92, -0.0267601, -1.04475
0.920333, -0.0271083, -1.04224
0.920667, -0.0274558, -1.0397
0.921, -0.0278023, -1.03714
0.921333, -0.028148, -1.03454
0.921667, -0.0284929, -1.03192
0.922, -0.0288369, -1.02927
0.922333, -0.0291799, -1.02659
0.922667, -0.0295221, -1.02389
0.923, -0.0298634, -1.02116
0.923333, -0.0302038, -1.01839
0.923667, -0.0305433, -1.01561
0.924, -0.0308818, -1.01279
0.924333, -0.0312194, -1.00995
0.924667, -0.0315561, -1.00708
0.925, -0.0318918, -1.00418
0.925333, -0.0322265, -1.00125
0.925667, -0.0325602, -0.998299
0.926, -0.032893, -0.99532
0.926333, -0.0332248, -0.992313
0.926667, -0.0335556, -0.98928
0.927, -0.0338853, -0.98622
0.927333, -0.0342141, -0.983133
0.927667, -0.0345418, -0.98002
0.928, -0.0348684, -0.97688
0.928333, -0.0351941, -0.973714
0.928667, -0.0355186, -0.970521
0.929, -0.0358421, -0.967302
0.929333, -0.0361646, -0.964058
0.929667, -0.0364859, -0.960787
0.93, -0.0368062, -0.95749
0.930333, -0.0371254, -0.954168
0.930667, -0.0374434, -0.950819
0.931, -0.0377603, -0.947446
0.931333, -0.0380762, -0.944046
0.931667, -0.0383908, -0.940621
0.932, -0.0387044, -0.937171
0.932333, -0.0390168, -0.933696
0.932667, -0.039328, -0.930196
0.933, -0.0396381, -0.92667
0.933333, -0.039947, -0.92312
0.933667, -0.0402547, -0.919545
0.934, -0.0405612, -0.915945
0.934333, -0.0408665, -0.912321
0.934667, -0.0411706, -0.908672
0.935, -0.0414735, -0.904999
0.935333, -0.0417752, -0.901301
0.935667, -0.0420756, -0.89758
0.936, -0.0423748, -0.893834
0.936333, -0.0426727, -0.890065
0.936667, -0.0429694, -0.886271
0.937, -0.0432648, -0.882454
0.937333, -0.043559, -0.878613
0.937667, -0.0438519, -0.874749
0.938, -0.0441435, -0.870861
0.938333, -0.0444337, -0.866951
0.938667, -0.0447227, -0.863017
0.939, -0.0450104, -0.85906
0.939333, -0.0452968, -0.85508
0.939667, -0.0455818, -0.851077
0.94, -0.0458655, -0.847051
0.940333, -0.0461478, -0.843003
0.940667, -0.0464288, -0.838933
0.941, -0.0467085, -0.83484
0.941333, -0.0469867, -0.830725
0.941667, -0.0472637, -0.826588
0.942, -0.0475392, -0.822429
0.942333, -0.0478133, -0.818248
0.942667, -0.0480861, -0.814045
0.943, -0.0483574, -0.809821
0.943333, -0.0486274, -0.805576
0.943667, -0.0488959, -0.801308
0.944, -0.049163, -0.79702
0.944333, -0.0494287, -0.792711
0.944667, -0.0496929, -0.78838
0.945, -0.0499557, -0.784029
0.945333, -0.050217, -0.779657
0.945667, -0.0504769, -0.775264
0.946, -0.0507353, -0.770851
0.946333, -0.0509923, -0.766417
0.946667, -0.0512478, -0.761964
0.947, -0.0515018, -0.75749
0.947333, -0.0517543, -0.752996
0.947667, -0.0520053, -0.748482
0.948, -0.0522547, -0.743949
0.948333, -0.0525027, -0.739396
0.948667, -0.0527492, -0.734824
0.949, -0.0529941, -0.730232
0.949333, -0.0532375, -0.725621
0.949667, -0.0534794, -0.720991
0.95, -0.0537198, -0.716342
0.950333, -0.0539585, -0.711675
0.950667, -0.0541958, -0.706988
0.951, -0.0544314, -0.702283
0.951333, -0.0546655, -0.69756
0.951667, -0.054898, -0.692819
0.952, -0.055129, -0.688059
0.952333, -0.0553583, -0.683282
0.952667, -0.0555861, -0.678486
0.953, -0.0558122, -0.673673
0.953333, -0.0560368, -0.668842
0.953667, -0.0562598, -0.663994
0.954, -0.0564811, -0.659129
0.954333, -0.0567008, -0.654246
0.954667, -0.0569189, -0.649347
0.955, -0.0571353, -0.64443
0.955333, -0.0573501, -0.639497
0.955667, -0.0575633, -0.634548
0.956, -0.0577748, -0.629581
0.956333, -0.0579847, -0.624599
0.956667, -0.0581929, -0.6196
0.957, -0.0583994, -0.614586
0.957333, -0.0586043, -0.609555
0.957667, -0.0588075, -0.604509
0.958, -0.059009, -0.599447
0.958333, -0.0592088, -0.59437
0.958667, -0.0594069, -0.589277
0.959, -0.0596033, -0.58417
0.959333, -0.0597981, -0.579047
0.959667, -0.0599911, -0.573909
0.96, -0.0601824, -0.568757
0.960333, -0.060372, -0.56359
0.960667, -0.0605598, -0.558409
0.961, -0.060746, -0.553213
0.961333, -0.0609304, -0.548004
0.961667, -0.061113, -0.54278
0.962, -0.061294, -0.537543
0.962333, -0.0614731, -0.532291
0.962667, -0.0616506, -0.527027
0.963, -0.0618262, -0.521749
0.963333, -0.0620002, -0.516457
0.963667, -0.0621723, -0.511153
0.964, -0.0623427, -0.505835
0.964333, -0.0625113, -0.500505
0.964667, -0.0626781, -0.495163
0.965, -0.0628432, -0.489807
0.965333, -0.0630065, -0.48444
0.965667, -0.0631679, -0.47906
0.966, -0.0633276, -0.473668
0.966333, -0.0634855, -0.468265
0.966667, -0.0636416, -0.462849
0.967, -0.0637959, -0.457423
0.967333, -0.0639484, -0.451984
0.967667, -0.064099, -0.446535
0.968, -0.0642479, -0.441074
0.968333, -0.0643949, -0.435602
0.968667, -0.0645401, -0.43012
0.969, -0.0646835, -0.424627
0.969333, -0.064825, -0.419123
0.969667, -0.0649647, -0.41361
0.97, -0.0651026, -0.408086
0.970333, -0.0652386, -0.402552
0.970667, -0.0653728, -0.397008
0.971, -0.0655051, -0.391454
0.971333, -0.0656356, -0.385891
0.971667, -0.0657643, -0.380318
0.972, -0.065891, -0.374737
0.972333, -0.0660159, -0.369146
0.972667, -0.066139, -0.363546
0.973, -0.0662602, -0.357937
0.973333, -0.0663795, -0.35232
0.973667, -0.0664969, -0.346695
0.974, -0.0666125, -0.341061
0.974333, -0.0667262, -0.335419
0.974667, -0.066838, -0.329769
0.975, -0.0669479, -0.324111
0.975333, -0.0670559, -0.318446
0.975667, -0.0671621, -0.312773
0.976, -0.0672663, -0.307093
0.976333, -0.0673687, -0.301405
0.976667, -0.0674692, -0.295711
0.977, -0.0675677, -0.290009
0.977333, -0.0676644, -0.284301
0.977667, -0.0677592, -0.278587
0.978, -0.067852, -0.272866
0.978333, -0.067943, -0.267139
0.978667, -0.068032, -0.261406
0.979, -0.0681192, -0.255667
0.979333, -0.0682044, -0.249922
0.979667, -0.0682877, -0.244172
0.98, -0.0683691, -0.238416
0.980333, -0.0684486, -0.232655
0.980667, -0.0685261, -0.226889
0.981, -0.0686018, -0.221118
0.981333, -0.0686755, -0.215342
0.981667, -0.0687472, -0.209562
0.982, -0.0688171, -0.203777
0.982333, -0.068885, -0.197988
0.982667, -0.068951, -0.192194
0.983, -0.0690151, -0.186397
0.983333, -0.0690772, -0.180596
0.983667, -0.0691374, -0.174792
0.984, -0.0691957, -0.168984
0.984333, -0.069252, -0.163172
0.984667, -0.0693064, -0.157358
0.985, -0.0693589, -0.15154
0.985333, -0.0694094, -0.14572
0.985667, -0.0694579, -0.139897
0.986, -0.0695046, -0.134072
0.986333, -0.0695493, -0.128244
0.986667, -0.069592, -0.122414
0.987, -0.0696328, -0.116582
0.987333, -0.0696717, -0.110748
0.987667, -0.0697086, -0.104912
0.988, -0.0697436, -0.0990754
0.988333, -0.0697766, -0.0932371
0.988667, -0.0698077, -0.0873975
0.989, -0.0698368, -0.0815569
0.989333, -0.069864, -0.0757154
0.989667, -0.0698892, -0.0698732
0.99, -0.0699125, -0.0640305
0.990333, -0.0699339, -0.0581873
0.990667, -0.0699533, -0.052344
0.991, -0.0699707, -0.0465006
0.991333, -0.0699862, -0.0406573
0.991667, -0.0699998, -0.0348143
0.992, -0.0700114, -0.0289717
0.992333, -0.070021, -0.0231297
0.992667, -0.0700287, -0.0172884
0.993, -0.0700345, -0.0114481
0.993333, -0.0700383, -0.00560884
0.993667, -0.0700402, 0.000229186
0.994, -0.0700401, 0.00606581
0.994333, -0.0700381, 0.0119009
0.994667, -0.0700341, 0.0177342
0.995, -0.0700282, 0.0235656
0.995333, -0.0700203, 0.029395
0.995667, -0.0700105, 0.0352222
0.996, -0.0699988, 0.041047
0.996333, -0.0699851, 0.0468693
0.996667, -0.0699695, 0.0526889
0.997, -0.0699519, 0.0585057
0.997333, -0.0699324, 0.0643194
0.997667, -0.069911, 0.07013
0.998, -0.0698876, 0.0759372
0.998333, -0.0698623, 0.0817409
0.998667, -0.0698351, 0.0875409
0.999, -0.0698059, 0.0933372
0.999333, -0.0697748, 0.0991295
0.999667, -0.0697417, 0.104918
1, -0.0697067, 0.110701
1.00033, -0.0696698, 0.116481
1.00067, -0.069631, 0.122256
1.001, -0.0695903, 0.128026
1.00133, -0.0695476, 0.133791
1.00167, -0.069503, 0.139551
1.002, -0.0694565, 0.145305
1.00233, -0.069408, 0.151055
1.00267, -0.0693577, 0.156798
1.003, -0.0693054, 0.162536
1.00333, -0.0692512, 0.168268
1.00367, -0.0691952, 0.173994
1.004, -0.0691372, 0.179714
1.00433, -0.0690773, 0.185428
1.00467, -0.0690154, 0.191135
1.005, -0.0689517, 0.196835
1.00533, -0.0688861, 0.202529
1.00567, -0.0688186, 0.208215
1.006, -0.0687492, 0.213894
1.00633, -0.0686779, 0.219567
1.00667, -0.0686047, 0.225231
1.007, -0.0685296, 0.230888
1.00733, -0.0684527, 0.236537
1.00767, -0.0683738, 0.242179
1.008, -0.0682931, 0.247812
1.00833, -0.0682105, 0.253437
1.00867, -0.068126, 0.259054
1.009, -0.0680397, 0.264662
1.00933, -0.0679515, 0.270261
1.00967, -0.0678614, 0.275852
1.01, -0.0677694, 0.281433
1.01033, -0.0676756, 0.287006
1.01067, -0.0675799, 0.292569
1.011, -0.0674824, 0.298122
1.01133, -0.067383, 0.303666
1.01167, -0.0672818, 0.309201
1.012, -0.0671788, 0.314725
1.01233, -0.0670738, 0.320239
1.01267, -0.0669671, 0.325743
1.013, -0.0668585, 0.331237
1.01333, -0.0667481, 0.33672
1.01367, -0.0666359, 0.342193
1.014, -0.0665218, 0.347655
1.01433, -0.0664059, 0.353105
1.01467, -0.0662882, 0.358545
1.015, -0.0661687, 0.363973
1.01533, -0.0660474, 0.36939
1.01567, -0.0659242, 0.374796
1.016, -0.0657993, 0.38019
1.01633, -0.0656726, 0.385571
1.01667, -0.0655441, 0.390941
1.017, -0.0654137, 0.396299
1.01733, -0.0652816, 0.401645
1.01767, -0.0651478, 0.406978
1.018, -0.0650121, 0.412298
1.01833, -0.0648747, 0.417606
1.01867, -0.0647355, 0.422901
1.019, -0.0645945, 0.428183
1.01933, -0.0644518, 0.433451
1.01967, -0.0643073, 0.438707
1.02, -0.0641611, 0.443949
1.02033, -0.0640131, 0.449177
1.02067, -0.0638633, 0.454392
1.021, -0.0637119, 0.459592
1.02133, -0.0635587, 0.464779
1.02167, -0.0634038, 0.469952
1.022, -0.0632471, 0.47511
1.02233, -0.0630887, 0.480254
1.02267, -0.0629287, 0.485383
1.023, -0.0627669, 0.490498
1.02333, -0.0626034, 0.495598
1.02367, -0.0624382, 0.500682
1.024, -0.0622713, 0.505752
1.02433, -0.0621027, 0.510807
1.02467, -0.0619324, 0.515846
1.025, -0.0617605, 0.520869
1.02533, -0.0615868, 0.525877
1.02567, -0.0614115, 0.530869
1.026, -0.0612346, 0.535845
1.02633, -0.061056, 0.540805
1.02667, -0.0608757, 0.545749
1.027, -0.0606938, 0.550676
1.02733, -0.0605102, 0.555587
1.02767, -0.060325, 0.560481
1.028, -0.0601382, 0.565359
1.02833, -0.0599498, 0.57022
1.02867, -0.0597597, 0.575064
1.029, -0.059568, 0.57989
1.02933, -0.0593747, 0.5847
1.02967, -0.0591798, 0.589492
1.03, -0.0589833, 0.594266
1.03033, -0.0587852, 0.599023
1.03067, -0.0585855, 0.603762
1.031, -0.0583843, 0.608483
1.03133, -0.0581815, 0.613186
1.03167, -0.0579771, 0.617871
1.032, -0.0577711, 0.622538
1.03233, -0.0575636, 0.627186
1.03267, -0.0573545, 0.631816
1.033, -0.0571439, 0.636427
1.03333, -0.0569318, 0.641019
1.03367, -0.0567181, 0.645592
1.034, -0.0565029, 0.650147
1.03433, -0.0562862, 0.654682
1.03467, -0.056068, 0.659198
1.035, -0.0558482, 0.663694
1.03533, -0.055627, 0.668171
1.03567, -0.0554043, 0.672629
1.036, -0.0551801, 0.677066
1.03633, -0.0549544, 0.681484
1.03667, -0.0547272, 0.685882
1.037, -0.0544986, 0.69026
1.03733, -0.0542685, 0.694617
1.03767, -0.054037, 0.698954
1.038, -0.053804, 0.703271
1.03833, -0.0535696, 0.707567
1.03867, -0.0533337, 0.711843
1.039, -0.0530964, 0.716097
1.03933, -0.0528577, 0.720331
1.03967, -0.0526176, 0.724544
1.04, -0.0523761, 0.728735
1.04033, -0.0521332, 0.732906
1.04067, -0.0518889, 0.737055
1.041, -0.0516432, 0.741182
1.04133, -0.0513961, 0.745288
1.04167, -0.0511477, 0.749372
1.042, -0.0508979, 0.753435
1.04233, -0.0506468, 0.757475
1.04267, -0.0503943, 0.761494
1.043, -0.0501405, 0.765491
1.04333, -0.0498853, 0.769465
1.04367, -0.0496288, 0.773417
1.044, -0.049371, 0.777346
1.04433, -0.0491119, 0.781253
1.04467, -0.0488515, 0.785137
1.045, -0.0485898, 0.788999
1.04533, -0.0483268, 0.792838
1.04567, -0.0480625, 0.796654
1.046, -0.0477969, 0.800446
1.04633, -0.0475301, 0.804216
1.04667, -0.047262, 0.807962
1.047, -0.0469927, 0.811685
1.04733, -0.0467222, 0.815385
1.04767, -0.0464504, 0.819061
1.048, -0.0461773, 0.822714
1.04833, -0.0459031, 0.826342
1.04867, -0.0456277, 0.829947
1.049, -0.045351, 0.833528
1.04933, -0.0450732, 0.837085
1.04967, -0.0447941, 0.840618
1.05, -0.0445139, 0.844127
1.05033, -0.0442325, 0.847611
1.05067, -0.04395, 0.851071
1.051, -0.0436663, 0.854507
1.05133, -0.0433815, 0.857918
1.05167, -0.0430955, 0.861304
1.052, -0.0428084, 0.864666
1.05233, -0.0425202, 0.868002
1.05267, -0.0422309, 0.871314
1.053, -0.0419404, 0.874601
1.05333, -0.0416489, 0.877863
1.05367, -0.0413563, 0.8811
1.054, -0.0410626, 0.884311
1.05433, -0.0407678, 0.887497
1.05467, -0.040472, 0.890658
1.055, -0.0401751, 0.893793
1.05533, -0.0398771, 0.896902
1.05567, -0.0395782, 0.899986
1.056, -0.0392782, 0.903045
1.05633, -0.0389772, 0.906077
1.05667, -0.0386751, 0.909083
1.057, -0.0383721, 0.912064
1.05733, -0.0380681, 0.915018
1.05767, -0.0377631, 0.917947
1.058, -0.0374571, 0.920849
1.05833, -0.0371502, 0.923725
1.05867, -0.0368422, 0.926574
1.059, -0.0365334, 0.929397
1.05933, -0.0362236, 0.932194
1.05967, -0.0359129, 0.934964
1.06, -0.0356012, 0.937707
1.06033, -0.0352886, 0.940424
1.06067, -0.0349752, 0.943114
1.061, -0.0346608, 0.945777
1.06133, -0.0343455, 0.948413
1.06167, -0.0340294, 0.951023
1.062, -0.0337124, 0.953605
1.06233, -0.0333945, 0.95616
1.06267, -0.0330758, 0.958688
1.063, -0.0327562, 0.961188
1.06333, -0.0324358, 0.963662
1.06367, -0.0321146, 0.966108
1.064, -0.0317926, 0.968526
1.06433, -0.0314697, 0.970917
1.06467, -0.0311461, 0.973281
1.065, -0.0308217, 0.975617
1.06533, -0.0304965, 0.977925
1.06567, -0.0301705, 0.980206
1.066, -0.0298438, 0.982459
1.06633, -0.0295163, 0.984684
1.06667, -0.029188, 0.986881
1.067, -0.0288591, 0.98905
1.06733, -0.0285294, 0.991191
1.06767, -0.028199, 0.993304
1.068, -0.0278679, 0.995389
1.06833, -0.0275361, 0.997446
1.06867, -0.0272036, 0.999475
1.069, -0.0268705, 1.00148
1.06933, -0.0265366, 1.00345
1.06967, -0.0262022, 1.00539
1.07, -0.025867, 1.00731
1.07033, -0.0255313, 1.00919
1.07067, -0.0251949, 1.01105
1.071, -0.0248578, 1.01288
1.07133, -0.0245202, 1.01468
1.07167, -0.024182, 1.01646
1.072, -0.0238432, 1.0182
1.07233, -0.0235038, 1.01992
1.07267, -0.0231638, 1.0216
1.073, -0.0228233, 1.02326
1.07333, -0.0224822, 1.02489
1.07367, -0.0221405, 1.02649
1.074, -0.0217984, 1.02806
1.07433, -0.0214557, 1.0296
1.07467, -0.0211125, 1.03112
1.075, -0.0207688, 1.0326
1.07533, -0.0204246, 1.03406
1.07567, -0.0200799, 1.03548
1.076, -0.0197347, 1.03688
1.07633, -0.0193891, 1.03825
1.07667, -0.019043, 1.03959
1.077, -0.0186965, 1.0409
1.07733, -0.0183495, 1.04218
1.07767, -0.0180021, 1.04343
1.078, -0.0176543, 1.04465
1.07833, -0.0173061, 1.04584
1.07867, -0.0169575, 1.04701
1.079, -0.0166085, 1.04814
1.07933, -0.0162591, 1.04924
1.07967, -0.0159094, 1.05032
1.08, -0.0155593, 1.05137
1.08033, -0.0152088, 1.05238
1.08067, -0.014858, 1.05337
1.081, -0.0145069, 1.05433
1.08133, -0.0141555, 1.05525
1.08167, -0.0138037, 1.05615
1.082, -0.0134517, 1.05702
1.08233, -0.0130993, 1.05786
1.08267, -0.0127467, 1.05867
1.083, -0.0123938, 1.05945
1.08333, -0.0120407, 1.0602
1.08367, -0.0116873, 1.06092
1.084, -0.0113336, 1.06161
1.08433, -0.0109797, 1.06227
1.08467, -0.0106257, 1.0629
1.085, -0.0102714, 1.06351
1.08533, -0.00991685, 1.06408
1.08567, -0.00956216, 1.06462
1.086, -0.00920728, 1.06513
1.08633, -0.00885224, 1.06562
1.08667, -0.00849703, 1.06607
1.087, -0.00814167, 1.06649
1.08733, -0.00778618, 1.06689
1.08767, -0.00743055, 1.06725
1.088, -0.0070748, 1.06759
1.08833, -0.00671893, 1.06789
1.08867, -0.00636297, 1.06817
1.089, -0.00600691, 1.06841
1.08933, -0.00565078, 1.06863
1.08967, -0.00529457, 1.06881
1.09, -0.00493829, 1.06897
1.09033, -0.00458197, 1.0691
1.09067, -0.00422561, 1.06919
1.091, -0.00386921, 1.06926
1.09133, -0.00351279, 1.0693
1.09167, -0.00315635, 1.06931
1.092, -0.00279992, 1.06928
1.09233, -0.00244349, 1.06923
1.09267, -0.00208708, 1.06915
1.093, -0.0017307, 1.06904
1.09333, -0.00137435, 1.0689
1.09367, -0.00101805, 1.06873
1.094, -0.000661809, 1.06853
1.09433, -0.000305633, 1.0683
1.09467, 5.04666e-05, 1.06804
1.095, 0.000406479, 1.06775
1.09533, 0.000762396, 1.06743
1.09567, 0.00111821, 1.06708
1.096, 0.0014739, 1.0667
1.09633, 0.00182947, 1.0663
1.09667, 0.0021849, 1.06586
1.097, 0.00254019, 1.06539
1.09733, 0.00289532, 1.0649
1.09767, 0.00325029, 1.06437
1.098, 0.00360508, 1.06382
1.09833, 0.00395968, 1.06323
1.09867, 0.0043141, 1.06262
1.099, 0.0046683, 1.06198
1.09933, 0.00502229, 1.06131
1.09967, 0.00537606, 1.0606
1.1, 0.0057296, 1.05987
1.10033, 0.00608289, 1.05911
1.10067, 0.00643593, 1.05832
1.101, 0.0067887, 1.05751
1.10133, 0.0071412, 1.05666
1.10167, 0.00749342, 1.05578
1.102, 0.00784535, 1.05488
1.10233, 0.00819698, 1.05394
1.10267, 0.00854829, 1.05298
1.103, 0.00889928, 1.05198
1.10333, 0.00924994, 1.05096
1.10367, 0.00960026, 1.04991
1.104, 0.00995023, 1.04883
1.10433, 0.0102998, 1.04772
1.10467, 0.0106491, 1.04658
1.105, 0.0109979, 1.04542
1.10533, 0.0113464, 1.04422
1.10567, 0.0116945, 1.043
1.106, 0.0120422, 1.04174
1.10633, 0.0123894, 1.04046
1.10667, 0.0127362, 1.03915
1.107, 0.0130826, 1.03781
1.10733, 0.0134285, 1.03645
1.10767, 0.013774, 1.03505
1.108, 0.014119, 1.03363
1.10833, 0.0144636, 1.03218
1.10867, 0.0148076, 1.0307
1.109, 0.0151512, 1.02919
1.10933, 0.0154943, 1.02765
1.10967, 0.0158368, 1.02608
1.11, 0.0161789, 1.02449
1.11033, 0.0165204, 1.02287
1.11067, 0.0168613, 1.02122
1.111, 0.0172017, 1.01954
1.11133, 0.0175416, 1.01784
1.11167, 0.0178808, 1.0161
1.112, 0.0182195, 1.01434
1.11233, 0.0185577, 1.01255
1.11267, 0.0188952, 1.01074
1.113, 0.0192321, 1.00889
1.11333, 0.0195684, 1.00702
1.11367, 0.0199041, 1.00512
1.114, 0.0202391, 1.0032
1.11433, 0.0205735, 1.00124
1.11467, 0.0209072, 0.999261
1.115, 0.0212403, 0.997252
1.11533, 0.0215728, 0.995216
1.11567, 0.0219045, 0.993153
1.116, 0.0222355, 0.991063
1.11633, 0.0225659, 0.988946
1.11667, 0.0228955, 0.986801
1.117, 0.0232245, 0.98463
1.11733, 0.0235527, 0.982432
1.11767, 0.0238802, 0.980208
1.118, 0.0242069, 0.977956
1.11833, 0.0245329, 0.975678
1.11867, 0.0248581, 0.973374
1.119, 0.0251826, 0.971042
1.11933, 0.0255063, 0.968685
1.11967, 0.0258291, 0.966301
1.12, 0.0261512, 0.963891
1.12033, 0.0264725, 0.961455
1.12067, 0.026793, 0.958992
1.121, 0.0271127, 0.956504
1.12133, 0.0274315, 0.953989
1.12167, 0.0277495, 0.951449
1.122, 0.0280667, 0.948883
1.12233, 0.028383, 0.946291
1.12267, 0.0286984, 0.943673
1.123, 0.029013, 0.94103
1.12333, 0.0293266, 0.938361
1.12367, 0.0296394, 0.935667
1.124, 0.0299513, 0.932948
1.12433, 0.0302623, 0.930203
1.12467, 0.0305724, 0.927433
1.125, 0.0308815, 0.924638
1.12533, 0.0311897, 0.921818
1.12567, 0.031497, 0.918973
1.126, 0.0318033, 0.916103
1.12633, 0.0321087, 0.913209
1.12667, 0.0324131, 0.91029
1.127, 0.0327165, 0.907346
1.12733, 0.033019, 0.904377
1.12767, 0.0333204, 0.901385
1.128, 0.0336209, 0.898368
1.12833, 0.0339203, 0.895326
1.12867, 0.0342188, 0.892261
1.129, 0.0345162, 0.889171
1.12933, 0.0348126, 0.886058
1.12967, 0.0351079, 0.882921
1.13, 0.0354023, 0.879759
1.13033, 0.0356955, 0.876575
1.13067, 0.0359877, 0.873366
1.131, 0.0362788, 0.870134
1.13133, 0.0365689, 0.866879
1.13167, 0.0368578, 0.863601
1.132, 0.0371457, 0.860299
1.13233, 0.0374325, 0.856974
1.13267, 0.0377181, 0.853626
1.133, 0.0380027, 0.850255
1.13333, 0.0382861, 0.846862
1.13367, 0.0385684, 0.843445
1.134, 0.0388495, 0.840006
1.13433, 0.0391295, 0.836545
1.13467, 0.0394084, 0.833061
1.135, 0.039686, 0.829555
1.13533, 0.0399626, 0.826026
1.13567, 0.0402379, 0.822476
1.136, 0.0405121, 0.818903
1.13633, 0.040785, 0.815309
1.13667, 0.0410568, 0.811693
1.137, 0.0413274, 0.808055
1.13733, 0.0415967, 0.804396
1.13767, 0.0418649, 0.800715
1.138, 0.0421318, 0.797012
1.13833, 0.0423974, 0.793289
1.13867, 0.0426619, 0.789544
1.139, 0.042925, 0.785779
1.13933, 0.043187, 0.781992
1.13967, 0.0434476, 0.778184
1.14, 0.043707, 0.774356
1.14033, 0.0439651, 0.770508
1.14067, 0.044222, 0.766638
1.141, 0.0444775, 0.762749
1.14133, 0.0447318, 0.758839
1.14167, 0.0449847, 0.754909
1.142, 0.0452364, 0.750959
1.14233, 0.0454867, 0.746989
1.14267, 0.0457357, 0.742999
1.143, 0.0459833, 0.73899
1.14333, 0.0462297, 0.734961
1.14367, 0.0464747, 0.730912
1.144, 0.0467183, 0.726844
1.14433, 0.0469606, 0.722757
1.14467, 0.0472015, 0.718651
1.145, 0.047441, 0.714526
1.14533, 0.0476792, 0.710382
1.14567, 0.047916, 0.70622
1.146, 0.0481514, 0.702038
1.14633, 0.0483854, 0.697838
1.14667, 0.048618, 0.69362
1.147, 0.0488493, 0.689384
1.14733, 0.049079, 0.685129
1.14767, 0.0493074, 0.680856
1.148, 0.0495344, 0.676566
1.14833, 0.0497599, 0.672258
1.14867, 0.049984, 0.667932
1.149, 0.0502066, 0.663588
1.14933, 0.0504278, 0.659227
1.14967, 0.0506476, 0.654849
1.15, 0.0508658, 0.650454
1.15033, 0.0510827, 0.646042
1.15067, 0.051298, 0.641613
1.151, 0.0515119, 0.637167
1.15133, 0.0517243, 0.632704
1.15167, 0.0519352, 0.628225
1.152, 0.0521446, 0.62373
1.15233, 0.0523525, 0.619218
1.15267, 0.0525589, 0.61469
1.153, 0.0527638, 0.610146
1.15333, 0.0529672, 0.605587
1.15367, 0.053169, 0.601011
1.154, 0.0533694, 0.59642
1.15433, 0.0535682, 0.591814
1.15467, 0.0537655, 0.587192
1.155, 0.0539612, 0.582555
1.15533, 0.0541554, 0.577903
1.15567, 0.054348, 0.573236
1.156, 0.0545391, 0.568554
1.15633, 0.0547286, 0.563857
1.15667, 0.0549166, 0.559146
1.157, 0.0551029, 0.554421
1.15733, 0.0552877, 0.549681
1.15767, 0.055471, 0.544927
1.158, 0.0556526, 0.540159
1.15833, 0.0558327, 0.535377
1.15867, 0.0560111, 0.530582
1.159, 0.056188, 0.525773
1.15933, 0.0563632, 0.52095
1.15967, 0.0565369, 0.516114
1.16, 0.0567089, 0.511265
1.16033, 0.0568794, 0.506403
1.16067, 0.0570482, 0.501528
1.161, 0.0572153, 0.49664
1.16133, 0.0573809, 0.49174
1.16167, 0.0575448, 0.486827
1.162, 0.0577071, 0.481902
1.16233, 0.0578677, 0.476965
1.16267, 0.0580267, 0.472015
1.163, 0.058184, 0.467054
1.16333, 0.0583397, 0.46208
1.16367, 0.0584937, 0.457096
1.164, 0.0586461, 0.452099
1.16433, 0.0587968, 0.447091
1.16467, 0.0589458, 0.442073
1.165, 0.0590932, 0.437042
1.16533, 0.0592389, 0.432001
1.16567, 0.0593829, 0.42695
1.166, 0.0595252, 0.421887
1.16633, 0.0596658, 0.416814
1.16667, 0.0598048, 0.411731
1.167, 0.059942, 0.406638
1.16733, 0.0600775, 0.401534
1.16767, 0.0602114, 0.39642
1.168, 0.0603435, 0.391297
1.16833, 0.060474, 0.386164
1.16867, 0.0606027, 0.381022
1.169, 0.0607297, 0.37587
1.16933, 0.060855, 0.370709
1.16967, 0.0609786, 0.365539
1.17, 0.0611004, 0.36036
1.17033, 0.0612205, 0.355172
1.17067, 0.0613389, 0.349975
1.171, 0.0614556, 0.34477
1.17133, 0.0615705, 0.339557
1.17167, 0.0616837, 0.334336
1.172, 0.0617951, 0.329106
1.17233, 0.0619048, 0.323869
1.17267, 0.0620128, 0.318624
1.173, 0.062119, 0.313371
1.17333, 0.0622234, 0.308111
1.17367, 0.0623261, 0.302844
1.174, 0.0624271, 0.297569
1.17433, 0.0625263, 0.292287
1.17467, 0.0626237, 0.286999
1.175, 0.0627194, 0.281704
1.17533, 0.0628133, 0.276402
1.17567, 0.0629054, 0.271094
1.176, 0.0629958, 0.265779
1.17633, 0.0630844, 0.260459
1.17667, 0.0631712, 0.255132
1.177, 0.0632562, 0.2498
1.17733, 0.0633395, 0.244462
1.17767, 0.063421, 0.239119
1.178, 0.0635007, 0.23377
1.17833, 0.0635786, 0.228416
1.17867, 0.0636548, 0.223057
1.179, 0.0637291, 0.217693
1.17933, 0.0638017, 0.212324
1.17967, 0.0638725, 0.20695
1.18, 0.0639414, 0.201572
1.18033, 0.0640086, 0.19619
1.18067, 0.064074, 0.190804
1.181, 0.0641376, 0.185414
1.18133, 0.0641994, 0.180019
1.18167, 0.0642594, 0.174621
1.182, 0.0643176, 0.16922
1.18233, 0.064374, 0.163815
1.18267, 0.0644287, 0.158407
1.183, 0.0644815, 0.152995
1.18333, 0.0645325, 0.147581
1.18367, 0.0645816, 0.142164
1.184, 0.064629, 0.136744
1.18433, 0.0646746, 0.131322
1.18467, 0.0647184, 0.125898
1.185, 0.0647604, 0.120471
1.18533, 0.0648005, 0.115042
1.18567, 0.0648389, 0.109611
1.186, 0.0648754, 0.104179
1.18633, 0.0649101, 0.0987447
1.18667, 0.064943, 0.0933092
1.187, 0.0649741, 0.0878724
1.18733, 0.0650034, 0.0824345
1.18767, 0.0650309, 0.0769956
1.188, 0.0650566, 0.0715558
1.18833, 0.0650804, 0.0661153
1.18867, 0.0651025, 0.0606743
1.189, 0.0651227, 0.0552329
1.18933, 0.0651411, 0.0497913
1.18967, 0.0651577, 0.0443496
1.19, 0.0651725, 0.038908
1.19033, 0.0651855, 0.0334666
1.19067, 0.0651966, 0.0280255
1.191, 0.0652059, 0.022585
1.19133, 0.0652135, 0.0171451
1.19167, 0.0652192, 0.0117061
1.192, 0.0652231, 0.00626805
1.19233, 0.0652252, 0.000831121
1.19267, 0.0652255, -0.00460453
1.193, 0.0652239, -0.0100388
1.19333, 0.0652206, -0.0154714
1.19367, 0.0652154, -0.0209023
1.194, 0.0652085, -0.0263314
1.19433, 0.0651997, -0.0317584
1.19467, 0.0651891, -0.0371832
1.195, 0.0651767, -0.0426057
1.19533, 0.0651625, -0.0480258
1.19567, 0.0651465, -0.0534432
1.196, 0.0651287, -0.0588578
1.19633, 0.0651091, -0.0642695
1.19667, 0.0650876, -0.0696781
1.197, 0.0650644, -0.0750835
1.19733, 0.0650394, -0.0804855
1.19767, 0.0650125, -0.085884
1.198, 0.0649839, -0.0912788
1.19833, 0.0649535, -0.0966698
1.19867, 0.0649213, -0.102057
1.199, 0.0648873, -0.10744
1.19933, 0.0648514, -0.112818
1.19967, 0.0648138, -0.118193
1.2, 0.0647744, -0.123562
1.20033, 0.0647332, -0.128927
1.20067, 0.0646903, -0.134287
1.201, 0.0646455, -0.139642
1.20133, 0.064599, -0.144992
1.20167, 0.0645506, -0.150337
1.202, 0.0645005, -0.155676
1.20233, 0.0644486, -0.161009
1.20267, 0.064395, -0.166337
1.203, 0.0643395, -0.171659
1.20333, 0.0642823, -0.176975
1.20367, 0.0642233, -0.182284
1.204, 0.0641625, -0.187588
1.20433, 0.0641, -0.192885
1.20467, 0.0640357, -0.198175
1.205, 0.0639697, -0.203458
1.20533, 0.0639018, -0.208735
1.20567, 0.0638323, -0.214004
1.206, 0.0637609, -0.219267
1.20633, 0.0636878, -0.224522
1.20667, 0.063613, -0.229769
1.207, 0.0635364, -0.235009
1.20733, 0.0634581, -0.240241
1.20767, 0.063378, -0.245465
1.208, 0.0632962, -0.250681
1.20833, 0.0632126, -0.255889
1.20867, 0.0631273, -0.261088
1.209, 0.0630403, -0.266279
1.20933, 0.0629515, -0.271462
1.20967, 0.062861, -0.276635
1.21, 0.0627688, -0.2818
1.21033, 0.0626749, -0.286956
1.21067, 0.0625792, -0.292102
1.211, 0.0624819, -0.297239
1.21133, 0.0623828, -0.302367
1.21167, 0.062282, -0.307484
1.212, 0.0621795, -0.312593
1.21233, 0.0620753, -0.317691
1.21267, 0.0619694, -0.322779
1.213, 0.0618618, -0.327857
1.21333, 0.0617525, -0.332925
1.21367, 0.0616416, -0.337982
1.214, 0.0615289, -0.343029
1.21433, 0.0614146, -0.348065
1.21467, 0.0612985, -0.35309
1.215, 0.0611808, -0.358104
1.21533, 0.0610615, -0.363107
1.21567, 0.0609404, -0.368098
1.216, 0.0608177, -0.373079
1.21633, 0.0606934, -0.378047
1.21667, 0.0605674, -0.383004
1.217, 0.0604397, -0.387949
1.21733, 0.0603104, -0.392883
1.21767, 0.0601794, -0.397804
1.218, 0.0600468, -0.402713
1.21833, 0.0599126, -0.407609
1.21867, 0.0597767, -0.412493
1.219, 0.0596392, -0.417364
1.21933, 0.0595001, -0.422223
1.21967, 0.0593593, -0.427069
1.22, 0.059217, -0.431902
1.22033, 0.059073, -0.436721
1.22067, 0.0589274, -0.441527
1.221, 0.0587803, -0.44632
1.22133, 0.0586315, -0.4511
1.22167, 0.0584811, -0.455865
1.222, 0.0583292, -0.460617
1.22233, 0.0581756, -0.465355
1.22267, 0.0580205, -0.470079
1.223, 0.0578638, -0.474789
1.22333, 0.0577056, -0.479484
1.22367, 0.0575457, -0.484165
1.224, 0.0573843, -0.488831
1.22433, 0.0572214, -0.493483
1.22467, 0.0570569, -0.49812
1.225, 0.0568909, -0.502742
1.22533, 0.0567233, -0.507349
1.22567, 0.0565542, -0.51194
1.226, 0.0563835, -0.516517
1.22633, 0.0562114, -0.521077
1.22667, 0.0560377, -0.525623
1.227, 0.0558625, -0.530152
1.22733, 0.0556857, -0.534666
1.22767, 0.0555075, -0.539164
1.228, 0.0553278, -0.543646
1.22833, 0.0551466, -0.548112
1.22867, 0.0549639, -0.552561
1.229, 0.0547797, -0.556994
1.22933, 0.054594, -0.561411
1.22967, 0.0544069, -0.56581
1.23, 0.0542183, -0.570193
1.23033, 0.0540282, -0.574559
1.23067, 0.0538367, -0.578909
1.231, 0.0536437, -0.583241
1.23133, 0.0534493, -0.587555
1.23167, 0.0532535, -0.591853
1.232, 0.0530562, -0.596133
1.23233, 0.0528575, -0.600395
1.23267, 0.0526573, -0.60464
1.233, 0.0524558, -0.608867
1.23333, 0.0522528, -0.613076
1.23367, 0.0520485, -0.617267
1.234, 0.0518427, -0.621439
1.23433, 0.0516356, -0.625594
1.23467, 0.051427, -0.62973
1.235, 0.0512171, -0.633848
1.23533, 0.0510058, -0.637947
1.23567, 0.0507932, -0.642027
1.236, 0.0505792, -0.646089
1.23633, 0.0503638, -0.650131
1.23667, 0.0501471, -0.654155
1.237, 0.0499291, -0.658159
1.23733, 0.0497097, -0.662145
1.23767, 0.049489, -0.666111
1.238, 0.0492669, -0.670057
1.23833, 0.0490436, -0.673984
1.23867, 0.0488189, -0.677891
1.239, 0.0485929, -0.681779
1.23933, 0.0483657, -0.685646
1.23967, 0.0481371, -0.689494
1.24, 0.0479073, -0.693321
1.24033, 0.0476762, -0.697129
1.24067, 0.0474438, -0.700916
1.241, 0.0472102, -0.704683
1.24133, 0.0469753, -0.708429
1.24167, 0.0467391, -0.712155
1.242, 0.0465018, -0.71586
1.24233, 0.0462631, -0.719544
1.24267, 0.0460233, -0.723207
1.243, 0.0457822, -0.72685
1.24333, 0.0455399, -0.730471
1.24367, 0.0452965, -0.734071
1.244, 0.0450518, -0.73765
1.24433, 0.0448059, -0.741208
1.24467, 0.0445588, -0.744744
1.245, 0.0443106, -0.748259
1.24533, 0.0440611, -0.751752
1.24567, 0.0438106, -0.755223
1.246, 0.0435588, -0.758672
1.24633, 0.0433059, -0.7621
1.24667, 0.0430519, -0.765506
1.247, 0.0427967, -0.768889
1.24733, 0.0425404, -0.77225
1.24767, 0.042283, -0.77559
1.248, 0.0420245, -0.778906
1.24833, 0.0417648, -0.782201
1.24867, 0.0415041, -0.785472
1.249, 0.0412423, -0.788722
1.24933, 0.0409794, -0.791948
1.24967, 0.0407154, -0.795152
1.25, 0.0404503, -0.798333
1.25033, 0.0401842, -0.801491
1.25067, 0.0399171, -0.804626
1.251, 0.0396489, -0.807738
1.25133, 0.0393796, -0.810826
1.25167, 0.0391093, -0.813892
1.252, 0.038838, -0.816934
1.25233, 0.0385657, -0.819953
1.25267, 0.0382924, -0.822948
1.253, 0.0380181, -0.825919
1.25333, 0.0377428, -0.828867
1.25367, 0.0374665, -0.831791
1.254, 0.0371892, -0.834692
1.25433, 0.036911, -0.837568
1.25467, 0.0366318, -0.840421
1.255, 0.0363517, -0.843249
1.25533, 0.0360706, -0.846054
1.25567, 0.0357886, -0.848834
1.256, 0.0355056, -0.85159
1.25633, 0.0352218, -0.854322
1.25667, 0.034937, -0.857029
1.257, 0.0346513, -0.859712
1.25733, 0.0343648, -0.86237
1.25767, 0.0340773, -0.865004
1.258, 0.033789, -0.867613
1.25833, 0.0334998, -0.870198
1.25867, 0.0332097, -0.872757
1.259, 0.0329188, -0.875292
1.25933, 0.032627, -0.877802
1.25967, 0.0323344, -0.880287
1.26, 0.032041, -0.882746
1.26033, 0.0317467, -0.885181
1.26067, 0.0314517, -0.887591
1.261, 0.0311558, -0.889975
1.26133, 0.0308591, -0.892334
1.26167, 0.0305617, -0.894668
1.262, 0.0302635, -0.896976
1.26233, 0.0299645, -0.899259
1.26267, 0.0296647, -0.901516
1.263, 0.0293642, -0.903747
1.26333, 0.029063, -0.905953
1.26367, 0.028761, -0.908134
1.264, 0.0284583, -0.910288
1.26433, 0.0281549, -0.912417
1.26467, 0.0278507, -0.91452
1.265, 0.0275459, -0.916597
1.26533, 0.0272403, -0.918648
1.26567, 0.0269341, -0.920673
1.266, 0.0266272, -0.922672
1.26633, 0.0263197, -0.924645
1.26667, 0.0260115, -0.926592
1.267, 0.0257026, -0.928512
1.26733, 0.0253931, -0.930407
1.26767, 0.025083, -0.932275
1.268, 0.0247722, -0.934116
1.26833, 0.0244608, -0.935932
1.26867, 0.0241489, -0.93772
1.269, 0.0238363, -0.939483
1.26933, 0.0235231, -0.941219
1.26967, 0.0232094, -0.942928
1.27, 0.0228951, -0.94461
1.27033, 0.0225802, -0.946266
1.27067, 0.0222648, -0.947896
1.271, 0.0219488, -0.949498
1.27133, 0.0216323, -0.951074
1.27167, 0.0213153, -0.952623
1.272, 0.0209977, -0.954146
1.27233, 0.0206797, -0.955641
1.27267, 0.0203612, -0.957109
1.273, 0.0200421, -0.958551
1.27333, 0.0197226, -0.959966
1.27367, 0.0194026, -0.961353
1.274, 0.0190822, -0.962714
1.27433, 0.0187613, -0.964047
1.27467, 0.0184399, -0.965353
1.275, 0.0181181, -0.966633
1.27533, 0.0177959, -0.967885
1.27567, 0.0174733, -0.96911
1.276, 0.0171502, -0.970307
1.27633, 0.0168268, -0.971478
1.27667, 0.016503, -0.972621
1.277, 0.0161788, -0.973737
1.27733, 0.0158542, -0.974825
1.27767, 0.0155293, -0.975887
1.278, 0.015204, -0.976921
1.27833, 0.0148783, -0.977927
1.27867, 0.0145523, -0.978906
1.279, 0.014226, -0.979858
1.27933, 0.0138994, -0.980782
1.27967, 0.0135725, -0.981679
1.28, 0.0132453, -0.982548
1.28033, 0.0129178, -0.98339
1.28067, 0.01259, -0.984204
1.281, 0.0122619, -0.984991
1.28133, 0.0119336, -0.98575
1.28167, 0.011605, -0.986481
1.282, 0.0112761, -0.987185
1.28233, 0.0109471, -0.987862
1.28267, 0.0106178, -0.988511
1.283, 0.0102883, -0.989132
1.28333, 0.00995858, -0.989725
1.28367, 0.00962868, -0.990291
1.284, 0.00929858, -0.99083
1.28433, 0.0089683, -0.99134
1.28467, 0.00863786, -0.991823
1.285, 0.00830725, -0.992279
1.28533, 0.00797649, -0.992706
1.28567, 0.00764559, -0.993106
1.286, 0.00731455, -0.993479
1.28633, 0.00698339, -0.993823
1.28667, 0.00665212, -0.99414
1.287, 0.00632074, -0.994429
1.28733, 0.00598926, -0.994691
1.28767, 0.0056577, -0.994925
1.288, 0.00532605, -0.995131
1.28833, 0.00499434, -0.99531
1.28867, 0.00466257, -0.99546
1.289, 0.00433075, -0.995583
1.28933, 0.00399889, -0.995679
1.28967, 0.003667, -0.995747
1.29, 0.00333508, -0.995787
1.29033, 0.00300316, -0.995799
1.29067, 0.00267122, -0.995784
1.291, 0.0023393, -0.995741
1.29133, 0.00200738, -0.99567
1.29167, 0.00167549, -0.995572
1.292, 0.00134363, -0.995446
1.29233, 0.00101182, -0.995293
1.29267, 0.000680055, -0.995111
1.293, 0.000348351, -0.994903
1.29333, 1.67166e-05, -0.994667
1.29367, -0.000314839, -0.994403
1.294, -0.000646306, -0.994111
1.29433, -0.000977677, -0.993792
1.29467, -0.00130894, -0.993446
1.295, -0.00164009, -0.993072
1.29533, -0.00197111, -0.99267
1.29567, -0.002302, -0.992241
1.296, -0.00263275, -0.991785
1.29633, -0.00296335, -0.991301
1.29667, -0.00329378, -0.99079
1.297, -0.00362404, -0.990251
1.29733, -0.00395413, -0.989685
1.29767, -0.00428402, -0.989092
1.298, -0.00461372, -0.988471
1.29833, -0.00494321, -0.987823
1.29867, -0.00527248, -0.987147
1.299, -0.00560153, -0.986445
1.29933, -0.00593035, -0.985715
1.29967, -0.00625892, -0.984958
1.3, -0.00658724, -0.984174
1.30033, -0.0069153, -0.983362
1.30067, -0.00724308, -0.982524
1.301, -0.00757059, -0.981658
1.30133, -0.00789781, -0.980766
1.30167, -0.00822473, -0.979846
1.302, -0.00855135, -0.978899
1.30233, -0.00887765, -0.977925
1.30267, -0.00920362, -0.976925
1.303, -0.00952926, -0.975897
1.30333, -0.00985456, -0.974843
1.30367, -0.0101795, -0.973762
1.304, -0.0105041, -0.972654
1.30433, -0.0108283, -0.971519
1.30467, -0.0111522, -0.970358
1.305, -0.0114756, -0.96917
1.30533, -0.0117987, -0.967955
1.30567, -0.0121213, -0.966714
1.306, -0.0124436, -0.965446
1.30633, -0.0127654, -0.964151
1.30667, -0.0130868, -0.96283
1.307, -0.0134077, -0.961483
1.30733, -0.0137282, -0.960109
1.30767, -0.0140482, -0.958709
1.308, -0.0143678, -0.957283
1.30833, -0.0146869, -0.95583
1.30867, -0.0150055, -0.954352
1.309, -0.0153236, -0.952847
1.30933, -0.0156412, -0.951316
1.30967, -0.0159583, -0.949758
1.31, -0.0162749, -0.948175
1.31033, -0.016591, -0.946566
1.31067, -0.0169065, -0.944931
1.311, -0.0172215, -0.94327
1.31133, -0.0175359, -0.941584
1.31167, -0.0178498, -0.939871
1.312, -0.0181631, -0.938133
1.31233, -0.0184758, -0.936369
1.31267, -0.0187879, -0.93458
1.313, -0.0190994, -0.932765
1.31333, -0.0194103, -0.930925
1.31367, -0.0197206, -0.929059
1.314, -0.0200303, -0.927168
1.31433, -0.0203394, -0.925251
1.31467, -0.0206478, -0.92331
1.315, -0.0209556, -0.921343
1.31533, -0.0212627, -0.919351
1.31567, -0.0215691, -0.917334
1.316, -0.0218749, -0.915292
1.31633, -0.02218, -0.913225
1.31667, -0.0224844, -0.911133
1.317, -0.0227881, -0.909016
1.31733, -0.0230911, -0.906875
1.31767, -0.0233934, -0.904709
1.318, -0.023695, -0.902518
1.31833, -0.0239958, -0.900303
1.31867, -0.0242959, -0.898063
1.319, -0.0245953, -0.895799
1.31933, -0.0248939, -0.89351
1.31967, -0.0251917, -0.891198
1.32, -0.0254888, -0.888861
1.32033, -0.0257851, -0.8865
1.32067, -0.0260806, -0.884115
1.321, -0.0263753, -0.881705
1.32133, -0.0266692, -0.879272
1.32167, -0.0269623, -0.876815
1.322, -0.0272546, -0.874335
1.32233, -0.027546, -0.87183
1.32267, -0.0278366, -0.869302
1.323, -0.0281264, -0.866751
1.32333, -0.0284153, -0.864176
1.32367, -0.0287034, -0.861577
1.324, -0.0289905, -0.858956
1.32433, -0.0292769, -0.856311
1.32467, -0.0295623, -0.853643
1.325, -0.0298469, -0.850952
1.32533, -0.0301305, -0.848237
1.32567, -0.0304132, -0.8455
1.326, -0.0306951, -0.84274
1.32633, -0.030976, -0.839958
1.32667, -0.031256, -0.837152
1.327, -0.031535, -0.834325
1.32733, -0.0318131, -0.831474
1.32767, -0.0320903, -0.828601
1.328, -0.0323665, -0.825706
1.32833, -0.0326417, -0.822789
1.32867, -0.032916, -0.819849
1.329, -0.0331893, -0.816888
1.32933, -0.0334616, -0.813904
1.32967, -0.0337329, -0.810898
1.33, -0.0340032, -0.807871
1.33033, -0.0342725, -0.804822
1.33067, -0.0345407, -0.801751
1.331, -0.034808, -0.798659
1.33133, -0.0350742, -0.795546
1.33167, -0.0353394, -0.792411
1.332, -0.0356035, -0.789254
1.33233, -0.0358666, -0.786077
1.33267, -0.0361286, -0.782878
1.333, -0.0363896, -0.779659
1.33333, -0.0366495, -0.776419
1.33367, -0.0369083, -0.773157
1.334, -0.037166, -0.769876
1.33433, -0.0374226, -0.766573
1.33467, -0.0376782, -0.76325
1.335, -0.0379326, -0.759907
1.33533, -0.0381859, -0.756543
1.33567, -0.0384381, -0.753159
1.336, -0.0386891, -0.749755
1.33633, -0.038939, -0.746331
1.33667, -0.0391878, -0.742887
1.337, -0.0394354, -0.739423
1.33733, -0.0396819, -0.73594
1.33767, -0.0399272, -0.732437
1.338, -0.0401714, -0.728914
1.33833, -0.0404143, -0.725372
1.33867, -0.0406561, -0.721811
1.339, -0.0408967, -0.71823
1.33933, -0.0411361, -0.714631
1.33967, -0.0413744, -0.711012
1.34, -0.0416114, -0.707375
1.34033, -0.0418472, -0.703719
1.34067, -0.0420817, -0.700044
1.341, -0.0423151, -0.69635
1.34133, -0.0425472, -0.692638
1.34167, -0.0427781, -0.688908
1.342, -0.0430077, -0.685159
1.34233, -0.0432361, -0.681393
1.34267, -0.0434632, -0.677608
1.343, -0.0436891, -0.673805
1.34333, -0.0439137, -0.669985
1.34367, -0.044137, -0.666147
1.344, -0.0443591, -0.662291
1.34433, -0.0445798, -0.658418
1.34467, -0.0447993, -0.654527
1.345, -0.0450175, -0.650619
1.34533, -0.0452344, -0.646695
1.34567, -0.0454499, -0.642753
1.346, -0.0456642, -0.638794
1.34633, -0.0458771, -0.634818
1.34667, -0.0460887, -0.630826
1.347, -0.046299, -0.626817
1.34733, -0.0465079, -0.622791
1.34767, -0.0467155, -0.618749
1.348, -0.0469218, -0.614692
1.34833, -0.0471267, -0.610617
1.34867, -0.0473302, -0.606527
1.349, -0.0475324, -0.602421
1.34933, -0.0477332, -0.5983
1.34967, -0.0479326, -0.594163
1.35, -0.0481307, -0.59001
1.35033, -0.0483273, -0.585841
1.35067, -0.0485226, -0.581658
1.351, -0.0487165, -0.577459
1.35133, -0.048909, -0.573246
1.35167, -0.0491001, -0.569017
1.352, -0.0492898, -0.564774
1.35233, -0.049478, -0.560515
1.35267, -0.0496649, -0.556243
1.353, -0.0498503, -0.551956
1.35333, -0.0500343, -0.547654
1.35367, -0.0502168, -0.543339
1.354, -0.0503979, -0.539009
1.35433, -0.0505776, -0.534666
1.35467, -0.0507558, -0.530308
1.355, -0.0509326, -0.525937
1.35533, -0.0511079, -0.521553
1.35567, -0.0512817, -0.517154
1.356, -0.0514541, -0.512743
1.35633, -0.051625, -0.508319
1.35667, -0.0517945, -0.503881
1.357, -0.0519624, -0.49943
1.35733, -0.0521289, -0.494967
1.35767, -0.0522939, -0.490491
1.358, -0.0524574, -0.486002
1.35833, -0.0526194, -0.481501
1.35867, -0.0527799, -0.476988
1.359, -0.0529389, -0.472462
1.35933, -0.0530964, -0.467925
1.35967, -0.0532524, -0.463375
1.36, -0.0534068, -0.458814
1.36033, -0.0535598, -0.454241
1.36067, -0.0537112, -0.449657
1.361, -0.0538611, -0.445061
1.36133, -0.0540094, -0.440454
1.36167, -0.0541562, -0.435835
1.362, -0.0543015, -0.431206
1.36233, -0.0544452, -0.426566
1.36267, -0.0545874, -0.421915
1.363, -0.0547281, -0.417254
1.36333, -0.0548672, -0.412582
1.36367, -0.0550047, -0.4079
1.364, -0.0551406, -0.403207
1.36433, -0.0552751, -0.398504
1.36467, -0.0554079, -0.393792
1.365, -0.0555391, -0.38907
1.36533, -0.0556688, -0.384338
1.36567, -0.055797, -0.379596
1.366, -0.0559235, -0.374845
1.36633, -0.0560484, -0.370085
1.36667, -0.0561718, -0.365315
1.367, -0.0562936, -0.360537
1.36733, -0.0564137, -0.35575
1.36767, -0.0565323, -0.350954
1.368, -0.0566493, -0.346149
1.36833, -0.0567647, -0.341336
1.36867, -0.0568785, -0.336515
1.369, -0.0569906, -0.331685
1.36933, -0.0571012, -0.326847
1.36967, -0.0572102, -0.322002
1.37, -0.0573175, -0.317148
1.37033, -0.0574232, -0.312287
1.37067, -0.0575273, -0.307419
1.371, -0.0576298, -0.302543
1.37133, -0.0577306, -0.29766
1.37167, -0.0578298, -0.292769
1.372, -0.0579274, -0.287872
1.37233, -0.0580234, -0.282968
1.37267, -0.0581177, -0.278057
1.373, -0.0582104, -0.27314
1.37333, -0.0583014, -0.268216
1.37367, -0.0583909, -0.263286
1.374, -0.0584786, -0.25835
1.37433, -0.0585647, -0.253408
1.37467, -0.0586492, -0.24846
1.375, -0.058732, -0.243507
1.37533, -0.0588132, -0.238547
1.37567, -0.0588927, -0.233583
1.376, -0.0589706, -0.228613
1.37633, -0.0590468, -0.223637
1.37667, -0.0591213, -0.218657
1.377, -0.0591942, -0.213672
1.37733, -0.0592654, -0.208682
1.37767, -0.059335, -0.203688
1.378, -0.0594029, -0.198689
1.37833, -0.0594691, -0.193686
1.37867, -0.0595337, -0.188678
1.379, -0.0595966, -0.183667
1.37933, -0.0596578, -0.178652
1.37967, -0.0597173, -0.173632
1.38, -0.0597752, -0.16861
1.38033, -0.0598314, -0.163583
1.38067, -0.0598859, -0.158554
1.381, -0.0599388, -0.153521
1.38133, -0.05999, -0.148485
1.38167, -0.0600395, -0.143446
1.382, -0.0600873, -0.138405
1.38233, -0.0601334, -0.133361
1.38267, -0.0601779, -0.128314
1.383, -0.0602206, -0.123265
1.38333, -0.0602617, -0.118214
1.38367, -0.0603011, -0.11316
1.384, -0.0603389, -0.108105
1.38433, -0.0603749, -0.103048
1.38467, -0.0604092, -0.0979894
1.385, -0.0604419, -0.0929292
1.38533, -0.0604729, -0.0878676
1.38567, -0.0605022, -0.0828047
1.386, -0.0605298, -0.0777408
1.38633, -0.0605557, -0.0726759
1.38667, -0.0605799, -0.0676102
1.387, -0.0606024, -0.0625439
1.38733, -0.0606233, -0.057477
1.38767, -0.0606425, -0.0524097
1.388, -0.0606599, -0.0473422
1.38833, -0.0606757, -0.0422746
1.38867, -0.0606898, -0.037207
1.389, -0.0607022, -0.0321396
1.38933, -0.0607129, -0.0270725
1.38967, -0.0607219, -0.0220059
1.39, -0.0607293, -0.0169399
1.39033, -0.0607349, -0.0118746
1.39067, -0.0607389, -0.00681017
1.391, -0.0607411, -0.00174678
1.39133, -0.0607417, 0.00331545
1.39167, -0.0607406, 0.00837638
1.392, -0.0607378, 0.0134359
1.39233, -0.0607334, 0.0184938
1.39267, -0.0607272, 0.0235499
1.393, -0.0607193, 0.0286043
1.39333, -0.0607098, 0.0336566
1.39367, -0.0606986, 0.0387068
1.394, -0.0606857, 0.0437547
1.39433, -0.0606711, 0.0488001
1.39467, -0.0606548, 0.053843
1.395, -0.0606369, 0.0588832
1.39533, -0.0606173, 0.0639206
1.39567, -0.0605959, 0.068955
1.396, -0.060573, 0.0739863
1.39633, -0.0605483, 0.0790143
1.39667, -0.060522, 0.0840389
1.397, -0.0604939, 0.08906
1.39733, -0.0604643, 0.0940774
1.39767, -0.0604329, 0.099091
1.398, -0.0603999, 0.104101
1.39833, -0.0603652, 0.109106
1.39867, -0.0603288, 0.114108
1.399, -0.0602908, 0.119105
1.39933, -0.0602511, 0.124097
1.39967, -0.0602097, 0.129085
1.4, -0.0601667, 0.134068
1.40033, -0.060122, 0.139046
1.40067, -0.0600756, 0.144019
1.401, -0.0600276, 0.148987
1.40133, -0.059978, 0.15395
1.40167, -0.0599266, 0.158907
1.402, -0.0598737, 0.163858
1.40233, -0.0598191, 0.168804
1.40267, -0.0597628, 0.173744
1.403, -0.0597049, 0.178678
1.40333, -0.0596453, 0.183606
1.40367, -0.0595841, 0.188527
1.404, -0.0595213, 0.193442
1.40433, -0.0594568, 0.198351
1.40467, -0.0593907, 0.203252
1.405, -0.0593229, 0.208147
1.40533, -0.0592535, 0.213036
1.40567, -0.0591825, 0.217917
1.406, -0.0591099, 0.22279
1.40633, -0.0590356, 0.227657
1.40667, -0.0589597, 0.232516
1.407, -0.0588822, 0.237367
1.40733, -0.0588031, 0.242211
1.40767, -0.0587224, 0.247046
1.408, -0.05864, 0.251874
1.40833, -0.0585561, 0.256693
1.40867, -0.0584705, 0.261505
1.409, -0.0583833, 0.266307
1.40933, -0.0582946, 0.271102
1.40967, -0.0582042, 0.275887
1.41, -0.0581122, 0.280664
1.41033, -0.0580187, 0.285432
1.41067, -0.0579235, 0.290191
1.411, -0.0578268, 0.29494
1.41133, -0.0577285, 0.29968
1.41167, -0.0576286, 0.304411
1.412, -0.0575271, 0.309132
1.41233, -0.0574241, 0.313844
1.41267, -0.0573195, 0.318546
1.413, -0.0572133, 0.323237
1.41333, -0.0571055, 0.327919
1.41367, -0.0569962, 0.33259
1.414, -0.0568854, 0.337251
1.41433, -0.056773, 0.341902
1.41467, -0.056659, 0.346542
1.415, -0.0565435, 0.351171
1.41533, -0.0564264, 0.355789
1.41567, -0.0563078, 0.360396
1.416, -0.0561877, 0.364993
1.41633, -0.056066, 0.369578
1.41667, -0.0559428, 0.374151
1.417, -0.0558181, 0.378713
1.41733, -0.0556919, 0.383264
1.41767, -0.0555641, 0.387803
1.418, -0.0554349, 0.39233
1.41833, -0.0553041, 0.396845
1.41867, -0.0551718, 0.401347
1.419, -0.055038, 0.405838
1.41933, -0.0549027, 0.410316
1.41967, -0.054766, 0.414782
1.42, -0.0546277, 0.419235
1.42033, -0.054488, 0.423676
1.42067, -0.0543467, 0.428104
1.421, -0.054204, 0.432518
1.42133, -0.0540599, 0.43692
1.42167, -0.0539142, 0.441308
1.422, -0.0537671, 0.445684
1.42233, -0.0536186, 0.450045
1.42267, -0.0534685, 0.454394
1.423, -0.0533171, 0.458728
1.42333, -0.0531642, 0.463049
1.42367, -0.0530098, 0.467356
1.424, -0.052854, 0.471649
1.42433, -0.0526968, 0.475927
1.42467, -0.0525382, 0.480192
1.425, -0.0523781, 0.484442
1.42533, -0.0522166, 0.488678
1.42567, -0.0520537, 0.492899
1.426, -0.0518894, 0.497105
1.42633, -0.0517237, 0.501297
1.42667, -0.0515566, 0.505473
1.427, -0.0513882, 0.509635
1.42733, -0.0512183, 0.513781
1.42767, -0.051047, 0.517912
1.428, -0.0508744, 0.522028
1.42833, -0.0507004, 0.526129
1.42867, -0.050525, 0.530213
1.429, -0.0503483, 0.534282
1.42933, -0.0501702, 0.538336
1.42967, -0.0499907, 0.542373
1.43, -0.0498099, 0.546394
1.43033, -0.0496278, 0.550399
1.43067, -0.0494443, 0.554388
1.431, -0.0492595, 0.558361
1.43133, -0.0490734, 0.562317
1.43167, -0.048886, 0.566256
1.432, -0.0486972, 0.570179
1.43233, -0.0485072, 0.574085
1.43267, -0.0483158, 0.577974
1.433, -0.0481231, 0.581846
1.43333, -0.0479292, 0.585701
1.43367, -0.047734, 0.589539
1.434, -0.0475374, 0.59336
1.43433, -0.0473397, 0.597163
1.43467, -0.0471406, 0.600949
1.435, -0.0469403, 0.604717
1.43533, -0.0467387, 0.608468
1.43567, -0.0465359, 0.6122
1.436, -0.0463318, 0.615915
1.43633, -0.0461265, 0.619612
1.43667, -0.04592, 0.62329
1.437, -0.0457122, 0.626951
1.43733, -0.0455032, 0.630593
1.43767, -0.045293, 0.634217
1.438, -0.0450816, 0.637822
1.43833, -0.044869, 0.641409
1.43867, -0.0446552, 0.644977
1.439, -0.0444402, 0.648526
1.43933, -0.0442241, 0.652056
1.43967, -0.0440067, 0.655568
1.44, -0.0437882, 0.65906
1.44033, -0.0435685, 0.662534
1.44067, -0.0433476, 0.665988
1.441, -0.0431256, 0.669422
1.44133, -0.0429025, 0.672838
1.44167, -0.0426782, 0.676233
1.442, -0.0424528, 0.67961
1.44233, -0.0422263, 0.682966
1.44267, -0.0419986, 0.686303
1.443, -0.0417699, 0.68962
1.44333, -0.04154, 0.692917
1.44367, -0.041309, 0.696193
1.444, -0.0410769, 0.69945
1.44433, -0.0408438, 0.702687
1.44467, -0.0406096, 0.705903
1.445, -0.0403743, 0.709099
1.44533, -0.0401379, 0.712274
1.44567, -0.0399005, 0.715429
1.446, -0.039662, 0.718564
1.44633, -0.0394225, 0.721677
1.44667, -0.0391819, 0.72477
1.447, -0.0389403, 0.727842
1.44733, -0.0386977, 0.730893
1.44767, -0.0384541, 0.733923
1.448, -0.0382094, 0.736931
1.44833, -0.0379638, 0.739919
1.44867, -0.0377172, 0.742885
1.449, -0.0374695, 0.74583
1.44933, -0.0372209, 0.748754
1.44967, -0.0369713, 0.751656
1.45, -0.0367208, 0.754536
1.45033, -0.0364693, 0.757395
1.45067, -0.0362168, 0.760232
1.451, -0.0359634, 0.763048
1.45133, -0.035709, 0.765841
1.45167, -0.0354538, 0.768613
1.452, -0.0351976, 0.771362
1.45233, -0.0349404, 0.77409
1.45267, -0.0346824, 0.776795
1.453, -0.0344235, 0.779478
1.45333, -0.0341637, 0.782139
1.45367, -0.0339029, 0.784777
1.454, -0.0336414, 0.787393
1.45433, -0.0333789, 0.789987
1.45467, -0.0331156, 0.792558
1.455, -0.0328514, 0.795106
1.45533, -0.0325863, 0.797631
1.45567, -0.0323205, 0.800134
1.456, -0.0320537, 0.802614
1.45633, -0.0317862, 0.805071
1.45667, -0.0315179, 0.807506
1.457, -0.0312487, 0.809917
1.45733, -0.0309787, 0.812305
1.45767, -0.0307079, 0.81467
1.458, -0.0304364, 0.817012
1.45833, -0.0301641, 0.81933
1.45867, -0.0298909, 0.821625
1.459, -0.0296171, 0.823897
1.45933, -0.0293424, 0.826145
1.45967, -0.0290671, 0.82837
1.46, -0.0287909, 0.830572
1.46033, -0.0285141, 0.832749
1.46067, -0.0282365, 0.834903
1.461, -0.0279582, 0.837034
1.46133, -0.0276792, 0.839141
1.46167, -0.0273995, 0.841223
1.462, -0.0271191, 0.843282
1.46233, -0.026838, 0.845317
1.46267, -0.0265562, 0.847328
1.463, -0.0262737, 0.849316
1.46333, -0.0259906, 0.851279
1.46367, -0.0257069, 0.853217
1.464, -0.0254225, 0.855132
1.46433, -0.0251374, 0.857023
1.46467, -0.0248518, 0.858889
1.465, -0.0245655, 0.860731
1.46533, -0.0242785, 0.862548
1.46567, -0.023991, 0.864342
1.466, -0.0237029, 0.86611
1.46633, -0.0234142, 0.867855
1.46667, -0.0231249, 0.869574
1.467, -0.0228351, 0.87127
1.46733, -0.0225446, 0.87294
1.46767, -0.0222537, 0.874586
1.468, -0.0219621, 0.876207
1.46833, -0.0216701, 0.877804
1.46867, -0.0213775, 0.879376
1.469, -0.0210843, 0.880923
1.46933, -0.0207907, 0.882445
1.46967, -0.0204966, 0.883942
1.47, -0.0202019, 0.885414
1.47033, -0.0199068, 0.886862
1.47067, -0.0196111, 0.888284
1.471, -0.0193151, 0.889681
1.47133, -0.0190185, 0.891054
1.47167, -0.0187215, 0.892401
1.472, -0.018424, 0.893723
1.47233, -0.0181261, 0.89502
1.47267, -0.0178278, 0.896292
1.473, -0.017529, 0.897539
1.47333, -0.0172298, 0.89876
1.47367, -0.0169302, 0.899956
1.474, -0.0166302, 0.901127
1.47433, -0.0163299, 0.902273
1.47467, -0.0160291, 0.903393
1.475, -0.015728, 0.904488
1.47533, -0.0154265, 0.905557
1.47567, -0.0151246, 0.906601
1.476, -0.0148224, 0.90762
1.47633, -0.0145199, 0.908613
1.47667, -0.014217, 0.909581
1.477, -0.0139138, 0.910523
1.47733, -0.0136103, 0.91144
1.47767, -0.0133065, 0.912331
1.478, -0.0130024, 0.913196
1.47833, -0.012698, 0.914036
1.47867, -0.0123933, 0.914851
1.479, -0.0120884, 0.91564
1.47933, -0.0117832, 0.916403
1.47967, -0.0114777, 0.91714
1.48, -0.011172, 0.917852
1.48033, -0.010866, 0.918538
1.48067, -0.0105598, 0.919199
1.481, -0.0102534, 0.919834
1.48133, -0.00994683, 0.920443
1.48167, -0.00964002, 0.921027
1.482, -0.00933301, 0.921584
1.48233, -0.00902582, 0.922116
1.48267, -0.00871844, 0.922622
1.483, -0.0084109, 0.923103
1.48333, -0.0081032, 0.923558
1.48367, -0.00779535, 0.923987
1.484, -0.00748735, 0.92439
1.48433, -0.00717922, 0.924767
1.48467, -0.00687097, 0.925119
1.485, -0.0065626, 0.925445
1.48533, -0.00625411, 0.925745
1.48567, -0.00594553, 0.926019
1.486, -0.00563686, 0.926268
1.48633, -0.0053281, 0.926491
1.48667, -0.00501927, 0.926688
1.487, -0.00471038, 0.926859
1.48733, -0.00440142, 0.927004
1.48767, -0.00409242, 0.927124
1.488, -0.00378338, 0.927217
1.48833, -0.00347431, 0.927285
1.48867, -0.00316521, 0.927328
1.489, -0.0028561, 0.927344
1.48933, -0.00254699, 0.927335
1.48967, -0.00223788, 0.9273
1.49, -0.00192878, 0.927239
1.49033, -0.0016197, 0.927153
1.49067, -0.00131065, 0.92704
1.491, -0.00100163, 0.926902
1.49133, -0.000692667, 0.926739
1.49167, -0.000383754, 0.926549
1.492, -7.49043e-05, 0.926334
1.49233, 0.000233874, 0.926093
1.49267, 0.000542572, 0.925827
1.493, 0.00085118, 0.925535
1.49333, 0.00115969, 0.925217
1.49367, 0.0014681, 0.924874
1.494, 0.00177639, 0.924505
1.49433, 0.00208456, 0.92411
1.49467, 0.00239259, 0.92369
1.495, 0.00270049, 0.923244
1.49533, 0.00300824, 0.922773
1.49567, 0.00331583, 0.922276
1.496, 0.00362326, 0.921754
1.49633, 0.00393051, 0.921206
1.49667, 0.00423758, 0.920633
1.497, 0.00454445, 0.920034
1.49733, 0.00485113, 0.91941
1.49767, 0.0051576, 0.918761
1.498, 0.00546385, 0.918086
1.49833, 0.00576988, 0.917386
1.49867, 0.00607568, 0.916661
1.499, 0.00638123, 0.91591
1.49933, 0.00668654, 0.915134
1.49967, 0.00699158, 0.914333
1.5, 0.00729636, 0.913506
1.50033, 0.00760086, 0.912654
1.50067, 0.00790508, 0.911778
1.501, 0.008209, 0.910876
1.50133, 0.00851263, 0.909949
1.50167, 0.00881595, 0.908997
1.502, 0.00911894, 0.90802
1.50233, 0.00942162, 0.907018
1.50267, 0.00972396, 0.905991
1.503, 0.010026, 0.904939
1.50333, 0.0103276, 0.903862
1.50367, 0.0106289, 0.90276
1.504, 0.0109298, 0.901634
1.50433, 0.0112304, 0.900483
1.50467, 0.0115305, 0.899307
1.505, 0.0118303, 0.898106
1.50533, 0.0121297, 0.89688
1.50567, 0.0124286, 0.895631
1.506, 0.0127272, 0.894356
1.50633, 0.0130253, 0.893057
1.50667, 0.013323, 0.891733
1.507, 0.0136202, 0.890385
1.50733, 0.013917, 0.889013
1.50767, 0.0142133, 0.887616
1.508, 0.0145092, 0.886195
1.50833, 0.0148046, 0.884749
1.50867, 0.0150995, 0.88328
1.509, 0.0153939, 0.881786
1.50933, 0.0156879, 0.880268
1.50967, 0.0159813, 0.878726
1.51, 0.0162742, 0.87716
1.51033, 0.0165666, 0.87557
1.51067, 0.0168585, 0.873956
1.511, 0.0171498, 0.872318
1.51133, 0.0174405, 0.870656
1.51167, 0.0177308, 0.86897
1.512, 0.0180204, 0.867261
1.51233, 0.0183095, 0.865528
1.51267, 0.018598, 0.863772
1.513, 0.0188859, 0.861991
1.51333, 0.0191733, 0.860188
1.51367, 0.01946, 0.858361
1.514, 0.0197461, 0.85651
1.51433, 0.0200316, 0.854636
1.51467, 0.0203165, 0.852739
1.515, 0.0206007, 0.850818
1.51533, 0.0208844, 0.848875
1.51567, 0.0211673, 0.846908
1.516, 0.0214496, 0.844918
1.51633, 0.0217313, 0.842906
1.51667, 0.0220122, 0.84087
1.517, 0.0222925, 0.838811
1.51733, 0.0225721, 0.83673
1.51767, 0.022851, 0.834626
1.518, 0.0231292, 0.832499
1.51833, 0.0234067, 0.830349
1.51867, 0.0236835, 0.828177
1.519, 0.0239596, 0.825983
1.51933, 0.0242349, 0.823766
1.51967, 0.0245095, 0.821527
1.52, 0.0247833, 0.819265
1.52033, 0.0250564, 0.816982
1.52067, 0.0253287, 0.814676
1.521, 0.0256003, 0.812348
1.52133, 0.0258711, 0.809998
1.52167, 0.0261411, 0.807626
1.522, 0.0264103, 0.805232
1.52233, 0.0266787, 0.802816
1.52267, 0.0269463, 0.800379
1.523, 0.0272131, 0.79792
1.52333, 0.0274791, 0.79544
1.52367, 0.0277442, 0.792938
1.524, 0.0280085, 0.790414
1.52433, 0.028272, 0.787869
1.52467, 0.0285346, 0.785303
1.525, 0.0287964, 0.782716
1.52533, 0.0290573, 0.780107
1.52567, 0.0293173, 0.777478
1.526, 0.0295765, 0.774828
1.52633, 0.0298348, 0.772156
1.52667, 0.0300922, 0.769464
1.527, 0.0303487, 0.766751
1.52733, 0.0306042, 0.764018
1.52767, 0.0308589, 0.761264
1.528, 0.0311127, 0.758489
1.52833, 0.0313655, 0.755694
1.52867, 0.0316174, 0.752879
1.529, 0.0318684, 0.750043
1.52933, 0.0321184, 0.747187
1.52967, 0.0323674, 0.744312
1.53, 0.0326155, 0.741416
1.53033, 0.0328627, 0.7385
1.53067, 0.0331088, 0.735565
1.531, 0.033354, 0.732609
1.53133, 0.0335982, 0.729635
1.53167, 0.0338414, 0.72664
1.532, 0.0340837, 0.723626
1.53233, 0.0343249, 0.720593
1.53267, 0.0345651, 0.71754
1.533, 0.0348042, 0.714469
1.53333, 0.0350424, 0.711378
1.53367, 0.0352795, 0.708268
1.534, 0.0355156, 0.705139
1.53433, 0.0357507, 0.701991
1.53467, 0.0359847, 0.698825
1.535, 0.0362176, 0.69564
1.53533, 0.0364495, 0.692436
1.53567, 0.0366803, 0.689214
1.536, 0.03691, 0.685974
1.53633, 0.0371387, 0.682715
1.53667, 0.0373663, 0.679438
1.537, 0.0375927, 0.676143
1.53733, 0.0378181, 0.67283
1.53767, 0.0380424, 0.669499
1.538, 0.0382656, 0.66615
1.53833, 0.0384876, 0.662784
1.53867, 0.0387085, 0.6594
1.539, 0.0389283, 0.655998
1.53933, 0.039147, 0.652579
1.53967, 0.0393645, 0.649143
1.54, 0.0395809, 0.64569
1.54033, 0.0397961, 0.642219
1.54067, 0.0400102, 0.638731
1.541, 0.0402231, 0.635227
1.54133, 0.0404349, 0.631705
1.54167, 0.0406454, 0.628167
1.542, 0.0408548, 0.624613
1.54233, 0.041063, 0.621042
1.54267, 0.04127, 0.617454
1.543, 0.0414759, 0.61385
1.54333, 0.0416805, 0.61023
1.54367, 0.0418839, 0.606594
1.544, 0.0420861, 0.602942
1.54433, 0.0422871, 0.599274
1.54467, 0.0424868, 0.59559
1.545, 0.0426854, 0.591891
1.54533, 0.0428827, 0.588176
1.54567, 0.0430787, 0.584446
1.546, 0.0432735, 0.5807
1.54633, 0.0434671, 0.576939
1.54667, 0.0436594, 0.573163
1.547, 0.0438505, 0.569372
1.54733, 0.0440402, 0.565566
1.54767, 0.0442288, 0.561745
1.548, 0.044416, 0.557909
1.54833, 0.044602, 0.554059
1.54867, 0.0447867, 0.550195
1.549, 0.0449701, 0.546316
1.54933, 0.0451522, 0.542423
1.54967, 0.045333, 0.538515
1.55, 0.0455125, 0.534594
1.55033, 0.0456907, 0.530659
1.55067, 0.0458676, 0.52671
1.551, 0.0460431, 0.522747
1.55133, 0.0462174, 0.51877
1.55167, 0.0463903, 0.514781
1.552, 0.0465619, 0.510778
1.55233, 0.0467322, 0.506761
1.55267, 0.0469011, 0.502732
1.553, 0.0470687, 0.498689
1.55333, 0.0472349, 0.494634
1.55367, 0.0473998, 0.490566
1.554, 0.0475633, 0.486485
1.55433, 0.0477255, 0.482392
1.55467, 0.0478863, 0.478286
1.555, 0.0480457, 0.474168
1.55533, 0.0482037, 0.470037
1.55567, 0.0483604, 0.465895
1.556, 0.0485157, 0.461741
1.55633, 0.0486696, 0.457575
1.55667, 0.0488222, 0.453397
1.557, 0.0489733, 0.449208
1.55733, 0.049123, 0.445007
1.55767, 0.0492714, 0.440794
1.558, 0.0494183, 0.436571
1.55833, 0.0495638, 0.432336
1.55867, 0.0497079, 0.428091
1.559, 0.0498506, 0.423834
1.55933, 0.0499919, 0.419567
1.55967, 0.0501318, 0.415289
1.56, 0.0502702, 0.411001
1.56033, 0.0504072, 0.406702
1.56067, 0.0505428, 0.402393
1.561, 0.0506769, 0.398074
1.56133, 0.0508096, 0.393744
1.56167, 0.0509408, 0.389405
1.562, 0.0510706, 0.385056
1.56233, 0.051199, 0.380698
1.56267, 0.0513259, 0.37633
1.563, 0.0514513, 0.371952
1.56333, 0.0515753, 0.367565
1.56367, 0.0516978, 0.363169
1.564, 0.0518189, 0.358764
1.56433, 0.0519385, 0.354351
1.56467, 0.0520566, 0.349928
1.565, 0.0521732, 0.345496
1.56533, 0.0522884, 0.341057
1.56567, 0.0524021, 0.336608
1.566, 0.0525143, 0.332152
1.56633, 0.052625, 0.327687
1.56667, 0.0527342, 0.323214
1.567, 0.052842, 0.318733
1.56733, 0.0529482, 0.314245
1.56767, 0.053053, 0.309749
1.568, 0.0531562, 0.305245
1.56833, 0.053258, 0.300734
1.56867, 0.0533582, 0.296216
1.569, 0.0534569, 0.29169
1.56933, 0.0535542, 0.287158
1.56967, 0.0536499, 0.282618
1.57, 0.0537441, 0.278072
1.57033, 0.0538368, 0.273519
1.57067, 0.053928, 0.26896
1.571, 0.0540176, 0.264394
1.57133, 0.0541057, 0.259822
1.57167, 0.0541924, 0.255244
1.572, 0.0542774, 0.25066
1.57233, 0.054361, 0.24607
1.57267, 0.054443, 0.241474
1.573, 0.0545235, 0.236873
1.57333, 0.0546025, 0.232266
1.57367, 0.0546799, 0.227654
1.574, 0.0547558, 0.223037
1.57433, 0.0548301, 0.218414
1.57467, 0.0549029, 0.213787
1.575, 0.0549742, 0.209154
1.57533, 0.0550439, 0.204518
1.57567, 0.0551121, 0.199876
1.576, 0.0551787, 0.19523
1.57633, 0.0552438, 0.19058
1.57667, 0.0553073, 0.185925
1.577, 0.0553693, 0.181267
1.57733, 0.0554297, 0.176604
1.57767, 0.0554886, 0.171938
1.578, 0.0555459, 0.167268
1.57833, 0.0556016, 0.162595
1.57867, 0.0556558, 0.157918
1.579, 0.0557085, 0.153238
1.57933, 0.0557596, 0.148555
1.57967, 0.0558091, 0.143868
1.58, 0.055857, 0.139179
1.58033, 0.0559034, 0.134487
1.58067, 0.0559482, 0.129793
1.581, 0.0559915, 0.125096
1.58133, 0.0560332, 0.120397
1.58167, 0.0560733, 0.115695
1.582, 0.0561119, 0.110991
1.58233, 0.0561489, 0.106286
1.58267, 0.0561843, 0.101578
1.583, 0.0562182, 0.0968693
1.58333, 0.0562505, 0.0921586
1.58367, 0.0562812, 0.0874465
1.584, 0.0563104, 0.0827331
1.58433, 0.0563379, 0.0780185
1.58467, 0.0563639, 0.0733028
1.585, 0.0563884, 0.0685863
1.58533, 0.0564112, 0.063869
1.58567, 0.0564325, 0.059151
1.586, 0.0564522, 0.0544325
1.58633, 0.0564704, 0.0497137
1.58667, 0.056487, 0.0449945
1.587, 0.056502, 0.0402753
1.58733, 0.0565154, 0.0355561
1.58767, 0.0565272, 0.030837
1.588, 0.0565375, 0.0261181
1.58833, 0.0565462, 0.0213997
1.58867, 0.0565533, 0.0166818
1.589, 0.0565589, 0.0119646
1.58933, 0.0565629, 0.00724816
1.58967, 0.0565653, 0.00253265
1.59, 0.0565662, -0.0021818
1.59033, 0.0565654, -0.00689506
1.59067, 0.0565631, -0.011607
1.591, 0.0565593, -0.0163175
1.59133, 0.0565538, -0.0210264
1.59167, 0.0565468, -0.0257336
1.592, 0.0565382, -0.030439
1.59233, 0.0565281, -0.0351424
1.59267, 0.0565164, -0.0398437
1.593, 0.0565031, -0.0445428
1.59333, 0.0564882, -0.0492395
1.59367, 0.0564718, -0.0539337
1.594, 0.0564539, -0.0586253
1.59433, 0.0564343, -0.0633142
1.59467, 0.0564132, -0.0680002
1.595, 0.0563905, -0.0726831
1.59533, 0.0563663, -0.077363
1.59567, 0.0563405, -0.0820395
1.596, 0.0563132, -0.0867127
1.59633, 0.0562843, -0.0913823
1.59667, 0.0562538, -0.0960483
1.597, 0.0562218, -0.100711
1.59733, 0.0561882, -0.105369
1.59767, 0.0561531, -0.110023
1.598, 0.0561164, -0.114673
1.59833, 0.0560782, -0.119319
1.59867, 0.0560384, -0.12396
1.599, 0.0559971, -0.128597
1.59933, 0.0559542, -0.133229
1.59967, 0.0559098, -0.137857
1.6, 0.0558639, -0.142479
1.60033, 0.0558164, -0.147096
1.60067, 0.0557674, -0.151708
1.601, 0.0557168, -0.156315
1.60133, 0.0556647, -0.160917
1.60167, 0.055611, -0.165512
1.602, 0.0555559, -0.170103
1.60233, 0.0554992, -0.174687
1.60267, 0.0554409, -0.179265
1.603, 0.0553812, -0.183838
1.60333, 0.0553199, -0.188404
1.60367, 0.0552571, -0.192963
1.604, 0.0551928, -0.197517
1.60433, 0.055127, -0.202063
1.60467, 0.0550596, -0.206603
1.605, 0.0549907, -0.211137
1.60533, 0.0549204, -0.215663
1.60567, 0.0548485, -0.220182
1.606, 0.0547751, -0.224694
1.60633, 0.0547002, -0.229199
1.60667, 0.0546238, -0.233696
1.607, 0.0545459, -0.238186
1.60733, 0.0544665, -0.242668
1.60767, 0.0543856, -0.247142
1.608, 0.0543032, -0.251608
1.60833, 0.0542193, -0.256066
1.60867, 0.054134, -0.260516
1.609, 0.0540471, -0.264958
1.60933, 0.0539588, -0.269391
1.60967, 0.053869, -0.273816
1.61, 0.0537778, -0.278232
1.61033, 0.053685, -0.282639
1.61067, 0.0535908, -0.287038
1.611, 0.0534951, -0.291427
1.61133, 0.053398, -0.295807
1.61167, 0.0532994, -0.300178
1.612, 0.0531993, -0.30454
1.61233, 0.0530978, -0.308892
1.61267, 0.0529948, -0.313234
1.613, 0.0528904, -0.317567
1.61333, 0.0527846, -0.32189
1.61367, 0.0526773, -0.326203
1.614, 0.0525685, -0.330505
1.61433, 0.0524584, -0.334798
1.61467, 0.0523468, -0.33908
1.615, 0.0522337, -0.343352
1.61533, 0.0521193, -0.347613
1.61567, 0.0520034, -0.351864
1.616, 0.0518861, -0.356104
1.61633, 0.0517674, -0.360333
1.61667, 0.0516473, -0.36455
1.617, 0.0515258, -0.368757
1.61733, 0.0514029, -0.372953
1.61767, 0.0512786, -0.377137
1.618, 0.0511529, -0.381309
1.61833, 0.0510258, -0.38547
1.61867, 0.0508973, -0.38962
1.619, 0.0507674, -0.393757
1.61933, 0.0506361, -0.397883
1.61967, 0.0505035, -0.401996
1.62, 0.0503695, -0.406098
1.62033, 0.0502341, -0.410187
1.62067, 0.0500974, -0.414264
1.621, 0.0499593, -0.418328
1.62133, 0.0498199, -0.42238
1.62167, 0.0496791, -0.426419
1.622, 0.049537, -0.430445
1.62233, 0.0493935, -0.434458
1.62267, 0.0492487, -0.438459
1.623, 0.0491025, -0.442446
1.62333, 0.048955, -0.44642
1.62367, 0.0488062, -0.45038
1.624, 0.0486561, -0.454327
1.62433, 0.0485046, -0.458261
1.62467, 0.0483519, -0.462181
1.625, 0.0481978, -0.466087
1.62533, 0.0480425, -0.469979
1.62567, 0.0478858, -0.473857
1.626, 0.0477279, -0.477721
1.62633, 0.0475686, -0.481571
1.62667, 0.0474081, -0.485407
1.627, 0.0472463, -0.489228
1.62733, 0.0470832, -0.493035
1.62767, 0.0469189, -0.496827
1.628, 0.0467533, -0.500604
1.62833, 0.0465864, -0.504367
1.62867, 0.0464183, -0.508115
1.629, 0.0462489, -0.511847
1.62933, 0.0460783, -0.515565
1.62967, 0.0459064, -0.519267
1.63, 0.0457333, -0.522954
1.63033, 0.045559, -0.526626
1.63067, 0.0453835, -0.530282
1.631, 0.0452067, -0.533923
1.63133, 0.0450287, -0.537548
1.63167, 0.0448496, -0.541157
1.632, 0.0446692, -0.54475
1.63233, 0.0444876, -0.548327
1.63267, 0.0443048, -0.551888
1.633, 0.0441209, -0.555433
1.63333, 0.0439357, -0.558962
1.63367, 0.0437494, -0.562474
1.634, 0.0435619, -0.56597
1.63433, 0.0433732, -0.569449
1.63467, 0.0431834, -0.572911
1.635, 0.0429925, -0.576357
1.63533, 0.0428003, -0.579786
1.63567, 0.0426071, -0.583198
1.636, 0.0424127, -0.586593
1.63633, 0.0422171, -0.589971
1.63667, 0.0420205, -0.593332
1.637, 0.0418227, -0.596676
1.63733, 0.0416238, -0.600002
1.63767, 0.0414238, -0.60331
1.638, 0.0412227, -0.606602
1.63833, 0.0410205, -0.609875
1.63867, 0.0408172, -0.613131
1.639, 0.0406128, -0.616369
1.63933, 0.0404074, -0.619589
1.63967, 0.0402009, -0.622791
1.64, 0.0399933, -0.625975
1.64033, 0.0397846, -0.629141
1.64067, 0.0395749, -0.632288
1.641, 0.0393641, -0.635418
1.64133, 0.0391523, -0.638528
1.64167, 0.0389395, -0.641621
1.642, 0.0387256, -0.644695
1.64233, 0.0385107, -0.64775
1.64267, 0.0382948, -0.650786
1.643, 0.0380779, -0.653804
1.64333, 0.0378599, -0.656803
1.64367, 0.037641, -0.659783
1.644, 0.0374211, -0.662744
1.64433, 0.0372001, -0.665685
1.64467, 0.0369783, -0.668608
1.645, 0.0367554, -0.671511
1.64533, 0.0365315, -0.674395
1.64567, 0.0363067, -0.677259
1.646, 0.036081, -0.680104
1.64633, 0.0358543, -0.68293
1.64667, 0.0356266, -0.685735
1.647, 0.0353981, -0.688521
1.64733, 0.0351686, -0.691288
1.64767, 0.0349381, -0.694034
1.648, 0.0347068, -0.69676
1.64833, 0.0344745, -0.699467
1.64867, 0.0342414, -0.702153
1.649, 0.0340073, -0.704819
1.64933, 0.0337724, -0.707465
1.64967, 0.0335366, -0.710091
1.65, 0.0332999, -0.712697
1.65033, 0.0330623, -0.715281
1.65067, 0.0328239, -0.717846
1.651, 0.0325846, -0.72039
1.65133, 0.0323445, -0.722913
1.65167, 0.0321035, -0.725416
1.652, 0.0318617, -0.727898
1.65233, 0.0316191, -0.730359
1.65267, 0.0313756, -0.732799
1.653, 0.0311313, -0.735218
1.65333, 0.0308863, -0.737616
1.65367, 0.0306404, -0.739993
1.654, 0.0303937, -0.742349
1.65433, 0.0301463, -0.744684
1.65467, 0.0298981, -0.746998
1.655, 0.0296491, -0.74929
1.65533, 0.0293993, -0.751561
1.65567, 0.0291488, -0.753811
1.656, 0.0288975, -0.756039
1.65633, 0.0286455, -0.758245
1.65667, 0.0283927, -0.76043
1.657, 0.0281393, -0.762593
1.65733, 0.0278851, -0.764735
1.65767, 0.0276302, -0.766855
1.658, 0.0273745, -0.768953
1.65833, 0.0271182, -0.771029
1.65867, 0.0268612, -0.773083
1.659, 0.0266035, -0.775115
1.65933, 0.0263451, -0.777126
1.65967, 0.0260861, -0.779114
1.66, 0.0258264, -0.78108
1.66033, 0.025566, -0.783024
1.66067, 0.025305, -0.784946
1.661, 0.0250434, -0.786845
1.66133, 0.0247811, -0.788722
1.66167, 0.0245182, -0.790577
1.662, 0.0242547, -0.792409
1.66233, 0.0239905, -0.794219
1.66267, 0.0237258, -0.796007
1.663, 0.0234605, -0.797771
1.66333, 0.0231945, -0.799514
1.66367, 0.022928, -0.801233
1.664, 0.0226609, -0.80293
1.66433, 0.0223933, -0.804605
1.66467, 0.0221251, -0.806256
1.665, 0.0218563, -0.807885
1.66533, 0.0215871, -0.809491
1.66567, 0.0213172, -0.811074
1.666, 0.0210469, -0.812634
1.66633, 0.020776, -0.814171
1.66667, 0.0205046, -0.815686
1.667, 0.0202327, -0.817177
1.66733, 0.0199603, -0.818645
1.66767, 0.0196874, -0.82009
1.668, 0.0194141, -0.821512
1.66833, 0.0191402, -0.822911
1.66867, 0.0188659, -0.824286
1.669, 0.0185912, -0.825639
1.66933, 0.0183159, -0.826968
1.66967, 0.0180403, -0.828274
1.67, 0.0177642, -0.829556
1.67033, 0.0174877, -0.830815
1.67067, 0.0172107, -0.832051
1.671, 0.0169334, -0.833263
1.67133, 0.0166556, -0.834452
1.67167, 0.0163775, -0.835618
1.672, 0.0160989, -0.83676
1.67233, 0.01582, -0.837878
1.67267, 0.0155407, -0.838973
1.673, 0.0152611, -0.840044
1.67333, 0.0149811, -0.841092
1.67367, 0.0147007, -0.842116
1.674, 0.01442, -0.843117
1.67433, 0.014139, -0.844093
1.67467, 0.0138576, -0.845047
1.675, 0.0135759, -0.845976
1.67533, 0.0132939, -0.846882
1.67567, 0.0130116, -0.847764
1.676, 0.012729, -0.848622
1.67633, 0.0124462, -0.849456
1.67667, 0.012163, -0.850267
1.677, 0.0118796, -0.851054
1.67733, 0.0115959, -0.851817
1.67767, 0.011312, -0.852556
1.678, 0.0110278, -0.853271
1.67833, 0.0107434, -0.853963
1.67867, 0.0104587, -0.85463
1.679, 0.0101738, -0.855274
1.67933, 0.00988873, -0.855894
1.67967, 0.00960343, -0.85649
1.68, 0.00931794, -0.857062
1.68033, 0.00903225, -0.85761
1.68067, 0.00874638, -0.858134
1.681, 0.00846033, -0.858634
1.68133, 0.00817412, -0.85911
1.68167, 0.00788775, -0.859562
1.682, 0.00760123, -0.85999
1.68233, 0.00731457, -0.860394
1.68267, 0.00702777, -0.860774
1.683, 0.00674085, -0.86113
1.68333, 0.0064538, -0.861462
1.68367, 0.00616665, -0.86177
1.684, 0.00587939, -0.862054
1.68433, 0.00559204, -0.862314
1.68467, 0.0053046, -0.862551
1.685, 0.00501709, -0.862763
1.68533, 0.0047295, -0.862951
1.68567, 0.00444185, -0.863115
1.686, 0.00415414, -0.863255
1.68633, 0.00386639, -0.863371
1.68667, 0.0035786, -0.863463
1.687, 0.00329078, -0.86353
1.68733, 0.00300294, -0.863574
1.68767, 0.00271508, -0.863594
1.688, 0.00242721, -0.86359
1.68833, 0.00213935, -0.863562
1.68867, 0.0018515, -0.86351
1.689, 0.00156366, -0.863434
1.68933, 0.00127585, -0.863334
1.68967, 0.00098807, -0.863211
1.69, 0.000700333, -0.863063
1.69033, 0.000412646, -0.862891
1.69067, 0.000125015, -0.862695
1.691, -0.00016255, -0.862476
1.69133, -0.000450042, -0.862232
1.69167, -0.000737452, -0.861965
1.692, -0.00102477, -0.861673
1.69233, -0.001312, -0.861358
1.69267, -0.00159912, -0.861019
1.693, -0.00188612, -0.860656
1.69333, -0.00217301, -0.860269
1.69367, -0.00245977, -0.859859
1.694, -0.00274639, -0.859425
1.69433, -0.00303286, -0.858967
1.69467, -0.00331918, -0.858485
1.695, -0.00360534, -0.857979
1.69533, -0.00389134, -0.85745
1.69567, -0.00417715, -0.856897
1.696, -0.00446279, -0.856321
1.69633, -0.00474823, -0.85572
1.69667, -0.00503347, -0.855096
1.697, -0.0053185, -0.854449
1.69733, -0.00560332, -0.853778
1.69767, -0.00588791, -0.853083
1.698, -0.00617227, -0.852365
1.69833, -0.00645639, -0.851623
1.69867, -0.00674027, -0.850858
1.699, -0.00702388, -0.85007
1.69933, -0.00730724, -0.849258
1.69967, -0.00759033, -0.848422
1.7, -0.00787313, -0.847564
1.70033, -0.00815566, -0.846681
1.70067, -0.00843788, -0.845776
1.701, -0.00871981, -0.844847
1.70133, -0.00900142, -0.843895
1.70167, -0.00928272, -0.84292
1.702, -0.0095637, -0.841922
1.70233, -0.00984434, -0.8409
1.70267, -0.0101246, -0.839856
1.703, -0.0104046, -0.838788
1.70333, -0.0106842, -0.837697
1.70367, -0.0109634, -0.836584
1.704, -0.0112423, -0.835447
1.70433, -0.0115208, -0.834287
1.70467, -0.0117989, -0.833105
1.705, -0.0120766, -0.831899
1.70533, -0.0123539, -0.830671
1.70567, -0.0126307, -0.82942
1.706, -0.0129072, -0.828146
1.70633, -0.0131833, -0.82685
1.70667, -0.0134589, -0.825531
1.707, -0.0137341, -0.824189
1.70733, -0.0140088, -0.822825
1.70767, -0.0142831, -0.821438
1.708, -0.0145569, -0.820029
1.70833, -0.0148302, -0.818597
1.70867, -0.0151031, -0.817143
1.709, -0.0153755, -0.815666
1.70933, -0.0156474, -0.814168
1.70967, -0.0159187, -0.812647
1.71, -0.0161896, -0.811103
1.71033, -0.01646, -0.809538
1.71067, -0.0167298, -0.80795
1.711, -0.0169992, -0.806341
1.71133, -0.0172679, -0.804709
1.71167, -0.0175362, -0.803055
1.712, -0.0178039, -0.80138
1.71233, -0.018071, -0.799683
1.71267, -0.0183376, -0.797963
1.713, -0.0186035, -0.796223
1.71333, -0.0188689, -0.79446
1.71367, -0.0191338, -0.792676
1.714, -0.019398, -0.79087
1.71433, -0.0196616, -0.789042
1.71467, -0.0199246, -0.787193
1.715, -0.020187, -0.785323
1.71533, -0.0204488, -0.783432
1.71567, -0.0207099, -0.781519
1.716, -0.0209705, -0.779584
1.71633, -0.0212303, -0.777629
1.71667, -0.0214895, -0.775652
1.717, -0.0217481, -0.773655
1.71733, -0.022006, -0.771636
1.71767, -0.0222632, -0.769596
1.718, -0.0225197, -0.767536
1.71833, -0.0227755, -0.765455
1.71867, -0.0230307, -0.763353
1.719, -0.0232851, -0.76123
1.71933, -0.0235389, -0.759086
1.71967, -0.0237919, -0.756922
1.72, -0.0240442, -0.754738
1.72033, -0.0242958, -0.752533
1.72067, -0.0245467, -0.750308
1.721, -0.0247968, -0.748062
1.72133, -0.0250461, -0.745796
1.72167, -0.0252947, -0.74351
1.722, -0.0255425, -0.741204
1.72233, -0.0257896, -0.738878
1.72267, -0.0260359, -0.736531
1.723, -0.0262814, -0.734165
1.72333, -0.0265261, -0.731779
1.72367, -0.0267701, -0.729374
1.724, -0.0270132, -0.726949
1.72433, -0.0272555, -0.724504
1.72467, -0.027497, -0.722039
1.725, -0.0277377, -0.719555
1.72533, -0.0279775, -0.717052
1.72567, -0.0282166, -0.714529
1.726, -0.0284547, -0.711987
1.72633, -0.0286921, -0.709426
1.72667, -0.0289285, -0.706846
1.727, -0.0291642, -0.704247
1.72733, -0.0293989, -0.701629
1.72767, -0.0296328, -0.698992
1.728, -0.0298658, -0.696336
1.72833, -0.0300979, -0.693661
1.72867, -0.0303291, -0.690968
1.729, -0.0305594, -0.688256
1.72933, -0.0307888, -0.685526
1.72967, -0.0310174, -0.682778
1.73, -0.0312449, -0.680011
1.73033, -0.0314716, -0.677226
1.73067, -0.0316974, -0.674423
1.731, -0.0319222, -0.671601
1.73133, -0.032146, -0.668762
1.73167, -0.032369, -0.665905
1.732, -0.0325909, -0.66303
1.73233, -0.0328119, -0.660137
1.73267, -0.033032, -0.657227
1.733, -0.0332511, -0.654299
1.73333, -0.0334692, -0.651353
1.73367, -0.0336863, -0.648391
1.734, -0.0339024, -0.645411
1.73433, -0.0341175, -0.642413
1.73467, -0.0343317, -0.639399
1.735, -0.0345448, -0.636367
1.73533, -0.0347569, -0.633319
1.73567, -0.034968, -0.630254
1.736, -0.0351781, -0.627171
1.73633, -0.0353872, -0.624073
1.73667, -0.0355952, -0.620957
1.737, -0.0358022, -0.617826
1.73733, -0.0360081, -0.614677
1.73767, -0.036213, -0.611513
1.738, -0.0364169, -0.608332
1.73833, -0.0366196, -0.605135
1.73867, -0.0368214, -0.601922
1.739, -0.037022, -0.598693
1.73933, -0.0372216, -0.595448
1.73967, -0.03742, -0.592188
1.74, -0.0376174, -0.588911
1.74033, -0.0378137, -0.585619
1.74067, -0.0380089, -0.582312
1.741, -0.038203, -0.578989
1.74133, -0.038396, -0.575651
1.74167, -0.0385879, -0.572298
1.742, -0.0387787, -0.56893
1.74233, -0.0389683, -0.565547
1.74267, -0.0391569, -0.562149
1.743, -0.0393442, -0.558736
1.74333, -0.0395305, -0.555308
1.74367, -0.0397156, -0.551866
1.744, -0.0398995, -0.548409
1.74433, -0.0400823, -0.544938
1.74467, -0.040264, -0.541452
1.745, -0.0404445, -0.537952
1.74533, -0.0406238, -0.534439
1.74567, -0.0408019, -0.530911
1.746, -0.0409789, -0.527369
1.74633, -0.0411547, -0.523813
1.74667, -0.0413293, -0.520244
1.747, -0.0415027, -0.516661
1.74733, -0.0416749, -0.513065
1.74767, -0.041846, -0.509455
1.748, -0.0420158, -0.505832
1.74833, -0.0421844, -0.502196
1.74867, -0.0423518, -0.498547
1.749, -0.042518, -0.494885
1.74933, -0.0426829, -0.491209
1.74967, -0.0428467, -0.487521
1.75, -0.0430092, -0.483821
1.75033, -0.0431704, -0.480108
1.75067, -0.0433305, -0.476382
1.751, -0.0434893, -0.472644
1.75133, -0.0436468, -0.468894
1.75167, -0.0438031, -0.465132
1.752, -0.0439582, -0.461358
1.75233, -0.044112, -0.457571
1.75267, -0.0442645, -0.453773
1.753, -0.0444157, -0.449964
1.75333, -0.0445657, -0.446142
1.75367, -0.0447144, -0.44231
1.754, -0.0448619, -0.438465
1.75433, -0.045008, -0.43461
1.75467, -0.0451529, -0.430743
1.755, -0.0452965, -0.426866
1.75533, -0.0454388, -0.422977
1.75567, -0.0455798, -0.419078
1.756, -0.0457195, -0.415168
1.75633, -0.0458578, -0.411247
1.75667, -0.0459949, -0.407316
1.757, -0.0461307, -0.403375
1.75733, -0.0462652, -0.399423
1.75767, -0.0463983, -0.395461
1.758, -0.0465301, -0.391489
1.75833, -0.0466606, -0.387507
1.75867, -0.0467898, -0.383515
1.759, -0.0469176, -0.379514
1.75933, -0.0470441, -0.375503
1.75967, -0.0471693, -0.371482
1.76, -0.0472931, -0.367452
1.76033, -0.0474156, -0.363413
1.76067, -0.0475367, -0.359365
1.761, -0.0476565, -0.355308
1.76133, -0.047775, -0.351242
1.76167, -0.047892, -0.347167
1.762, -0.0480078, -0.343083
1.76233, -0.0481221, -0.338991
1.76267, -0.0482351, -0.334891
1.763, -0.0483468, -0.330782
1.76333, -0.048457, -0.326665
1.76367, -0.0485659, -0.322539
1.764, -0.0486734, -0.318406
1.76433, -0.0487796, -0.314265
1.76467, -0.0488843, -0.310116
1.765, -0.0489877, -0.30596
1.76533, -0.0490897, -0.301796
1.76567, -0.0491903, -0.297625
1.766, -0.0492895, -0.293446
1.76633, -0.0493873, -0.289261
1.76667, -0.0494837, -0.285068
1.767, -0.0495787, -0.280868
1.76733, -0.0496724, -0.276662
1.76767, -0.0497646, -0.272449
1.768, -0.0498554, -0.268229
1.76833, -0.0499448, -0.264003
1.76867, -0.0500328, -0.25977
1.769, -0.0501194, -0.255532
1.76933, -0.0502046, -0.251287
1.76967, -0.0502883, -0.247036
1.77, -0.0503707, -0.24278
1.77033, -0.0504516, -0.238517
1.77067, -0.0505311, -0.234249
1.771, -0.0506092, -0.229976
1.77133, -0.0506859, -0.225697
1.77167, -0.0507611, -0.221413
1.772, -0.0508349, -0.217124
1.77233, -0.0509073, -0.21283
1.77267, -0.0509782, -0.208531
1.773, -0.0510477, -0.204227
1.77333, -0.0511158, -0.199919
1.77367, -0.0511824, -0.195606
1.774, -0.0512476, -0.191288
1.77433, -0.0513114, -0.186967
1.77467, -0.0513737, -0.182641
1.775, -0.0514346, -0.178311
1.77533, -0.051494, -0.173977
1.77567, -0.051552, -0.16964
1.776, -0.0516086, -0.165299
1.77633, -0.0516637, -0.160954
1.77667, -0.0517173, -0.156605
1.777, -0.0517695, -0.152254
1.77733, -0.0518203, -0.147899
1.77767, -0.0518696, -0.143541
1.778, -0.0519174, -0.139181
1.77833, -0.0519638, -0.134817
1.77867, -0.0520088, -0.130451
1.779, -0.0520522, -0.126082
1.77933, -0.0520943, -0.121711
1.77967, -0.0521348, -0.117337
1.78, -0.052174, -0.112961
1.78033, -0.0522116, -0.108583
1.78067, -0.0522478, -0.104203
1.781, -0.0522825, -0.0998215
1.78133, -0.0523158, -0.095438
1.78167, -0.0523476, -0.0910529
1.782, -0.052378, -0.0866663
1.78233, -0.0524069, -0.0822784
1.78267, -0.0524343, -0.0778892
1.783, -0.0524603, -0.0734989
1.78333, -0.0524848, -0.0691076
1.78367, -0.0525078, -0.0647155
1.784, -0.0525294, -0.0603226
1.78433, -0.0525495, -0.055929
1.78467, -0.0525681, -0.051535
1.785, -0.0525853, -0.0471406
1.78533, -0.052601, -0.0427459
1.78567, -0.0526152, -0.0383511
1.786, -0.052628, -0.0339563
1.78633, -0.0526394, -0.0295615
1.78667, -0.0526492, -0.025167
1.787, -0.0526576, -0.0207729
1.78733, -0.0526645, -0.0163792
1.78767, -0.05267, -0.0119861
1.788, -0.052674, -0.00759379
1.78833, -0.0526765, -0.00320227
1.78867, -0.0526776, 0.0011883
1.789, -0.0526772, 0.00557778
1.78933, -0.0526753, 0.00996606
1.78967, -0.052672, 0.014353
1.79, -0.0526672, 0.0187385
1.79033, -0.052661, 0.0231225
1.79067, -0.0526533, 0.0275047
1.791, -0.0526441, 0.0318851
1.79133, -0.0526335, 0.0362636
1.79167, -0.0526214, 0.0406401
1.792, -0.0526078, 0.0450144
1.79233, -0.0525928, 0.0493864
1.79267, -0.0525764, 0.0537559
1.793, -0.0525584, 0.0581229
1.79333, -0.0525391, 0.0624873
1.79367, -0.0525182, 0.0668489
1.794, -0.052496, 0.0712076
1.79433, -0.0524722, 0.0755633
1.79467, -0.052447, 0.0799158
1.795, -0.0524204, 0.0842651
1.79533, -0.0523923, 0.088611
1.79567, -0.0523628, 0.0929534
1.796, -0.0523318, 0.0972922
1.79633, -0.0522994, 0.101627
1.79667, -0.0522655, 0.105958
1.797, -0.0522302, 0.110286
1.79733, -0.0521934, 0.114609
1.79767, -0.0521552, 0.118928
1.798, -0.0521155, 0.123242
1.79833, -0.0520745, 0.127552
1.79867, -0.052032, 0.131858
1.799, -0.051988, 0.136159
1.79933, -0.0519426, 0.140455
1.79967, -0.0518958, 0.144746
1.8, -0.0518475, 0.149032
1.80033, -0.0517979, 0.153313
1.80067, -0.0517468, 0.157588
1.801, -0.0516942, 0.161858
1.80133, -0.0516403, 0.166123
1.80167, -0.0515849, 0.170382
1.802, -0.0515281, 0.174635
1.80233, -0.0514699, 0.178883
1.80267, -0.0514103, 0.183124
1.803, -0.0513492, 0.18736
1.80333, -0.0512868, 0.191589
1.80367, -0.0512229, 0.195812
1.804, -0.0511576, 0.200028
1.80433, -0.051091, 0.204238
1.80467, -0.0510229, 0.208441
1.805, -0.0509534, 0.212637
1.80533, -0.0508825, 0.216827
1.80567, -0.0508103, 0.221009
1.806, -0.0507366, 0.225184
1.80633, -0.0506615, 0.229352
1.80667, -0.0505851, 0.233513
1.807, -0.0505072, 0.237666
1.80733, -0.050428, 0.241812
1.80767, -0.0503474, 0.24595
1.808, -0.0502654, 0.25008
1.80833, -0.0501821, 0.254202
1.80867, -0.0500973, 0.258316
1.809, -0.0500112, 0.262422
1.80933, -0.0499238, 0.266519
1.80967, -0.0498349, 0.270608
1.81, -0.0497447, 0.274689
1.81033, -0.0496531, 0.278761
1.81067, -0.0495602, 0.282825
1.811, -0.049466, 0.286879
1.81133, -0.0493703, 0.290925
1.81167, -0.0492734, 0.294962
1.812, -0.049175, 0.298989
1.81233, -0.0490754, 0.303007
1.81267, -0.0489744, 0.307016
1.813, -0.048872, 0.311015
1.81333, -0.0487684, 0.315005
1.81367, -0.0486634, 0.318985
1.814, -0.048557, 0.322955
1.81433, -0.0484494, 0.326916
1.81467, -0.0483404, 0.330866
1.815, -0.0482301, 0.334806
1.81533, -0.0481185, 0.338736
1.81567, -0.0480056, 0.342656
1.816, -0.0478914, 0.346565
1.81633, -0.0477759, 0.350463
1.81667, -0.047659, 0.354351
1.817, -0.0475409, 0.358228
1.81733, -0.0474215, 0.362094
1.81767, -0.0473008, 0.36595
1.818, -0.0471788, 0.369794
1.81833, -0.0470556, 0.373627
1.81867, -0.046931, 0.377448
1.819, -0.0468052, 0.381259
1.81933, -0.0466781, 0.385057
1.81967, -0.0465498, 0.388845
1.82, -0.0464202, 0.39262
1.82033, -0.0462893, 0.396384
1.82067, -0.0461572, 0.400135
1.821, -0.0460238, 0.403875
1.82133, -0.0458891, 0.407603
1.82167, -0.0457533, 0.411318
1.822, -0.0456162, 0.415021
1.82233, -0.0454778, 0.418712
1.82267, -0.0453383, 0.42239
1.823, -0.0451975, 0.426056
1.82333, -0.0450554, 0.429708
1.82367, -0.0449122, 0.433348
1.824, -0.0447678, 0.436976
1.82433, -0.0446221, 0.44059
1.82467, -0.0444752, 0.444191
1.825, -0.0443272, 0.447779
1.82533, -0.0441779, 0.451353
1.82567, -0.0440275, 0.454914
1.826, -0.0438758, 0.458462
1.82633, -0.043723, 0.461996
1.82667, -0.043569, 0.465516
1.827, -0.0434138, 0.469023
1.82733, -0.0432575, 0.472516
1.82767, -0.0431, 0.475994
1.828, -0.0429413, 0.479459
1.82833, -0.0427815, 0.48291
1.82867, -0.0426205, 0.486346
1.829, -0.0424584, 0.489768
1.82933, -0.0422952, 0.493176
1.82967, -0.0421308, 0.496569
1.83, -0.0419653, 0.499947
1.83033, -0.0417986, 0.503311
1.83067, -0.0416308, 0.50666
1.831, -0.0414619, 0.509994
1.83133, -0.0412919, 0.513313
1.83167, -0.0411208, 0.516618
1.832, -0.0409486, 0.519906
1.83233, -0.0407753, 0.52318
1.83267, -0.0406009, 0.526439
1.833, -0.0404255, 0.529682
1.83333, -0.0402489, 0.532909
1.83367, -0.0400713, 0.536121
1.834, -0.0398926, 0.539318
1.83433, -0.0397128, 0.542498
1.83467, -0.039532, 0.545663
1.835, -0.0393501, 0.548812
1.83533, -0.0391671, 0.551944
1.83567, -0.0389831, 0.555061
1.836, -0.0387981, 0.558162
1.83633, -0.0386121, 0.561246
1.83667, -0.038425, 0.564314
1.837, -0.0382369, 0.567366
1.83733, -0.0380478, 0.570401
1.83767, -0.0378576, 0.573419
1.838, -0.0376665, 0.576421
1.83833, -0.0374743, 0.579406
1.83867, -0.0372812, 0.582375
1.839, -0.0370871, 0.585326
1.83933, -0.036892, 0.588261
1.83967, -0.0366959, 0.591178
1.84, -0.0364988, 0.594079
1.84033, -0.0363008, 0.596962
1.84067, -0.0361018, 0.599828
1.841, -0.0359019, 0.602676
1.84133, -0.035701, 0.605507
1.84167, -0.0354991, 0.608321
1.842, -0.0352964, 0.611117
1.84233, -0.0350927, 0.613895
1.84267, -0.034888, 0.616656
1.843, -0.0346825, 0.619399
1.84333, -0.034476, 0.622124
1.84367, -0.0342686, 0.624831
1.844, -0.0340604, 0.62752
1.84433, -0.0338512, 0.630191
1.84467, -0.0336411, 0.632844
1.845, -0.0334302, 0.635479
1.84533, -0.0332184, 0.638095
1.84567, -0.0330057, 0.640693
1.846, -0.0327921, 0.643273
1.84633, -0.0325777, 0.645834
1.84667, -0.0323624, 0.648376
1.847, -0.0321463, 0.6509
1.84733, -0.0319293, 0.653406
1.84767, -0.0317115, 0.655892
1.848, -0.0314929, 0.65836
1.84833, -0.0312734, 0.660809
1.84867, -0.0310531, 0.663239
1.849, -0.0308321, 0.66565
1.84933, -0.0306102, 0.668041
1.84967, -0.0303875, 0.670414
1.85, -0.030164, 0.672768
1.85033, -0.0299398, 0.675102
1.85067, -0.0297147, 0.677417
1.851, -0.0294889, 0.679712
1.85133, -0.0292624, 0.681989
1.85167, -0.029035, 0.684245
1.852, -0.028807, 0.686482
1.85233, -0.0285781, 0.6887
1.85267, -0.0283486, 0.690898
1.853, -0.0281183, 0.693076
1.85333, -0.0278872, 0.695234
1.85367, -0.0276555, 0.697373
1.854, -0.027423, 0.699491
1.85433, -0.0271899, 0.70159
1.85467, -0.026956, 0.703669
1.855, -0.0267214, 0.705728
1.85533, -0.0264862, 0.707766
1.85567, -0.0262503, 0.709785
1.856, -0.0260137, 0.711783
1.85633, -0.0257764, 0.713761
1.85667, -0.0255385, 0.715719
1.857, -0.0252999, 0.717656
1.85733, -0.0250607, 0.719573
1.85767, -0.0248209, 0.721469
1.858, -0.0245804, 0.723345
1.85833, -0.0243393, 0.725201
1.85867, -0.0240975, 0.727036
1.859, -0.0238552, 0.72885
1.85933, -0.0236122, 0.730644
1.85967, -0.0233687, 0.732416
1.86, -0.0231245, 0.734168
1.86033, -0.0228798, 0.7359
1.86067, -0.0226345, 0.73761
1.861, -0.0223886, 0.7393
1.86133, -0.0221422, 0.740968
1.86167, -0.0218952, 0.742616
1.862, -0.0216477, 0.744242
1.86233, -0.0213996, 0.745848
1.86267, -0.021151, 0.747432
1.863, -0.0209018, 0.748996
1.86333, -0.0206522, 0.750538
1.86367, -0.020402, 0.752059
1.864, -0.0201513, 0.753558
1.86433, -0.0199001, 0.755037
1.86467, -0.0196484, 0.756494
1.865, -0.0193963, 0.757929
1.86533, -0.0191436, 0.759343
1.86567, -0.0188905, 0.760736
1.866, -0.0186369, 0.762108
1.86633, -0.0183829, 0.763457
1.86667, -0.0181284, 0.764786
1.867, -0.0178735, 0.766092
1.86733, -0.0176181, 0.767378
1.86767, -0.0173623, 0.768641
1.868, -0.0171061, 0.769883
1.86833, -0.0168495, 0.771103
1.86867, -0.0165925, 0.772302
1.869, -0.016335, 0.773479
1.86933, -0.0160772, 0.774634
1.86967, -0.015819, 0.775767
1.87, -0.0155604, 0.776878
1.87033, -0.0153014, 0.777968
1.87067, -0.0150421, 0.779035
1.871, -0.0147824, 0.780081
1.87133, -0.0145224, 0.781105
1.87167, -0.014262, 0.782107
1.872, -0.0140013, 0.783087
1.87233, -0.0137403, 0.784045
1.87267, -0.013479, 0.784981
1.873, -0.0132173, 0.785895
1.87333, -0.0129553, 0.786786
1.87367, -0.0126931, 0.787656
1.874, -0.0124305, 0.788504
1.87433, -0.0121677, 0.78933
1.87467, -0.0119046, 0.790133
1.875, -0.0116412, 0.790914
1.87533, -0.0113776, 0.791674
1.87567, -0.0111137, 0.792411
1.876, -0.0108495, 0.793125
1.87633, -0.0105852, 0.793818
1.87667, -0.0103206, 0.794488
1.877, -0.0100557, 0.795137
1.87733, -0.00979068, 0.795763
1.87767, -0.00952543, 0.796366
1.878, -0.00925997, 0.796948
1.87833, -0.00899433, 0.797507
1.87867, -0.00872849, 0.798044
1.879, -0.00846248, 0.798558
1.87933, -0.00819629, 0.799051
1.87967, -0.00792994, 0.79952
1.88, -0.00766343, 0.799968
1.88033, -0.00739678, 0.800393
1.88067, -0.00712998, 0.800796
1.881, -0.00686305, 0.801177
1.88133, -0.00659599, 0.801535
1.88167, -0.00632881, 0.801871
1.882, -0.00606152, 0.802185
1.88233, -0.00579412, 0.802476
1.88267, -0.00552663, 0.802745
1.883, -0.00525905, 0.802991
1.88333, -0.00499139, 0.803215
1.88367, -0.00472365, 0.803417
1.884, -0.00445584, 0.803597
1.88433, -0.00418798, 0.803754
1.88467, -0.00392006, 0.803888
1.885, -0.0036521, 0.804001
1.88533, -0.0033841, 0.804091
1.88567, -0.00311607, 0.804158
1.886, -0.00284801, 0.804203
1.88633, -0.00257994, 0.804226
1.88667, -0.00231187, 0.804227
1.887, -0.00204379, 0.804205
1.88733, -0.00177573, 0.804161
1.88767, -0.00150767, 0.804094
1.888, -0.00123964, 0.804006
1.88833, -0.000971639, 0.803894
1.88867, -0.000703674, 0.803761
1.889, -0.000435754, 0.803605
1.88933, -0.000167885, 0.803427
1.88967, 9.9924e-05, 0.803227
1.89, 0.000367666, 0.803005
1.89033, 0.000635335, 0.80276
1.89067, 0.000902921, 0.802493
1.891, 0.00117042, 0.802204
1.89133, 0.00143782, 0.801892
1.89167, 0.00170512, 0.801558
1.892, 0.0019723, 0.801203
1.89233, 0.00223937, 0.800825
1.89267, 0.00250631, 0.800424
1.893, 0.00277312, 0.800002
1.89333, 0.00303979, 0.799558
1.89367, 0.00330631, 0.799091
1.894, 0.00357267, 0.798603
1.89433, 0.00383887, 0.798092
1.89467, 0.0041049, 0.797559
1.895, 0.00437076, 0.797004
1.89533, 0.00463642, 0.796428
1.89567, 0.0049019, 0.795829
1.896, 0.00516718, 0.795208
1.89633, 0.00543225, 0.794565
1.89667, 0.0056971, 0.793901
1.897, 0.00596173, 0.793214
1.89733, 0.00622614, 0.792506
1.89767, 0.00649031, 0.791776
1.898, 0.00675423, 0.791024
1.89833, 0.00701791, 0.79025
1.89867, 0.00728132, 0.789455
1.899, 0.00754448, 0.788637
1.89933, 0.00780735, 0.787798
1.89967, 0.00806995, 0.786938
1.9, 0.00833227, 0.786055
1.90033, 0.00859429, 0.785151
1.90067, 0.008856, 0.784226
1.901, 0.00911741, 0.783279
1.90133, 0.0093785, 0.78231
1.90167, 0.00963927, 0.78132
1.902, 0.00989971, 0.780308
1.90233, 0.0101598, 0.779275
1.90267, 0.0104196, 0.778221
1.903, 0.010679, 0.777145
1.90333, 0.010938, 0.776048
1.90367, 0.0111967, 0.774929
1.904, 0.011455, 0.773789
1.90433, 0.011713, 0.772629
1.90467, 0.0119705, 0.771446
1.905, 0.0122276, 0.770243
1.90533, 0.0124844, 0.769019
1.90567, 0.0127407, 0.767773
1.906, 0.0129967, 0.766507
1.90633, 0.0132522, 0.765219
1.90667, 0.0135072, 0.763911
1.907, 0.0137619, 0.762582
1.90733, 0.0140161, 0.761232
1.90767, 0.0142698, 0.759861
1.908, 0.0145231, 0.758469
1.90833, 0.0147759, 0.757056
1.90867, 0.0150283, 0.755623
1.909, 0.0152801, 0.754169
1.90933, 0.0155315, 0.752695
1.90967, 0.0157824, 0.7512
1.91, 0.0160328, 0.749684
1.91033, 0.0162827, 0.748148
1.91067, 0.0165321, 0.746592
1.911, 0.016781, 0.745015
1.91133, 0.0170293, 0.743418
1.91167, 0.0172771, 0.741801
1.912, 0.0175244, 0.740163
1.91233, 0.0177711, 0.738505
1.91267, 0.0180173, 0.736827
1.913, 0.0182629, 0.73513
1.91333, 0.0185079, 0.733412
1.91367, 0.0187524, 0.731674
1.914, 0.0189963, 0.729916
1.91433, 0.0192396, 0.728138
1.91467, 0.0194823, 0.726341
1.915, 0.0197244, 0.724524
1.91533, 0.0199659, 0.722687
1.91567, 0.0202068, 0.72083
1.916, 0.0204471, 0.718954
1.91633, 0.0206867, 0.717058
1.91667, 0.0209258, 0.715143
1.917, 0.0211641, 0.713209
1.91733, 0.0214019, 0.711255
1.91767, 0.021639, 0.709282
1.918, 0.0218754, 0.707289
1.91833, 0.0221112, 0.705278
1.91867, 0.0223463, 0.703247
1.919, 0.0225807, 0.701197
1.91933, 0.0228144, 0.699129
1.91967, 0.0230474, 0.697041
1.92, 0.0232798, 0.694934
1.92033, 0.0235114, 0.692809
1.92067, 0.0237424, 0.690665
1.921, 0.0239726, 0.688502
1.92133, 0.0242021, 0.686321
1.92167, 0.0244309, 0.684121
1.922, 0.0246589, 0.681903
1.92233, 0.0248862, 0.679666
1.92267, 0.0251128, 0.677411
1.923, 0.0253386, 0.675138
1.92333, 0.0255636, 0.672846
1.92367, 0.0257879, 0.670536
1.924, 0.0260114, 0.668209
1.92433, 0.0262341, 0.665863
1.92467, 0.0264561, 0.663499
1.925, 0.0266773, 0.661117
1.92533, 0.0268976, 0.658718
1.92567, 0.0271172, 0.656301
1.926, 0.027336, 0.653866
1.92633, 0.0275539, 0.651414
1.92667, 0.0277711, 0.648944
1.927, 0.0279874, 0.646457
1.92733, 0.0282029, 0.643952
1.92767, 0.0284175, 0.64143
1.928, 0.0286313, 0.638891
1.92833, 0.0288443, 0.636334
1.92867, 0.0290564, 0.633761
1.929, 0.0292677, 0.631171
1.92933, 0.0294781, 0.628563
1.92967, 0.0296876, 0.625939
1.93, 0.0298962, 0.623298
1.93033, 0.030104, 0.620641
1.93067, 0.0303109, 0.617967
1.931, 0.0305169, 0.615276
1.93133, 0.0307219, 0.612569
1.93167, 0.0309261, 0.609845
1.932, 0.0311294, 0.607106
1.93233, 0.0313318, 0.604349
1.93267, 0.0315332, 0.601577
1.933, 0.0317338, 0.598789
1.93333, 0.0319334, 0.595985
1.93367, 0.032132, 0.593165
1.934, 0.0323297, 0.590329
1.93433, 0.0325265, 0.587478
1.93467, 0.0327223, 0.58461
1.935, 0.0329172, 0.581728
1.93533, 0.0331111, 0.578829
1.93567, 0.0333041, 0.575916
1.936, 0.033496, 0.572987
1.93633, 0.033687, 0.570043
1.93667, 0.033877, 0.567083
1.937, 0.0340661, 0.564109
1.93733, 0.0342541, 0.56112
1.93767, 0.0344412, 0.558116
1.938, 0.0346272, 0.555097
1.93833, 0.0348122, 0.552063
1.93867, 0.0349962, 0.549015
1.939, 0.0351792, 0.545952
1.93933, 0.0353612, 0.542875
1.93967, 0.0355422, 0.539783
1.94, 0.0357221, 0.536678
1.94033, 0.035901, 0.533558
1.94067, 0.0360789, 0.530424
1.941, 0.0362557, 0.527276
1.94133, 0.0364314, 0.524114
1.94167, 0.0366061, 0.520938
1.942, 0.0367798, 0.517749
1.94233, 0.0369524, 0.514546
1.94267, 0.0371239, 0.511329
1.943, 0.0372943, 0.508099
1.94333, 0.0374637, 0.504856
1.94367, 0.037632, 0.501599
1.944, 0.0377992, 0.498329
1.94433, 0.0379653, 0.495046
1.94467, 0.0381303, 0.491751
1.945, 0.0382942, 0.488442
1.94533, 0.038457, 0.485121
1.94567, 0.0386187, 0.481786
1.946, 0.0387793, 0.47844
1.94633, 0.0389388, 0.475081
1.94667, 0.0390972, 0.471709
1.947, 0.0392544, 0.468325
1.94733, 0.0394105, 0.464929
1.94767, 0.0395655, 0.461521
1.948, 0.0397193, 0.458101
1.94833, 0.039872, 0.454668
1.94867, 0.0400236, 0.451225
1.949, 0.040174, 0.447769
1.94933, 0.0403233, 0.444302
1.94967, 0.0404714, 0.440823
1.95, 0.0406183, 0.437333
1.95033, 0.0407641, 0.433831
1.95067, 0.0409087, 0.430319
1.951, 0.0410521, 0.426795
1.95133, 0.0411944, 0.42326
1.95167, 0.0413355, 0.419714
1.952, 0.0414754, 0.416158
1.95233, 0.0416141, 0.41259
1.95267, 0.0417516, 0.409013
1.953, 0.041888, 0.405424
1.95333, 0.0420231, 0.401825
1.95367, 0.042157, 0.398216
1.954, 0.0422898, 0.394597
1.95433, 0.0424213, 0.390968
1.95467, 0.0425516, 0.387328
1.955, 0.0426808, 0.383679
1.95533, 0.0428086, 0.38002
1.95567, 0.0429353, 0.376351
1.956, 0.0430608, 0.372673
1.95633, 0.043185, 0.368985
1.95667, 0.043308, 0.365288
1.957, 0.0434298, 0.361582
1.95733, 0.0435503, 0.357866
1.95767, 0.0436696, 0.354141
1.958, 0.0437876, 0.350408
1.95833, 0.0439044, 0.346665
1.95867, 0.04402, 0.342914
1.959, 0.0441343, 0.339155
1.95933, 0.0442473, 0.335386
1.95967, 0.0443591, 0.33161
1.96, 0.0444697, 0.327825
1.96033, 0.0445789, 0.324031
1.96067, 0.0446869, 0.32023
1.961, 0.0447937, 0.316421
1.96133, 0.0448992, 0.312603
1.96167, 0.0450034, 0.308779
1.962, 0.0451063, 0.304946
1.96233, 0.0452079, 0.301106
1.96267, 0.0453083, 0.297258
1.963, 0.0454074, 0.293403
1.96333, 0.0455052, 0.289541
1.96367, 0.0456017, 0.285672
1.964, 0.0456969, 0.281795
1.96433, 0.0457909, 0.277912
1.96467, 0.0458835, 0.274022
1.965, 0.0459748, 0.270125
1.96533, 0.0460649, 0.266222
1.96567, 0.0461536, 0.262312
1.966, 0.0462411, 0.258396
1.96633, 0.0463272, 0.254474
1.96667, 0.046412, 0.250546
1.967, 0.0464955, 0.246611
1.96733, 0.0465777, 0.242671
1.96767, 0.0466586, 0.238724
1.968, 0.0467382, 0.234773
1.96833, 0.0468165, 0.230815
1.96867, 0.0468934, 0.226852
1.969, 0.046969, 0.222884
1.96933, 0.0470433, 0.21891
1.96967, 0.0471163, 0.214932
1.97, 0.0471879, 0.210948
1.97033, 0.0472582, 0.206959
1.97067, 0.0473272, 0.202966
1.971, 0.0473949, 0.198968
1.97133, 0.0474612, 0.194965
1.97167, 0.0475262, 0.190958
1.972, 0.0475898, 0.186947
1.97233, 0.0476522, 0.182931
1.97267, 0.0477131, 0.178911
1.973, 0.0477728, 0.174888
1.97333, 0.0478311, 0.17086
1.97367, 0.047888, 0.166828
1.974, 0.0479436, 0.162793
1.97433, 0.0479979, 0.158755
1.97467, 0.0480508, 0.154712
1.975, 0.0481024, 0.150667
1.97533, 0.0481526, 0.146618
1.97567, 0.0482015, 0.142566
1.976, 0.048249, 0.138512
1.97633, 0.0482952, 0.134454
1.97667, 0.04834, 0.130393
1.977, 0.0483835, 0.12633
1.97733, 0.0484256, 0.122265
1.97767, 0.0484663, 0.118197
1.978, 0.0485057, 0.114126
1.97833, 0.0485438, 0.110054
1.97867, 0.0485804, 0.105979
1.979, 0.0486158, 0.101902
1.97933, 0.0486497, 0.0978239
1.97967, 0.0486824, 0.0937437
1.98, 0.0487136, 0.0896618
1.98033, 0.0487435, 0.0855784
1.98067, 0.048772, 0.0814936
1.981, 0.0487992, 0.0774076
1.98133, 0.048825, 0.0733203
1.98167, 0.0488494, 0.069232
1.982, 0.0488725, 0.0651428
1.98233, 0.0488942, 0.0610527
1.98267, 0.0489146, 0.0569619
1.983, 0.0489335, 0.0528705
1.98333, 0.0489512, 0.0487786
1.98367, 0.0489674, 0.0446863
1.984, 0.0489823, 0.0405938
1.98433, 0.0489959, 0.0365011
1.98467, 0.049008, 0.0324084
1.985, 0.0490188, 0.0283158
1.98533, 0.0490283, 0.0242233
1.98567, 0.0490363, 0.0201312
1.986, 0.0490431, 0.0160394
1.98633, 0.0490484, 0.0119482
1.98667, 0.0490524, 0.00785767
1.987, 0.049055, 0.00376788
1.98733, 0.0490563, -0.000321043
1.98767, 0.0490561, -0.00440898
1.988, 0.0490547, -0.00849581
1.98833, 0.0490518, -0.0125814
1.98867, 0.0490477, -0.0166657
1.989, 0.0490421, -0.0207486
1.98933, 0.0490352, -0.0248299
1.98967, 0.0490269, -0.0289096
1.99, 0.0490173, -0.0329874
1.99033, 0.0490063, -0.0370634
1.99067, 0.0489939, -0.0411374
1.991, 0.0489802, -0.0452092
1.99133, 0.0489651, -0.0492789
1.99167, 0.0489487, -0.0533461
1.992, 0.0489309, -0.057411
1.99233, 0.0489118, -0.0614732
1.99267, 0.0488913, -0.0655328
1.993, 0.0488695, -0.0695896
1.99333, 0.0488463, -0.0736435
1.99367, 0.0488217, -0.0776944
1.994, 0.0487958, -0.0817422
1.99433, 0.0487686, -0.0857867
1.99467, 0.04874, -0.0898279
1.995, 0.04871, -0.0938656
1.99533, 0.0486787, -0.0978997
1.99567, 0.0486461, -0.10193
1.996, 0.0486121, -0.105957
1.99633, 0.0485768, -0.10998
1.99667, 0.0485402, -0.113998
1.997, 0.0485022, -0.118013
1.99733, 0.0484628, -0.122023
1.99767, 0.0484221, -0.126029
1.998, 0.0483801, -0.130031
1.99833, 0.0483368, -0.134028
1.99867, 0.0482921, -0.13802
1.999, 0.0482461, -0.142008
1.99933, 0.0481988, -0.14599
1.99967, 0.0481501, -0.149968
2, 0.0481001, -0.153941
