0, 0.1, 0.000166667, 0
0.000333333, 0.1, 0.0005, -0.00833333
0.000666667, 0.0999972, 0.000833333, -0.0166664
0.001, 0.0999917, 0.00116667, -0.0249991
0.00133333, 0.0999833, 0.0015, -0.033331
0.00166667, 0.0999722, 0.00183333, -0.041662
0.002, 0.0999583, 0.00216667, -0.0499919
0.00233333, 0.0999417, 0.0025, -0.0583204
0.00266667, 0.0999222, 0.00283333, -0.0666472
0.003, 0.0999, 0.00316667, -0.0749722
0.00333333, 0.099875, 0.0035, -0.0832951
0.00366667, 0.0998473, 0.00383333, -0.0916157
0.004, 0.0998167, 0.00416667, -0.0999338
0.00433333, 0.0997834, 0.0045, -0.108249
0.00466667, 0.0997473, 0.00483333, -0.116561
0.005, 0.0997085, 0.00516667, -0.12487
0.00533333, 0.0996669, 0.0055, -0.133176
0.00566667, 0.0996225, 0.00583333, -0.141478
0.006, 0.0995753, 0.00616667, -0.149776
0.00633333, 0.0995254, 0.0065, -0.15807
0.00666667, 0.0994727, 0.00683333, -0.166359
0.007, 0.0994172, 0.00716667, -0.174644
0.00733333, 0.099359, 0.0075, -0.182924
0.00766667, 0.099298, 0.00783333, -0.191198
0.008, 0.0992343, 0.00816667, -0.199468
0.00833333, 0.0991678, 0.0085, -0.207732
0.00866667, 0.0990986, 0.00883333, -0.21599
0.009, 0.0990266, 0.00916667, -0.224242
0.00933333, 0.0989518, 0.0095, -0.232488
0.00966667, 0.0988743, 0.00983333, -0.240728
0.01, 0.0987941, 0.0101667, -0.248961
0.0103333, 0.0987111, 0.0105, -0.257187
0.0106667, 0.0986254, 0.0108333, -0.265405
0.011, 0.0985369, 0.0111667, -0.273617
0.0113333, 0.0984457, 0.0115, -0.281821
0.0116667, 0.0983518, 0.0118333, -0.290017
0.012, 0.0982551, 0.0121667, -0.298205
0.0123333, 0.0981557, 0.0125, -0.306384
0.0126667, 0.0980536, 0.0128333, -0.314555
0.013, 0.0979487, 0.0131667, -0.322718
0.0133333, 0.0978411, 0.0135, -0.330871
0.0136667, 0.0977308, 0.0138333, -0.339015
0.014, 0.0976178, 0.0141667, -0.34715
0.0143333, 0.0975021, 0.0145, -0.355275
0.0146667, 0.0973837, 0.0148333, -0.363391
0.015, 0.0972626, 0.0151667, -0.371496
0.0153333, 0.0971387, 0.0155, -0.379591
0.0156667, 0.0970122, 0.0158333, -0.387675
0.016, 0.096883, 0.0161667, -0.395749
0.0163333, 0.0967511, 0.0165, -0.403811
0.0166667, 0.0966165, 0.0168333, -0.411863
0.017, 0.0964792, 0.0171667, -0.419903
0.0173333, 0.0963392, 0.0175, -0.427931
0.0176667, 0.0961966, 0.0178333, -0.435947
0.018, 0.0960512, 0.0181667, -0.443952
0.0183333, 0.0959033, 0.0185, -0.451944
0.0186667, 0.0957526, 0.0188333, -0.459923
0.019, 0.0955993, 0.0191667, -0.46789
0.0193333, 0.0954433, 0.0195, -0.475843
0.0196667, 0.0952847, 0.0198333, -0.483784
0.02, 0.0951235, 0.0201667, -0.49171
0.0203333, 0.0949596, 0.0205, -0.499624
0.0206667, 0.094793, 0.0208333, -0.507523
0.021, 0.0946238, 0.0211667, -0.515409
0.0213333, 0.094452, 0.0215, -0.52328
0.0216667, 0.0942776, 0.0218333, -0.531136
0.022, 0.0941006, 0.0221667, -0.538978
0.0223333, 0.0939209, 0.0225, -0.546804
0.0226667, 0.0937386, 0.0228333, -0.554616
0.023, 0.0935538, 0.0231667, -0.562412
0.0233333, 0.0933663, 0.0235, -0.570193
0.0236667, 0.0931762, 0.0238333, -0.577957
0.024, 0.0929836, 0.0241667, -0.585706
0.0243333, 0.0927884, 0.0245, -0.593438
0.0246667, 0.0925905, 0.0248333, -0.601154
0.025, 0.0923902, 0.0251667, -0.608853
0.0253333, 0.0921872, 0.0255, -0.616536
0.0256667, 0.0919817, 0.0258333, -0.624201
0.026, 0.0917736, 0.0261667, -0.631849
0.0263333, 0.091563, 0.0265, -0.639479
0.0266667, 0.0913498, 0.0268333, -0.647091
0.027, 0.0911342, 0.0271667, -0.654686
0.0273333, 0.0909159, 0.0275, -0.662262
0.0276667, 0.0906952, 0.0278333, -0.66982
0.028, 0.0904719, 0.0281667, -0.677359
0.0283333, 0.0902461, 0.0285, -0.68488
0.0286667, 0.0900178, 0.0288333, -0.692381
0.029, 0.089787, 0.0291667, -0.699864
0.0293333, 0.0895537, 0.0295, -0.707327
0.0296667, 0.089318, 0.0298333, -0.71477
0.03, 0.0890797, 0.0301667, -0.722193
0.0303333, 0.088839, 0.0305, -0.729596
0.0306667, 0.0885958, 0.0308333, -0.736979
0.031, 0.0883501, 0.0311667, -0.744342
0.0313333, 0.088102, 0.0315, -0.751684
0.0316667, 0.0878514, 0.0318333, -0.759005
0.032, 0.0875984, 0.0321667, -0.766304
0.0323333, 0.087343, 0.0325, -0.773583
0.0326667, 0.0870851, 0.0328333, -0.78084
0.033, 0.0868249, 0.0331667, -0.788075
0.0333333, 0.0865622, 0.0335, -0.795289
0.0336667, 0.0862971, 0.0338333, -0.80248
0.034, 0.0860296, 0.0341667, -0.80965
0.0343333, 0.0857597, 0.0345, -0.816796
0.0346667, 0.0854874, 0.0348333, -0.82392
0.035, 0.0852128, 0.0351667, -0.831021
0.0353333, 0.0849358, 0.0355, -0.838099
0.0356667, 0.0846564, 0.0358333, -0.845154
0.036, 0.0843747, 0.0361667, -0.852185
0.0363333, 0.0840906, 0.0365, -0.859193
0.0366667, 0.0838042, 0.0368333, -0.866176
0.037, 0.0835155, 0.0371667, -0.873136
0.0373333, 0.0832245, 0.0375, -0.880071
0.0376667, 0.0829311, 0.0378333, -0.886982
0.038, 0.0826355, 0.0381667, -0.893869
0.0383333, 0.0823375, 0.0385, -0.90073
0.0386667, 0.0820373, 0.0388333, -0.907566
0.039, 0.0817347, 0.0391667, -0.914378
0.0393333, 0.0814299, 0.0395, -0.921164
0.0396667, 0.0811229, 0.0398333, -0.927924
0.04, 0.0808136, 0.0401667, -0.934658
0.0403333, 0.080502, 0.0405, -0.941367
0.0406667, 0.0801882, 0.0408333, -0.948049
0.041, 0.0798722, 0.0411667, -0.954705
0.0413333, 0.079554, 0.0415, -0.961335
0.0416667, 0.0792335, 0.0418333, -0.967937
0.042, 0.0789109, 0.0421667, -0.974513
0.0423333, 0.0785861, 0.0425, -0.981062
0.0426667, 0.078259, 0.0428333, -0.987584
0.043, 0.0779298, 0.0431667, -0.994078
0.0433333, 0.0775985, 0.0435, -1.00054
0.0436667, 0.077265, 0.0438333, -1.00698
0.044, 0.0769293, 0.0441667, -1.01339
0.0443333, 0.0765915, 0.0445, -1.01978
0.0446667, 0.0762516, 0.0448333, -1.02613
0.045, 0.0759095, 0.0451667, -1.03246
0.0453333, 0.0755654, 0.0455, -1.03875
0.0456667, 0.0752191, 0.0458333, -1.04502
0.046, 0.0748708, 0.0461667, -1.05126
0.0463333, 0.0745204, 0.0465, -1.05747
0.0466667, 0.0741679, 0.0468333, -1.06365
0.047, 0.0738133, 0.0471667, -1.0698
0.0473333, 0.0734567, 0.0475, -1.07592
0.0476667, 0.0730981, 0.0478333, -1.08202
0.048, 0.0727374, 0.0481667, -1.08808
0.0483333, 0.0723747, 0.0485, -1.09411
0.0486667, 0.07201, 0.0488333, -1.10011
0.049, 0.0716433, 0.0491667, -1.10608
0.0493333, 0.0712746, 0.0495, -1.11202
0.0496667, 0.070904, 0.0498333, -1.11793
0.05, 0.0705313, 0.0501667, -1.12381
0.0503333, 0.0701567, 0.0505, -1.12965
0.0506667, 0.0697802, 0.0508333, -1.13547
0.051, 0.0694017, 0.0511667, -1.14125
0.0513333, 0.0690212, 0.0515, -1.147
0.0516667, 0.0686389, 0.0518333, -1.15272
0.052, 0.0682547, 0.0521667, -1.15841
0.0523333, 0.0678685, 0.0525, -1.16407
0.0526667, 0.0674805, 0.0528333, -1.16969
0.053, 0.0670906, 0.0531667, -1.17528
0.0533333, 0.0666989, 0.0535, -1.18084
0.0536667, 0.0663052, 0.0538333, -1.18636
0.054, 0.0659098, 0.0541667, -1.19186
0.0543333, 0.0655125, 0.0545, -1.19732
0.0546667, 0.0651134, 0.0548333, -1.20274
0.055, 0.0647125, 0.0551667, -1.20813
0.0553333, 0.0643098, 0.0555, -1.21349
0.0556667, 0.0639053, 0.0558333, -1.21882
0.056, 0.063499, 0.0561667, -1.22411
0.0563333, 0.063091, 0.0565, -1.22937
0.0566667, 0.0626812, 0.0568333, -1.23459
0.057, 0.0622696, 0.0571667, -1.23978
0.0573333, 0.0618564, 0.0575, -1.24494
0.0576667, 0.0614414, 0.0578333, -1.25006
0.058, 0.0610247, 0.0581667, -1.25514
0.0583333, 0.0606063, 0.0585, -1.26019
0.0586667, 0.0601863, 0.0588333, -1.26521
0.059, 0.0597645, 0.0591667, -1.27019
0.0593333, 0.0593411, 0.0595, -1.27513
0.0596667, 0.0589161, 0.0598333, -1.28004
0.06, 0.0584894, 0.0601667, -1.28492
0.0603333, 0.0580611, 0.0605, -1.28975
0.0606667, 0.0576312, 0.0608333, -1.29456
0.061, 0.0571997, 0.0611667, -1.29932
0.0613333, 0.0567666, 0.0615, -1.30405
0.0616667, 0.0563319, 0.0618333, -1.30875
0.062, 0.0558956, 0.0621667, -1.31341
0.0623333, 0.0554578, 0.0625, -1.31803
0.0626667, 0.0550185, 0.0628333, -1.32261
0.063, 0.0545776, 0.0631667, -1.32716
0.0633333, 0.0541352, 0.0635, -1.33167
0.0636667, 0.0536913, 0.0638333, -1.33615
0.064, 0.053246, 0.0641667, -1.34058
0.0643333, 0.0527991, 0.0645, -1.34498
0.0646667, 0.0523508, 0.0648333, -1.34935
0.065, 0.051901, 0.0651667, -1.35367
0.0653333, 0.0514498, 0.0655, -1.35796
0.0656667, 0.0509971, 0.0658333, -1.36221
0.066, 0.050543, 0.0661667, -1.36642
0.0663333, 0.0500876, 0.0665, -1.37059
0.0666667, 0.0496307, 0.0668333, -1.37473
0.067, 0.0491725, 0.0671667, -1.37883
0.0673333, 0.0487129, 0.0675, -1.38289
0.0676667, 0.0482519, 0.0678333, -1.38691
0.068, 0.0477896, 0.0681667, -1.39089
0.0683333, 0.047326, 0.0685, -1.39483
0.0686667, 0.046861, 0.0688333, -1.39874
0.069, 0.0463948, 0.0691667, -1.40261
0.0693333, 0.0459272, 0.0695, -1.40643
0.0696667, 0.0454584, 0.0698333, -1.41022
0.07, 0.0449883, 0.0701667, -1.41397
0.0703333, 0.044517, 0.0705, -1.41768
0.0706667, 0.0440445, 0.0708333, -1.42135
0.071, 0.0435707, 0.0711667, -1.42498
0.0713333, 0.0430957, 0.0715, -1.42857
0.0716667, 0.0426195, 0.0718333, -1.43212
0.072, 0.0421421, 0.0721667, -1.43564
0.0723333, 0.0416636, 0.0725, -1.43911
0.0726667, 0.0411839, 0.0728333, -1.44254
0.073, 0.040703, 0.0731667, -1.44593
0.0733333, 0.040221, 0.0735, -1.44928
0.0736667, 0.039738, 0.0738333, -1.4526
0.074, 0.0392538, 0.0741667, -1.45587
0.0743333, 0.0387685, 0.0745, -1.4591
0.0746667, 0.0382821, 0.0748333, -1.46229
0.075, 0.0377947, 0.0751667, -1.46544
0.0753333, 0.0373062, 0.0755, -1.46855
0.0756667, 0.0368167, 0.0758333, -1.47161
0.076, 0.0363261, 0.0761667, -1.47464
0.0763333, 0.0358346, 0.0765, -1.47763
0.0766667, 0.035342, 0.0768333, -1.48057
0.077, 0.0348485, 0.0771667, -1.48348
0.0773333, 0.034354, 0.0775, -1.48634
0.0776667, 0.0338586, 0.0778333, -1.48916
0.078, 0.0333622, 0.0781667, -1.49194
0.0783333, 0.0328649, 0.0785, -1.49468
0.0786667, 0.0323667, 0.0788333, -1.49738
0.079, 0.0318675, 0.0791667, -1.50003
0.0793333, 0.0313675, 0.0795, -1.50265
0.0796667, 0.0308666, 0.0798333, -1.50522
0.08, 0.0303649, 0.0801667, -1.50775
0.0803333, 0.0298623, 0.0805, -1.51024
0.0806667, 0.0293589, 0.0808333, -1.51268
0.081, 0.0288547, 0.0811667, -1.51509
0.0813333, 0.0283496, 0.0815, -1.51745
0.0816667, 0.0278438, 0.0818333, -1.51977
0.082, 0.0273372, 0.0821667, -1.52205
0.0823333, 0.0268299, 0.0825, -1.52429
0.0826667, 0.0263218, 0.0828333, -1.52648
0.083, 0.025813, 0.0831667, -1.52863
0.0833333, 0.0253034, 0.0835, -1.53074
0.0836667, 0.0247932, 0.0838333, -1.53281
0.084, 0.0242822, 0.0841667, -1.53483
0.0843333, 0.0237706, 0.0845, -1.53681
0.0846667, 0.0232584, 0.0848333, -1.53875
0.085, 0.0227454, 0.0851667, -1.54064
0.0853333, 0.0222319, 0.0855, -1.5425
0.0856667, 0.0217177, 0.0858333, -1.54431
0.086, 0.021203, 0.0861667, -1.54607
0.0863333, 0.0206876, 0.0865, -1.5478
0.0866667, 0.0201717, 0.0868333, -1.54948
0.087, 0.0196552, 0.0871667, -1.55112
0.0873333, 0.0191381, 0.0875, -1.55271
0.0876667, 0.0186206, 0.0878333, -1.55426
0.088, 0.0181025, 0.0881667, -1.55577
0.0883333, 0.0175839, 0.0885, -1.55724
0.0886667, 0.0170648, 0.0888333, -1.55866
0.089, 0.0165453, 0.0891667, -1.56004
0.0893333, 0.0160253, 0.0895, -1.56137
0.0896667, 0.0155048, 0.0898333, -1.56266
0.09, 0.0149839, 0.0901667, -1.56391
0.0903333, 0.0144626, 0.0905, -1.56512
0.0906667, 0.0139409, 0.0908333, -1.56628
0.091, 0.0134188, 0.0911667, -1.5674
0.0913333, 0.0128963, 0.0915, -1.56847
0.0916667, 0.0123735, 0.0918333, -1.5695
0.092, 0.0118503, 0.0921667, -1.57049
0.0923333, 0.0113268, 0.0925, -1.57144
0.0926667, 0.010803, 0.0928333, -1.57234
0.093, 0.0102789, 0.0931667, -1.57319
0.0933333, 0.00975453, 0.0935, -1.57401
0.0936667, 0.00922986, 0.0938333, -1.57477
0.094, 0.00870493, 0.0941667, -1.5755
0.0943333, 0.00817977, 0.0945, -1.57618
0.0946667, 0.00765437, 0.0948333, -1.57682
0.095, 0.00712877, 0.0951667, -1.57741
0.0953333, 0.00660296, 0.0955, -1.57796
0.0956667, 0.00607697, 0.0958333, -1.57847
0.096, 0.00555082, 0.0961667, -1.57893
0.0963333, 0.00502451, 0.0965, -1.57935
0.0966667, 0.00449806, 0.0968333, -1.57973
0.097, 0.00397148, 0.0971667, -1.58006
0.0973333, 0.0034448, 0.0975, -1.58034
0.0976667, 0.00291801, 0.0978333, -1.58059
0.098, 0.00239115, 0.0981667, -1.58079
0.0983333, 0.00186422, 0.0985, -1.58094
0.0986667, 0.00133724, 0.0988333, -1.58105
0.099, 0.000810225, 0.0991667, -1.58112
0.0993333, 0.000283184, 0.0995, -1.58114
0.0996667, -0.000243864, 0.0998333, -1.58112
0.1, -0.000770905, 0.100167, -1.58106
0.100333, -0.00129792, 0.1005, -1.58095
0.100667, -0.00182491, 0.100833, -1.5808
0.101, -0.00235184, 0.101167, -1.5806
0.101333, -0.00287871, 0.1015, -1.58036
0.101667, -0.0034055, 0.101833, -1.58008
0.102, -0.00393219, 0.102167, -1.57975
0.102333, -0.00445877, 0.1025, -1.57938
0.102667, -0.00498524, 0.102833, -1.57897
0.103, -0.00551156, 0.103167, -1.57851
0.103333, -0.00603773, 0.1035, -1.578
0.103667, -0.00656373, 0.103833, -1.57746
0.104, -0.00708954, 0.104167, -1.57686
0.104333, -0.00761517, 0.1045, -1.57623
0.104667, -0.00814058, 0.104833, -1.57555
0.105, -0.00866576, 0.105167, -1.57483
0.105333, -0.0091907, 0.1055, -1.57406
0.105667, -0.00971539, 0.105833, -1.57325
0.106, -0.0102398, 0.106167, -1.5724
0.106333, -0.0107639, 0.1065, -1.5715
0.106667, -0.0112878, 0.106833, -1.57056
0.107, -0.0118113, 0.107167, -1.56958
0.107333, -0.0123345, 0.1075, -1.56855
0.107667, -0.0128573, 0.107833, -1.56748
0.108, -0.0133798, 0.108167, -1.56636
0.108333, -0.013902, 0.1085, -1.56521
0.108667, -0.0144237, 0.108833, -1.564
0.109, -0.014945, 0.109167, -1.56276
0.109333, -0.0154659, 0.1095, -1.56147
0.109667, -0.0159864, 0.109833, -1.56014
0.11, -0.0165065, 0.110167, -1.55876
0.110333, -0.0170261, 0.1105, -1.55734
0.110667, -0.0175452, 0.110833, -1.55588
0.111, -0.0180638, 0.111167, -1.55438
0.111333, -0.0185819, 0.1115, -1.55283
0.111667, -0.0190995, 0.111833, -1.55124
0.112, -0.0196166, 0.112167, -1.5496
0.112333, -0.0201332, 0.1125, -1.54792
0.112667, -0.0206491, 0.112833, -1.5462
0.113, -0.0211645, 0.113167, -1.54444
0.113333, -0.0216793, 0.1135, -1.54263
0.113667, -0.0221936, 0.113833, -1.54078
0.114, -0.0227072, 0.114167, -1.53889
0.114333, -0.0232201, 0.1145, -1.53696
0.114667, -0.0237324, 0.114833, -1.53498
0.115, -0.0242441, 0.115167, -1.53296
0.115333, -0.0247551, 0.1155, -1.53089
0.115667, -0.0252654, 0.115833, -1.52879
0.116, -0.025775, 0.116167, -1.52664
0.116333, -0.0262839, 0.1165, -1.52445
0.116667, -0.026792, 0.116833, -1.52222
0.117, -0.0272994, 0.117167, -1.51994
0.117333, -0.0278061, 0.1175, -1.51763
0.117667, -0.0283119, 0.117833, -1.51527
0.118, -0.028817, 0.118167, -1.51287
0.118333, -0.0293213, 0.1185, -1.51042
0.118667, -0.0298248, 0.118833, -1.50794
0.119, -0.0303274, 0.119167, -1.50541
0.119333, -0.0308292, 0.1195, -1.50284
0.119667, -0.0313302, 0.119833, -1.50023
0.12, -0.0318303, 0.120167, -1.49758
0.120333, -0.0323294, 0.1205, -1.49488
0.120667, -0.0328277, 0.120833, -1.49215
0.121, -0.0333251, 0.121167, -1.48937
0.121333, -0.0338216, 0.1215, -1.48655
0.121667, -0.0343171, 0.121833, -1.48369
0.122, -0.0348117, 0.122167, -1.48079
0.122333, -0.0353053, 0.1225, -1.47785
0.122667, -0.0357979, 0.122833, -1.47487
0.123, -0.0362895, 0.123167, -1.47184
0.123333, -0.0367801, 0.1235, -1.46878
0.123667, -0.0372697, 0.123833, -1.46567
0.124, -0.0377583, 0.124167, -1.46252
0.124333, -0.0382458, 0.1245, -1.45934
0.124667, -0.0387322, 0.124833, -1.45611
0.125, -0.0392176, 0.125167, -1.45284
0.125333, -0.0397019, 0.1255, -1.44953
0.125667, -0.040185, 0.125833, -1.44618
0.126, -0.0406671, 0.126167, -1.44279
0.126333, -0.041148, 0.1265, -1.43937
0.126667, -0.0416278, 0.126833, -1.4359
0.127, -0.0421065, 0.127167, -1.43239
0.127333, -0.0425839, 0.1275, -1.42884
0.127667, -0.0430602, 0.127833, -1.42525
0.128, -0.0435353, 0.128167, -1.42162
0.128333, -0.0440092, 0.1285, -1.41796
0.128667, -0.0444818, 0.128833, -1.41425
0.129, -0.0449532, 0.129167, -1.4105
0.129333, -0.0454234, 0.1295, -1.40672
0.129667, -0.0458923, 0.129833, -1.40289
0.13, -0.0463599, 0.130167, -1.39903
0.130333, -0.0468263, 0.1305, -1.39513
0.130667, -0.0472913, 0.130833, -1.39119
0.131, -0.047755, 0.131167, -1.38721
0.131333, -0.0482174, 0.1315, -1.38319
0.131667, -0.0486785, 0.131833, -1.37913
0.132, -0.0491382, 0.132167, -1.37504
0.132333, -0.0495966, 0.1325, -1.3709
0.132667, -0.0500535, 0.132833, -1.36673
0.133, -0.0505091, 0.133167, -1.36252
0.133333, -0.0509633, 0.1335, -1.35828
0.133667, -0.051416, 0.133833, -1.35399
0.134, -0.0518674, 0.134167, -1.34967
0.134333, -0.0523173, 0.1345, -1.34531
0.134667, -0.0527657, 0.134833, -1.34091
0.135, -0.0532127, 0.135167, -1.33648
0.135333, -0.0536582, 0.1355, -1.33201
0.135667, -0.0541022, 0.135833, -1.3275
0.136, -0.0545447, 0.136167, -1.32295
0.136333, -0.0549857, 0.1365, -1.31837
0.136667, -0.0554251, 0.136833, -1.31375
0.137, -0.055863, 0.137167, -1.3091
0.137333, -0.0562994, 0.1375, -1.30441
0.137667, -0.0567342, 0.137833, -1.29968
0.138, -0.0571674, 0.138167, -1.29491
0.138333, -0.0575991, 0.1385, -1.29011
0.138667, -0.0580291, 0.138833, -1.28528
0.139, -0.0584575, 0.139167, -1.28041
0.139333, -0.0588843, 0.1395, -1.2755
0.139667, -0.0593095, 0.139833, -1.27056
0.14, -0.059733, 0.140167, -1.26558
0.140333, -0.0601549, 0.1405, -1.26057
0.140667, -0.0605751, 0.140833, -1.25552
0.141, -0.0609936, 0.141167, -1.25044
0.141333, -0.0614104, 0.1415, -1.24532
0.141667, -0.0618255, 0.141833, -1.24017
0.142, -0.0622389, 0.142167, -1.23498
0.142333, -0.0626505, 0.1425, -1.22976
0.142667, -0.0630605, 0.142833, -1.2245
0.143, -0.0634686, 0.143167, -1.21921
0.143333, -0.063875, 0.1435, -1.21389
0.143667, -0.0642797, 0.143833, -1.20854
0.144, -0.0646825, 0.144167, -1.20315
0.144333, -0.0650836, 0.1445, -1.19772
0.144667, -0.0654828, 0.144833, -1.19226
0.145, -0.0658802, 0.145167, -1.18677
0.145333, -0.0662758, 0.1455, -1.18125
0.145667, -0.0666696, 0.145833, -1.1757
0.146, -0.0670615, 0.146167, -1.17011
0.146333, -0.0674515, 0.1465, -1.16449
0.146667, -0.0678397, 0.146833, -1.15883
0.147, -0.0682259, 0.147167, -1.15315
0.147333, -0.0686103, 0.1475, -1.14743
0.147667, -0.0689928, 0.147833, -1.14168
0.148, -0.0693734, 0.148167, -1.1359
0.148333, -0.069752, 0.1485, -1.13009
0.148667, -0.0701287, 0.148833, -1.12424
0.149, -0.0705034, 0.149167, -1.11837
0.149333, -0.0708762, 0.1495, -1.11246
0.149667, -0.071247, 0.149833, -1.10652
0.15, -0.0716159, 0.150167, -1.10056
0.150333, -0.0719827, 0.1505, -1.09456
0.150667, -0.0723476, 0.150833, -1.08853
0.151, -0.0727104, 0.151167, -1.08247
0.151333, -0.0730712, 0.1515, -1.07638
0.151667, -0.07343, 0.151833, -1.07026
0.152, -0.0737868, 0.152167, -1.06411
0.152333, -0.0741415, 0.1525, -1.05793
0.152667, -0.0744941, 0.152833, -1.05173
0.153, -0.0748447, 0.153167, -1.04549
0.153333, -0.0751932, 0.1535, -1.03922
0.153667, -0.0755396, 0.153833, -1.03293
0.154, -0.0758839, 0.154167, -1.0266
0.154333, -0.0762261, 0.1545, -1.02025
0.154667, -0.0765662, 0.154833, -1.01387
0.155, -0.0769042, 0.155167, -1.00746
0.155333, -0.07724, 0.1555, -1.00103
0.155667, -0.0775737, 0.155833, -0.994561
0.156, -0.0779052, 0.156167, -0.988069
0.156333, -0.0782345, 0.1565, -0.98155
0.156667, -0.0785617, 0.156833, -0.975003
0.157, -0.0788867, 0.157167, -0.968429
0.157333, -0.0792095, 0.1575, -0.961828
0.157667, -0.0795302, 0.157833, -0.955201
0.158, -0.0798486, 0.158167, -0.948547
0.158333, -0.0801647, 0.1585, -0.941866
0.158667, -0.0804787, 0.158833, -0.93516
0.159, -0.0807904, 0.159167, -0.928427
0.159333, -0.0810999, 0.1595, -0.921669
0.159667, -0.0814071, 0.159833, -0.914885
0.16, -0.0817121, 0.160167, -0.908075
0.160333, -0.0820148, 0.1605, -0.901241
0.160667, -0.0823152, 0.160833, -0.894381
0.161, -0.0826133, 0.161167, -0.887497
0.161333, -0.0829091, 0.1615, -0.880588
0.161667, -0.0832027, 0.161833, -0.873654
0.162, -0.0834939, 0.162167, -0.866696
0.162333, -0.0837828, 0.1625, -0.859715
0.162667, -0.0840694, 0.162833, -0.852709
0.163, -0.0843536, 0.163167, -0.845679
0.163333, -0.0846355, 0.1635, -0.838626
0.163667, -0.084915, 0.163833, -0.83155
0.164, -0.0851922, 0.164167, -0.824451
0.164333, -0.085467, 0.1645, -0.817328
0.164667, -0.0857395, 0.164833, -0.810184
0.165, -0.0860095, 0.165167, -0.803016
0.165333, -0.0862772, 0.1655, -0.795826
0.165667, -0.0865425, 0.165833, -0.788614
0.166, -0.0868053, 0.166167, -0.781381
0.166333, -0.0870658, 0.1665, -0.774125
0.166667, -0.0873238, 0.166833, -0.766848
0.167, -0.0875795, 0.167167, -0.75955
0.167333, -0.0878326, 0.1675, -0.75223
0.167667, -0.0880834, 0.167833, -0.74489
0.168, -0.0883317, 0.168167, -0.737529
0.168333, -0.0885775, 0.1685, -0.730148
0.168667, -0.0888209, 0.168833, -0.722746
0.169, -0.0890618, 0.169167, -0.715324
0.169333, -0.0893003, 0.1695, -0.707883
0.169667, -0.0895362, 0.169833, -0.700421
0.17, -0.0897697, 0.170167, -0.69294
0.170333, -0.0900007, 0.1705, -0.68544
0.170667, -0.0902292, 0.170833, -0.677921
0.171, -0.0904551, 0.171167, -0.670383
0.171333, -0.0906786, 0.1715, -0.662827
0.171667, -0.0908995, 0.171833, -0.655252
0.172, -0.091118, 0.172167, -0.647659
0.172333, -0.0913338, 0.1725, -0.640047
0.172667, -0.0915472, 0.172833, -0.632419
0.173, -0.091758, 0.173167, -0.624772
0.173333, -0.0919663, 0.1735, -0.617108
0.173667, -0.092172, 0.173833, -0.609427
0.174, -0.0923751, 0.174167, -0.601729
0.174333, -0.0925757, 0.1745, -0.594015
0.174667, -0.0927737, 0.174833, -0.586283
0.175, -0.0929691, 0.175167, -0.578536
0.175333, -0.093162, 0.1755, -0.570773
0.175667, -0.0933522, 0.175833, -0.562993
0.176, -0.0935399, 0.176167, -0.555198
0.176333, -0.0937249, 0.1765, -0.547388
0.176667, -0.0939074, 0.176833, -0.539562
0.177, -0.0940873, 0.177167, -0.531722
0.177333, -0.0942645, 0.1775, -0.523866
0.177667, -0.0944391, 0.177833, -0.515996
0.178, -0.0946111, 0.178167, -0.508112
0.178333, -0.0947805, 0.1785, -0.500214
0.178667, -0.0949472, 0.178833, -0.492301
0.179, -0.0951113, 0.179167, -0.484375
0.179333, -0.0952728, 0.1795, -0.476436
0.179667, -0.0954316, 0.179833, -0.468483
0.18, -0.0955878, 0.180167, -0.460518
0.180333, -0.0957413, 0.1805, -0.452539
0.180667, -0.0958921, 0.180833, -0.444548
0.181, -0.0960403, 0.181167, -0.436545
0.181333, -0.0961858, 0.1815, -0.428529
0.181667, -0.0963287, 0.181833, -0.420502
0.182, -0.0964688, 0.182167, -0.412463
0.182333, -0.0966063, 0.1825, -0.404412
0.182667, -0.0967411, 0.182833, -0.396351
0.183, -0.0968732, 0.183167, -0.388278
0.183333, -0.0970027, 0.1835, -0.380194
0.183667, -0.0971294, 0.183833, -0.3721
0.184, -0.0972534, 0.184167, -0.363996
0.184333, -0.0973748, 0.1845, -0.355881
0.184667, -0.0974934, 0.184833, -0.347757
0.185, -0.0976093, 0.185167, -0.339623
0.185333, -0.0977225, 0.1855, -0.331479
0.185667, -0.097833, 0.185833, -0.323326
0.186, -0.0979408, 0.186167, -0.315165
0.186333, -0.0980458, 0.1865, -0.306994
0.186667, -0.0981482, 0.186833, -0.298815
0.187, -0.0982478, 0.187167, -0.290628
0.187333, -0.0983446, 0.1875, -0.282432
0.187667, -0.0984388, 0.187833, -0.274229
0.188, -0.0985302, 0.188167, -0.266018
0.188333, -0.0986189, 0.1885, -0.2578
0.188667, -0.0987048, 0.188833, -0.249575
0.189, -0.098788, 0.189167, -0.241342
0.189333, -0.0988684, 0.1895, -0.233103
0.189667, -0.0989461, 0.189833, -0.224858
0.19, -0.0990211, 0.190167, -0.216606
0.190333, -0.0990933, 0.1905, -0.208348
0.190667, -0.0991627, 0.190833, -0.200085
0.191, -0.0992294, 0.191167, -0.191816
0.191333, -0.0992934, 0.1915, -0.183541
0.191667, -0.0993546, 0.191833, -0.175262
0.192, -0.099413, 0.192167, -0.166977
0.192333, -0.0994686, 0.1925, -0.158688
0.192667, -0.0995215, 0.192833, -0.150395
0.193, -0.0995717, 0.193167, -0.142097
0.193333, -0.099619, 0.1935, -0.133795
0.193667, -0.0996636, 0.193833, -0.12549
0.194, -0.0997055, 0.194167, -0.117181
0.194333, -0.0997445, 0.1945, -0.108869
0.194667, -0.0997808, 0.194833, -0.100554
0.195, -0.0998143, 0.195167, -0.0922364
0.195333, -0.0998451, 0.1955, -0.083916
0.195667, -0.099873, 0.195833, -0.0755932
0.196, -0.0998982, 0.196167, -0.0672684
0.196333, -0.0999207, 0.1965, -0.0589417
0.196667, -0.0999403, 0.196833, -0.0506133
0.197, -0.0999572, 0.197167, -0.0422835
0.197333, -0.0999713, 0.1975, -0.0339526
0.197667, -0.0999826, 0.197833, -0.0256207
0.198, -0.0999911, 0.198167, -0.0172881
0.198333, -0.0999969, 0.1985, -0.00895504
0.198667, -0.0999999, 0.198833, -0.00062172
0.199, -0.1, 0.199167, 0.00771162
0.199333, -0.0999975, 0.1995, 0.0160447
0.199667, -0.0999922, 0.199833, 0.0243774
0.2, -0.0999841, 0.200167, 0.0327094
0.200333, -0.0999731, 0.2005, 0.0410405
0.200667, -0.0999595, 0.200833, 0.0493705
0.201, -0.099943, 0.201167, 0.0576991
0.201333, -0.0999238, 0.2015, 0.0660261
0.201667, -0.0999018, 0.201833, 0.0743512
0.202, -0.099877, 0.202167, 0.0826743
0.202333, -0.0998494, 0.2025, 0.0909951
0.202667, -0.0998191, 0.202833, 0.0993133
0.203, -0.099786, 0.203167, 0.107629
0.203333, -0.0997501, 0.2035, 0.115941
0.203667, -0.0997115, 0.203833, 0.124251
0.204, -0.0996701, 0.204167, 0.132556
0.204333, -0.0996259, 0.2045, 0.140859
0.204667, -0.0995789, 0.204833, 0.149157
0.205, -0.0995292, 0.205167, 0.157451
0.205333, -0.0994767, 0.2055, 0.165741
0.205667, -0.0994215, 0.205833, 0.174026
0.206, -0.0993635, 0.206167, 0.182306
0.206333, -0.0993027, 0.2065, 0.190581
0.206667, -0.0992392, 0.206833, 0.198851
0.207, -0.0991729, 0.207167, 0.207116
0.207333, -0.0991038, 0.2075, 0.215374
0.207667, -0.099032, 0.207833, 0.223627
0.208, -0.0989575, 0.208167, 0.231873
0.208333, -0.0988802, 0.2085, 0.240113
0.208667, -0.0988002, 0.208833, 0.248347
0.209, -0.0987174, 0.209167, 0.256573
0.209333, -0.0986319, 0.2095, 0.264793
0.209667, -0.0985436, 0.209833, 0.273005
0.21, -0.0984526, 0.210167, 0.281209
0.210333, -0.0983589, 0.2105, 0.289405
0.210667, -0.0982624, 0.210833, 0.297594
0.211, -0.0981632, 0.211167, 0.305774
0.211333, -0.0980613, 0.2115, 0.313946
0.211667, -0.0979566, 0.211833, 0.322109
0.212, -0.0978493, 0.212167, 0.330263
0.212333, -0.0977392, 0.2125, 0.338408
0.212667, -0.0976264, 0.212833, 0.346544
0.213, -0.0975109, 0.213167, 0.35467
0.213333, -0.0973926, 0.2135, 0.362786
0.213667, -0.0972717, 0.213833, 0.370892
0.214, -0.0971481, 0.214167, 0.378987
0.214333, -0.0970217, 0.2145, 0.387072
0.214667, -0.0968927, 0.214833, 0.395147
0.215, -0.096761, 0.215167, 0.40321
0.215333, -0.0966266, 0.2155, 0.411262
0.215667, -0.0964895, 0.215833, 0.419303
0.216, -0.0963497, 0.216167, 0.427332
0.216333, -0.0962073, 0.2165, 0.43535
0.216667, -0.0960622, 0.216833, 0.443355
0.217, -0.0959144, 0.217167, 0.451348
0.217333, -0.0957639, 0.2175, 0.459328
0.217667, -0.0956108, 0.217833, 0.467296
0.218, -0.0954551, 0.218167, 0.47525
0.218333, -0.0952967, 0.2185, 0.483192
0.218667, -0.0951356, 0.218833, 0.49112
0.219, -0.0949719, 0.219167, 0.499034
0.219333, -0.0948055, 0.2195, 0.506934
0.219667, -0.0946366, 0.219833, 0.514821
0.22, -0.094465, 0.220167, 0.522693
0.220333, -0.0942907, 0.2205, 0.53055
0.220667, -0.0941139, 0.220833, 0.538393
0.221, -0.0939344, 0.221167, 0.546221
0.221333, -0.0937523, 0.2215, 0.554034
0.221667, -0.0935677, 0.221833, 0.561831
0.222, -0.0933804, 0.222167, 0.569613
0.222333, -0.0931905, 0.2225, 0.577379
0.222667, -0.0929981, 0.222833, 0.585128
0.223, -0.092803, 0.223167, 0.592862
0.223333, -0.0926054, 0.2235, 0.600579
0.223667, -0.0924052, 0.223833, 0.60828
0.224, -0.0922024, 0.224167, 0.615963
0.224333, -0.0919971, 0.2245, 0.62363
0.224667, -0.0917892, 0.224833, 0.631279
0.225, -0.0915788, 0.225167, 0.63891
0.225333, -0.0913658, 0.2255, 0.646524
0.225667, -0.0911503, 0.225833, 0.65412
0.226, -0.0909323, 0.226167, 0.661698
0.226333, -0.0907117, 0.2265, 0.669257
0.226667, -0.0904886, 0.226833, 0.676798
0.227, -0.090263, 0.227167, 0.68432
0.227333, -0.0900349, 0.2275, 0.691822
0.227667, -0.0898043, 0.227833, 0.699306
0.228, -0.0895712, 0.228167, 0.70677
0.228333, -0.0893356, 0.2285, 0.714215
0.228667, -0.0890976, 0.228833, 0.72164
0.229, -0.088857, 0.229167, 0.729045
0.229333, -0.088614, 0.2295, 0.736429
0.229667, -0.0883685, 0.229833, 0.743793
0.23, -0.0881206, 0.230167, 0.751137
0.230333, -0.0878702, 0.2305, 0.758459
0.230667, -0.0876174, 0.230833, 0.765761
0.231, -0.0873621, 0.231167, 0.773041
0.231333, -0.0871045, 0.2315, 0.780299
0.231667, -0.0868444, 0.231833, 0.787536
0.232, -0.0865818, 0.232167, 0.794752
0.232333, -0.0863169, 0.2325, 0.801945
0.232667, -0.0860496, 0.232833, 0.809115
0.233, -0.0857799, 0.233167, 0.816264
0.233333, -0.0855078, 0.2335, 0.823389
0.233667, -0.0852334, 0.233833, 0.830492
0.234, -0.0849565, 0.234167, 0.837572
0.234333, -0.0846773, 0.2345, 0.844628
0.234667, -0.0843958, 0.234833, 0.851661
0.235, -0.0841119, 0.235167, 0.858671
0.235333, -0.0838257, 0.2355, 0.865656
0.235667, -0.0835371, 0.235833, 0.872618
0.236, -0.0832463, 0.236167, 0.879555
0.236333, -0.0829531, 0.2365, 0.886468
0.236667, -0.0826576, 0.236833, 0.893356
0.237, -0.0823598, 0.237167, 0.900219
0.237333, -0.0820597, 0.2375, 0.907057
0.237667, -0.0817574, 0.237833, 0.91387
0.238, -0.0814528, 0.238167, 0.920658
0.238333, -0.0811459, 0.2385, 0.92742
0.238667, -0.0808367, 0.238833, 0.934157
0.239, -0.0805253, 0.239167, 0.940867
0.239333, -0.0802117, 0.2395, 0.947551
0.239667, -0.0798959, 0.239833, 0.954209
0.24, -0.0795778, 0.240167, 0.960841
0.240333, -0.0792575, 0.2405, 0.967446
0.240667, -0.078935, 0.240833, 0.974024
0.241, -0.0786104, 0.241167, 0.980574
0.241333, -0.0782835, 0.2415, 0.987098
0.241667, -0.0779545, 0.241833, 0.993594
0.242, -0.0776233, 0.242167, 1.00006
0.242333, -0.0772899, 0.2425, 1.0065
0.242667, -0.0769544, 0.242833, 1.01292
0.243, -0.0766168, 0.243167, 1.0193
0.243333, -0.076277, 0.2435, 1.02566
0.243667, -0.0759351, 0.243833, 1.03199
0.244, -0.0755911, 0.244167, 1.03828
0.244333, -0.075245, 0.2445, 1.04456
0.244667, -0.0748969, 0.244833, 1.0508
0.245, -0.0745466, 0.245167, 1.05701
0.245333, -0.0741942, 0.2455, 1.06319
0.245667, -0.0738399, 0.245833, 1.06935
0.246, -0.0734834, 0.246167, 1.07547
0.246333, -0.0731249, 0.2465, 1.08156
0.246667, -0.0727644, 0.246833, 1.08763
0.247, -0.0724019, 0.247167, 1.09366
0.247333, -0.0720373, 0.2475, 1.09966
0.247667, -0.0716707, 0.247833, 1.10564
0.248, -0.0713022, 0.248167, 1.11158
0.248333, -0.0709317, 0.2485, 1.11749
0.248667, -0.0705592, 0.248833, 1.12337
0.249, -0.0701847, 0.249167, 1.12922
0.249333, -0.0698083, 0.2495, 1.13503
0.249667, -0.06943, 0.249833, 1.14082
0.25, -0.0690497, 0.250167, 1.14657
0.250333, -0.0686675, 0.2505, 1.1523
0.250667, -0.0682834, 0.250833, 1.15799
0.251, -0.0678974, 0.251167, 1.16364
0.251333, -0.0675095, 0.2515, 1.16927
0.251667, -0.0671198, 0.251833, 1.17486
0.252, -0.0667282, 0.252167, 1.18042
0.252333, -0.0663347, 0.2525, 1.18595
0.252667, -0.0659394, 0.252833, 1.19145
0.253, -0.0655422, 0.253167, 1.19691
0.253333, -0.0651432, 0.2535, 1.20234
0.253667, -0.0647425, 0.253833, 1.20773
0.254, -0.0643399, 0.254167, 1.21309
0.254333, -0.0639355, 0.2545, 1.21842
0.254667, -0.0635294, 0.254833, 1.22372
0.255, -0.0631215, 0.255167, 1.22898
0.255333, -0.0627118, 0.2555, 1.2342
0.255667, -0.0623004, 0.255833, 1.23939
0.256, -0.0618873, 0.256167, 1.24455
0.256333, -0.0614724, 0.2565, 1.24967
0.256667, -0.0610559, 0.256833, 1.25476
0.257, -0.0606376, 0.257167, 1.25982
0.257333, -0.0602177, 0.2575, 1.26483
0.257667, -0.0597961, 0.257833, 1.26982
0.258, -0.0593728, 0.258167, 1.27476
0.258333, -0.0589479, 0.2585, 1.27968
0.258667, -0.0585213, 0.258833, 1.28455
0.259, -0.0580931, 0.259167, 1.28939
0.259333, -0.0576633, 0.2595, 1.2942
0.259667, -0.0572319, 0.259833, 1.29897
0.26, -0.0567989, 0.260167, 1.3037
0.260333, -0.0563644, 0.2605, 1.3084
0.260667, -0.0559282, 0.260833, 1.31306
0.261, -0.0554906, 0.261167, 1.31768
0.261333, -0.0550513, 0.2615, 1.32227
0.261667, -0.0546106, 0.261833, 1.32682
0.262, -0.0541683, 0.262167, 1.33134
0.262333, -0.0537245, 0.2625, 1.33581
0.262667, -0.0532792, 0.262833, 1.34025
0.263, -0.0528325, 0.263167, 1.34466
0.263333, -0.0523843, 0.2635, 1.34902
0.263667, -0.0519346, 0.263833, 1.35335
0.264, -0.0514835, 0.264167, 1.35764
0.264333, -0.0510309, 0.2645, 1.36189
0.264667, -0.050577, 0.264833, 1.36611
0.265, -0.0501216, 0.265167, 1.37028
0.265333, -0.0496648, 0.2655, 1.37442
0.265667, -0.0492067, 0.265833, 1.37852
0.266, -0.0487472, 0.266167, 1.38259
0.266333, -0.0482863, 0.2665, 1.38661
0.266667, -0.0478241, 0.266833, 1.3906
0.267, -0.0473606, 0.267167, 1.39454
0.267333, -0.0468957, 0.2675, 1.39845
0.267667, -0.0464296, 0.267833, 1.40232
0.268, -0.0459622, 0.268167, 1.40615
0.268333, -0.0454934, 0.2685, 1.40994
0.268667, -0.0450235, 0.268833, 1.41369
0.269, -0.0445522, 0.269167, 1.41741
0.269333, -0.0440798, 0.2695, 1.42108
0.269667, -0.0436061, 0.269833, 1.42471
0.27, -0.0431312, 0.270167, 1.42831
0.270333, -0.0426551, 0.2705, 1.43186
0.270667, -0.0421778, 0.270833, 1.43538
0.271, -0.0416993, 0.271167, 1.43885
0.271333, -0.0412197, 0.2715, 1.44229
0.271667, -0.0407389, 0.271833, 1.44568
0.272, -0.040257, 0.272167, 1.44904
0.272333, -0.039774, 0.2725, 1.45235
0.272667, -0.0392899, 0.272833, 1.45562
0.273, -0.0388047, 0.273167, 1.45886
0.273333, -0.0383184, 0.2735, 1.46205
0.273667, -0.0378311, 0.273833, 1.4652
0.274, -0.0373427, 0.274167, 1.46832
0.274333, -0.0368532, 0.2745, 1.47139
0.274667, -0.0363628, 0.274833, 1.47442
0.275, -0.0358713, 0.275167, 1.47741
0.275333, -0.0353788, 0.2755, 1.48035
0.275667, -0.0348854, 0.275833, 1.48326
0.276, -0.034391, 0.276167, 1.48613
0.276333, -0.0338956, 0.2765, 1.48895
0.276667, -0.0333993, 0.276833, 1.49174
0.277, -0.032902, 0.277167, 1.49448
0.277333, -0.0324039, 0.2775, 1.49718
0.277667, -0.0319048, 0.277833, 1.49984
0.278, -0.0314049, 0.278167, 1.50245
0.278333, -0.030904, 0.2785, 1.50503
0.278667, -0.0304024, 0.278833, 1.50756
0.279, -0.0298998, 0.279167, 1.51005
0.279333, -0.0293965, 0.2795, 1.5125
0.279667, -0.0288923, 0.279833, 1.51491
0.28, -0.0283874, 0.280167, 1.51728
0.280333, -0.0278816, 0.2805, 1.5196
0.280667, -0.0273751, 0.280833, 1.52188
0.281, -0.0268678, 0.281167, 1.52412
0.281333, -0.0263597, 0.2815, 1.52632
0.281667, -0.025851, 0.281833, 1.52847
0.282, -0.0253415, 0.282167, 1.53058
0.282333, -0.0248313, 0.2825, 1.53265
0.282667, -0.0243204, 0.282833, 1.53468
0.283, -0.0238088, 0.283167, 1.53666
0.283333, -0.0232966, 0.2835, 1.5386
0.283667, -0.0227837, 0.283833, 1.5405
0.284, -0.0222702, 0.284167, 1.54236
0.284333, -0.0217561, 0.2845, 1.54417
0.284667, -0.0212414, 0.284833, 1.54594
0.285, -0.0207261, 0.285167, 1.54767
0.285333, -0.0202102, 0.2855, 1.54935
0.285667, -0.0196937, 0.285833, 1.55099
0.286, -0.0191767, 0.286167, 1.55259
0.286333, -0.0186592, 0.2865, 1.55415
0.286667, -0.0181412, 0.286833, 1.55566
0.287, -0.0176226, 0.287167, 1.55713
0.287333, -0.0171036, 0.2875, 1.55855
0.287667, -0.016584, 0.287833, 1.55994
0.288, -0.0160641, 0.288167, 1.56127
0.288333, -0.0155436, 0.2885, 1.56257
0.288667, -0.0150228, 0.288833, 1.56382
0.289, -0.0145015, 0.289167, 1.56503
0.289333, -0.0139798, 0.2895, 1.56619
0.289667, -0.0134578, 0.289833, 1.56732
0.29, -0.0129353, 0.290167, 1.56839
0.290333, -0.0124125, 0.2905, 1.56943
0.290667, -0.0118894, 0.290833, 1.57042
0.291, -0.0113659, 0.291167, 1.57137
0.291333, -0.0108421, 0.2915, 1.57227
0.291667, -0.010318, 0.291833, 1.57313
0.292, -0.00979366, 0.292167, 1.57395
0.292333, -0.00926901, 0.2925, 1.57472
0.292667, -0.0087441, 0.292833, 1.57545
0.293, -0.00821896, 0.293167, 1.57613
0.293333, -0.00769358, 0.2935, 1.57677
0.293667, -0.00716799, 0.293833, 1.57737
0.294, -0.0066422, 0.294167, 1.57792
0.294333, -0.00611622, 0.2945, 1.57843
0.294667, -0.00559008, 0.294833, 1.5789
0.295, -0.00506378, 0.295167, 1.57932
0.295333, -0.00453734, 0.2955, 1.5797
0.295667, -0.00401077, 0.295833, 1.58003
0.296, -0.00348409, 0.296167, 1.58032
0.296333, -0.00295732, 0.2965, 1.58057
0.296667, -0.00243046, 0.296833, 1.58077
0.297, -0.00190354, 0.297167, 1.58093
0.297333, -0.00137656, 0.2975, 1.58105
0.297667, -0.000849544, 0.297833, 1.58112
0.298, -0.000322505, 0.298167, 1.58114
0.298333, 0.000204543, 0.2985, 1.58113
0.298667, 0.000731585, 0.298833, 1.58107
0.299, 0.00125861, 0.299167, 1.58096
0.299333, 0.00178559, 0.2995, 1.58081
0.299667, 0.00231253, 0.299833, 1.58062
0.3, 0.0028394, 0.300167, 1.58038
0.300333, 0.0033662, 0.3005, 1.5801
0.300667, 0.0038929, 0.300833, 1.57978
0.301, 0.00441949, 0.301167, 1.57941
0.301333, 0.00494596, 0.3015, 1.579
0.301667, 0.0054723, 0.301833, 1.57854
0.302, 0.00599848, 0.302167, 1.57804
0.302333, 0.00652449, 0.3025, 1.5775
0.302667, 0.00705032, 0.302833, 1.57691
0.303, 0.00757596, 0.303167, 1.57628
0.303333, 0.00810139, 0.3035, 1.5756
0.303667, 0.00862659, 0.303833, 1.57489
0.304, 0.00915155, 0.304167, 1.57412
0.304333, 0.00967626, 0.3045, 1.57332
0.304667, 0.0102007, 0.304833, 1.57247
0.305, 0.0107249, 0.305167, 1.57157
0.305333, 0.0112487, 0.3055, 1.57064
0.305667, 0.0117723, 0.305833, 1.56965
0.306, 0.0122955, 0.306167, 1.56863
0.306333, 0.0128183, 0.3065, 1.56756
0.306667, 0.0133409, 0.306833, 1.56645
0.307, 0.013863, 0.307167, 1.56529
0.307333, 0.0143848, 0.3075, 1.5641
0.307667, 0.0149061, 0.307833, 1.56285
0.308, 0.0154271, 0.308167, 1.56157
0.308333, 0.0159476, 0.3085, 1.56024
0.308667, 0.0164677, 0.308833, 1.55887
0.309, 0.0169873, 0.309167, 1.55745
0.309333, 0.0175065, 0.3095, 1.55599
0.309667, 0.0180251, 0.309833, 1.55449
0.31, 0.0185433, 0.310167, 1.55294
0.310333, 0.0190609, 0.3105, 1.55136
0.310667, 0.0195781, 0.310833, 1.54972
0.311, 0.0200946, 0.311167, 1.54805
0.311333, 0.0206107, 0.3115, 1.54633
0.311667, 0.0211261, 0.311833, 1.54457
0.312, 0.021641, 0.312167, 1.54277
0.312333, 0.0221552, 0.3125, 1.54092
0.312667, 0.0226689, 0.312833, 1.53903
0.313, 0.0231819, 0.313167, 1.5371
0.313333, 0.0236942, 0.3135, 1.53513
0.313667, 0.0242059, 0.313833, 1.53311
0.314, 0.024717, 0.314167, 1.53105
0.314333, 0.0252273, 0.3145, 1.52895
0.314667, 0.025737, 0.314833, 1.5268
0.315, 0.0262459, 0.315167, 1.52462
0.315333, 0.0267541, 0.3155, 1.52239
0.315667, 0.0272616, 0.315833, 1.52011
0.316, 0.0277683, 0.316167, 1.5178
0.316333, 0.0282742, 0.3165, 1.51544
0.316667, 0.0287794, 0.316833, 1.51305
0.317, 0.0292837, 0.317167, 1.51061
0.317333, 0.0297873, 0.3175, 1.50812
0.317667, 0.03029, 0.317833, 1.5056
0.318, 0.0307918, 0.318167, 1.50303
0.318333, 0.0312928, 0.3185, 1.50043
0.318667, 0.031793, 0.318833, 1.49778
0.319, 0.0322922, 0.319167, 1.49509
0.319333, 0.0327906, 0.3195, 1.49235
0.319667, 0.0332881, 0.319833, 1.48958
0.32, 0.0337846, 0.320167, 1.48676
0.320333, 0.0342802, 0.3205, 1.48391
0.320667, 0.0347748, 0.320833, 1.48101
0.321, 0.0352685, 0.321167, 1.47807
0.321333, 0.0357612, 0.3215, 1.47509
0.321667, 0.0362529, 0.321833, 1.47207
0.322, 0.0367435, 0.322167, 1.46901
0.322333, 0.0372332, 0.3225, 1.4659
0.322667, 0.0377218, 0.322833, 1.46276
0.323, 0.0382094, 0.323167, 1.45958
0.323333, 0.038696, 0.3235, 1.45635
0.323667, 0.0391814, 0.323833, 1.45309
0.324, 0.0396658, 0.324167, 1.44978
0.324333, 0.040149, 0.3245, 1.44644
0.324667, 0.0406312, 0.324833, 1.44305
0.325, 0.0411122, 0.325167, 1.43962
0.325333, 0.0415921, 0.3255, 1.43616
0.325667, 0.0420708, 0.325833, 1.43265
0.326, 0.0425483, 0.326167, 1.42911
0.326333, 0.0430247, 0.3265, 1.42552
0.326667, 0.0434999, 0.326833, 1.4219
0.327, 0.0439738, 0.327167, 1.41823
0.327333, 0.0444466, 0.3275, 1.41453
0.327667, 0.0449181, 0.327833, 1.41078
0.328, 0.0453884, 0.328167, 1.407
0.328333, 0.0458574, 0.3285, 1.40318
0.328667, 0.0463251, 0.328833, 1.39932
0.329, 0.0467915, 0.329167, 1.39542
0.329333, 0.0472567, 0.3295, 1.39148
0.329667, 0.0477205, 0.329833, 1.38751
0.33, 0.048183, 0.330167, 1.38349
0.330333, 0.0486442, 0.3305, 1.37944
0.330667, 0.049104, 0.330833, 1.37534
0.331, 0.0495624, 0.331167, 1.37121
0.331333, 0.0500195, 0.3315, 1.36705
0.331667, 0.0504752, 0.331833, 1.36284
0.332, 0.0509295, 0.332167, 1.3586
0.332333, 0.0513823, 0.3325, 1.35431
0.332667, 0.0518338, 0.332833, 1.34999
0.333, 0.0522838, 0.333167, 1.34564
0.333333, 0.0527323, 0.3335, 1.34124
0.333667, 0.0531794, 0.333833, 1.33681
0.334, 0.053625, 0.334167, 1.33234
0.334333, 0.0540691, 0.3345, 1.32784
0.334667, 0.0545117, 0.334833, 1.32329
0.335, 0.0549528, 0.335167, 1.31871
0.335333, 0.0553924, 0.3355, 1.3141
0.335667, 0.0558304, 0.335833, 1.30945
0.336, 0.0562669, 0.336167, 1.30476
0.336333, 0.0567018, 0.3365, 1.30003
0.336667, 0.0571352, 0.336833, 1.29527
0.337, 0.0575669, 0.337167, 1.29047
0.337333, 0.0579971, 0.3375, 1.28564
0.337667, 0.0584256, 0.337833, 1.28077
0.338, 0.0588525, 0.338167, 1.27587
0.338333, 0.0592778, 0.3385, 1.27093
0.338667, 0.0597015, 0.338833, 1.26595
0.339, 0.0601235, 0.339167, 1.26094
0.339333, 0.0605438, 0.3395, 1.2559
0.339667, 0.0609624, 0.339833, 1.25082
0.34, 0.0613793, 0.340167, 1.2457
0.340333, 0.0617946, 0.3405, 1.24055
0.340667, 0.0622081, 0.340833, 1.23537
0.341, 0.0626199, 0.341167, 1.23015
0.341333, 0.0630299, 0.3415, 1.2249
0.341667, 0.0634382, 0.341833, 1.21961
0.342, 0.0638448, 0.342167, 1.21429
0.342333, 0.0642495, 0.3425, 1.20894
0.342667, 0.0646525, 0.342833, 1.20355
0.343, 0.0650537, 0.343167, 1.19813
0.343333, 0.0654531, 0.3435, 1.19267
0.343667, 0.0658506, 0.343833, 1.18719
0.344, 0.0662464, 0.344167, 1.18166
0.344333, 0.0666402, 0.3445, 1.17611
0.344667, 0.0670323, 0.344833, 1.17053
0.345, 0.0674225, 0.345167, 1.16491
0.345333, 0.0678108, 0.3455, 1.15926
0.345667, 0.0681972, 0.345833, 1.15357
0.346, 0.0685817, 0.346167, 1.14786
0.346333, 0.0689643, 0.3465, 1.14211
0.346667, 0.069345, 0.346833, 1.13633
0.347, 0.0697238, 0.347167, 1.13052
0.347333, 0.0701006, 0.3475, 1.12468
0.347667, 0.0704755, 0.347833, 1.11881
0.348, 0.0708485, 0.348167, 1.1129
0.348333, 0.0712194, 0.3485, 1.10697
0.348667, 0.0715884, 0.348833, 1.101
0.349, 0.0719554, 0.349167, 1.09501
0.349333, 0.0723204, 0.3495, 1.08898
0.349667, 0.0726834, 0.349833, 1.08292
0.35, 0.0730444, 0.350167, 1.07684
0.350333, 0.0734033, 0.3505, 1.07072
0.350667, 0.0737603, 0.350833, 1.06457
0.351, 0.0741151, 0.351167, 1.0584
0.351333, 0.0744679, 0.3515, 1.05219
0.351667, 0.0748186, 0.351833, 1.04595
0.352, 0.0751673, 0.352167, 1.03969
0.352333, 0.0755139, 0.3525, 1.0334
0.352667, 0.0758583, 0.352833, 1.02708
0.353, 0.0762007, 0.353167, 1.02073
0.353333, 0.0765409, 0.3535, 1.01435
0.353667, 0.076879, 0.353833, 1.00794
0.354, 0.077215, 0.354167, 1.00151
0.354333, 0.0775489, 0.3545, 0.995045
0.354667, 0.0778805, 0.354833, 0.988554
0.355, 0.07821, 0.355167, 0.982037
0.355333, 0.0785374, 0.3555, 0.975492
0.355667, 0.0788626, 0.355833, 0.96892
0.356, 0.0791855, 0.356167, 0.962322
0.356333, 0.0795063, 0.3565, 0.955696
0.356667, 0.0798249, 0.356833, 0.949044
0.357, 0.0801412, 0.357167, 0.942365
0.357333, 0.0804553, 0.3575, 0.935661
0.357667, 0.0807672, 0.357833, 0.92893
0.358, 0.0810769, 0.358167, 0.922174
0.358333, 0.0813843, 0.3585, 0.915392
0.358667, 0.0816894, 0.358833, 0.908584
0.359, 0.0819923, 0.359167, 0.901752
0.359333, 0.0822928, 0.3595, 0.894894
0.359667, 0.0825911, 0.359833, 0.888011
0.36, 0.0828871, 0.360167, 0.881104
0.360333, 0.0831808, 0.3605, 0.874172
0.360667, 0.0834722, 0.360833, 0.867216
0.361, 0.0837613, 0.361167, 0.860236
0.361333, 0.0840481, 0.3615, 0.853232
0.361667, 0.0843325, 0.361833, 0.846205
0.362, 0.0846145, 0.362167, 0.839153
0.362333, 0.0848942, 0.3625, 0.832079
0.362667, 0.0851716, 0.362833, 0.824981
0.363, 0.0854466, 0.363167, 0.817861
0.363333, 0.0857192, 0.3635, 0.810717
0.363667, 0.0859895, 0.363833, 0.803552
0.364, 0.0862573, 0.364167, 0.796363
0.364333, 0.0865228, 0.3645, 0.789153
0.364667, 0.0867858, 0.364833, 0.781921
0.365, 0.0870465, 0.365167, 0.774667
0.365333, 0.0873047, 0.3655, 0.767392
0.365667, 0.0875605, 0.365833, 0.760095
0.366, 0.0878138, 0.366167, 0.752777
0.366333, 0.0880648, 0.3665, 0.745439
0.366667, 0.0883132, 0.366833, 0.738079
0.367, 0.0885593, 0.367167, 0.730699
0.367333, 0.0888028, 0.3675, 0.723299
0.367667, 0.0890439, 0.367833, 0.715879
0.368, 0.0892826, 0.368167, 0.708438
0.368333, 0.0895187, 0.3685, 0.700978
0.368667, 0.0897524, 0.368833, 0.693499
0.369, 0.0899835, 0.369167, 0.686001
0.369333, 0.0902122, 0.3695, 0.678483
0.369667, 0.0904384, 0.369833, 0.670946
0.37, 0.090662, 0.370167, 0.663391
0.370333, 0.0908831, 0.3705, 0.655818
0.370667, 0.0911018, 0.370833, 0.648226
0.371, 0.0913178, 0.371167, 0.640616
0.371333, 0.0915314, 0.3715, 0.632988
0.371667, 0.0917424, 0.371833, 0.625343
0.372, 0.0919508, 0.372167, 0.617681
0.372333, 0.0921567, 0.3725, 0.610001
0.372667, 0.09236, 0.372833, 0.602304
0.373, 0.0925608, 0.373167, 0.594591
0.373333, 0.092759, 0.3735, 0.586861
0.373667, 0.0929546, 0.373833, 0.579115
0.374, 0.0931477, 0.374167, 0.571352
0.374333, 0.0933381, 0.3745, 0.563574
0.374667, 0.093526, 0.374833, 0.55578
0.375, 0.0937112, 0.375167, 0.547971
0.375333, 0.0938939, 0.3755, 0.540147
0.375667, 0.0940739, 0.375833, 0.532307
0.376, 0.0942514, 0.376167, 0.524453
0.376333, 0.0944262, 0.3765, 0.516584
0.376667, 0.0945984, 0.376833, 0.508701
0.377, 0.0947679, 0.377167, 0.500803
0.377333, 0.0949349, 0.3775, 0.492892
0.377667, 0.0950992, 0.377833, 0.484967
0.378, 0.0952608, 0.378167, 0.477029
0.378333, 0.0954198, 0.3785, 0.469077
0.378667, 0.0955762, 0.378833, 0.461112
0.379, 0.0957299, 0.379167, 0.453135
0.379333, 0.095881, 0.3795, 0.445145
0.379667, 0.0960293, 0.379833, 0.437142
0.38, 0.096175, 0.380167, 0.429128
0.380333, 0.0963181, 0.3805, 0.421101
0.380667, 0.0964585, 0.380833, 0.413063
0.381, 0.0965961, 0.381167, 0.405013
0.381333, 0.0967312, 0.3815, 0.396953
0.381667, 0.0968635, 0.381833, 0.388881
0.382, 0.0969931, 0.382167, 0.380798
0.382333, 0.09712, 0.3825, 0.372704
0.382667, 0.0972443, 0.382833, 0.364601
0.383, 0.0973658, 0.383167, 0.356487
0.383333, 0.0974846, 0.3835, 0.348363
0.383667, 0.0976007, 0.383833, 0.34023
0.384, 0.0977142, 0.384167, 0.332087
0.384333, 0.0978249, 0.3845, 0.323935
0.384667, 0.0979328, 0.384833, 0.315774
0.385, 0.0980381, 0.385167, 0.307604
0.385333, 0.0981406, 0.3855, 0.299426
0.385667, 0.0982404, 0.385833, 0.291239
0.386, 0.0983375, 0.386167, 0.283044
0.386333, 0.0984319, 0.3865, 0.274841
0.386667, 0.0985235, 0.386833, 0.266631
0.387, 0.0986124, 0.387167, 0.258414
0.387333, 0.0986985, 0.3875, 0.250189
0.387667, 0.0987819, 0.387833, 0.241957
0.388, 0.0988625, 0.388167, 0.233718
0.388333, 0.0989404, 0.3885, 0.225473
0.388667, 0.0990156, 0.388833, 0.217222
0.389, 0.099088, 0.389167, 0.208965
0.389333, 0.0991577, 0.3895, 0.200701
0.389667, 0.0992246, 0.389833, 0.192433
0.39, 0.0992887, 0.390167, 0.184159
0.390333, 0.0993501, 0.3905, 0.17588
0.390667, 0.0994087, 0.390833, 0.167595
0.391, 0.0994646, 0.391167, 0.159307
0.391333, 0.0995177, 0.3915, 0.151014
0.391667, 0.099568, 0.391833, 0.142716
0.392, 0.0996156, 0.392167, 0.134415
0.392333, 0.0996604, 0.3925, 0.12611
0.392667, 0.0997024, 0.392833, 0.117801
0.393, 0.0997417, 0.393167, 0.10949
0.393333, 0.0997782, 0.3935, 0.101175
0.393667, 0.0998119, 0.393833, 0.0928571
0.394, 0.0998429, 0.394167, 0.0845368
0.394333, 0.0998711, 0.3945, 0.0762142
0.394667, 0.0998965, 0.394833, 0.0678895
0.395, 0.0999191, 0.395167, 0.0595629
0.395333, 0.0999389, 0.3955, 0.0512347
0.395667, 0.099956, 0.395833, 0.042905
0.396, 0.0999703, 0.396167, 0.0345742
0.396333, 0.0999819, 0.3965, 0.0262424
0.396667, 0.0999906, 0.396833, 0.0179098
0.397, 0.0999966, 0.397167, 0.00957675
0.397333, 0.0999998, 0.3975, 0.00124344
0.397667, 0.1, 0.397833, -0.00708991
0.398, 0.0999978, 0.398167, -0.0154231
0.398333, 0.0999927, 0.3985, -0.0237558
0.398667, 0.0999848, 0.398833, -0.0320878
0.399, 0.0999741, 0.399167, -0.040419
0.399333, 0.0999606, 0.3995, -0.0487491
0.399667, 0.0999443, 0.399833, -0.0570778
0.4, 0.0999253, 0.400167, -0.0654049
0.400333, 0.0999035, 0.4005, -0.0737302
0.400667, 0.0998789, 0.400833, -0.0820534
0.401, 0.0998516, 0.401167, -0.0903744
0.401333, 0.0998215, 0.4015, -0.0986928
0.401667, 0.0997886, 0.401833, -0.107009
0.402, 0.0997529, 0.402167, -0.115321
0.402333, 0.0997144, 0.4025, -0.123631
0.402667, 0.0996732, 0.402833, -0.131937
0.403, 0.0996293, 0.403167, -0.140239
0.403333, 0.0995825, 0.4035, -0.148538
0.403667, 0.099533, 0.403833, -0.156832
0.404, 0.0994807, 0.404167, -0.165122
0.404333, 0.0994257, 0.4045, -0.173408
0.404667, 0.0993679, 0.404833, -0.181689
0.405, 0.0993073, 0.405167, -0.189964
0.405333, 0.099244, 0.4055, -0.198234
0.405667, 0.0991779, 0.405833, -0.206499
0.406, 0.0991091, 0.406167, -0.214758
0.406333, 0.0990375, 0.4065, -0.223011
0.406667, 0.0989632, 0.406833, -0.231258
0.407, 0.0988861, 0.407167, -0.239499
0.407333, 0.0988062, 0.4075, -0.247733
0.407667, 0.0987237, 0.407833, -0.25596
0.408, 0.0986383, 0.408167, -0.26418
0.408333, 0.0985503, 0.4085, -0.272392
0.408667, 0.0984595, 0.408833, -0.280597
0.409, 0.098366, 0.409167, -0.288794
0.409333, 0.0982697, 0.4095, -0.296983
0.409667, 0.0981707, 0.409833, -0.305164
0.41, 0.098069, 0.410167, -0.313337
0.410333, 0.0979645, 0.4105, -0.3215
0.410667, 0.0978574, 0.410833, -0.329655
0.411, 0.0977475, 0.411167, -0.337801
0.411333, 0.0976349, 0.4115, -0.345937
0.411667, 0.0975196, 0.411833, -0.354064
0.412, 0.0974015, 0.412167, -0.36218
0.412333, 0.0972808, 0.4125, -0.370287
0.412667, 0.0971574, 0.412833, -0.378384
0.413, 0.0970313, 0.413167, -0.38647
0.413333, 0.0969024, 0.4135, -0.394545
0.413667, 0.0967709, 0.413833, -0.402609
0.414, 0.0966367, 0.414167, -0.410662
0.414333, 0.0964998, 0.4145, -0.418704
0.414667, 0.0963603, 0.414833, -0.426734
0.415, 0.096218, 0.415167, -0.434752
0.415333, 0.0960731, 0.4155, -0.442758
0.415667, 0.0959255, 0.415833, -0.450752
0.416, 0.0957753, 0.416167, -0.458733
0.416333, 0.0956224, 0.4165, -0.466702
0.416667, 0.0954668, 0.416833, -0.474657
0.417, 0.0953086, 0.417167, -0.4826
0.417333, 0.0951477, 0.4175, -0.490529
0.417667, 0.0949842, 0.417833, -0.498444
0.418, 0.094818, 0.418167, -0.506345
0.418333, 0.0946493, 0.4185, -0.514233
0.418667, 0.0944778, 0.418833, -0.522106
0.419, 0.0943038, 0.419167, -0.529965
0.419333, 0.0941272, 0.4195, -0.537809
0.419667, 0.0939479, 0.419833, -0.545638
0.42, 0.093766, 0.420167, -0.553451
0.420333, 0.0935815, 0.4205, -0.56125
0.420667, 0.0933944, 0.420833, -0.569033
0.421, 0.0932048, 0.421167, -0.5768
0.421333, 0.0930125, 0.4215, -0.584551
0.421667, 0.0928176, 0.421833, -0.592286
0.422, 0.0926202, 0.422167, -0.600004
0.422333, 0.0924202, 0.4225, -0.607706
0.422667, 0.0922176, 0.422833, -0.61539
0.423, 0.0920125, 0.423167, -0.623058
0.423333, 0.0918048, 0.4235, -0.630709
0.423667, 0.0915946, 0.423833, -0.638341
0.424, 0.0913818, 0.424167, -0.645957
0.424333, 0.0911665, 0.4245, -0.653554
0.424667, 0.0909486, 0.424833, -0.661133
0.425, 0.0907283, 0.425167, -0.668694
0.425333, 0.0905054, 0.4255, -0.676236
0.425667, 0.09028, 0.425833, -0.683759
0.426, 0.090052, 0.426167, -0.691263
0.426333, 0.0898216, 0.4265, -0.698748
0.426667, 0.0895887, 0.426833, -0.706214
0.427, 0.0893533, 0.427167, -0.71366
0.427333, 0.0891154, 0.4275, -0.721087
0.427667, 0.088875, 0.427833, -0.728493
0.428, 0.0886322, 0.428167, -0.735879
0.428333, 0.0883869, 0.4285, -0.743244
0.428667, 0.0881392, 0.428833, -0.750589
0.429, 0.087889, 0.429167, -0.757913
0.429333, 0.0876363, 0.4295, -0.765217
0.429667, 0.0873813, 0.429833, -0.772498
0.43, 0.0871238, 0.430167, -0.779759
0.430333, 0.0868639, 0.4305, -0.786997
0.430667, 0.0866015, 0.430833, -0.794214
0.431, 0.0863368, 0.431167, -0.801409
0.431333, 0.0860696, 0.4315, -0.808581
0.431667, 0.0858001, 0.431833, -0.815731
0.432, 0.0855282, 0.432167, -0.822859
0.432333, 0.0852539, 0.4325, -0.829963
0.432667, 0.0849773, 0.432833, -0.837045
0.433, 0.0846983, 0.433167, -0.844103
0.433333, 0.0844169, 0.4335, -0.851137
0.433667, 0.0841332, 0.433833, -0.858149
0.434, 0.0838471, 0.434167, -0.865136
0.434333, 0.0835587, 0.4345, -0.872099
0.434667, 0.083268, 0.434833, -0.879038
0.435, 0.082975, 0.435167, -0.885953
0.435333, 0.0826797, 0.4355, -0.892843
0.435667, 0.0823821, 0.435833, -0.899708
0.436, 0.0820822, 0.436167, -0.906548
0.436333, 0.08178, 0.4365, -0.913363
0.436667, 0.0814756, 0.436833, -0.920153
0.437, 0.0811688, 0.437167, -0.926917
0.437333, 0.0808599, 0.4375, -0.933655
0.437667, 0.0805487, 0.437833, -0.940367
0.438, 0.0802352, 0.438167, -0.947054
0.438333, 0.0799195, 0.4385, -0.953714
0.438667, 0.0796016, 0.438833, -0.960347
0.439, 0.0792815, 0.439167, -0.966954
0.439333, 0.0789592, 0.4395, -0.973534
0.439667, 0.0786347, 0.439833, -0.980087
0.44, 0.078308, 0.440167, -0.986612
0.440333, 0.0779791, 0.4405, -0.993111
0.440667, 0.0776481, 0.440833, -0.999581
0.441, 0.0773149, 0.441167, -1.00602
0.441333, 0.0769795, 0.4415, -1.01244
0.441667, 0.076642, 0.441833, -1.01883
0.442, 0.0763024, 0.442167, -1.02518
0.442333, 0.0759607, 0.4425, -1.03151
0.442667, 0.0756169, 0.442833, -1.03782
0.443, 0.0752709, 0.443167, -1.04409
0.443333, 0.0749229, 0.4435, -1.05033
0.443667, 0.0745728, 0.443833, -1.05655
0.444, 0.0742206, 0.444167, -1.06273
0.444333, 0.0738664, 0.4445, -1.06889
0.444667, 0.0735101, 0.444833, -1.07501
0.445, 0.0731517, 0.445167, -1.08111
0.445333, 0.0727914, 0.4455, -1.08717
0.445667, 0.072429, 0.445833, -1.09321
0.446, 0.0720646, 0.446167, -1.09922
0.446333, 0.0716982, 0.4465, -1.10519
0.446667, 0.0713298, 0.446833, -1.11114
0.447, 0.0709594, 0.447167, -1.11705
0.447333, 0.070587, 0.4475, -1.12293
0.447667, 0.0702127, 0.447833, -1.12878
0.448, 0.0698365, 0.448167, -1.1346
0.448333, 0.0694583, 0.4485, -1.14039
0.448667, 0.0690781, 0.448833, -1.14615
0.449, 0.0686961, 0.449167, -1.15187
0.449333, 0.0683121, 0.4495, -1.15756
0.449667, 0.0679263, 0.449833, -1.16322
0.45, 0.0675385, 0.450167, -1.16885
0.450333, 0.0671489, 0.4505, -1.17445
0.450667, 0.0667574, 0.450833, -1.18001
0.451, 0.0663641, 0.451167, -1.18554
0.451333, 0.0659689, 0.4515, -1.19104
0.451667, 0.0655719, 0.451833, -1.1965
0.452, 0.0651731, 0.452167, -1.20193
0.452333, 0.0647724, 0.4525, -1.20733
0.452667, 0.06437, 0.452833, -1.2127
0.453, 0.0639657, 0.453167, -1.21803
0.453333, 0.0635597, 0.4535, -1.22332
0.453667, 0.063152, 0.453833, -1.22859
0.454, 0.0627424, 0.454167, -1.23381
0.454333, 0.0623312, 0.4545, -1.23901
0.454667, 0.0619182, 0.454833, -1.24417
0.455, 0.0615034, 0.455167, -1.24929
0.455333, 0.061087, 0.4555, -1.25438
0.455667, 0.0606689, 0.455833, -1.25944
0.456, 0.0602491, 0.456167, -1.26446
0.456333, 0.0598276, 0.4565, -1.26945
0.456667, 0.0594044, 0.456833, -1.2744
0.457, 0.0589796, 0.457167, -1.27931
0.457333, 0.0585532, 0.4575, -1.28419
0.457667, 0.0581251, 0.457833, -1.28903
0.458, 0.0576955, 0.458167, -1.29384
0.458333, 0.0572642, 0.4585, -1.29861
0.458667, 0.0568313, 0.458833, -1.30335
0.459, 0.0563968, 0.459167, -1.30805
0.459333, 0.0559608, 0.4595, -1.31271
0.459667, 0.0555233, 0.459833, -1.31734
0.46, 0.0550841, 0.460167, -1.32193
0.460333, 0.0546435, 0.4605, -1.32648
0.460667, 0.0542013, 0.460833, -1.331
0.461, 0.0537577, 0.461167, -1.33548
0.461333, 0.0533125, 0.4615, -1.33992
0.461667, 0.0528659, 0.461833, -1.34433
0.462, 0.0524178, 0.462167, -1.3487
0.462333, 0.0519682, 0.4625, -1.35303
0.462667, 0.0515172, 0.462833, -1.35732
0.463, 0.0510647, 0.463167, -1.36158
0.463333, 0.0506109, 0.4635, -1.36579
0.463667, 0.0501556, 0.463833, -1.36997
0.464, 0.049699, 0.464167, -1.37412
0.464333, 0.0492409, 0.4645, -1.37822
0.464667, 0.0487815, 0.464833, -1.38228
0.465, 0.0483208, 0.465167, -1.38631
0.465333, 0.0478587, 0.4655, -1.3903
0.465667, 0.0473952, 0.465833, -1.39425
0.466, 0.0469305, 0.466167, -1.39816
0.466333, 0.0464644, 0.4665, -1.40203
0.466667, 0.0459971, 0.466833, -1.40586
0.467, 0.0455285, 0.467167, -1.40966
0.467333, 0.0450586, 0.4675, -1.41341
0.467667, 0.0445874, 0.467833, -1.41713
0.468, 0.0441151, 0.468167, -1.42081
0.468333, 0.0436415, 0.4685, -1.42444
0.468667, 0.0431666, 0.468833, -1.42804
0.469, 0.0426906, 0.469167, -1.4316
0.469333, 0.0422134, 0.4695, -1.43512
0.469667, 0.0417351, 0.469833, -1.43859
0.47, 0.0412555, 0.470167, -1.44203
0.470333, 0.0407748, 0.4705, -1.44543
0.470667, 0.040293, 0.470833, -1.44879
0.471, 0.0398101, 0.471167, -1.4521
0.471333, 0.0393261, 0.4715, -1.45538
0.471667, 0.0388409, 0.471833, -1.45862
0.472, 0.0383547, 0.472167, -1.46181
0.472333, 0.0378675, 0.4725, -1.46497
0.472667, 0.0373791, 0.472833, -1.46808
0.473, 0.0368898, 0.473167, -1.47116
0.473333, 0.0363994, 0.4735, -1.47419
0.473667, 0.035908, 0.473833, -1.47718
0.474, 0.0354156, 0.474167, -1.48014
0.474333, 0.0349222, 0.4745, -1.48305
0.474667, 0.0344279, 0.474833, -1.48592
0.475, 0.0339326, 0.475167, -1.48874
0.475333, 0.0334363, 0.4755, -1.49153
0.475667, 0.0329391, 0.475833, -1.49427
0.476, 0.0324411, 0.476167, -1.49698
0.476333, 0.0319421, 0.4765, -1.49964
0.476667, 0.0314422, 0.476833, -1.50226
0.477, 0.0309414, 0.477167, -1.50484
0.477333, 0.0304398, 0.4775, -1.50737
0.477667, 0.0299374, 0.477833, -1.50987
0.478, 0.0294341, 0.478167, -1.51232
0.478333, 0.02893, 0.4785, -1.51473
0.478667, 0.0284251, 0.478833, -1.5171
0.479, 0.0279194, 0.479167, -1.51943
0.479333, 0.0274129, 0.4795, -1.52171
0.479667, 0.0269056, 0.479833, -1.52395
0.48, 0.0263977, 0.480167, -1.52615
0.480333, 0.0258889, 0.4805, -1.52831
0.480667, 0.0253795, 0.480833, -1.53043
0.481, 0.0248694, 0.481167, -1.5325
0.481333, 0.0243585, 0.4815, -1.53453
0.481667, 0.023847, 0.481833, -1.53652
0.482, 0.0233348, 0.482167, -1.53846
0.482333, 0.022822, 0.4825, -1.54036
0.482667, 0.0223086, 0.482833, -1.54222
0.483, 0.0217945, 0.483167, -1.54404
0.483333, 0.0212798, 0.4835, -1.54581
0.483667, 0.0207645, 0.483833, -1.54754
0.484, 0.0202487, 0.484167, -1.54923
0.484333, 0.0197323, 0.4845, -1.55087
0.484667, 0.0192153, 0.484833, -1.55248
0.485, 0.0186978, 0.485167, -1.55403
0.485333, 0.0181798, 0.4855, -1.55555
0.485667, 0.0176613, 0.485833, -1.55702
0.486, 0.0171423, 0.486167, -1.55845
0.486333, 0.0166228, 0.4865, -1.55983
0.486667, 0.0161029, 0.486833, -1.56118
0.487, 0.0155825, 0.487167, -1.56247
0.487333, 0.0150617, 0.4875, -1.56373
0.487667, 0.0145404, 0.487833, -1.56494
0.488, 0.0140188, 0.488167, -1.56611
0.488333, 0.0134967, 0.4885, -1.56723
0.488667, 0.0129743, 0.488833, -1.56832
0.489, 0.0124515, 0.489167, -1.56935
0.489333, 0.0119284, 0.4895, -1.57035
0.489667, 0.011405, 0.489833, -1.5713
0.49, 0.0108812, 0.490167, -1.5722
0.490333, 0.0103571, 0.4905, -1.57307
0.490667, 0.00983279, 0.490833, -1.57389
0.491, 0.00930816, 0.491167, -1.57466
0.491333, 0.00878327, 0.4915, -1.57539
0.491667, 0.00825814, 0.491833, -1.57608
0.492, 0.00773278, 0.492167, -1.57673
0.492333, 0.00720721, 0.4925, -1.57733
0.492667, 0.00668143, 0.492833, -1.57788
0.493, 0.00615547, 0.493167, -1.5784
0.493333, 0.00562934, 0.4935, -1.57887
0.493667, 0.00510305, 0.493833, -1.57929
0.494, 0.00457662, 0.494167, -1.57967
0.494333, 0.00405006, 0.4945, -1.58001
0.494667, 0.00352339, 0.494833, -1.5803
0.495, 0.00299662, 0.495167, -1.58055
0.495333, 0.00246977, 0.4955, -1.58076
0.495667, 0.00194285, 0.495833, -1.58092
0.496, 0.00141588, 0.496167, -1.58104
0.496333, 0.000888864, 0.4965, -1.58111
0.496667, 0.000361826, 0.496833, -1.58114
0.497, -0.000165222, 0.497167, -1.58113
0.497333, -0.000692265, 0.4975, -1.58107
0.497667, -0.00121929, 0.497833, -1.58097
0.498, -0.00174628, 0.498167, -1.58082
0.498333, -0.00227322, 0.4985, -1.58064
0.498667, -0.0028001, 0.498833, -1.5804
0.499, -0.0033269, 0.499167, -1.58012
0.499333, -0.00385361, 0.4995, -1.5798
0.499667, -0.00438021, 0.499833, -1.57944
0.5, -0.00490669, 0.500167, -1.57903
0.500333, -0.00543303, 0.5005, -1.57858
0.500667, -0.00595922, 0.500833, -1.57808
0.501, -0.00648525, 0.501167, -1.57754
0.501333, -0.0070111, 0.5015, -1.57696
0.501667, -0.00753675, 0.501833, -1.57633
0.502, -0.00806219, 0.502167, -1.57566
0.502333, -0.00858741, 0.5025, -1.57494
0.502667, -0.00911239, 0.502833, -1.57418
0.503, -0.00963712, 0.503167, -1.57338
0.503333, -0.0101616, 0.5035, -1.57253
0.503667, -0.0106858, 0.503833, -1.57164
0.504, -0.0112096, 0.504167, -1.57071
0.504333, -0.0117332, 0.5045, -1.56973
0.504667, -0.0122564, 0.504833, -1.56871
0.505, -0.0127793, 0.505167, -1.56764
0.505333, -0.0133019, 0.5055, -1.56653
0.505667, -0.0138241, 0.505833, -1.56538
0.506, -0.0143459, 0.506167, -1.56419
0.506333, -0.0148673, 0.5065, -1.56295
0.506667, -0.0153882, 0.506833, -1.56167
0.507, -0.0159088, 0.507167, -1.56034
0.507333, -0.0164289, 0.5075, -1.55897
0.507667, -0.0169486, 0.507833, -1.55756
0.508, -0.0174678, 0.508167, -1.5561
0.508333, -0.0179865, 0.5085, -1.5546
0.508667, -0.0185047, 0.508833, -1.55306
0.509, -0.0190223, 0.509167, -1.55148
0.509333, -0.0195395, 0.5095, -1.54985
0.509667, -0.0200561, 0.509833, -1.54818
0.51, -0.0205722, 0.510167, -1.54646
0.510333, -0.0210877, 0.5105, -1.5447
0.510667, -0.0216026, 0.510833, -1.5429
0.511, -0.0221169, 0.511167, -1.54106
0.511333, -0.0226306, 0.5115, -1.53918
0.511667, -0.0231436, 0.511833, -1.53725
0.512, -0.023656, 0.512167, -1.53528
0.512333, -0.0241678, 0.5125, -1.53326
0.512667, -0.0246789, 0.512833, -1.53121
0.513, -0.0251893, 0.513167, -1.52911
0.513333, -0.025699, 0.5135, -1.52696
0.513667, -0.026208, 0.513833, -1.52478
0.514, -0.0267162, 0.514167, -1.52255
0.514333, -0.0272237, 0.5145, -1.52029
0.514667, -0.0277305, 0.514833, -1.51797
0.515, -0.0282365, 0.515167, -1.51562
0.515333, -0.0287417, 0.5155, -1.51323
0.515667, -0.0292461, 0.515833, -1.51079
0.516, -0.0297497, 0.516167, -1.50831
0.516333, -0.0302525, 0.5165, -1.50579
0.516667, -0.0307544, 0.516833, -1.50323
0.517, -0.0312555, 0.517167, -1.50062
0.517333, -0.0317557, 0.5175, -1.49798
0.517667, -0.032255, 0.517833, -1.49529
0.518, -0.0327535, 0.518167, -1.49256
0.518333, -0.033251, 0.5185, -1.48979
0.518667, -0.0337476, 0.518833, -1.48697
0.519, -0.0342432, 0.519167, -1.48412
0.519333, -0.0347379, 0.5195, -1.48123
0.519667, -0.0352317, 0.519833, -1.47829
0.52, -0.0357244, 0.520167, -1.47531
0.520333, -0.0362162, 0.5205, -1.4723
0.520667, -0.036707, 0.520833, -1.46924
0.521, -0.0371967, 0.521167, -1.46614
0.521333, -0.0376854, 0.5215, -1.463
0.521667, -0.0381731, 0.521833, -1.45982
0.522, -0.0386597, 0.522167, -1.45659
0.522333, -0.0391452, 0.5225, -1.45333
0.522667, -0.0396297, 0.522833, -1.45003
0.523, -0.040113, 0.523167, -1.44669
0.523333, -0.0405952, 0.5235, -1.4433
0.523667, -0.0410763, 0.523833, -1.43988
0.524, -0.0415563, 0.524167, -1.43642
0.524333, -0.0420351, 0.5245, -1.43291
0.524667, -0.0425128, 0.524833, -1.42937
0.525, -0.0429892, 0.525167, -1.42579
0.525333, -0.0434645, 0.5255, -1.42217
0.525667, -0.0439385, 0.525833, -1.41851
0.526, -0.0444114, 0.526167, -1.4148
0.526333, -0.044883, 0.5265, -1.41106
0.526667, -0.0453533, 0.526833, -1.40728
0.527, -0.0458224, 0.527167, -1.40347
0.527333, -0.0462902, 0.5275, -1.39961
0.527667, -0.0467568, 0.527833, -1.39571
0.528, -0.047222, 0.528167, -1.39178
0.528333, -0.0476859, 0.5285, -1.3878
0.528667, -0.0481485, 0.528833, -1.38379
0.529, -0.0486098, 0.529167, -1.37974
0.529333, -0.0490697, 0.5295, -1.37565
0.529667, -0.0495283, 0.529833, -1.37152
0.53, -0.0499854, 0.530167, -1.36736
0.530333, -0.0504412, 0.5305, -1.36315
0.530667, -0.0508956, 0.530833, -1.35891
0.531, -0.0513486, 0.531167, -1.35463
0.531333, -0.0518001, 0.5315, -1.35032
0.531667, -0.0522502, 0.531833, -1.34596
0.532, -0.0526989, 0.532167, -1.34157
0.532333, -0.0531461, 0.5325, -1.33714
0.532667, -0.0535918, 0.532833, -1.33268
0.533, -0.054036, 0.533167, -1.32817
0.533333, -0.0544787, 0.5335, -1.32363
0.533667, -0.05492, 0.533833, -1.31906
0.534, -0.0553596, 0.534167, -1.31444
0.534333, -0.0557978, 0.5345, -1.30979
0.534667, -0.0562344, 0.534833, -1.30511
0.535, -0.0566694, 0.535167, -1.30039
0.535333, -0.0571029, 0.5355, -1.29563
0.535667, -0.0575348, 0.535833, -1.29083
0.536, -0.057965, 0.536167, -1.286
0.536333, -0.0583937, 0.5365, -1.28114
0.536667, -0.0588207, 0.536833, -1.27623
0.537, -0.0592462, 0.537167, -1.2713
0.537333, -0.0596699, 0.5375, -1.26632
0.537667, -0.060092, 0.537833, -1.26132
0.538, -0.0605125, 0.538167, -1.25627
0.538333, -0.0609312, 0.5385, -1.2512
0.538667, -0.0613483, 0.538833, -1.24608
0.539, -0.0617637, 0.539167, -1.24094
0.539333, -0.0621773, 0.5395, -1.23576
0.539667, -0.0625892, 0.539833, -1.23054
0.54, -0.0629994, 0.540167, -1.22529
0.540333, -0.0634078, 0.5405, -1.22001
0.540667, -0.0638145, 0.540833, -1.21469
0.541, -0.0642194, 0.541167, -1.20934
0.541333, -0.0646225, 0.5415, -1.20395
0.541667, -0.0650238, 0.541833, -1.19853
0.542, -0.0654233, 0.542167, -1.19308
0.542333, -0.065821, 0.5425, -1.1876
0.542667, -0.0662169, 0.542833, -1.18208
0.543, -0.0666109, 0.543167, -1.17653
0.543333, -0.0670031, 0.5435, -1.17094
0.543667, -0.0673934, 0.543833, -1.16533
0.544, -0.0677819, 0.544167, -1.15968
0.544333, -0.0681684, 0.5445, -1.154
0.544667, -0.0685531, 0.544833, -1.14829
0.545, -0.0689358, 0.545167, -1.14254
0.545333, -0.0693167, 0.5455, -1.13676
0.545667, -0.0696956, 0.545833, -1.13096
0.546, -0.0700726, 0.546167, -1.12512
0.546333, -0.0704476, 0.5465, -1.11925
0.546667, -0.0708207, 0.546833, -1.11334
0.547, -0.0711918, 0.547167, -1.10741
0.547333, -0.071561, 0.5475, -1.10145
0.547667, -0.0719281, 0.547833, -1.09545
0.548, -0.0722933, 0.548167, -1.08943
0.548333, -0.0726564, 0.5485, -1.08338
0.548667, -0.0730175, 0.548833, -1.07729
0.549, -0.0733766, 0.549167, -1.07118
0.549333, -0.0737337, 0.5495, -1.06503
0.549667, -0.0740887, 0.549833, -1.05886
0.55, -0.0744417, 0.550167, -1.05265
0.550333, -0.0747925, 0.5505, -1.04642
0.550667, -0.0751413, 0.550833, -1.04016
0.551, -0.0754881, 0.551167, -1.03387
0.551333, -0.0758327, 0.5515, -1.02755
0.551667, -0.0761752, 0.551833, -1.0212
0.552, -0.0765156, 0.552167, -1.01482
0.552333, -0.0768539, 0.5525, -1.00842
0.552667, -0.07719, 0.552833, -1.00199
0.553, -0.077524, 0.553167, -0.995528
0.553333, -0.0778559, 0.5535, -0.98904
0.553667, -0.0781855, 0.553833, -0.982524
0.554, -0.078513, 0.554167, -0.975981
0.554333, -0.0788384, 0.5545, -0.969412
0.554667, -0.0791615, 0.554833, -0.962815
0.555, -0.0794825, 0.555167, -0.956191
0.555333, -0.0798012, 0.5555, -0.949541
0.555667, -0.0801177, 0.555833, -0.942865
0.556, -0.080432, 0.556167, -0.936162
0.556333, -0.080744, 0.5565, -0.929433
0.556667, -0.0810538, 0.556833, -0.922679
0.557, -0.0813614, 0.557167, -0.915899
0.557333, -0.0816667, 0.5575, -0.909093
0.557667, -0.0819697, 0.557833, -0.902262
0.558, -0.0822705, 0.558167, -0.895406
0.558333, -0.082569, 0.5585, -0.888526
0.558667, -0.0828651, 0.558833, -0.88162
0.559, -0.083159, 0.559167, -0.87469
0.559333, -0.0834506, 0.5595, -0.867736
0.559667, -0.0837398, 0.559833, -0.860758
0.56, -0.0840267, 0.560167, -0.853756
0.560333, -0.0843113, 0.5605, -0.84673
0.560667, -0.0845936, 0.560833, -0.83968
0.561, -0.0848735, 0.561167, -0.832607
0.561333, -0.085151, 0.5615, -0.825511
0.561667, -0.0854262, 0.561833, -0.818393
0.562, -0.085699, 0.562167, -0.811251
0.562333, -0.0859694, 0.5625, -0.804087
0.562667, -0.0862374, 0.562833, -0.7969
0.563, -0.086503, 0.563167, -0.789692
0.563333, -0.0867663, 0.5635, -0.782461
0.563667, -0.0870271, 0.563833, -0.775209
0.564, -0.0872855, 0.564167, -0.767935
0.564333, -0.0875415, 0.5645, -0.76064
0.564667, -0.087795, 0.564833, -0.753324
0.565, -0.0880461, 0.565167, -0.745987
0.565333, -0.0882948, 0.5655, -0.738629
0.565667, -0.088541, 0.565833, -0.73125
0.566, -0.0887848, 0.566167, -0.723852
0.566333, -0.089026, 0.5665, -0.716433
0.566667, -0.0892648, 0.566833, -0.708994
0.567, -0.0895012, 0.567167, -0.701536
0.567333, -0.089735, 0.5675, -0.694058
0.567667, -0.0899664, 0.567833, -0.686561
0.568, -0.0901952, 0.568167, -0.679044
0.568333, -0.0904216, 0.5685, -0.671509
0.568667, -0.0906454, 0.568833, -0.663955
0.569, -0.0908667, 0.569167, -0.656383
0.569333, -0.0910855, 0.5695, -0.648793
0.569667, -0.0913018, 0.569833, -0.641184
0.57, -0.0915155, 0.570167, -0.633558
0.570333, -0.0917267, 0.5705, -0.625914
0.570667, -0.0919353, 0.570833, -0.618253
0.571, -0.0921414, 0.571167, -0.610574
0.571333, -0.092345, 0.5715, -0.602879
0.571667, -0.0925459, 0.571833, -0.595167
0.572, -0.0927443, 0.572167, -0.587438
0.572333, -0.0929401, 0.5725, -0.579693
0.572667, -0.0931333, 0.572833, -0.571932
0.573, -0.093324, 0.573167, -0.564155
0.573333, -0.093512, 0.5735, -0.556362
0.573667, -0.0936975, 0.573833, -0.548554
0.574, -0.0938803, 0.574167, -0.540731
0.574333, -0.0940606, 0.5745, -0.532892
0.574667, -0.0942382, 0.574833, -0.525039
0.575, -0.0944132, 0.575167, -0.517171
0.575333, -0.0945856, 0.5755, -0.509289
0.575667, -0.0947554, 0.575833, -0.501393
0.576, -0.0949225, 0.576167, -0.493483
0.576333, -0.095087, 0.5765, -0.485559
0.576667, -0.0952489, 0.576833, -0.477622
0.577, -0.0954081, 0.577167, -0.469671
0.577333, -0.0955646, 0.5775, -0.461707
0.577667, -0.0957185, 0.577833, -0.453731
0.578, -0.0958698, 0.578167, -0.445741
0.578333, -0.0960184, 0.5785, -0.43774
0.578667, -0.0961643, 0.578833, -0.429726
0.579, -0.0963075, 0.579167, -0.421701
0.579333, -0.0964481, 0.5795, -0.413663
0.579667, -0.096586, 0.579833, -0.405614
0.58, -0.0967212, 0.580167, -0.397554
0.580333, -0.0968537, 0.5805, -0.389483
0.580667, -0.0969835, 0.580833, -0.381401
0.581, -0.0971107, 0.581167, -0.373309
0.581333, -0.0972351, 0.5815, -0.365206
0.581667, -0.0973568, 0.581833, -0.357093
0.582, -0.0974759, 0.582167, -0.34897
0.582333, -0.0975922, 0.5825, -0.340837
0.582667, -0.0977058, 0.582833, -0.332695
0.583, -0.0978167, 0.583167, -0.324543
0.583333, -0.0979249, 0.5835, -0.316383
0.583667, -0.0980303, 0.583833, -0.308214
0.584, -0.0981331, 0.584167, -0.300036
0.584333, -0.0982331, 0.5845, -0.29185
0.584667, -0.0983304, 0.584833, -0.283656
0.585, -0.0984249, 0.585167, -0.275454
0.585333, -0.0985167, 0.5855, -0.267244
0.585667, -0.0986058, 0.585833, -0.259027
0.586, -0.0986922, 0.586167, -0.250803
0.586333, -0.0987758, 0.5865, -0.242571
0.586667, -0.0988566, 0.586833, -0.234333
0.587, -0.0989347, 0.587167, -0.226089
0.587333, -0.0990101, 0.5875, -0.217838
0.587667, -0.0990827, 0.587833, -0.209581
0.588, -0.0991526, 0.588167, -0.201318
0.588333, -0.0992197, 0.5885, -0.19305
0.588667, -0.099284, 0.588833, -0.184776
0.589, -0.0993456, 0.589167, -0.176497
0.589333, -0.0994044, 0.5895, -0.168214
0.589667, -0.0994605, 0.589833, -0.159925
0.59, -0.0995138, 0.590167, -0.151632
0.590333, -0.0995644, 0.5905, -0.143335
0.590667, -0.0996121, 0.590833, -0.135034
0.591, -0.0996572, 0.591167, -0.12673
0.591333, -0.0996994, 0.5915, -0.118421
0.591667, -0.0997389, 0.591833, -0.11011
0.592, -0.0997756, 0.592167, -0.101795
0.592333, -0.0998095, 0.5925, -0.0934777
0.592667, -0.0998407, 0.592833, -0.0851577
0.593, -0.0998691, 0.593167, -0.0768352
0.593333, -0.0998947, 0.5935, -0.0685107
0.593667, -0.0999175, 0.593833, -0.0601842
0.594, -0.0999376, 0.594167, -0.0518561
0.594333, -0.0999548, 0.5945, -0.0435265
0.594667, -0.0999694, 0.594833, -0.0351957
0.595, -0.0999811, 0.595167, -0.026864
0.595333, -0.09999, 0.5955, -0.0185315
0.595667, -0.0999962, 0.595833, -0.0101985
0.596, -0.0999996, 0.596167, -0.00186516
0.596333, -0.1, 0.5965, 0.00646819
0.596667, -0.0999981, 0.596833, 0.0148014
0.597, -0.0999932, 0.597167, 0.0231341
0.597333, -0.0999854, 0.5975, 0.0314663
0.597667, -0.099975, 0.597833, 0.0397975
0.598, -0.0999617, 0.598167, 0.0481276
0.598333, -0.0999456, 0.5985, 0.0564564
0.598667, -0.0999268, 0.598833, 0.0647837
0.599, -0.0999052, 0.599167, 0.0731091
0.599333, -0.0998809, 0.5995, 0.0814325
0.599667, -0.0998537, 0.599833, 0.0897537
0.6, -0.0998238, 0.600167, 0.0980723
0.600333, -0.0997911, 0.6005, 0.106388
0.600667, -0.0997556, 0.600833, 0.114701
0.601, -0.0997174, 0.601167, 0.123011
0.601333, -0.0996764, 0.6015, 0.131317
0.601667, -0.0996326, 0.601833, 0.13962
0.602, -0.0995861, 0.602167, 0.147919
0.602333, -0.0995368, 0.6025, 0.156214
0.602667, -0.0994847, 0.602833, 0.164504
0.603, -0.0994299, 0.603167, 0.17279
0.603333, -0.0993723, 0.6035, 0.181071
0.603667, -0.0993119, 0.603833, 0.189347
0.604, -0.0992488, 0.604167, 0.197618
0.604333, -0.0991829, 0.6045, 0.205883
0.604667, -0.0991143, 0.604833, 0.214142
0.605, -0.0990429, 0.605167, 0.222396
0.605333, -0.0989688, 0.6055, 0.230643
0.605667, -0.0988919, 0.605833, 0.238884
0.606, -0.0988123, 0.606167, 0.247119
0.606333, -0.0987299, 0.6065, 0.255346
0.606667, -0.0986448, 0.606833, 0.263567
0.607, -0.0985569, 0.607167, 0.27178
0.607333, -0.0984664, 0.6075, 0.279985
0.607667, -0.098373, 0.607833, 0.288183
0.608, -0.098277, 0.608167, 0.296373
0.608333, -0.0981782, 0.6085, 0.304554
0.608667, -0.0980767, 0.608833, 0.312727
0.609, -0.0979724, 0.609167, 0.320892
0.609333, -0.0978654, 0.6095, 0.329047
0.609667, -0.0977558, 0.609833, 0.337193
0.61, -0.0976434, 0.610167, 0.34533
0.610333, -0.0975283, 0.6105, 0.353458
0.610667, -0.0974104, 0.610833, 0.361575
0.611, -0.0972899, 0.611167, 0.369683
0.611333, -0.0971667, 0.6115, 0.37778
0.611667, -0.0970408, 0.611833, 0.385867
0.612, -0.0969121, 0.612167, 0.393943
0.612333, -0.0967808, 0.6125, 0.402008
0.612667, -0.0966468, 0.612833, 0.410062
0.613, -0.0965101, 0.613167, 0.418104
0.613333, -0.0963708, 0.6135, 0.426135
0.613667, -0.0962287, 0.613833, 0.434154
0.614, -0.096084, 0.614167, 0.442161
0.614333, -0.0959366, 0.6145, 0.450156
0.614667, -0.0957866, 0.614833, 0.458138
0.615, -0.0956339, 0.615167, 0.466108
0.615333, -0.0954785, 0.6155, 0.474064
0.615667, -0.0953205, 0.615833, 0.482007
0.616, -0.0951598, 0.616167, 0.489937
0.616333, -0.0949965, 0.6165, 0.497854
0.616667, -0.0948305, 0.616833, 0.505756
0.617, -0.0946619, 0.617167, 0.513645
0.617333, -0.0944907, 0.6175, 0.521519
0.617667, -0.0943169, 0.617833, 0.529379
0.618, -0.0941404, 0.618167, 0.537224
0.618333, -0.0939614, 0.6185, 0.545054
0.618667, -0.0937797, 0.618833, 0.552869
0.619, -0.0935954, 0.619167, 0.560669
0.619333, -0.0934085, 0.6195, 0.568453
0.619667, -0.093219, 0.619833, 0.576221
0.62, -0.0930269, 0.620167, 0.583973
0.620333, -0.0928323, 0.6205, 0.591709
0.620667, -0.092635, 0.620833, 0.599429
0.621, -0.0924352, 0.621167, 0.607132
0.621333, -0.0922329, 0.6215, 0.614818
0.621667, -0.0920279, 0.621833, 0.622487
0.622, -0.0918204, 0.622167, 0.630138
0.622333, -0.0916104, 0.6225, 0.637773
0.622667, -0.0913978, 0.622833, 0.645389
0.623, -0.0911826, 0.623167, 0.652988
0.623333, -0.090965, 0.6235, 0.660568
0.623667, -0.0907448, 0.623833, 0.66813
0.624, -0.0905221, 0.624167, 0.675674
0.624333, -0.0902969, 0.6245, 0.683198
0.624667, -0.0900691, 0.624833, 0.690704
0.625, -0.0898389, 0.625167, 0.698191
0.625333, -0.0896062, 0.6255, 0.705658
0.625667, -0.0893709, 0.625833, 0.713105
0.626, -0.0891332, 0.626167, 0.720533
0.626333, -0.0888931, 0.6265, 0.727941
0.626667, -0.0886504, 0.626833, 0.735329
0.627, -0.0884053, 0.627167, 0.742696
0.627333, -0.0881577, 0.6275, 0.750042
0.627667, -0.0879077, 0.627833, 0.757368
0.628, -0.0876553, 0.628167, 0.764672
0.628333, -0.0874004, 0.6285, 0.771956
0.628667, -0.0871431, 0.628833, 0.779218
0.629, -0.0868833, 0.629167, 0.786458
0.629333, -0.0866212, 0.6295, 0.793676
0.629667, -0.0863566, 0.629833, 0.800873
0.63, -0.0860897, 0.630167, 0.808047
0.630333, -0.0858203, 0.6305, 0.815199
0.630667, -0.0855486, 0.630833, 0.822328
0.631, -0.0852745, 0.631167, 0.829434
0.631333, -0.084998, 0.6315, 0.836517
0.631667, -0.0847191, 0.631833, 0.843577
0.632, -0.084438, 0.632167, 0.850613
0.632333, -0.0841544, 0.6325, 0.857626
0.632667, -0.0838685, 0.632833, 0.864615
0.633, -0.0835803, 0.633167, 0.87158
0.633333, -0.0832898, 0.6335, 0.878521
0.633667, -0.082997, 0.633833, 0.885438
0.634, -0.0827018, 0.634167, 0.892329
0.634333, -0.0824044, 0.6345, 0.899196
0.634667, -0.0821046, 0.634833, 0.906039
0.635, -0.0818026, 0.635167, 0.912855
0.635333, -0.0814984, 0.6355, 0.919647
0.635667, -0.0811918, 0.635833, 0.926413
0.636, -0.080883, 0.636167, 0.933153
0.636333, -0.0805719, 0.6365, 0.939867
0.636667, -0.0802587, 0.636833, 0.946556
0.637, -0.0799431, 0.637167, 0.953218
0.637333, -0.0796254, 0.6375, 0.959853
0.637667, -0.0793054, 0.637833, 0.966462
0.638, -0.0789833, 0.638167, 0.973044
0.638333, -0.0786589, 0.6385, 0.979599
0.638667, -0.0783324, 0.638833, 0.986126
0.639, -0.0780037, 0.639167, 0.992627
0.639333, -0.0776728, 0.6395, 0.999099
0.639667, -0.0773398, 0.639833, 1.00554
0.64, -0.0770046, 0.640167, 1.01196
0.640333, -0.0766673, 0.6405, 1.01835
0.640667, -0.0763278, 0.640833, 1.02471
0.641, -0.0759863, 0.641167, 1.03104
0.641333, -0.0756426, 0.6415, 1.03735
0.641667, -0.0752968, 0.641833, 1.04362
0.642, -0.0749489, 0.642167, 1.04987
0.642333, -0.074599, 0.6425, 1.05608
0.642667, -0.074247, 0.642833, 1.06227
0.643, -0.0738929, 0.643167, 1.06843
0.643333, -0.0735367, 0.6435, 1.07456
0.643667, -0.0731785, 0.643833, 1.08066
0.644, -0.0728183, 0.644167, 1.08672
0.644333, -0.0724561, 0.6445, 1.09276
0.644667, -0.0720918, 0.644833, 1.09877
0.645, -0.0717256, 0.645167, 1.10475
0.645333, -0.0713573, 0.6455, 1.11069
0.645667, -0.0709871, 0.645833, 1.11661
0.646, -0.0706149, 0.646167, 1.12249
0.646333, -0.0702407, 0.6465, 1.12835
0.646667, -0.0698646, 0.646833, 1.13417
0.647, -0.0694865, 0.647167, 1.13996
0.647333, -0.0691066, 0.6475, 1.14572
0.647667, -0.0687247, 0.647833, 1.15144
0.648, -0.0683408, 0.648167, 1.15714
0.648333, -0.0679551, 0.6485, 1.1628
0.648667, -0.0675675, 0.648833, 1.16843
0.649, -0.067178, 0.649167, 1.17403
0.649333, -0.0667867, 0.6495, 1.1796
0.649667, -0.0663935, 0.649833, 1.18513
0.65, -0.0659985, 0.650167, 1.19063
0.650333, -0.0656016, 0.6505, 1.1961
0.650667, -0.0652029, 0.650833, 1.20153
0.651, -0.0648024, 0.651167, 1.20693
0.651333, -0.0644001, 0.6515, 1.2123
0.651667, -0.063996, 0.651833, 1.21763
0.652, -0.0635901, 0.652167, 1.22293
0.652333, -0.0631824, 0.6525, 1.22819
0.652667, -0.062773, 0.652833, 1.23343
0.653, -0.0623619, 0.653167, 1.23862
0.653333, -0.061949, 0.6535, 1.24378
0.653667, -0.0615344, 0.653833, 1.24891
0.654, -0.0611181, 0.654167, 1.25401
0.654333, -0.0607001, 0.6545, 1.25906
0.654667, -0.0602804, 0.654833, 1.26409
0.655, -0.0598591, 0.655167, 1.26908
0.655333, -0.0594361, 0.6555, 1.27403
0.655667, -0.0590114, 0.655833, 1.27895
0.656, -0.0585851, 0.656167, 1.28383
0.656333, -0.0581571, 0.6565, 1.28867
0.656667, -0.0577276, 0.656833, 1.29349
0.657, -0.0572964, 0.657167, 1.29826
0.657333, -0.0568636, 0.6575, 1.303
0.657667, -0.0564293, 0.657833, 1.3077
0.658, -0.0559934, 0.658167, 1.31237
0.658333, -0.055556, 0.6585, 1.317
0.658667, -0.055117, 0.658833, 1.32159
0.659, -0.0546764, 0.659167, 1.32615
0.659333, -0.0542344, 0.6595, 1.33067
0.659667, -0.0537908, 0.659833, 1.33515
0.66, -0.0533458, 0.660167, 1.33959
0.660333, -0.0528992, 0.6605, 1.344
0.660667, -0.0524512, 0.660833, 1.34837
0.661, -0.0520018, 0.661167, 1.35271
0.661333, -0.0515509, 0.6615, 1.357
0.661667, -0.0510986, 0.661833, 1.36126
0.662, -0.0506448, 0.662167, 1.36548
0.662333, -0.0501896, 0.6625, 1.36966
0.662667, -0.0497331, 0.662833, 1.37381
0.663, -0.0492751, 0.663167, 1.37791
0.663333, -0.0488158, 0.6635, 1.38198
0.663667, -0.0483552, 0.663833, 1.38601
0.664, -0.0478932, 0.664167, 1.39
0.664333, -0.0474298, 0.6645, 1.39396
0.664667, -0.0469652, 0.664833, 1.39787
0.665, -0.0464992, 0.665167, 1.40174
0.665333, -0.046032, 0.6655, 1.40558
0.665667, -0.0455635, 0.665833, 1.40938
0.666, -0.0450937, 0.666167, 1.41314
0.666333, -0.0446226, 0.6665, 1.41685
0.666667, -0.0441503, 0.666833, 1.42053
0.667, -0.0436768, 0.667167, 1.42417
0.667333, -0.0432021, 0.6675, 1.42777
0.667667, -0.0427262, 0.667833, 1.43133
0.668, -0.0422491, 0.668167, 1.43485
0.668333, -0.0417708, 0.6685, 1.43833
0.668667, -0.0412913, 0.668833, 1.44178
0.669, -0.0408107, 0.669167, 1.44518
0.669333, -0.040329, 0.6695, 1.44854
0.669667, -0.0398462, 0.669833, 1.45186
0.67, -0.0393622, 0.670167, 1.45514
0.670333, -0.0388772, 0.6705, 1.45838
0.670667, -0.038391, 0.670833, 1.46158
0.671, -0.0379039, 0.671167, 1.46474
0.671333, -0.0374156, 0.6715, 1.46785
0.671667, -0.0369263, 0.671833, 1.47093
0.672, -0.036436, 0.672167, 1.47397
0.672333, -0.0359447, 0.6725, 1.47696
0.672667, -0.0354524, 0.672833, 1.47992
0.673, -0.0349591, 0.673167, 1.48283
0.673333, -0.0344648, 0.6735, 1.4857
0.673667, -0.0339696, 0.673833, 1.48853
0.674, -0.0334734, 0.674167, 1.49132
0.674333, -0.0329763, 0.6745, 1.49407
0.674667, -0.0324782, 0.674833, 1.49678
0.675, -0.0319793, 0.675167, 1.49944
0.675333, -0.0314795, 0.6755, 1.50207
0.675667, -0.0309788, 0.675833, 1.50465
0.676, -0.0304773, 0.676167, 1.50719
0.676333, -0.0299749, 0.6765, 1.50968
0.676667, -0.0294716, 0.676833, 1.51214
0.677, -0.0289676, 0.677167, 1.51455
0.677333, -0.0284627, 0.6775, 1.51693
0.677667, -0.0279571, 0.677833, 1.51926
0.678, -0.0274507, 0.678167, 1.52154
0.678333, -0.0269435, 0.6785, 1.52379
0.678667, -0.0264356, 0.678833, 1.52599
0.679, -0.0259269, 0.679167, 1.52815
0.679333, -0.0254175, 0.6795, 1.53027
0.679667, -0.0249074, 0.679833, 1.53235
0.68, -0.0243967, 0.680167, 1.53438
0.680333, -0.0238852, 0.6805, 1.53637
0.680667, -0.0233731, 0.680833, 1.53832
0.681, -0.0228603, 0.681167, 1.54022
0.681333, -0.0223469, 0.6815, 1.54208
0.681667, -0.0218329, 0.681833, 1.5439
0.682, -0.0213182, 0.682167, 1.54568
0.682333, -0.020803, 0.6825, 1.54741
0.682667, -0.0202872, 0.682833, 1.54911
0.683, -0.0197708, 0.683167, 1.55075
0.683333, -0.0192539, 0.6835, 1.55236
0.683667, -0.0187365, 0.683833, 1.55392
0.684, -0.0182185, 0.684167, 1.55544
0.684333, -0.0177, 0.6845, 1.55691
0.684667, -0.017181, 0.684833, 1.55834
0.685, -0.0166616, 0.685167, 1.55973
0.685333, -0.0161417, 0.6855, 1.56108
0.685667, -0.0156213, 0.685833, 1.56238
0.686, -0.0151005, 0.686167, 1.56364
0.686333, -0.0145793, 0.6865, 1.56485
0.686667, -0.0140577, 0.686833, 1.56602
0.687, -0.0135357, 0.687167, 1.56715
0.687333, -0.0130133, 0.6875, 1.56824
0.687667, -0.0124906, 0.687833, 1.56928
0.688, -0.0119675, 0.688167, 1.57027
0.688333, -0.011444, 0.6885, 1.57123
0.688667, -0.0109203, 0.688833, 1.57214
0.689, -0.0103963, 0.689167, 1.573
0.689333, -0.00987192, 0.6895, 1.57383
0.689667, -0.00934731, 0.689833, 1.57461
0.69, -0.00882244, 0.690167, 1.57534
0.690333, -0.00829733, 0.6905, 1.57603
0.690667, -0.00777198, 0.690833, 1.57668
0.691, -0.00724642, 0.691167, 1.57728
0.691333, -0.00672066, 0.6915, 1.57784
0.691667, -0.00619471, 0.691833, 1.57836
0.692, -0.00566859, 0.692167, 1.57883
0.692333, -0.00514232, 0.6925, 1.57926
0.692667, -0.0046159, 0.692833, 1.57965
0.693, -0.00408935, 0.693167, 1.57999
0.693333, -0.00356269, 0.6935, 1.58028
0.693667, -0.00303592, 0.693833, 1.58054
0.694, -0.00250908, 0.694167, 1.58075
0.694333, -0.00198216, 0.6945, 1.58091
0.694667, -0.00145519, 0.694833, 1.58103
0.695, -0.000928183, 0.695167, 1.58111
0.695333, -0.000401147, 0.6955, 1.58114
0.695667, 0.000125901, 0.695833, 1.58113
0.696, 0.000652945, 0.696167, 1.58108
0.696333, 0.00117997, 0.6965, 1.58098
0.696667, 0.00170696, 0.696833, 1.58084
0.697, 0.00223391, 0.697167, 1.58065
0.697333, 0.00276079, 0.6975, 1.58042
0.697667, 0.0032876, 0.697833, 1.58015
0.698, 0.00381432, 0.698167, 1.57983
0.698333, 0.00434093, 0.6985, 1.57947
0.698667, 0.00486742, 0.698833, 1.57906
0.699, 0.00539377, 0.699167, 1.57861
0.699333, 0.00591997, 0.6995, 1.57812
0.699667, 0.00644601, 0.699833, 1.57758
0.7, 0.00697187, 0.700167, 1.577
0.700333, 0.00749754, 0.7005, 1.57638
0.700667, 0.008023, 0.700833, 1.57571
0.701, 0.00854824, 0.701167, 1.575
0.701333, 0.00907323, 0.7015, 1.57424
0.701667, 0.00959798, 0.701833, 1.57344
0.702, 0.0101225, 0.702167, 1.5726
0.702333, 0.0106467, 0.7025, 1.57171
0.702667, 0.0111706, 0.702833, 1.57078
0.703, 0.0116942, 0.703167, 1.5698
0.703333, 0.0122174, 0.7035, 1.56879
0.703667, 0.0127403, 0.703833, 1.56772
0.704, 0.0132629, 0.704167, 1.56662
0.704333, 0.0137851, 0.7045, 1.56547
0.704667, 0.014307, 0.704833, 1.56428
0.705, 0.0148284, 0.705167, 1.56304
0.705333, 0.0153494, 0.7055, 1.56176
0.705667, 0.01587, 0.705833, 1.56044
0.706, 0.0163901, 0.706167, 1.55907
0.706333, 0.0169098, 0.7065, 1.55766
0.706667, 0.017429, 0.706833, 1.55621
0.707, 0.0179478, 0.707167, 1.55472
0.707333, 0.018466, 0.7075, 1.55318
0.707667, 0.0189837, 0.707833, 1.5516
0.708, 0.0195009, 0.708167, 1.54997
0.708333, 0.0200176, 0.7085, 1.5483
0.708667, 0.0205337, 0.708833, 1.54659
0.709, 0.0210492, 0.709167, 1.54484
0.709333, 0.0215642, 0.7095, 1.54304
0.709667, 0.0220785, 0.709833, 1.5412
0.71, 0.0225923, 0.710167, 1.53932
0.710333, 0.0231054, 0.7105, 1.53739
0.710667, 0.0236178, 0.710833, 1.53542
0.711, 0.0241296, 0.711167, 1.53341
0.711333, 0.0246408, 0.7115, 1.53136
0.711667, 0.0251512, 0.711833, 1.52926
0.712, 0.025661, 0.712167, 1.52713
0.712333, 0.02617, 0.7125, 1.52494
0.712667, 0.0266783, 0.712833, 1.52272
0.713, 0.0271859, 0.713167, 1.52046
0.713333, 0.0276927, 0.7135, 1.51815
0.713667, 0.0281988, 0.713833, 1.5158
0.714, 0.028704, 0.714167, 1.51341
0.714333, 0.0292085, 0.7145, 1.51097
0.714667, 0.0297122, 0.714833, 1.5085
0.715, 0.030215, 0.715167, 1.50598
0.715333, 0.030717, 0.7155, 1.50342
0.715667, 0.0312181, 0.715833, 1.50082
0.716, 0.0317184, 0.716167, 1.49817
0.716333, 0.0322178, 0.7165, 1.49549
0.716667, 0.0327163, 0.716833, 1.49276
0.717, 0.0332139, 0.717167, 1.49
0.717333, 0.0337105, 0.7175, 1.48719
0.717667, 0.0342063, 0.717833, 1.48434
0.718, 0.0347011, 0.718167, 1.48144
0.718333, 0.0351949, 0.7185, 1.47851
0.718667, 0.0356877, 0.718833, 1.47554
0.719, 0.0361796, 0.719167, 1.47252
0.719333, 0.0366704, 0.7195, 1.46947
0.719667, 0.0371602, 0.719833, 1.46637
0.72, 0.037649, 0.720167, 1.46323
0.720333, 0.0381367, 0.7205, 1.46005
0.720667, 0.0386234, 0.720833, 1.45684
0.721, 0.039109, 0.721167, 1.45358
0.721333, 0.0395936, 0.7215, 1.45028
0.721667, 0.040077, 0.721833, 1.44694
0.722, 0.0405593, 0.722167, 1.44356
0.722333, 0.0410405, 0.7225, 1.44014
0.722667, 0.0415205, 0.722833, 1.43668
0.723, 0.0419994, 0.723167, 1.43318
0.723333, 0.0424772, 0.7235, 1.42964
0.723667, 0.0429537, 0.723833, 1.42606
0.724, 0.0434291, 0.724167, 1.42244
0.724333, 0.0439032, 0.7245, 1.41878
0.724667, 0.0443761, 0.724833, 1.41508
0.725, 0.0448478, 0.725167, 1.41134
0.725333, 0.0453183, 0.7255, 1.40757
0.725667, 0.0457875, 0.725833, 1.40375
0.726, 0.0462554, 0.726167, 1.3999
0.726333, 0.046722, 0.7265, 1.396
0.726667, 0.0471873, 0.726833, 1.39207
0.727, 0.0476514, 0.727167, 1.3881
0.727333, 0.0481141, 0.7275, 1.38409
0.727667, 0.0485754, 0.727833, 1.38004
0.728, 0.0490354, 0.728167, 1.37596
0.728333, 0.0494941, 0.7285, 1.37183
0.728667, 0.0499514, 0.728833, 1.36767
0.729, 0.0504073, 0.729167, 1.36347
0.729333, 0.0508618, 0.7295, 1.35923
0.729667, 0.0513148, 0.729833, 1.35495
0.73, 0.0517665, 0.730167, 1.35064
0.730333, 0.0522167, 0.7305, 1.34629
0.730667, 0.0526655, 0.730833, 1.3419
0.731, 0.0531128, 0.731167, 1.33747
0.731333, 0.0535586, 0.7315, 1.33301
0.731667, 0.0540029, 0.731833, 1.32851
0.732, 0.0544458, 0.732167, 1.32397
0.732333, 0.0548871, 0.7325, 1.3194
0.732667, 0.0553269, 0.732833, 1.31479
0.733, 0.0557652, 0.733167, 1.31014
0.733333, 0.0562019, 0.7335, 1.30546
0.733667, 0.056637, 0.733833, 1.30074
0.734, 0.0570706, 0.734167, 1.29598
0.734333, 0.0575026, 0.7345, 1.29119
0.734667, 0.057933, 0.734833, 1.28636
0.735, 0.0583618, 0.735167, 1.2815
0.735333, 0.0587889, 0.7355, 1.2766
0.735667, 0.0592145, 0.735833, 1.27167
0.736, 0.0596384, 0.736167, 1.2667
0.736333, 0.0600606, 0.7365, 1.26169
0.736667, 0.0604812, 0.736833, 1.25665
0.737, 0.0609, 0.737167, 1.25158
0.737333, 0.0613172, 0.7375, 1.24647
0.737667, 0.0617327, 0.737833, 1.24132
0.738, 0.0621465, 0.738167, 1.23614
0.738333, 0.0625586, 0.7385, 1.23093
0.738667, 0.0629689, 0.738833, 1.22568
0.739, 0.0633774, 0.739167, 1.2204
0.739333, 0.0637842, 0.7395, 1.21509
0.739667, 0.0641893, 0.739833, 1.20974
0.74, 0.0645925, 0.740167, 1.20435
0.740333, 0.0649939, 0.7405, 1.19894
0.740667, 0.0653936, 0.740833, 1.19349
0.741, 0.0657914, 0.741167, 1.18801
0.741333, 0.0661874, 0.7415, 1.18249
0.741667, 0.0665816, 0.741833, 1.17694
0.742, 0.0669739, 0.742167, 1.17136
0.742333, 0.0673644, 0.7425, 1.16575
0.742667, 0.0677529, 0.742833, 1.1601
0.743, 0.0681396, 0.743167, 1.15442
0.743333, 0.0685244, 0.7435, 1.14871
0.743667, 0.0689074, 0.743833, 1.14297
0.744, 0.0692883, 0.744167, 1.1372
0.744333, 0.0696674, 0.7445, 1.13139
0.744667, 0.0700445, 0.744833, 1.12555
0.745, 0.0704197, 0.745167, 1.11969
0.745333, 0.070793, 0.7455, 1.11379
0.745667, 0.0711642, 0.745833, 1.10786
0.746, 0.0715335, 0.746167, 1.10189
0.746333, 0.0719008, 0.7465, 1.0959
0.746667, 0.0722661, 0.746833, 1.08988
0.747, 0.0726294, 0.747167, 1.08383
0.747333, 0.0729907, 0.7475, 1.07775
0.747667, 0.0733499, 0.747833, 1.07163
0.748, 0.0737071, 0.748167, 1.06549
0.748333, 0.0740623, 0.7485, 1.05932
0.748667, 0.0744154, 0.748833, 1.05312
0.749, 0.0747664, 0.749167, 1.04689
0.749333, 0.0751154, 0.7495, 1.04063
0.749667, 0.0754623, 0.749833, 1.03434
0.75, 0.0758071, 0.750167, 1.02802
0.750333, 0.0761497, 0.7505, 1.02168
0.750667, 0.0764903, 0.750833, 1.0153
0.751, 0.0768287, 0.751167, 1.0089
0.751333, 0.077165, 0.7515, 1.00247
0.751667, 0.0774992, 0.751833, 0.996011
0.752, 0.0778312, 0.752167, 0.989525
0.752333, 0.078161, 0.7525, 0.983011
0.752667, 0.0784887, 0.752833, 0.97647
0.753, 0.0788142, 0.753167, 0.969903
0.753333, 0.0791375, 0.7535, 0.963308
0.753667, 0.0794586, 0.753833, 0.956686
0.754, 0.0797775, 0.754167, 0.950038
0.754333, 0.0800942, 0.7545, 0.943364
0.754667, 0.0804086, 0.754833, 0.936663
0.755, 0.0807208, 0.755167, 0.929936
0.755333, 0.0810308, 0.7555, 0.923184
0.755667, 0.0813385, 0.755833, 0.916405
0.756, 0.081644, 0.756167, 0.909602
0.756333, 0.0819472, 0.7565, 0.902773
0.756667, 0.0822481, 0.756833, 0.895919
0.757, 0.0825468, 0.757167, 0.88904
0.757333, 0.0828431, 0.7575, 0.882136
0.757667, 0.0831372, 0.757833, 0.875208
0.758, 0.0834289, 0.758167, 0.868256
0.758333, 0.0837183, 0.7585, 0.861279
0.758667, 0.0840054, 0.758833, 0.854279
0.759, 0.0842902, 0.759167, 0.847255
0.759333, 0.0845726, 0.7595, 0.840207
0.759667, 0.0848527, 0.759833, 0.833136
0.76, 0.0851304, 0.760167, 0.826042
0.760333, 0.0854057, 0.7605, 0.818925
0.760667, 0.0856787, 0.760833, 0.811785
0.761, 0.0859493, 0.761167, 0.804622
0.761333, 0.0862175, 0.7615, 0.797437
0.761667, 0.0864833, 0.761833, 0.79023
0.762, 0.0867467, 0.762167, 0.783002
0.762333, 0.0870077, 0.7625, 0.775751
0.762667, 0.0872663, 0.762833, 0.768479
0.763, 0.0875225, 0.763167, 0.761185
0.763333, 0.0877762, 0.7635, 0.753871
0.763667, 0.0880275, 0.763833, 0.746535
0.764, 0.0882763, 0.764167, 0.739179
0.764333, 0.0885227, 0.7645, 0.731802
0.764667, 0.0887667, 0.764833, 0.724404
0.765, 0.0890081, 0.765167, 0.716987
0.765333, 0.0892471, 0.7655, 0.70955
0.765667, 0.0894836, 0.765833, 0.702093
0.766, 0.0897177, 0.766167, 0.694616
0.766333, 0.0899492, 0.7665, 0.687121
0.766667, 0.0901782, 0.766833, 0.679606
0.767, 0.0904048, 0.767167, 0.672072
0.767333, 0.0906288, 0.7675, 0.66452
0.767667, 0.0908503, 0.767833, 0.656949
0.768, 0.0910693, 0.768167, 0.64936
0.768333, 0.0912857, 0.7685, 0.641753
0.768667, 0.0914997, 0.768833, 0.634128
0.769, 0.091711, 0.769167, 0.626485
0.769333, 0.0919199, 0.7695, 0.618825
0.769667, 0.0921261, 0.769833, 0.611148
0.77, 0.0923299, 0.770167, 0.603454
0.770333, 0.092531, 0.7705, 0.595743
0.770667, 0.0927296, 0.770833, 0.588015
0.771, 0.0929256, 0.771167, 0.580271
0.771333, 0.093119, 0.7715, 0.572512
0.771667, 0.0933099, 0.771833, 0.564736
0.772, 0.0934981, 0.772167, 0.556944
0.772333, 0.0936837, 0.7725, 0.549137
0.772667, 0.0938668, 0.772833, 0.541315
0.773, 0.0940472, 0.773167, 0.533478
0.773333, 0.0942251, 0.7735, 0.525626
0.773667, 0.0944003, 0.773833, 0.517759
0.774, 0.0945729, 0.774167, 0.509878
0.774333, 0.0947428, 0.7745, 0.501983
0.774667, 0.0949101, 0.774833, 0.494073
0.775, 0.0950748, 0.775167, 0.486151
0.775333, 0.0952369, 0.7755, 0.478214
0.775667, 0.0953963, 0.775833, 0.470264
0.776, 0.095553, 0.776167, 0.462302
0.776333, 0.0957071, 0.7765, 0.454326
0.776667, 0.0958586, 0.776833, 0.446338
0.777, 0.0960074, 0.777167, 0.438337
0.777333, 0.0961535, 0.7775, 0.430324
0.777667, 0.0962969, 0.777833, 0.4223
0.778, 0.0964377, 0.778167, 0.414263
0.778333, 0.0965758, 0.7785, 0.406215
0.778667, 0.0967112, 0.778833, 0.398156
0.779, 0.0968439, 0.779167, 0.390086
0.779333, 0.0969739, 0.7795, 0.382005
0.779667, 0.0971013, 0.779833, 0.373913
0.78, 0.0972259, 0.780167, 0.365811
0.780333, 0.0973478, 0.7805, 0.357698
0.780667, 0.0974671, 0.780833, 0.349576
0.781, 0.0975836, 0.781167, 0.341444
0.781333, 0.0976974, 0.7815, 0.333303
0.781667, 0.0978085, 0.781833, 0.325152
0.782, 0.0979169, 0.782167, 0.316992
0.782333, 0.0980226, 0.7825, 0.308824
0.782667, 0.0981255, 0.782833, 0.300646
0.783, 0.0982257, 0.783167, 0.292461
0.783333, 0.0983232, 0.7835, 0.284267
0.783667, 0.098418, 0.783833, 0.276066
0.784, 0.09851, 0.784167, 0.267857
0.784333, 0.0985993, 0.7845, 0.25964
0.784667, 0.0986858, 0.784833, 0.251416
0.785, 0.0987696, 0.785167, 0.243186
0.785333, 0.0988507, 0.7855, 0.234948
0.785667, 0.098929, 0.785833, 0.226704
0.786, 0.0990046, 0.786167, 0.218454
0.786333, 0.0990774, 0.7865, 0.210197
0.786667, 0.0991474, 0.786833, 0.201935
0.787, 0.0992148, 0.787167, 0.193667
0.787333, 0.0992793, 0.7875, 0.185394
0.787667, 0.0993411, 0.787833, 0.177115
0.788, 0.0994001, 0.788167, 0.168832
0.788333, 0.0994564, 0.7885, 0.160544
0.788667, 0.0995099, 0.788833, 0.152251
0.789, 0.0995607, 0.789167, 0.143955
0.789333, 0.0996087, 0.7895, 0.135654
0.789667, 0.0996539, 0.789833, 0.127349
0.79, 0.0996963, 0.790167, 0.119041
0.790333, 0.099736, 0.7905, 0.11073
0.790667, 0.0997729, 0.790833, 0.102416
0.791, 0.0998071, 0.791167, 0.0940983
0.791333, 0.0998384, 0.7915, 0.0857785
0.791667, 0.099867, 0.791833, 0.0774562
0.792, 0.0998928, 0.792167, 0.0691318
0.792333, 0.0999159, 0.7925, 0.0608055
0.792667, 0.0999362, 0.792833, 0.0524775
0.793, 0.0999537, 0.793167, 0.044148
0.793333, 0.0999684, 0.7935, 0.0358173
0.793667, 0.0999803, 0.793833, 0.0274856
0.794, 0.0999895, 0.794167, 0.0191532
0.794333, 0.0999959, 0.7945, 0.0108202
0.794667, 0.0999995, 0.794833, 0.00248688
0.795, 0.1, 0.795167, -0.00584648
0.795333, 0.0999983, 0.7955, -0.0141797
0.795667, 0.0999936, 0.795833, -0.0225125
0.796, 0.0999861, 0.796167, -0.0308447
0.796333, 0.0999758, 0.7965, -0.039176
0.796667, 0.0999628, 0.796833, -0.0475062
0.797, 0.0999469, 0.797167, -0.0558351
0.797333, 0.0999283, 0.7975, -0.0641625
0.797667, 0.0999069, 0.797833, -0.0724881
0.798, 0.0998828, 0.798167, -0.0808116
0.798333, 0.0998558, 0.7985, -0.0891329
0.798667, 0.0998261, 0.798833, -0.0974518
0.799, 0.0997936, 0.799167, -0.105768
0.799333, 0.0997584, 0.7995, -0.114081
0.799667, 0.0997204, 0.799833, -0.122391
0.8, 0.0996796, 0.800167, -0.130698
0.800333, 0.099636, 0.8005, -0.139001
0.800667, 0.0995897, 0.800833, -0.1473
0.801, 0.0995406, 0.801167, -0.155595
0.801333, 0.0994887, 0.8015, -0.163886
0.801667, 0.0994341, 0.801833, -0.172172
0.802, 0.0993767, 0.802167, -0.180453
0.802333, 0.0993165, 0.8025, -0.18873
0.802667, 0.0992536, 0.802833, -0.197001
0.803, 0.099188, 0.803167, -0.205266
0.803333, 0.0991195, 0.8035, -0.213526
0.803667, 0.0990484, 0.803833, -0.22178
0.804, 0.0989744, 0.804167, -0.230028
0.804333, 0.0988977, 0.8045, -0.23827
0.804667, 0.0988183, 0.804833, -0.246505
0.805, 0.0987362, 0.805167, -0.254733
0.805333, 0.0986512, 0.8055, -0.262954
0.805667, 0.0985636, 0.805833, -0.271167
0.806, 0.0984732, 0.806167, -0.279373
0.806333, 0.0983801, 0.8065, -0.287572
0.806667, 0.0982842, 0.806833, -0.295762
0.807, 0.0981856, 0.807167, -0.303944
0.807333, 0.0980843, 0.8075, -0.312118
0.807667, 0.0979803, 0.807833, -0.320283
0.808, 0.0978735, 0.808167, -0.328439
0.808333, 0.097764, 0.8085, -0.336586
0.808667, 0.0976518, 0.808833, -0.344724
0.809, 0.0975369, 0.809167, -0.352852
0.809333, 0.0974193, 0.8095, -0.36097
0.809667, 0.097299, 0.809833, -0.369078
0.81, 0.097176, 0.810167, -0.377176
0.810333, 0.0970502, 0.8105, -0.385264
0.810667, 0.0969218, 0.810833, -0.393341
0.811, 0.0967907, 0.811167, -0.401406
0.811333, 0.0966569, 0.8115, -0.409461
0.811667, 0.0965204, 0.811833, -0.417505
0.812, 0.0963813, 0.812167, -0.425536
0.812333, 0.0962394, 0.8125, -0.433556
0.812667, 0.0960949, 0.812833, -0.441564
0.813, 0.0959477, 0.813167, -0.44956
0.813333, 0.0957979, 0.8135, -0.457543
0.813667, 0.0956453, 0.813833, -0.465513
0.814, 0.0954902, 0.814167, -0.473471
0.814333, 0.0953323, 0.8145, -0.481415
0.814667, 0.0951719, 0.814833, -0.489346
0.815, 0.0950088, 0.815167, -0.497264
0.815333, 0.094843, 0.8155, -0.505167
0.815667, 0.0946746, 0.815833, -0.513057
0.816, 0.0945036, 0.816167, -0.520932
0.816333, 0.0943299, 0.8165, -0.528793
0.816667, 0.0941537, 0.816833, -0.536639
0.817, 0.0939748, 0.817167, -0.54447
0.817333, 0.0937933, 0.8175, -0.552286
0.817667, 0.0936092, 0.817833, -0.560087
0.818, 0.0934225, 0.818167, -0.567872
0.818333, 0.0932332, 0.8185, -0.575642
0.818667, 0.0930414, 0.818833, -0.583395
0.819, 0.0928469, 0.819167, -0.591133
0.819333, 0.0926498, 0.8195, -0.598853
0.819667, 0.0924502, 0.819833, -0.606558
0.82, 0.092248, 0.820167, -0.614245
0.820333, 0.0920433, 0.8205, -0.621915
0.820667, 0.091836, 0.820833, -0.629568
0.821, 0.0916261, 0.821167, -0.637204
0.821333, 0.0914137, 0.8215, -0.644821
0.821667, 0.0911988, 0.821833, -0.652421
0.822, 0.0909813, 0.822167, -0.660003
0.822333, 0.0907613, 0.8225, -0.667567
0.822667, 0.0905388, 0.822833, -0.675112
0.823, 0.0903138, 0.823167, -0.682638
0.823333, 0.0900862, 0.8235, -0.690145
0.823667, 0.0898562, 0.823833, -0.697633
0.824, 0.0896236, 0.824167, -0.705101
0.824333, 0.0893886, 0.8245, -0.712551
0.824667, 0.0891511, 0.824833, -0.71998
0.825, 0.0889111, 0.825167, -0.727389
0.825333, 0.0886686, 0.8255, -0.734778
0.825667, 0.0884237, 0.825833, -0.742147
0.826, 0.0881763, 0.826167, -0.749495
0.826333, 0.0879265, 0.8265, -0.756822
0.826667, 0.0876742, 0.826833, -0.764128
0.827, 0.0874195, 0.827167, -0.771413
0.827333, 0.0871623, 0.8275, -0.778677
0.827667, 0.0869028, 0.827833, -0.785919
0.828, 0.0866408, 0.828167, -0.793139
0.828333, 0.0863764, 0.8285, -0.800337
0.828667, 0.0861097, 0.828833, -0.807512
0.829, 0.0858405, 0.829167, -0.814666
0.829333, 0.0855689, 0.8295, -0.821797
0.829667, 0.085295, 0.829833, -0.828904
0.83, 0.0850187, 0.830167, -0.835989
0.830333, 0.08474, 0.8305, -0.843051
0.830667, 0.084459, 0.830833, -0.850089
0.831, 0.0841757, 0.831167, -0.857104
0.831333, 0.08389, 0.8315, -0.864095
0.831667, 0.0836019, 0.831833, -0.871062
0.832, 0.0833116, 0.832167, -0.878004
0.832333, 0.0830189, 0.8325, -0.884922
0.832667, 0.0827239, 0.832833, -0.891816
0.833, 0.0824267, 0.833167, -0.898685
0.833333, 0.0821271, 0.8335, -0.905529
0.833667, 0.0818252, 0.833833, -0.912348
0.834, 0.0815211, 0.834167, -0.919141
0.834333, 0.0812148, 0.8345, -0.925909
0.834667, 0.0809061, 0.834833, -0.932651
0.835, 0.0805952, 0.835167, -0.939367
0.835333, 0.0802821, 0.8355, -0.946058
0.835667, 0.0799668, 0.835833, -0.952722
0.836, 0.0796492, 0.836167, -0.959359
0.836333, 0.0793294, 0.8365, -0.96597
0.836667, 0.0790074, 0.836833, -0.972554
0.837, 0.0786832, 0.837167, -0.979111
0.837333, 0.0783569, 0.8375, -0.98564
0.837667, 0.0780283, 0.837833, -0.992143
0.838, 0.0776976, 0.838167, -0.998618
0.838333, 0.0773647, 0.8385, -1.00506
0.838667, 0.0770297, 0.838833, -1.01148
0.839, 0.0766925, 0.839167, -1.01787
0.839333, 0.0763532, 0.8395, -1.02424
0.839667, 0.0760118, 0.839833, -1.03057
0.84, 0.0756683, 0.840167, -1.03688
0.840333, 0.0753227, 0.8405, -1.04315
0.840667, 0.074975, 0.840833, -1.0494
0.841, 0.0746252, 0.841167, -1.05562
0.841333, 0.0742733, 0.8415, -1.06181
0.841667, 0.0739194, 0.841833, -1.06797
0.842, 0.0735634, 0.842167, -1.0741
0.842333, 0.0732053, 0.8425, -1.0802
0.842667, 0.0728453, 0.842833, -1.08627
0.843, 0.0724832, 0.843167, -1.09231
0.843333, 0.0721191, 0.8435, -1.09832
0.843667, 0.071753, 0.843833, -1.1043
0.844, 0.0713849, 0.844167, -1.11025
0.844333, 0.0710148, 0.8445, -1.11617
0.844667, 0.0706427, 0.844833, -1.12205
0.845, 0.0702687, 0.845167, -1.12791
0.845333, 0.0698927, 0.8455, -1.13373
0.845667, 0.0695148, 0.845833, -1.13953
0.846, 0.069135, 0.846167, -1.14529
0.846333, 0.0687532, 0.8465, -1.15102
0.846667, 0.0683695, 0.846833, -1.15672
0.847, 0.067984, 0.847167, -1.16238
0.847333, 0.0675965, 0.8475, -1.16801
0.847667, 0.0672072, 0.847833, -1.17361
0.848, 0.066816, 0.848167, -1.17918
0.848333, 0.0664229, 0.8485, -1.18472
0.848667, 0.066028, 0.848833, -1.19022
0.849, 0.0656313, 0.849167, -1.19569
0.849333, 0.0652327, 0.8495, -1.20113
0.849667, 0.0648323, 0.849833, -1.20653
0.85, 0.0644301, 0.850167, -1.2119
0.850333, 0.0640262, 0.8505, -1.21723
0.850667, 0.0636204, 0.850833, -1.22253
0.851, 0.0632129, 0.851167, -1.2278
0.851333, 0.0628037, 0.8515, -1.23304
0.851667, 0.0623926, 0.851833, -1.23824
0.852, 0.0619799, 0.852167, -1.2434
0.852333, 0.0615654, 0.8525, -1.24853
0.852667, 0.0611493, 0.852833, -1.25363
0.853, 0.0607314, 0.853167, -1.25869
0.853333, 0.0603118, 0.8535, -1.26371
0.853667, 0.0598906, 0.853833, -1.2687
0.854, 0.0594677, 0.854167, -1.27366
0.854333, 0.0590431, 0.8545, -1.27858
0.854667, 0.0586169, 0.854833, -1.28347
0.855, 0.0581891, 0.855167, -1.28831
0.855333, 0.0577597, 0.8555, -1.29313
0.855667, 0.0573286, 0.855833, -1.29791
0.856, 0.056896, 0.856167, -1.30265
0.856333, 0.0564618, 0.8565, -1.30735
0.856667, 0.056026, 0.856833, -1.31202
0.857, 0.0555886, 0.857167, -1.31665
0.857333, 0.0551498, 0.8575, -1.32125
0.857667, 0.0547093, 0.857833, -1.32581
0.858, 0.0542674, 0.858167, -1.33033
0.858333, 0.053824, 0.8585, -1.33482
0.858667, 0.053379, 0.858833, -1.33926
0.859, 0.0529326, 0.859167, -1.34367
0.859333, 0.0524847, 0.8595, -1.34805
0.859667, 0.0520354, 0.859833, -1.35238
0.86, 0.0515846, 0.860167, -1.35668
0.860333, 0.0511323, 0.8605, -1.36094
0.860667, 0.0506787, 0.860833, -1.36517
0.861, 0.0502236, 0.861167, -1.36935
0.861333, 0.0497672, 0.8615, -1.3735
0.861667, 0.0493094, 0.861833, -1.37761
0.862, 0.0488502, 0.862167, -1.38168
0.862333, 0.0483896, 0.8625, -1.38571
0.862667, 0.0479277, 0.862833, -1.38971
0.863, 0.0474645, 0.863167, -1.39366
0.863333, 0.0469999, 0.8635, -1.39758
0.863667, 0.046534, 0.863833, -1.40146
0.864, 0.0460669, 0.864167, -1.4053
0.864333, 0.0455985, 0.8645, -1.4091
0.864667, 0.0451288, 0.864833, -1.41286
0.865, 0.0446578, 0.865167, -1.41658
0.865333, 0.0441856, 0.8655, -1.42026
0.865667, 0.0437122, 0.865833, -1.4239
0.866, 0.0432376, 0.866167, -1.42751
0.866333, 0.0427617, 0.8665, -1.43107
0.866667, 0.0422847, 0.866833, -1.43459
0.867, 0.0418065, 0.867167, -1.43808
0.867333, 0.0413271, 0.8675, -1.44152
0.867667, 0.0408466, 0.867833, -1.44492
0.868, 0.040365, 0.868167, -1.44829
0.868333, 0.0398822, 0.8685, -1.45161
0.868667, 0.0393984, 0.868833, -1.45489
0.869, 0.0389134, 0.869167, -1.45814
0.869333, 0.0384274, 0.8695, -1.46134
0.869667, 0.0379402, 0.869833, -1.4645
0.87, 0.0374521, 0.870167, -1.46762
0.870333, 0.0369629, 0.8705, -1.4707
0.870667, 0.0364726, 0.870833, -1.47374
0.871, 0.0359814, 0.871167, -1.47674
0.871333, 0.0354891, 0.8715, -1.4797
0.871667, 0.0349959, 0.871833, -1.48261
0.872, 0.0345017, 0.872167, -1.48549
0.872333, 0.0340065, 0.8725, -1.48832
0.872667, 0.0335104, 0.872833, -1.49112
0.873, 0.0330134, 0.873167, -1.49387
0.873333, 0.0325154, 0.8735, -1.49658
0.873667, 0.0320166, 0.873833, -1.49924
0.874, 0.0315168, 0.874167, -1.50187
0.874333, 0.0310162, 0.8745, -1.50446
0.874667, 0.0305147, 0.874833, -1.507
0.875, 0.0300124, 0.875167, -1.5095
0.875333, 0.0295092, 0.8755, -1.51196
0.875667, 0.0290052, 0.875833, -1.51438
0.876, 0.0285004, 0.876167, -1.51675
0.876333, 0.0279949, 0.8765, -1.51908
0.876667, 0.0274885, 0.876833, -1.52137
0.877, 0.0269814, 0.877167, -1.52362
0.877333, 0.0264735, 0.8775, -1.52583
0.877667, 0.0259649, 0.877833, -1.52799
0.878, 0.0254556, 0.878167, -1.53011
0.878333, 0.0249455, 0.8785, -1.53219
0.878667, 0.0244348, 0.878833, -1.53423
0.879, 0.0239234, 0.879167, -1.53622
0.879333, 0.0234113, 0.8795, -1.53817
0.879667, 0.0228986, 0.879833, -1.54008
0.88, 0.0223852, 0.880167, -1.54195
0.880333, 0.0218712, 0.8805, -1.54377
0.880667, 0.0213566, 0.880833, -1.54555
0.881, 0.0208415, 0.881167, -1.54729
0.881333, 0.0203257, 0.8815, -1.54898
0.881667, 0.0198094, 0.881833, -1.55063
0.882, 0.0192925, 0.882167, -1.55224
0.882333, 0.0187751, 0.8825, -1.5538
0.882667, 0.0182571, 0.882833, -1.55532
0.883, 0.0177387, 0.883167, -1.5568
0.883333, 0.0172198, 0.8835, -1.55824
0.883667, 0.0167004, 0.883833, -1.55963
0.884, 0.0161805, 0.884167, -1.56098
0.884333, 0.0156602, 0.8845, -1.56228
0.884667, 0.0151394, 0.884833, -1.56354
0.885, 0.0146182, 0.885167, -1.56476
0.885333, 0.0140966, 0.8855, -1.56594
0.885667, 0.0135746, 0.885833, -1.56707
0.886, 0.0130523, 0.886167, -1.56816
0.886333, 0.0125296, 0.8865, -1.5692
0.886667, 0.0120065, 0.886833, -1.5702
0.887, 0.0114831, 0.887167, -1.57116
0.887333, 0.0109594, 0.8875, -1.57207
0.887667, 0.0104354, 0.887833, -1.57294
0.888, 0.00991105, 0.888167, -1.57377
0.888333, 0.00938646, 0.8885, -1.57455
0.888667, 0.00886161, 0.888833, -1.57529
0.889, 0.00833651, 0.889167, -1.57598
0.889333, 0.00781119, 0.8895, -1.57663
0.889667, 0.00728564, 0.889833, -1.57724
0.89, 0.00675989, 0.890167, -1.5778
0.890333, 0.00623396, 0.8905, -1.57832
0.890667, 0.00570785, 0.890833, -1.5788
0.891, 0.00518159, 0.891167, -1.57923
0.891333, 0.00465518, 0.8915, -1.57962
0.891667, 0.00412864, 0.891833, -1.57996
0.892, 0.00360198, 0.892167, -1.58026
0.892333, 0.00307523, 0.8925, -1.58052
0.892667, 0.00254839, 0.892833, -1.58073
0.893, 0.00202148, 0.893167, -1.5809
0.893333, 0.00149451, 0.8935, -1.58102
0.893667, 0.000967503, 0.893833, -1.58111
0.894, 0.000440468, 0.894167, -1.58114
0.894333, -8.65798e-05, 0.8945, -1.58113
0.894667, -0.000613625, 0.894833, -1.58108
0.895, -0.00114065, 0.895167, -1.58099
0.895333, -0.00166765, 0.8955, -1.58085
0.895667, -0.0021946, 0.895833, -1.58067
0.896, -0.00272149, 0.896167, -1.58044
0.896333, -0.0032483, 0.8965, -1.58017
0.896667, -0.00377502, 0.896833, -1.57985
0.897, -0.00430164, 0.897167, -1.5795
0.897333, -0.00482814, 0.8975, -1.57909
0.897667, -0.00535451, 0.897833, -1.57865
0.898, -0.00588072, 0.898167, -1.57816
0.898333, -0.00640677, 0.8985, -1.57762
0.898667, -0.00693265, 0.898833, -1.57705
0.899, -0.00745833, 0.899167, -1.57642
0.899333, -0.0079838, 0.8995, -1.57576
0.899667, -0.00850906, 0.899833, -1.57505
0.9, -0.00903407, 0.900167, -1.5743
0.900333, -0.00955884, 0.9005, -1.5735
0.900667, -0.0100833, 0.900833, -1.57266
0.901, -0.0106076, 0.901167, -1.57178
0.901333, -0.0111315, 0.9015, -1.57085
0.901667, -0.0116551, 0.901833, -1.56988
0.902, -0.0121784, 0.902167, -1.56886
0.902333, -0.0127013, 0.9025, -1.5678
0.902667, -0.0132239, 0.902833, -1.5667
0.903, -0.0137462, 0.903167, -1.56556
0.903333, -0.014268, 0.9035, -1.56437
0.903667, -0.0147895, 0.903833, -1.56314
0.904, -0.0153105, 0.904167, -1.56186
0.904333, -0.0158312, 0.9045, -1.56054
0.904667, -0.0163513, 0.904833, -1.55918
0.905, -0.0168711, 0.905167, -1.55777
0.905333, -0.0173903, 0.9055, -1.55632
0.905667, -0.0179091, 0.905833, -1.55483
0.906, -0.0184274, 0.906167, -1.55329
0.906333, -0.0189451, 0.9065, -1.55172
0.906667, -0.0194624, 0.906833, -1.55009
0.907, -0.0199791, 0.907167, -1.54843
0.907333, -0.0204952, 0.9075, -1.54672
0.907667, -0.0210108, 0.907833, -1.54497
0.908, -0.0215258, 0.908167, -1.54318
0.908333, -0.0220402, 0.9085, -1.54134
0.908667, -0.0225539, 0.908833, -1.53946
0.909, -0.0230671, 0.909167, -1.53754
0.909333, -0.0235796, 0.9095, -1.53557
0.909667, -0.0240915, 0.909833, -1.53356
0.91, -0.0246027, 0.910167, -1.53151
0.910333, -0.0251132, 0.9105, -1.52942
0.910667, -0.025623, 0.910833, -1.52729
0.911, -0.0261321, 0.911167, -1.52511
0.911333, -0.0266404, 0.9115, -1.52289
0.911667, -0.0271481, 0.911833, -1.52063
0.912, -0.0276549, 0.912167, -1.51832
0.912333, -0.0281611, 0.9125, -1.51598
0.912667, -0.0286664, 0.912833, -1.51359
0.913, -0.0291709, 0.913167, -1.51116
0.913333, -0.0296746, 0.9135, -1.50868
0.913667, -0.0301775, 0.913833, -1.50617
0.914, -0.0306796, 0.914167, -1.50361
0.914333, -0.0311808, 0.9145, -1.50101
0.914667, -0.0316811, 0.914833, -1.49837
0.915, -0.0321806, 0.915167, -1.49569
0.915333, -0.0326791, 0.9155, -1.49297
0.915667, -0.0331768, 0.915833, -1.4902
0.916, -0.0336735, 0.916167, -1.4874
0.916333, -0.0341693, 0.9165, -1.48455
0.916667, -0.0346642, 0.916833, -1.48166
0.917, -0.0351581, 0.917167, -1.47873
0.917333, -0.035651, 0.9175, -1.47576
0.917667, -0.0361429, 0.917833, -1.47275
0.918, -0.0366338, 0.918167, -1.4697
0.918333, -0.0371237, 0.9185, -1.4666
0.918667, -0.0376126, 0.918833, -1.46347
0.919, -0.0381004, 0.919167, -1.46029
0.919333, -0.0385872, 0.9195, -1.45708
0.919667, -0.0390729, 0.919833, -1.45382
0.92, -0.0395575, 0.920167, -1.45052
0.920333, -0.040041, 0.9205, -1.44719
0.920667, -0.0405234, 0.920833, -1.44381
0.921, -0.0410046, 0.921167, -1.44039
0.921333, -0.0414848, 0.9215, -1.43694
0.921667, -0.0419637, 0.921833, -1.43344
0.922, -0.0424416, 0.922167, -1.4299
0.922333, -0.0429182, 0.9225, -1.42633
0.922667, -0.0433936, 0.922833, -1.42271
0.923, -0.0438679, 0.923167, -1.41905
0.923333, -0.0443409, 0.9235, -1.41536
0.923667, -0.0448127, 0.923833, -1.41162
0.924, -0.0452832, 0.924167, -1.40785
0.924333, -0.0457525, 0.9245, -1.40404
0.924667, -0.0462205, 0.924833, -1.40019
0.925, -0.0466872, 0.925167, -1.3963
0.925333, -0.0471527, 0.9255, -1.39237
0.925667, -0.0476168, 0.925833, -1.3884
0.926, -0.0480796, 0.926167, -1.38439
0.926333, -0.0485411, 0.9265, -1.38035
0.926667, -0.0490012, 0.926833, -1.37626
0.927, -0.0494599, 0.927167, -1.37214
0.927333, -0.0499173, 0.9275, -1.36798
0.927667, -0.0503733, 0.927833, -1.36378
0.928, -0.0508279, 0.928167, -1.35955
0.928333, -0.0512811, 0.9285, -1.35528
0.928667, -0.0517328, 0.928833, -1.35096
0.929, -0.0521832, 0.929167, -1.34662
0.929333, -0.052632, 0.9295, -1.34223
0.929667, -0.0530794, 0.929833, -1.33781
0.93, -0.0535254, 0.930167, -1.33335
0.930333, -0.0539698, 0.9305, -1.32885
0.930667, -0.0544128, 0.930833, -1.32431
0.931, -0.0548542, 0.931167, -1.31974
0.931333, -0.0552941, 0.9315, -1.31513
0.931667, -0.0557325, 0.931833, -1.31049
0.932, -0.0561693, 0.932167, -1.30581
0.932333, -0.0566046, 0.9325, -1.30109
0.932667, -0.0570383, 0.932833, -1.29634
0.933, -0.0574704, 0.933167, -1.29155
0.933333, -0.0579009, 0.9335, -1.28673
0.933667, -0.0583298, 0.933833, -1.28186
0.934, -0.0587571, 0.934167, -1.27697
0.934333, -0.0591828, 0.9345, -1.27204
0.934667, -0.0596068, 0.934833, -1.26707
0.935, -0.0600292, 0.935167, -1.26207
0.935333, -0.0604498, 0.9355, -1.25703
0.935667, -0.0608689, 0.935833, -1.25196
0.936, -0.0612862, 0.936167, -1.24685
0.936333, -0.0617018, 0.9365, -1.24171
0.936667, -0.0621157, 0.936833, -1.23653
0.937, -0.0625279, 0.937167, -1.23132
0.937333, -0.0629383, 0.9375, -1.22608
0.937667, -0.063347, 0.937833, -1.2208
0.938, -0.0637539, 0.938167, -1.21548
0.938333, -0.0641591, 0.9385, -1.21014
0.938667, -0.0645625, 0.938833, -1.20476
0.939, -0.0649641, 0.939167, -1.19934
0.939333, -0.0653638, 0.9395, -1.1939
0.939667, -0.0657618, 0.939833, -1.18842
0.94, -0.0661579, 0.940167, -1.1829
0.940333, -0.0665522, 0.9405, -1.17736
0.940667, -0.0669447, 0.940833, -1.17178
0.941, -0.0673353, 0.941167, -1.16617
0.941333, -0.067724, 0.9415, -1.16052
0.941667, -0.0681109, 0.941833, -1.15485
0.942, -0.0684958, 0.942167, -1.14914
0.942333, -0.0688789, 0.9425, -1.1434
0.942667, -0.06926, 0.942833, -1.13763
0.943, -0.0696392, 0.943167, -1.13182
0.943333, -0.0700165, 0.9435, -1.12599
0.943667, -0.0703918, 0.943833, -1.12012
0.944, -0.0707652, 0.944167, -1.11423
0.944333, -0.0711366, 0.9445, -1.1083
0.944667, -0.071506, 0.944833, -1.10234
0.945, -0.0718735, 0.945167, -1.09635
0.945333, -0.0722389, 0.9455, -1.09033
0.945667, -0.0726024, 0.945833, -1.08428
0.946, -0.0729638, 0.946167, -1.0782
0.946333, -0.0733232, 0.9465, -1.07209
0.946667, -0.0736805, 0.946833, -1.06595
0.947, -0.0740359, 0.947167, -1.05978
0.947333, -0.0743891, 0.9475, -1.05358
0.947667, -0.0747403, 0.947833, -1.04735
0.948, -0.0750894, 0.948167, -1.0411
0.948333, -0.0754365, 0.9485, -1.03481
0.948667, -0.0757814, 0.948833, -1.02849
0.949, -0.0761242, 0.949167, -1.02215
0.949333, -0.076465, 0.9495, -1.01578
0.949667, -0.0768035, 0.949833, -1.00938
0.95, -0.07714, 0.950167, -1.00295
0.950333, -0.0774743, 0.9505, -0.996493
0.950667, -0.0778065, 0.950833, -0.990009
0.951, -0.0781365, 0.951167, -0.983498
0.951333, -0.0784643, 0.9515, -0.976959
0.951667, -0.07879, 0.951833, -0.970394
0.952, -0.0791134, 0.952167, -0.963801
0.952333, -0.0794347, 0.9525, -0.957181
0.952667, -0.0797538, 0.952833, -0.950535
0.953, -0.0800706, 0.953167, -0.943863
0.953333, -0.0803852, 0.9535, -0.937164
0.953667, -0.0806976, 0.953833, -0.930439
0.954, -0.0810078, 0.954167, -0.923688
0.954333, -0.0813157, 0.9545, -0.916912
0.954667, -0.0816213, 0.954833, -0.91011
0.955, -0.0819247, 0.955167, -0.903283
0.955333, -0.0822258, 0.9555, -0.896431
0.955667, -0.0825246, 0.955833, -0.889554
0.956, -0.0828211, 0.956167, -0.882652
0.956333, -0.0831153, 0.9565, -0.875726
0.956667, -0.0834072, 0.956833, -0.868775
0.957, -0.0836968, 0.957167, -0.861801
0.957333, -0.0839841, 0.9575, -0.854802
0.957667, -0.084269, 0.957833, -0.84778
0.958, -0.0845516, 0.958167, -0.840734
0.958333, -0.0848318, 0.9585, -0.833664
0.958667, -0.0851097, 0.958833, -0.826572
0.959, -0.0853853, 0.959167, -0.819456
0.959333, -0.0856584, 0.9595, -0.812318
0.959667, -0.0859292, 0.959833, -0.805157
0.96, -0.0861976, 0.960167, -0.797974
0.960333, -0.0864636, 0.9605, -0.790769
0.960667, -0.0867271, 0.960833, -0.783542
0.961, -0.0869883, 0.961167, -0.776293
0.961333, -0.0872471, 0.9615, -0.769022
0.961667, -0.0875034, 0.961833, -0.76173
0.962, -0.0877573, 0.962167, -0.754417
0.962333, -0.0880088, 0.9625, -0.747083
0.962667, -0.0882578, 0.962833, -0.739728
0.963, -0.0885044, 0.963167, -0.732353
0.963333, -0.0887485, 0.9635, -0.724957
0.963667, -0.0889902, 0.963833, -0.717541
0.964, -0.0892294, 0.964167, -0.710105
0.964333, -0.0894661, 0.9645, -0.70265
0.964667, -0.0897003, 0.964833, -0.695175
0.965, -0.089932, 0.965167, -0.68768
0.965333, -0.0901612, 0.9655, -0.680167
0.965667, -0.090388, 0.965833, -0.672635
0.966, -0.0906122, 0.966167, -0.665084
0.966333, -0.0908339, 0.9665, -0.657514
0.966667, -0.091053, 0.966833, -0.649926
0.967, -0.0912697, 0.967167, -0.642321
0.967333, -0.0914838, 0.9675, -0.634697
0.967667, -0.0916954, 0.967833, -0.627056
0.968, -0.0919044, 0.968167, -0.619397
0.968333, -0.0921108, 0.9685, -0.611721
0.968667, -0.0923147, 0.968833, -0.604028
0.969, -0.0925161, 0.969167, -0.596319
0.969333, -0.0927149, 0.9695, -0.588592
0.969667, -0.0929111, 0.969833, -0.58085
0.97, -0.0931047, 0.970167, -0.573091
0.970333, -0.0932957, 0.9705, -0.565316
0.970667, -0.0934841, 0.970833, -0.557526
0.971, -0.09367, 0.971167, -0.54972
0.971333, -0.0938532, 0.9715, -0.541899
0.971667, -0.0940339, 0.971833, -0.534063
0.972, -0.0942119, 0.972167, -0.526212
0.972333, -0.0943873, 0.9725, -0.518346
0.972667, -0.0945601, 0.972833, -0.510466
0.973, -0.0947302, 0.973167, -0.502572
0.973333, -0.0948977, 0.9735, -0.494664
0.973667, -0.0950626, 0.973833, -0.486742
0.974, -0.0952249, 0.974167, -0.478807
0.974333, -0.0953845, 0.9745, -0.470858
0.974667, -0.0955414, 0.974833, -0.462896
0.975, -0.0956957, 0.975167, -0.454922
0.975333, -0.0958474, 0.9755, -0.446934
0.975667, -0.0959964, 0.975833, -0.438935
0.976, -0.0961427, 0.976167, -0.430923
0.976333, -0.0962863, 0.9765, -0.422899
0.976667, -0.0964273, 0.976833, -0.414863
0.977, -0.0965656, 0.977167, -0.406816
0.977333, -0.0967012, 0.9775, -0.398758
0.977667, -0.0968341, 0.977833, -0.390688
0.978, -0.0969643, 0.978167, -0.382608
0.978333, -0.0970919, 0.9785, -0.374517
0.978667, -0.0972167, 0.978833, -0.366415
0.979, -0.0973388, 0.979167, -0.358304
0.979333, -0.0974583, 0.9795, -0.350182
0.979667, -0.097575, 0.979833, -0.342051
0.98, -0.097689, 0.980167, -0.33391
0.980333, -0.0978003, 0.9805, -0.32576
0.980667, -0.0979089, 0.980833, -0.317601
0.981, -0.0980148, 0.981167, -0.309433
0.981333, -0.0981179, 0.9815, -0.301257
0.981667, -0.0982183, 0.981833, -0.293072
0.982, -0.098316, 0.982167, -0.284879
0.982333, -0.098411, 0.9825, -0.276678
0.982667, -0.0985032, 0.982833, -0.268469
0.983, -0.0985927, 0.983167, -0.260253
0.983333, -0.0986794, 0.9835, -0.25203
0.983667, -0.0987635, 0.983833, -0.2438
0.984, -0.0988447, 0.984167, -0.235563
0.984333, -0.0989232, 0.9845, -0.227319
0.984667, -0.098999, 0.984833, -0.219069
0.985, -0.099072, 0.985167, -0.210813
0.985333, -0.0991423, 0.9855, -0.202551
0.985667, -0.0992098, 0.985833, -0.194284
0.986, -0.0992746, 0.986167, -0.186011
0.986333, -0.0993366, 0.9865, -0.177733
0.986667, -0.0993958, 0.986833, -0.16945
0.987, -0.0994523, 0.987167, -0.161162
0.987333, -0.099506, 0.9875, -0.15287
0.987667, -0.099557, 0.987833, -0.144574
0.988, -0.0996052, 0.988167, -0.136273
0.988333, -0.0996506, 0.9885, -0.127969
0.988667, -0.0996933, 0.988833, -0.119661
0.989, -0.0997332, 0.989167, -0.11135
0.989333, -0.0997703, 0.9895, -0.103036
0.989667, -0.0998046, 0.989833, -0.0947189
0.99, -0.0998362, 0.990167, -0.0863993
0.990333, -0.099865, 0.9905, -0.0780772
0.990667, -0.099891, 0.990833, -0.0697529
0.991, -0.0999143, 0.991167, -0.0614267
0.991333, -0.0999347, 0.9915, -0.0530988
0.991667, -0.0999524, 0.991833, -0.0447695
0.992, -0.0999674, 0.992167, -0.0364389
0.992333, -0.0999795, 0.9925, -0.0281072
0.992667, -0.0999889, 0.992833, -0.0197748
0.993, -0.0999955, 0.993167, -0.0114419
0.993333, -0.0999993, 0.9935, -0.0031086
0.993667, -0.1, 0.993833, 0.00522476
0.994, -0.0999986, 0.994167, 0.013558
0.994333, -0.0999941, 0.9945, 0.0218908
0.994667, -0.0999868, 0.994833, 0.030223
0.995, -0.0999767, 0.995167, 0.0385544
0.995333, -0.0999638, 0.9955, 0.0468848
0.995667, -0.0999482, 0.995833, 0.0552138
0.996, -0.0999298, 0.996167, 0.0635413
0.996333, -0.0999086, 0.9965, 0.071867
0.996667, -0.0998847, 0.996833, 0.0801907
0.997, -0.0998579, 0.997167, 0.0885122
0.997333, -0.0998284, 0.9975, 0.0968312
0.997667, -0.0997962, 0.997833, 0.105148
0.998, -0.0997611, 0.998167, 0.113461
0.998333, -0.0997233, 0.9985, 0.121771
0.998667, -0.0996827, 0.998833, 0.130078
0.999, -0.0996393, 0.999167, 0.138381
0.999333, -0.0995932, 0.9995, 0.146681
0.999667, -0.0995443, 0.999833, 0.154976
1, -0.0994927, 1.00017, 0.163267
1.00033, -0.0994382, 1.0005, 0.171554
1.00067, -0.0993811, 1.00083, 0.179836
1.001, -0.0993211, 1.00117, 0.188112
1.00133, -0.0992584, 1.0015, 0.196384
1.00167, -0.0991929, 1.00183, 0.20465
1.002, -0.0991247, 1.00217, 0.21291
1.00233, -0.0990538, 1.0025, 0.221165
1.00267, -0.09898, 1.00283, 0.229413
1.003, -0.0989036, 1.00317, 0.237655
1.00333, -0.0988243, 1.0035, 0.24589
1.00367, -0.0987424, 1.00383, 0.254119
1.004, -0.0986577, 1.00417, 0.26234
1.00433, -0.0985702, 1.0045, 0.270555
1.00467, -0.09848, 1.00483, 0.278761
1.005, -0.0983871, 1.00517, 0.28696
1.00533, -0.0982915, 1.0055, 0.295151
1.00567, -0.0981931, 1.00583, 0.303334
1.006, -0.098092, 1.00617, 0.311508
1.00633, -0.0979881, 1.0065, 0.319674
1.00667, -0.0978816, 1.00683, 0.327831
1.007, -0.0977723, 1.00717, 0.335978
1.00733, -0.0976603, 1.0075, 0.344117
1.00767, -0.0975456, 1.00783, 0.352246
1.008, -0.0974282, 1.00817, 0.360365
1.00833, -0.0973081, 1.0085, 0.368474
1.00867, -0.0971852, 1.00883, 0.376572
1.009, -0.0970597, 1.00917, 0.384661
1.00933, -0.0969315, 1.0095, 0.392738
1.00967, -0.0968006, 1.00983, 0.400805
1.01, -0.096667, 1.01017, 0.408861
1.01033, -0.0965307, 1.0105, 0.416905
1.01067, -0.0963917, 1.01083, 0.424938
1.011, -0.0962501, 1.01117, 0.432958
1.01133, -0.0961058, 1.0115, 0.440967
1.01167, -0.0959588, 1.01183, 0.448964
1.012, -0.0958091, 1.01217, 0.456948
1.01233, -0.0956568, 1.0125, 0.464919
1.01267, -0.0955018, 1.01283, 0.472878
1.013, -0.0953442, 1.01317, 0.480823
1.01333, -0.0951839, 1.0135, 0.488755
1.01367, -0.095021, 1.01383, 0.496674
1.014, -0.0948555, 1.01417, 0.504578
1.01433, -0.0946873, 1.0145, 0.512469
1.01467, -0.0945164, 1.01483, 0.520345
1.015, -0.094343, 1.01517, 0.528207
1.01533, -0.0941669, 1.0155, 0.536054
1.01567, -0.0939882, 1.01583, 0.543887
1.016, -0.0938069, 1.01617, 0.551704
1.01633, -0.093623, 1.0165, 0.559506
1.01667, -0.0934365, 1.01683, 0.567292
1.017, -0.0932474, 1.01717, 0.575063
1.01733, -0.0930558, 1.0175, 0.582817
1.01767, -0.0928615, 1.01783, 0.590556
1.018, -0.0926646, 1.01817, 0.598278
1.01833, -0.0924652, 1.0185, 0.605983
1.01867, -0.0922632, 1.01883, 0.613672
1.019, -0.0920587, 1.01917, 0.621344
1.01933, -0.0918515, 1.0195, 0.628998
1.01967, -0.0916419, 1.01983, 0.636635
1.02, -0.0914297, 1.02017, 0.644254
1.02033, -0.0912149, 1.0205, 0.651855
1.02067, -0.0909976, 1.02083, 0.659438
1.021, -0.0907778, 1.02117, 0.667003
1.02133, -0.0905555, 1.0215, 0.674549
1.02167, -0.0903306, 1.02183, 0.682077
1.022, -0.0901033, 1.02217, 0.689585
1.02233, -0.0898734, 1.0225, 0.697075
1.02267, -0.089641, 1.02283, 0.704545
1.023, -0.0894062, 1.02317, 0.711995
1.02333, -0.0891689, 1.0235, 0.719426
1.02367, -0.0889291, 1.02383, 0.726837
1.024, -0.0886868, 1.02417, 0.734228
1.02433, -0.088442, 1.0245, 0.741598
1.02467, -0.0881948, 1.02483, 0.748947
1.025, -0.0879452, 1.02517, 0.756276
1.02533, -0.0876931, 1.0255, 0.763584
1.02567, -0.0874386, 1.02583, 0.77087
1.026, -0.0871816, 1.02617, 0.778135
1.02633, -0.0869222, 1.0265, 0.785379
1.02667, -0.0866604, 1.02683, 0.792601
1.027, -0.0863962, 1.02717, 0.7998
1.02733, -0.0861296, 1.0275, 0.806978
1.02767, -0.0858606, 1.02783, 0.814133
1.028, -0.0855893, 1.02817, 0.821265
1.02833, -0.0853155, 1.0285, 0.828375
1.02867, -0.0850394, 1.02883, 0.835462
1.029, -0.0847609, 1.02917, 0.842525
1.02933, -0.0844801, 1.0295, 0.849565
1.02967, -0.0841969, 1.02983, 0.856581
1.03, -0.0839113, 1.03017, 0.863574
1.03033, -0.0836235, 1.0305, 0.870543
1.03067, -0.0833333, 1.03083, 0.877487
1.031, -0.0830408, 1.03117, 0.884407
1.03133, -0.082746, 1.0315, 0.891303
1.03167, -0.0824489, 1.03183, 0.898173
1.032, -0.0821495, 1.03217, 0.905019
1.03233, -0.0818478, 1.0325, 0.91184
1.03267, -0.0815439, 1.03283, 0.918635
1.033, -0.0812377, 1.03317, 0.925405
1.03333, -0.0809292, 1.0335, 0.932149
1.03367, -0.0806185, 1.03383, 0.938867
1.034, -0.0803055, 1.03417, 0.945559
1.03433, -0.0799904, 1.0345, 0.952225
1.03467, -0.079673, 1.03483, 0.958865
1.035, -0.0793533, 1.03517, 0.965477
1.03533, -0.0790315, 1.0355, 0.972063
1.03567, -0.0787075, 1.03583, 0.978622
1.036, -0.0783813, 1.03617, 0.985154
1.03633, -0.0780529, 1.0365, 0.991659
1.03667, -0.0777223, 1.03683, 0.998135
1.037, -0.0773896, 1.03717, 1.00458
1.03733, -0.0770548, 1.0375, 1.01101
1.03767, -0.0767178, 1.03783, 1.0174
1.038, -0.0763786, 1.03817, 1.02376
1.03833, -0.0760374, 1.0385, 1.0301
1.03867, -0.075694, 1.03883, 1.03641
1.039, -0.0753485, 1.03917, 1.04269
1.03933, -0.075001, 1.0395, 1.04894
1.03967, -0.0746513, 1.03983, 1.05516
1.04, -0.0742996, 1.04017, 1.06135
1.04033, -0.0739458, 1.0405, 1.06751
1.04067, -0.07359, 1.04083, 1.07364
1.041, -0.0732321, 1.04117, 1.07975
1.04133, -0.0728722, 1.0415, 1.08582
1.04167, -0.0725103, 1.04183, 1.09186
1.042, -0.0721463, 1.04217, 1.09787
1.04233, -0.0717803, 1.0425, 1.10386
1.04267, -0.0714124, 1.04283, 1.10981
1.043, -0.0710425, 1.04317, 1.11573
1.04333, -0.0706705, 1.0435, 1.12162
1.04367, -0.0702967, 1.04383, 1.12747
1.044, -0.0699208, 1.04417, 1.1333
1.04433, -0.0695431, 1.0445, 1.1391
1.04467, -0.0691634, 1.04483, 1.14486
1.045, -0.0687818, 1.04517, 1.15059
1.04533, -0.0683982, 1.0455, 1.15629
1.04567, -0.0680128, 1.04583, 1.16196
1.046, -0.0676255, 1.04617, 1.1676
1.04633, -0.0672363, 1.0465, 1.1732
1.04667, -0.0668452, 1.04683, 1.17877
1.047, -0.0664523, 1.04717, 1.18431
1.04733, -0.0660575, 1.0475, 1.18981
1.04767, -0.0656609, 1.04783, 1.19528
1.048, -0.0652625, 1.04817, 1.20072
1.04833, -0.0648623, 1.0485, 1.20613
1.04867, -0.0644602, 1.04883, 1.2115
1.049, -0.0640564, 1.04917, 1.21684
1.04933, -0.0636508, 1.0495, 1.22214
1.04967, -0.0632434, 1.04983, 1.22741
1.05, -0.0628342, 1.05017, 1.23265
1.05033, -0.0624234, 1.0505, 1.23785
1.05067, -0.0620107, 1.05083, 1.24302
1.051, -0.0615964, 1.05117, 1.24815
1.05133, -0.0611804, 1.0515, 1.25325
1.05167, -0.0607626, 1.05183, 1.25831
1.052, -0.0603432, 1.05217, 1.26334
1.05233, -0.0599221, 1.0525, 1.26833
1.05267, -0.0594993, 1.05283, 1.27329
1.053, -0.0590749, 1.05317, 1.27821
1.05333, -0.0586488, 1.0535, 1.2831
1.05367, -0.0582211, 1.05383, 1.28795
1.054, -0.0577918, 1.05417, 1.29277
1.05433, -0.0573608, 1.0545, 1.29755
1.05467, -0.0569283, 1.05483, 1.30229
1.055, -0.0564942, 1.05517, 1.307
1.05533, -0.0560586, 1.0555, 1.31167
1.05567, -0.0556213, 1.05583, 1.31631
1.056, -0.0551826, 1.05617, 1.32091
1.05633, -0.0547423, 1.0565, 1.32547
1.05667, -0.0543004, 1.05683, 1.32999
1.057, -0.0538571, 1.05717, 1.33448
1.05733, -0.0534123, 1.0575, 1.33893
1.05767, -0.052966, 1.05783, 1.34335
1.058, -0.0525182, 1.05817, 1.34772
1.05833, -0.0520689, 1.0585, 1.35206
1.05867, -0.0516183, 1.05883, 1.35636
1.059, -0.0511661, 1.05917, 1.36063
1.05933, -0.0507126, 1.0595, 1.36485
1.05967, -0.0502576, 1.05983, 1.36904
1.06, -0.0498013, 1.06017, 1.37319
1.06033, -0.0493436, 1.0605, 1.3773
1.06067, -0.0488845, 1.06083, 1.38138
1.061, -0.048424, 1.06117, 1.38541
1.06133, -0.0479622, 1.0615, 1.38941
1.06167, -0.0474991, 1.06183, 1.39337
1.062, -0.0470346, 1.06217, 1.39729
1.06233, -0.0465688, 1.0625, 1.40117
1.06267, -0.0461018, 1.06283, 1.40501
1.063, -0.0456334, 1.06317, 1.40881
1.06333, -0.0451638, 1.0635, 1.41258
1.06367, -0.044693, 1.06383, 1.4163
1.064, -0.0442209, 1.06417, 1.41999
1.06433, -0.0437476, 1.0645, 1.42363
1.06467, -0.043273, 1.06483, 1.42724
1.065, -0.0427973, 1.06517, 1.4308
1.06533, -0.0423203, 1.0655, 1.43433
1.06567, -0.0418422, 1.06583, 1.43782
1.066, -0.0413629, 1.06617, 1.44126
1.06633, -0.0408825, 1.0665, 1.44467
1.06667, -0.040401, 1.06683, 1.44804
1.067, -0.0399183, 1.06717, 1.45137
1.06733, -0.0394345, 1.0675, 1.45465
1.06767, -0.0389496, 1.06783, 1.4579
1.068, -0.0384637, 1.06817, 1.4611
1.06833, -0.0379766, 1.0685, 1.46427
1.06867, -0.0374885, 1.06883, 1.46739
1.069, -0.0369994, 1.06917, 1.47047
1.06933, -0.0365092, 1.0695, 1.47352
1.06967, -0.0360181, 1.06983, 1.47652
1.07, -0.0355259, 1.07017, 1.47948
1.07033, -0.0350327, 1.0705, 1.4824
1.07067, -0.0345386, 1.07083, 1.48528
1.071, -0.0340435, 1.07117, 1.48811
1.07133, -0.0335475, 1.0715, 1.49091
1.07167, -0.0330505, 1.07183, 1.49366
1.072, -0.0325526, 1.07217, 1.49638
1.07233, -0.0320538, 1.0725, 1.49905
1.07267, -0.0315541, 1.07283, 1.50168
1.073, -0.0310536, 1.07317, 1.50426
1.07333, -0.0305522, 1.0735, 1.50681
1.07367, -0.0300499, 1.07383, 1.50931
1.074, -0.0295468, 1.07417, 1.51178
1.07433, -0.0290429, 1.0745, 1.5142
1.07467, -0.0285381, 1.07483, 1.51658
1.075, -0.0280326, 1.07517, 1.51891
1.07533, -0.0275263, 1.0755, 1.52121
1.07567, -0.0270192, 1.07583, 1.52346
1.076, -0.0265114, 1.07617, 1.52567
1.07633, -0.0260029, 1.0765, 1.52783
1.07667, -0.0254936, 1.07683, 1.52996
1.077, -0.0249836, 1.07717, 1.53204
1.07733, -0.0244729, 1.0775, 1.53408
1.07767, -0.0239616, 1.07783, 1.53608
1.078, -0.0234495, 1.07817, 1.53803
1.07833, -0.0229369, 1.0785, 1.53994
1.07867, -0.0224235, 1.07883, 1.54181
1.079, -0.0219096, 1.07917, 1.54364
1.07933, -0.0213951, 1.0795, 1.54542
1.07967, -0.0208799, 1.07983, 1.54716
1.08, -0.0203642, 1.08017, 1.54886
1.08033, -0.0198479, 1.0805, 1.55051
1.08067, -0.0193311, 1.08083, 1.55212
1.081, -0.0188137, 1.08117, 1.55369
1.08133, -0.0182958, 1.0815, 1.55521
1.08167, -0.0177774, 1.08183, 1.55669
1.082, -0.0172585, 1.08217, 1.55813
1.08233, -0.0167391, 1.0825, 1.55953
1.08267, -0.0162193, 1.08283, 1.56088
1.083, -0.015699, 1.08317, 1.56219
1.08333, -0.0151783, 1.0835, 1.56345
1.08367, -0.0146571, 1.08383, 1.56467
1.084, -0.0141356, 1.08417, 1.56585
1.08433, -0.0136136, 1.0845, 1.56699
1.08467, -0.0130913, 1.08483, 1.56808
1.085, -0.0125686, 1.08517, 1.56912
1.08533, -0.0120455, 1.0855, 1.57013
1.08567, -0.0115222, 1.08583, 1.57109
1.086, -0.0109985, 1.08617, 1.572
1.08633, -0.0104745, 1.0865, 1.57288
1.08667, -0.00995017, 1.08683, 1.57371
1.087, -0.00942561, 1.08717, 1.57449
1.08733, -0.00890077, 1.0875, 1.57523
1.08767, -0.0083757, 1.08783, 1.57593
1.088, -0.00785039, 1.08817, 1.57659
1.08833, -0.00732486, 1.0885, 1.5772
1.08867, -0.00679913, 1.08883, 1.57776
1.089, -0.0062732, 1.08917, 1.57829
1.08933, -0.00574711, 1.0895, 1.57876
1.08967, -0.00522085, 1.08983, 1.5792
1.09, -0.00469445, 1.09017, 1.57959
1.09033, -0.00416792, 1.0905, 1.57994
1.09067, -0.00364128, 1.09083, 1.58024
1.091, -0.00311453, 1.09117, 1.5805
1.09133, -0.0025877, 1.0915, 1.58072
1.09167, -0.00206079, 1.09183, 1.58089
1.092, -0.00153383, 1.09217, 1.58102
1.09233, -0.00100682, 1.0925, 1.5811
1.09267, -0.000479788, 1.09283, 1.58114
1.093, 4.72587e-05, 1.09317, 1.58114
1.09333, 0.000574304, 1.0935, 1.58109
1.09367, 0.00110133, 1.09383, 1.581
1.094, 0.00162833, 1.09417, 1.58086
1.09433, 0.00215529, 1.0945, 1.58068
1.09467, 0.00268218, 1.09483, 1.58046
1.095, 0.003209, 1.09517, 1.58019
1.09533, 0.00373573, 1.0955, 1.57988
1.09567, 0.00426236, 1.09583, 1.57952
1.096, 0.00478886, 1.09617, 1.57913
1.09633, 0.00531524, 1.0965, 1.57868
1.09667, 0.00584147, 1.09683, 1.5782
1.097, 0.00636753, 1.09717, 1.57766
1.09733, 0.00689342, 1.0975, 1.57709
1.09767, 0.00741912, 1.09783, 1.57647
1.098, 0.00794461, 1.09817, 1.57581
1.09833, 0.00846988, 1.0985, 1.5751
1.09867, 0.00899491, 1.09883, 1.57435
1.099, 0.0095197, 1.09917, 1.57356
1.09933, 0.0100442, 1.0995, 1.57272
1.09967, 0.0105685, 1.09983, 1.57184
1.1, 0.0110924, 1.10017, 1.57092
1.10033, 0.011616, 1.1005, 1.56995
1.10067, 0.0121394, 1.10083, 1.56894
1.101, 0.0126623, 1.10117, 1.56788
1.10133, 0.013185, 1.1015, 1.56679
1.10167, 0.0137072, 1.10183, 1.56564
1.102, 0.0142291, 1.10217, 1.56446
1.10233, 0.0147506, 1.1025, 1.56323
1.10267, 0.0152717, 1.10283, 1.56196
1.103, 0.0157923, 1.10317, 1.56064
1.10333, 0.0163125, 1.1035, 1.55928
1.10367, 0.0168323, 1.10383, 1.55788
1.104, 0.0173516, 1.10417, 1.55643
1.10433, 0.0178704, 1.1045, 1.55494
1.10467, 0.0183887, 1.10483, 1.55341
1.105, 0.0189065, 1.10517, 1.55183
1.10533, 0.0194238, 1.1055, 1.55022
1.10567, 0.0199405, 1.10583, 1.54855
1.106, 0.0204567, 1.10617, 1.54685
1.10633, 0.0209723, 1.1065, 1.5451
1.10667, 0.0214874, 1.10683, 1.54331
1.107, 0.0220018, 1.10717, 1.54148
1.10733, 0.0225156, 1.1075, 1.5396
1.10767, 0.0230288, 1.10783, 1.53768
1.108, 0.0235414, 1.10817, 1.53572
1.10833, 0.0240533, 1.1085, 1.53372
1.10867, 0.0245645, 1.10883, 1.53167
1.109, 0.0250751, 1.10917, 1.52958
1.10933, 0.025585, 1.1095, 1.52745
1.10967, 0.0260941, 1.10983, 1.52527
1.11, 0.0266025, 1.11017, 1.52306
1.11033, 0.0271102, 1.1105, 1.5208
1.11067, 0.0276172, 1.11083, 1.5185
1.111, 0.0281233, 1.11117, 1.51615
1.11133, 0.0286287, 1.1115, 1.51377
1.11167, 0.0291333, 1.11183, 1.51134
1.112, 0.0296371, 1.11217, 1.50887
1.11233, 0.03014, 1.1125, 1.50636
1.11267, 0.0306421, 1.11283, 1.5038
1.113, 0.0311434, 1.11317, 1.50121
1.11333, 0.0316438, 1.1135, 1.49857
1.11367, 0.0321433, 1.11383, 1.49589
1.114, 0.032642, 1.11417, 1.49317
1.11433, 0.0331397, 1.1145, 1.49041
1.11467, 0.0336365, 1.11483, 1.48761
1.115, 0.0341324, 1.11517, 1.48476
1.11533, 0.0346273, 1.1155, 1.48188
1.11567, 0.0351212, 1.11583, 1.47895
1.116, 0.0356142, 1.11617, 1.47598
1.11633, 0.0361062, 1.1165, 1.47297
1.11667, 0.0365972, 1.11683, 1.46992
1.117, 0.0370872, 1.11717, 1.46683
1.11733, 0.0375761, 1.1175, 1.4637
1.11767, 0.038064, 1.11783, 1.46053
1.118, 0.0385509, 1.11817, 1.45732
1.11833, 0.0390367, 1.1185, 1.45406
1.11867, 0.0395213, 1.11883, 1.45077
1.119, 0.0400049, 1.11917, 1.44744
1.11933, 0.0404874, 1.1195, 1.44406
1.11967, 0.0409688, 1.11983, 1.44065
1.12, 0.041449, 1.12017, 1.4372
1.12033, 0.041928, 1.1205, 1.4337
1.12067, 0.0424059, 1.12083, 1.43017
1.121, 0.0428827, 1.12117, 1.42659
1.12133, 0.0433582, 1.1215, 1.42298
1.12167, 0.0438325, 1.12183, 1.41933
1.122, 0.0443056, 1.12217, 1.41564
1.12233, 0.0447775, 1.1225, 1.4119
1.12267, 0.0452482, 1.12283, 1.40813
1.123, 0.0457175, 1.12317, 1.40432
1.12333, 0.0461856, 1.1235, 1.40048
1.12367, 0.0466525, 1.12383, 1.39659
1.124, 0.047118, 1.12417, 1.39266
1.12433, 0.0475822, 1.1245, 1.3887
1.12467, 0.0480451, 1.12483, 1.38469
1.125, 0.0485067, 1.12517, 1.38065
1.12533, 0.0489669, 1.1255, 1.37657
1.12567, 0.0494258, 1.12583, 1.37245
1.126, 0.0498832, 1.12617, 1.36829
1.12633, 0.0503393, 1.1265, 1.3641
1.12667, 0.050794, 1.12683, 1.35987
1.127, 0.0512473, 1.12717, 1.3556
1.12733, 0.0516992, 1.1275, 1.35129
1.12767, 0.0521496, 1.12783, 1.34694
1.128, 0.0525986, 1.12817, 1.34256
1.12833, 0.0530461, 1.1285, 1.33814
1.12867, 0.0534922, 1.12883, 1.33368
1.129, 0.0539367, 1.12917, 1.32919
1.12933, 0.0543798, 1.1295, 1.32465
1.12967, 0.0548213, 1.12983, 1.32009
1.13, 0.0552614, 1.13017, 1.31548
1.13033, 0.0556999, 1.1305, 1.31084
1.13067, 0.0561368, 1.13083, 1.30616
1.131, 0.0565722, 1.13117, 1.30145
1.13133, 0.057006, 1.1315, 1.2967
1.13167, 0.0574382, 1.13183, 1.29191
1.132, 0.0578689, 1.13217, 1.28709
1.13233, 0.0582979, 1.1325, 1.28223
1.13267, 0.0587253, 1.13283, 1.27733
1.133, 0.0591511, 1.13317, 1.27241
1.13333, 0.0595752, 1.1335, 1.26744
1.13367, 0.0599977, 1.13383, 1.26244
1.134, 0.0604185, 1.13417, 1.25741
1.13433, 0.0608377, 1.1345, 1.25234
1.13467, 0.0612551, 1.13483, 1.24723
1.135, 0.0616708, 1.13517, 1.24209
1.13533, 0.0620849, 1.1355, 1.23692
1.13567, 0.0624972, 1.13583, 1.23171
1.136, 0.0629077, 1.13617, 1.22647
1.13633, 0.0633166, 1.1365, 1.22119
1.13667, 0.0637236, 1.13683, 1.21588
1.137, 0.0641289, 1.13717, 1.21054
1.13733, 0.0645324, 1.1375, 1.20516
1.13767, 0.0649342, 1.13783, 1.19975
1.138, 0.0653341, 1.13817, 1.1943
1.13833, 0.0657322, 1.1385, 1.18883
1.13867, 0.0661285, 1.13883, 1.18332
1.139, 0.0665229, 1.13917, 1.17777
1.13933, 0.0669155, 1.1395, 1.1722
1.13967, 0.0673062, 1.13983, 1.16659
1.14, 0.0676951, 1.14017, 1.16095
1.14033, 0.0680821, 1.1405, 1.15527
1.14067, 0.0684672, 1.14083, 1.14957
1.141, 0.0688503, 1.14117, 1.14383
1.14133, 0.0692316, 1.1415, 1.13806
1.14167, 0.069611, 1.14183, 1.13226
1.142, 0.0699884, 1.14217, 1.12643
1.14233, 0.0703639, 1.1425, 1.12056
1.14267, 0.0707374, 1.14283, 1.11467
1.143, 0.0711089, 1.14317, 1.10874
1.14333, 0.0714785, 1.1435, 1.10279
1.14367, 0.0718461, 1.14383, 1.0968
1.144, 0.0722117, 1.14417, 1.09078
1.14433, 0.0725753, 1.1445, 1.08473
1.14467, 0.0729369, 1.14483, 1.07865
1.145, 0.0732964, 1.14517, 1.07255
1.14533, 0.073654, 1.1455, 1.06641
1.14567, 0.0740094, 1.14583, 1.06024
1.146, 0.0743628, 1.14617, 1.05404
1.14633, 0.0747142, 1.1465, 1.04782
1.14667, 0.0750635, 1.14683, 1.04156
1.147, 0.0754106, 1.14717, 1.03528
1.14733, 0.0757557, 1.1475, 1.02897
1.14767, 0.0760987, 1.14783, 1.02262
1.148, 0.0764396, 1.14817, 1.01625
1.14833, 0.0767784, 1.1485, 1.00986
1.14867, 0.077115, 1.14883, 1.00343
1.149, 0.0774495, 1.14917, 0.996976
1.14933, 0.0777818, 1.1495, 0.990494
1.14967, 0.0781119, 1.14983, 0.983985
1.15, 0.0784399, 1.15017, 0.977448
1.15033, 0.0787658, 1.1505, 0.970884
1.15067, 0.0790894, 1.15083, 0.964294
1.151, 0.0794108, 1.15117, 0.957676
1.15133, 0.07973, 1.1515, 0.951032
1.15167, 0.080047, 1.15183, 0.944361
1.152, 0.0803618, 1.15217, 0.937664
1.15233, 0.0806744, 1.1525, 0.930942
1.15267, 0.0809847, 1.15283, 0.924193
1.153, 0.0812928, 1.15317, 0.917418
1.15333, 0.0815986, 1.1535, 0.910619
1.15367, 0.0819021, 1.15383, 0.903793
1.154, 0.0822034, 1.15417, 0.896943
1.15433, 0.0825024, 1.1545, 0.890068
1.15467, 0.082799, 1.15483, 0.883168
1.155, 0.0830934, 1.15517, 0.876244
1.15533, 0.0833855, 1.1555, 0.869295
1.15567, 0.0836753, 1.15583, 0.862322
1.156, 0.0839627, 1.15617, 0.855325
1.15633, 0.0842478, 1.1565, 0.848304
1.15667, 0.0845306, 1.15683, 0.84126
1.157, 0.084811, 1.15717, 0.834192
1.15733, 0.0850891, 1.1575, 0.827102
1.15767, 0.0853648, 1.15783, 0.819988
1.158, 0.0856381, 1.15817, 0.812851
1.15833, 0.0859091, 1.1585, 0.805692
1.15867, 0.0861776, 1.15883, 0.798511
1.159, 0.0864438, 1.15917, 0.791307
1.15933, 0.0867076, 1.1595, 0.784082
1.15967, 0.0869689, 1.15983, 0.776834
1.16, 0.0872279, 1.16017, 0.769565
1.16033, 0.0874844, 1.1605, 0.762275
1.16067, 0.0877385, 1.16083, 0.754963
1.161, 0.0879901, 1.16117, 0.747631
1.16133, 0.0882394, 1.1615, 0.740277
1.16167, 0.0884861, 1.16183, 0.732904
1.162, 0.0887304, 1.16217, 0.725509
1.16233, 0.0889722, 1.1625, 0.718095
1.16267, 0.0892116, 1.16283, 0.710661
1.163, 0.0894485, 1.16317, 0.703207
1.16333, 0.0896829, 1.1635, 0.695733
1.16367, 0.0899148, 1.16383, 0.68824
1.164, 0.0901442, 1.16417, 0.680728
1.16433, 0.0903711, 1.1645, 0.673197
1.16467, 0.0905955, 1.16483, 0.665648
1.165, 0.0908174, 1.16517, 0.65808
1.16533, 0.0910368, 1.1655, 0.650493
1.16567, 0.0912536, 1.16583, 0.642889
1.166, 0.0914679, 1.16617, 0.635266
1.16633, 0.0916797, 1.1665, 0.627626
1.16667, 0.0918889, 1.16683, 0.619969
1.167, 0.0920955, 1.16717, 0.612294
1.16733, 0.0922996, 1.1675, 0.604603
1.16767, 0.0925012, 1.16783, 0.596894
1.168, 0.0927001, 1.16817, 0.589169
1.16833, 0.0928965, 1.1685, 0.581428
1.16867, 0.0930903, 1.16883, 0.57367
1.169, 0.0932815, 1.16917, 0.565897
1.16933, 0.0934702, 1.1695, 0.558108
1.16967, 0.0936562, 1.16983, 0.550303
1.17, 0.0938396, 1.17017, 0.542483
1.17033, 0.0940205, 1.1705, 0.534648
1.17067, 0.0941987, 1.17083, 0.526798
1.171, 0.0943743, 1.17117, 0.518934
1.17133, 0.0945473, 1.1715, 0.511055
1.17167, 0.0947176, 1.17183, 0.503162
1.172, 0.0948853, 1.17217, 0.495254
1.17233, 0.0950504, 1.1725, 0.487334
1.17267, 0.0952129, 1.17283, 0.479399
1.173, 0.0953727, 1.17317, 0.471451
1.17333, 0.0955298, 1.1735, 0.463491
1.17367, 0.0956843, 1.17383, 0.455517
1.174, 0.0958362, 1.17417, 0.447531
1.17433, 0.0959853, 1.1745, 0.439532
1.17467, 0.0961318, 1.17483, 0.431521
1.175, 0.0962757, 1.17517, 0.423498
1.17533, 0.0964169, 1.1755, 0.415463
1.17567, 0.0965553, 1.17583, 0.407417
1.176, 0.0966911, 1.17617, 0.399359
1.17633, 0.0968243, 1.1765, 0.391291
1.17667, 0.0969547, 1.17683, 0.383211
1.177, 0.0970824, 1.17717, 0.375121
1.17733, 0.0972075, 1.1775, 0.36702
1.17767, 0.0973298, 1.17783, 0.358909
1.178, 0.0974494, 1.17817, 0.350789
1.17833, 0.0975664, 1.1785, 0.342658
1.17867, 0.0976806, 1.17883, 0.334518
1.179, 0.0977921, 1.17917, 0.326369
1.17933, 0.0979009, 1.1795, 0.31821
1.17967, 0.098007, 1.17983, 0.310043
1.18, 0.0981103, 1.18017, 0.301867
1.18033, 0.0982109, 1.1805, 0.293683
1.18067, 0.0983088, 1.18083, 0.285491
1.181, 0.098404, 1.18117, 0.27729
1.18133, 0.0984964, 1.1815, 0.269082
1.18167, 0.0985861, 1.18183, 0.260867
1.182, 0.0986731, 1.18217, 0.252644
1.18233, 0.0987573, 1.1825, 0.244414
1.18267, 0.0988388, 1.18283, 0.236178
1.183, 0.0989175, 1.18317, 0.227934
1.18333, 0.0989935, 1.1835, 0.219685
1.18367, 0.0990667, 1.18383, 0.211429
1.184, 0.0991372, 1.18417, 0.203168
1.18433, 0.0992049, 1.1845, 0.194901
1.18467, 0.0992699, 1.18483, 0.186628
1.185, 0.0993321, 1.18517, 0.178351
1.18533, 0.0993915, 1.1855, 0.170068
1.18567, 0.0994482, 1.18583, 0.161781
1.186, 0.0995021, 1.18617, 0.153489
1.18633, 0.0995533, 1.1865, 0.145193
1.18667, 0.0996017, 1.18683, 0.136893
1.187, 0.0996473, 1.18717, 0.128589
1.18733, 0.0996902, 1.1875, 0.120281
1.18767, 0.0997303, 1.18783, 0.11197
1.188, 0.0997676, 1.18817, 0.103656
1.18833, 0.0998022, 1.1885, 0.0953395
1.18867, 0.0998339, 1.18883, 0.08702
1.189, 0.0998629, 1.18917, 0.0786981
1.18933, 0.0998892, 1.1895, 0.070374
1.18967, 0.0999126, 1.18983, 0.062048
1.19, 0.0999333, 1.19017, 0.0537202
1.19033, 0.0999512, 1.1905, 0.0453909
1.19067, 0.0999664, 1.19083, 0.0370604
1.191, 0.0999787, 1.19117, 0.0287289
1.19133, 0.0999883, 1.1915, 0.0203965
1.19167, 0.0999951, 1.19183, 0.0120636
1.192, 0.0999991, 1.19217, 0.00373032
1.19233, 0.1, 1.1925, -0.00460305
1.19267, 0.0999988, 1.19283, -0.0129363
1.193, 0.0999945, 1.19317, -0.0212692
1.19333, 0.0999874, 1.1935, -0.0296014
1.19367, 0.0999775, 1.19383, -0.0379329
1.194, 0.0999649, 1.19417, -0.0462633
1.19433, 0.0999495, 1.1945, -0.0545924
1.19467, 0.0999313, 1.19483, -0.06292
1.195, 0.0999103, 1.19517, -0.0712459
1.19533, 0.0998866, 1.1955, -0.0795698
1.19567, 0.09986, 1.19583, -0.0878914
1.196, 0.0998307, 1.19617, -0.0962107
1.19633, 0.0997987, 1.1965, -0.104527
1.19667, 0.0997638, 1.19683, -0.112841
1.197, 0.0997262, 1.19717, -0.121151
1.19733, 0.0996858, 1.1975, -0.129459
1.19767, 0.0996427, 1.19783, -0.137762
1.198, 0.0995968, 1.19817, -0.146062
1.19833, 0.0995481, 1.1985, -0.154358
1.19867, 0.0994966, 1.19883, -0.162649
1.199, 0.0994424, 1.19917, -0.170936
1.19933, 0.0993854, 1.1995, -0.179218
1.19967, 0.0993257, 1.19983, -0.187495
1.2, 0.0992632, 1.20017, -0.195767
1.20033, 0.0991979, 1.2005, -0.204033
1.20067, 0.0991299, 1.20083, -0.212294
1.201, 0.0990591, 1.20117, -0.220549
1.20133, 0.0989856, 1.2015, -0.228798
1.20167, 0.0989094, 1.20183, -0.23704
1.202, 0.0988304, 1.20217, -0.245276
1.20233, 0.0987486, 1.2025, -0.253505
1.20267, 0.0986641, 1.20283, -0.261727
1.203, 0.0985768, 1.20317, -0.269942
1.20333, 0.0984869, 1.2035, -0.278149
1.20367, 0.0983942, 1.20383, -0.286349
1.204, 0.0982987, 1.20417, -0.29454
1.20433, 0.0982005, 1.2045, -0.302724
1.20467, 0.0980996, 1.20483, -0.310899
1.205, 0.097996, 1.20517, -0.319065
1.20533, 0.0978896, 1.2055, -0.327223
1.20567, 0.0977806, 1.20583, -0.335371
1.206, 0.0976688, 1.20617, -0.34351
1.20633, 0.0975543, 1.2065, -0.35164
1.20667, 0.097437, 1.20683, -0.359759
1.207, 0.0973171, 1.20717, -0.367869
1.20733, 0.0971945, 1.2075, -0.375969
1.20767, 0.0970692, 1.20783, -0.384058
1.208, 0.0969412, 1.20817, -0.392136
1.20833, 0.0968104, 1.2085, -0.400204
1.20867, 0.096677, 1.20883, -0.40826
1.209, 0.096541, 1.20917, -0.416305
1.20933, 0.0964022, 1.2095, -0.424339
1.20967, 0.0962607, 1.20983, -0.43236
1.21, 0.0961166, 1.21017, -0.44037
1.21033, 0.0959698, 1.2105, -0.448368
1.21067, 0.0958204, 1.21083, -0.456353
1.211, 0.0956683, 1.21117, -0.464325
1.21133, 0.0955135, 1.2115, -0.472284
1.21167, 0.0953561, 1.21183, -0.480231
1.212, 0.095196, 1.21217, -0.488164
1.21233, 0.0950333, 1.2125, -0.496083
1.21267, 0.0948679, 1.21283, -0.503989
1.213, 0.0946999, 1.21317, -0.511881
1.21333, 0.0945293, 1.2135, -0.519758
1.21367, 0.094356, 1.21383, -0.527621
1.214, 0.0941801, 1.21417, -0.535469
1.21433, 0.0940017, 1.2145, -0.543303
1.21467, 0.0938206, 1.21483, -0.551121
1.215, 0.0936369, 1.21517, -0.558924
1.21533, 0.0934505, 1.2155, -0.566712
1.21567, 0.0932616, 1.21583, -0.574484
1.216, 0.0930701, 1.21617, -0.582239
1.21633, 0.0928761, 1.2165, -0.589979
1.21667, 0.0926794, 1.21683, -0.597702
1.217, 0.0924802, 1.21717, -0.605409
1.21733, 0.0922784, 1.2175, -0.613099
1.21767, 0.092074, 1.21783, -0.620772
1.218, 0.0918671, 1.21817, -0.628427
1.21833, 0.0916576, 1.2185, -0.636065
1.21867, 0.0914456, 1.21883, -0.643686
1.219, 0.091231, 1.21917, -0.651289
1.21933, 0.0910139, 1.2195, -0.658873
1.21967, 0.0907943, 1.21983, -0.666439
1.22, 0.0905722, 1.22017, -0.673987
1.22033, 0.0903475, 1.2205, -0.681516
1.22067, 0.0901203, 1.22083, -0.689026
1.221, 0.0898906, 1.22117, -0.696517
1.22133, 0.0896585, 1.2215, -0.703988
1.22167, 0.0894238, 1.22183, -0.71144
1.222, 0.0891867, 1.22217, -0.718873
1.22233, 0.088947, 1.2225, -0.726285
1.22267, 0.0887049, 1.22283, -0.733677
1.223, 0.0884604, 1.22317, -0.741049
1.22333, 0.0882134, 1.2235, -0.7484
1.22367, 0.0879639, 1.22383, -0.75573
1.224, 0.087712, 1.22417, -0.763039
1.22433, 0.0874576, 1.2245, -0.770327
1.22467, 0.0872009, 1.22483, -0.777594
1.225, 0.0869417, 1.22517, -0.784839
1.22533, 0.0866801, 1.2255, -0.792063
1.22567, 0.086416, 1.22583, -0.799264
1.226, 0.0861496, 1.22617, -0.806443
1.22633, 0.0858808, 1.2265, -0.8136
1.22667, 0.0856096, 1.22683, -0.820734
1.227, 0.085336, 1.22717, -0.827845
1.22733, 0.0850601, 1.2275, -0.834934
1.22767, 0.0847818, 1.22783, -0.841999
1.228, 0.0845011, 1.22817, -0.849041
1.22833, 0.0842181, 1.2285, -0.856059
1.22867, 0.0839327, 1.22883, -0.863053
1.229, 0.083645, 1.22917, -0.870024
1.22933, 0.083355, 1.2295, -0.87697
1.22967, 0.0830627, 1.22983, -0.883892
1.23, 0.0827681, 1.23017, -0.890789
1.23033, 0.0824712, 1.2305, -0.897662
1.23067, 0.0821719, 1.23083, -0.904509
1.231, 0.0818704, 1.23117, -0.911332
1.23133, 0.0815667, 1.2315, -0.918129
1.23167, 0.0812606, 1.23183, -0.924901
1.232, 0.0809523, 1.23217, -0.931647
1.23233, 0.0806418, 1.2325, -0.938367
1.23267, 0.080329, 1.23283, -0.945061
1.233, 0.080014, 1.23317, -0.951729
1.23333, 0.0796967, 1.2335, -0.95837
1.23367, 0.0793773, 1.23383, -0.964985
1.234, 0.0790556, 1.23417, -0.971573
1.23433, 0.0787317, 1.2345, -0.978134
1.23467, 0.0784057, 1.23483, -0.984668
1.235, 0.0780775, 1.23517, -0.991174
1.23533, 0.0777471, 1.2355, -0.997653
1.23567, 0.0774145, 1.23583, -1.0041
1.236, 0.0770798, 1.23617, -1.01053
1.23633, 0.076743, 1.2365, -1.01692
1.23667, 0.076404, 1.23683, -1.02329
1.237, 0.0760629, 1.23717, -1.02963
1.23733, 0.0757197, 1.2375, -1.03594
1.23767, 0.0753744, 1.23783, -1.04222
1.238, 0.075027, 1.23817, -1.04847
1.23833, 0.0746775, 1.2385, -1.0547
1.23867, 0.0743259, 1.23883, -1.06089
1.239, 0.0739723, 1.23917, -1.06705
1.23933, 0.0736166, 1.2395, -1.07319
1.23967, 0.0732589, 1.23983, -1.07929
1.24, 0.0728991, 1.24017, -1.08537
1.24033, 0.0725373, 1.2405, -1.09141
1.24067, 0.0721735, 1.24083, -1.09743
1.241, 0.0718077, 1.24117, -1.10341
1.24133, 0.0714399, 1.2415, -1.10936
1.24167, 0.0710701, 1.24183, -1.11529
1.242, 0.0706984, 1.24217, -1.12118
1.24233, 0.0703246, 1.2425, -1.12704
1.24267, 0.069949, 1.24283, -1.13287
1.243, 0.0695713, 1.24317, -1.13867
1.24333, 0.0691918, 1.2435, -1.14443
1.24367, 0.0688103, 1.24383, -1.15017
1.244, 0.0684269, 1.24417, -1.15587
1.24433, 0.0680416, 1.2445, -1.16154
1.24467, 0.0676544, 1.24483, -1.16718
1.245, 0.0672654, 1.24517, -1.17278
1.24533, 0.0668745, 1.2455, -1.17835
1.24567, 0.0664817, 1.24583, -1.18389
1.246, 0.066087, 1.24617, -1.1894
1.24633, 0.0656906, 1.2465, -1.19488
1.24667, 0.0652923, 1.24683, -1.20032
1.247, 0.0648922, 1.24717, -1.20572
1.24733, 0.0644903, 1.2475, -1.2111
1.24767, 0.0640866, 1.24783, -1.21644
1.248, 0.0636811, 1.24817, -1.22175
1.24833, 0.0632738, 1.2485, -1.22702
1.24867, 0.0628648, 1.24883, -1.23226
1.249, 0.0624541, 1.24917, -1.23746
1.24933, 0.0620416, 1.2495, -1.24263
1.24967, 0.0616274, 1.24983, -1.24777
1.25, 0.0612115, 1.25017, -1.25287
1.25033, 0.0607938, 1.2505, -1.25793
1.25067, 0.0603745, 1.25083, -1.26297
1.251, 0.0599535, 1.25117, -1.26796
1.25133, 0.0595309, 1.2515, -1.27292
1.25167, 0.0591066, 1.25183, -1.27785
1.252, 0.0586806, 1.25217, -1.28274
1.25233, 0.058253, 1.2525, -1.28759
1.25267, 0.0578238, 1.25283, -1.29241
1.253, 0.057393, 1.25317, -1.29719
1.25333, 0.0569606, 1.2535, -1.30194
1.25367, 0.0565267, 1.25383, -1.30665
1.254, 0.0560911, 1.25417, -1.31133
1.25433, 0.055654, 1.2545, -1.31596
1.25467, 0.0552153, 1.25483, -1.32057
1.255, 0.0547752, 1.25517, -1.32513
1.25533, 0.0543335, 1.2555, -1.32966
1.25567, 0.0538902, 1.25583, -1.33415
1.256, 0.0534455, 1.25617, -1.3386
1.25633, 0.0529993, 1.2565, -1.34302
1.25667, 0.0525516, 1.25683, -1.3474
1.257, 0.0521025, 1.25717, -1.35174
1.25733, 0.0516519, 1.2575, -1.35604
1.25767, 0.0511999, 1.25783, -1.36031
1.258, 0.0507465, 1.25817, -1.36454
1.25833, 0.0502916, 1.2585, -1.36873
1.25867, 0.0498354, 1.25883, -1.37288
1.259, 0.0493778, 1.25917, -1.377
1.25933, 0.0489188, 1.2595, -1.38108
1.25967, 0.0484584, 1.25983, -1.38511
1.26, 0.0479967, 1.26017, -1.38911
1.26033, 0.0475337, 1.2605, -1.39307
1.26067, 0.0470693, 1.26083, -1.397
1.261, 0.0466036, 1.26117, -1.40088
1.26133, 0.0461367, 1.2615, -1.40473
1.26167, 0.0456684, 1.26183, -1.40853
1.262, 0.0451989, 1.26217, -1.4123
1.26233, 0.0447282, 1.2625, -1.41602
1.26267, 0.0442561, 1.26283, -1.41971
1.263, 0.0437829, 1.26317, -1.42336
1.26333, 0.0433085, 1.2635, -1.42697
1.26367, 0.0428328, 1.26383, -1.43054
1.264, 0.042356, 1.26417, -1.43407
1.26433, 0.0418779, 1.2645, -1.43756
1.26467, 0.0413987, 1.26483, -1.44101
1.265, 0.0409184, 1.26517, -1.44442
1.26533, 0.0404369, 1.2655, -1.44779
1.26567, 0.0399543, 1.26583, -1.45112
1.266, 0.0394706, 1.26617, -1.45441
1.26633, 0.0389858, 1.2665, -1.45766
1.26667, 0.0384999, 1.26683, -1.46086
1.267, 0.038013, 1.26717, -1.46403
1.26733, 0.037525, 1.2675, -1.46716
1.26767, 0.0370359, 1.26783, -1.47025
1.268, 0.0365458, 1.26817, -1.47329
1.26833, 0.0360547, 1.2685, -1.4763
1.26867, 0.0355626, 1.26883, -1.47926
1.269, 0.0350696, 1.26917, -1.48218
1.26933, 0.0345755, 1.2695, -1.48506
1.26967, 0.0340805, 1.26983, -1.4879
1.27, 0.0335845, 1.27017, -1.4907
1.27033, 0.0330876, 1.2705, -1.49346
1.27067, 0.0325898, 1.27083, -1.49618
1.271, 0.0320911, 1.27117, -1.49885
1.27133, 0.0315915, 1.2715, -1.50148
1.27167, 0.031091, 1.27183, -1.50407
1.272, 0.0305896, 1.27217, -1.50662
1.27233, 0.0300874, 1.2725, -1.50913
1.27267, 0.0295843, 1.27283, -1.51159
1.273, 0.0290805, 1.27317, -1.51402
1.27333, 0.0285758, 1.2735, -1.5164
1.27367, 0.0280703, 1.27383, -1.51874
1.274, 0.0275641, 1.27417, -1.52104
1.27433, 0.0270571, 1.2745, -1.52329
1.27467, 0.0265493, 1.27483, -1.5255
1.275, 0.0260408, 1.27517, -1.52767
1.27533, 0.0255316, 1.2755, -1.5298
1.27567, 0.0250217, 1.27583, -1.53189
1.276, 0.024511, 1.27617, -1.53393
1.27633, 0.0239997, 1.2765, -1.53593
1.27667, 0.0234878, 1.27683, -1.53789
1.277, 0.0229751, 1.27717, -1.5398
1.27733, 0.0224619, 1.2775, -1.54167
1.27767, 0.021948, 1.27783, -1.5435
1.278, 0.0214335, 1.27817, -1.54529
1.27833, 0.0209184, 1.2785, -1.54703
1.27867, 0.0204027, 1.27883, -1.54873
1.279, 0.0198865, 1.27917, -1.55039
1.27933, 0.0193697, 1.2795, -1.552
1.27967, 0.0188523, 1.27983, -1.55357
1.28, 0.0183345, 1.28017, -1.5551
1.28033, 0.0178161, 1.2805, -1.55659
1.28067, 0.0172972, 1.28083, -1.55803
1.281, 0.0167779, 1.28117, -1.55942
1.28133, 0.0162581, 1.2815, -1.56078
1.28167, 0.0157378, 1.28183, -1.56209
1.282, 0.0152171, 1.28217, -1.56336
1.28233, 0.014696, 1.2825, -1.56458
1.28267, 0.0141745, 1.28283, -1.56577
1.283, 0.0136526, 1.28317, -1.5669
1.28333, 0.0131303, 1.2835, -1.568
1.28367, 0.0126076, 1.28383, -1.56905
1.284, 0.0120846, 1.28417, -1.57005
1.28433, 0.0115612, 1.2845, -1.57102
1.28467, 0.0110376, 1.28483, -1.57194
1.285, 0.0105136, 1.28517, -1.57281
1.28533, 0.0099893, 1.2855, -1.57365
1.28567, 0.00946475, 1.28583, -1.57444
1.286, 0.00893994, 1.28617, -1.57518
1.28633, 0.00841488, 1.2865, -1.57588
1.28667, 0.00788959, 1.28683, -1.57654
1.287, 0.00736407, 1.28717, -1.57715
1.28733, 0.00683835, 1.2875, -1.57772
1.28767, 0.00631245, 1.28783, -1.57825
1.288, 0.00578636, 1.28817, -1.57873
1.28833, 0.00526012, 1.2885, -1.57917
1.28867, 0.00473373, 1.28883, -1.57956
1.289, 0.00420721, 1.28917, -1.57991
1.28933, 0.00368057, 1.2895, -1.58022
1.28967, 0.00315383, 1.28983, -1.58048
1.29, 0.002627, 1.29017, -1.5807
1.29033, 0.0021001, 1.2905, -1.58088
1.29067, 0.00157314, 1.29083, -1.58101
1.291, 0.00104614, 1.29117, -1.5811
1.29133, 0.000519109, 1.2915, -1.58114
1.29167, -7.93773e-06, 1.29183, -1.58114
1.292, -0.000534984, 1.29217, -1.58109
1.29233, -0.00106202, 1.2925, -1.58101
1.29267, -0.00158902, 1.29283, -1.58087
1.293, -0.00211597, 1.29317, -1.5807
1.29333, -0.00264287, 1.2935, -1.58048
1.29367, -0.0031697, 1.29383, -1.58021
1.294, -0.00369644, 1.29417, -1.5799
1.29433, -0.00422307, 1.2945, -1.57955
1.29467, -0.00474959, 1.29483, -1.57916
1.295, -0.00527597, 1.29517, -1.57872
1.29533, -0.00580221, 1.2955, -1.57823
1.29567, -0.00632829, 1.29583, -1.57771
1.296, -0.00685419, 1.29617, -1.57713
1.29633, -0.0073799, 1.2965, -1.57652
1.29667, -0.00790541, 1.29683, -1.57586
1.297, -0.0084307, 1.29717, -1.57516
1.29733, -0.00895575, 1.2975, -1.57441
1.29767, -0.00948055, 1.29783, -1.57362
1.298, -0.0100051, 1.29817, -1.57279
1.29833, -0.0105294, 1.2985, -1.57191
1.29867, -0.0110533, 1.29883, -1.57099
1.299, -0.011577, 1.29917, -1.57003
1.29933, -0.0121003, 1.2995, -1.56902
1.29967, -0.0126233, 1.29983, -1.56796
1.3, -0.013146, 1.30017, -1.56687
1.30033, -0.0136683, 1.3005, -1.56573
1.30067, -0.0141902, 1.30083, -1.56455
1.301, -0.0147117, 1.30117, -1.56332
1.30133, -0.0152328, 1.3015, -1.56205
1.30167, -0.0157535, 1.30183, -1.56074
1.302, -0.0162737, 1.30217, -1.55938
1.30233, -0.0167935, 1.3025, -1.55798
1.30267, -0.0173129, 1.30283, -1.55654
1.303, -0.0178317, 1.30317, -1.55506
1.30333, -0.0183501, 1.3035, -1.55353
1.30367, -0.0188679, 1.30383, -1.55195
1.304, -0.0193852, 1.30417, -1.55034
1.30433, -0.019902, 1.3045, -1.54868
1.30467, -0.0204182, 1.30483, -1.54698
1.305, -0.0209339, 1.30517, -1.54523
1.30533, -0.021449, 1.3055, -1.54345
1.30567, -0.0219635, 1.30583, -1.54162
1.306, -0.0224773, 1.30617, -1.53974
1.30633, -0.0229906, 1.3065, -1.53783
1.30667, -0.0235032, 1.30683, -1.53587
1.307, -0.0240151, 1.30717, -1.53387
1.30733, -0.0245264, 1.3075, -1.53182
1.30767, -0.025037, 1.30783, -1.52974
1.308, -0.0255469, 1.30817, -1.52761
1.30833, -0.0260562, 1.3085, -1.52544
1.30867, -0.0265646, 1.30883, -1.52322
1.309, -0.0270724, 1.30917, -1.52097
1.30933, -0.0275794, 1.3095, -1.51867
1.30967, -0.0280856, 1.30983, -1.51633
1.31, -0.028591, 1.31017, -1.51395
1.31033, -0.0290957, 1.3105, -1.51152
1.31067, -0.0295995, 1.31083, -1.50905
1.311, -0.0301025, 1.31117, -1.50655
1.31133, -0.0306047, 1.3115, -1.504
1.31167, -0.031106, 1.31183, -1.5014
1.312, -0.0316065, 1.31217, -1.49877
1.31233, -0.0321061, 1.3125, -1.49609
1.31267, -0.0326048, 1.31283, -1.49338
1.313, -0.0331026, 1.31317, -1.49062
1.31333, -0.0335995, 1.3135, -1.48782
1.31367, -0.0340954, 1.31383, -1.48498
1.314, -0.0345904, 1.31417, -1.48209
1.31433, -0.0350844, 1.3145, -1.47917
1.31467, -0.0355775, 1.31483, -1.47621
1.315, -0.0360696, 1.31517, -1.4732
1.31533, -0.0365606, 1.3155, -1.47015
1.31567, -0.0370507, 1.31583, -1.46707
1.316, -0.0375397, 1.31617, -1.46394
1.31633, -0.0380277, 1.3165, -1.46077
1.31667, -0.0385146, 1.31683, -1.45756
1.317, -0.0390005, 1.31717, -1.45431
1.31733, -0.0394852, 1.3175, -1.45102
1.31767, -0.0399689, 1.31783, -1.44769
1.318, -0.0404515, 1.31817, -1.44432
1.31833, -0.0409329, 1.3185, -1.44091
1.31867, -0.0414132, 1.31883, -1.43745
1.319, -0.0418923, 1.31917, -1.43396
1.31933, -0.0423703, 1.3195, -1.43043
1.31967, -0.0428471, 1.31983, -1.42686
1.32, -0.0433228, 1.32017, -1.42325
1.32033, -0.0437972, 1.3205, -1.4196
1.32067, -0.0442704, 1.32083, -1.41591
1.321, -0.0447424, 1.32117, -1.41218
1.32133, -0.0452131, 1.3215, -1.40842
1.32167, -0.0456826, 1.32183, -1.40461
1.322, -0.0461508, 1.32217, -1.40076
1.32233, -0.0466177, 1.3225, -1.39688
1.32267, -0.0470833, 1.32283, -1.39296
1.323, -0.0475476, 1.32317, -1.38899
1.32333, -0.0480106, 1.3235, -1.38499
1.32367, -0.0484723, 1.32383, -1.38095
1.324, -0.0489326, 1.32417, -1.37688
1.32433, -0.0493916, 1.3245, -1.37276
1.32467, -0.0498492, 1.32483, -1.36861
1.325, -0.0503054, 1.32517, -1.36441
1.32533, -0.0507602, 1.3255, -1.36018
1.32567, -0.0512136, 1.32583, -1.35592
1.326, -0.0516655, 1.32617, -1.35161
1.32633, -0.0521161, 1.3265, -1.34727
1.32667, -0.0525651, 1.32683, -1.34289
1.327, -0.0530128, 1.32717, -1.33847
1.32733, -0.0534589, 1.3275, -1.33401
1.32767, -0.0539036, 1.32783, -1.32952
1.328, -0.0543468, 1.32817, -1.32499
1.32833, -0.0547884, 1.3285, -1.32043
1.32867, -0.0552286, 1.32883, -1.31582
1.329, -0.0556672, 1.32917, -1.31119
1.32933, -0.0561043, 1.3295, -1.30651
1.32967, -0.0565398, 1.32983, -1.3018
1.33, -0.0569737, 1.33017, -1.29705
1.33033, -0.057406, 1.3305, -1.29227
1.33067, -0.0578368, 1.33083, -1.28745
1.331, -0.0582659, 1.33117, -1.28259
1.33133, -0.0586935, 1.3315, -1.2777
1.33167, -0.0591194, 1.33183, -1.27277
1.332, -0.0595436, 1.33217, -1.26781
1.33233, -0.0599662, 1.3325, -1.26282
1.33267, -0.0603872, 1.33283, -1.25778
1.333, -0.0608064, 1.33317, -1.25272
1.33333, -0.061224, 1.3335, -1.24761
1.33367, -0.0616399, 1.33383, -1.24248
1.334, -0.062054, 1.33417, -1.23731
1.33433, -0.0624665, 1.3345, -1.2321
1.33467, -0.0628772, 1.33483, -1.22686
1.335, -0.0632861, 1.33517, -1.22159
1.33533, -0.0636933, 1.3355, -1.21628
1.33567, -0.0640988, 1.33583, -1.21094
1.336, -0.0645024, 1.33617, -1.20556
1.33633, -0.0649043, 1.3365, -1.20015
1.33667, -0.0653043, 1.33683, -1.19471
1.337, -0.0657025, 1.33717, -1.18924
1.33733, -0.066099, 1.3375, -1.18373
1.33767, -0.0664935, 1.33783, -1.17819
1.338, -0.0668863, 1.33817, -1.17261
1.33833, -0.0672771, 1.3385, -1.16701
1.33867, -0.0676661, 1.33883, -1.16137
1.339, -0.0680533, 1.33917, -1.1557
1.33933, -0.0684385, 1.3395, -1.14999
1.33967, -0.0688218, 1.33983, -1.14426
1.34, -0.0692032, 1.34017, -1.13849
1.34033, -0.0695827, 1.3405, -1.13269
1.34067, -0.0699603, 1.34083, -1.12686
1.341, -0.0703359, 1.34117, -1.121
1.34133, -0.0707096, 1.3415, -1.11511
1.34167, -0.0710813, 1.34183, -1.10919
1.342, -0.071451, 1.34217, -1.10323
1.34233, -0.0718188, 1.3425, -1.09725
1.34267, -0.0721845, 1.34283, -1.09123
1.343, -0.0725483, 1.34317, -1.08519
1.34333, -0.07291, 1.3435, -1.07911
1.34367, -0.0732697, 1.34383, -1.073
1.344, -0.0736274, 1.34417, -1.06687
1.34433, -0.073983, 1.3445, -1.0607
1.34467, -0.0743365, 1.34483, -1.05451
1.345, -0.074688, 1.34517, -1.04828
1.34533, -0.0750375, 1.3455, -1.04203
1.34567, -0.0753848, 1.34583, -1.03575
1.346, -0.0757301, 1.34617, -1.02944
1.34633, -0.0760732, 1.3465, -1.0231
1.34667, -0.0764142, 1.34683, -1.01673
1.347, -0.0767532, 1.34717, -1.01033
1.34733, -0.0770899, 1.3475, -1.00391
1.34767, -0.0774246, 1.34783, -0.997458
1.348, -0.0777571, 1.34817, -0.990979
1.34833, -0.0780874, 1.3485, -0.984471
1.34867, -0.0784155, 1.34883, -0.977937
1.349, -0.0787415, 1.34917, -0.971375
1.34933, -0.0790653, 1.3495, -0.964786
1.34967, -0.0793869, 1.34983, -0.958171
1.35, -0.0797063, 1.35017, -0.951528
1.35033, -0.0800235, 1.3505, -0.94486
1.35067, -0.0803384, 1.35083, -0.938165
1.351, -0.0806511, 1.35117, -0.931444
1.35133, -0.0809616, 1.3515, -0.924697
1.35167, -0.0812699, 1.35183, -0.917925
1.352, -0.0815758, 1.35217, -0.911127
1.35233, -0.0818795, 1.3525, -0.904303
1.35267, -0.082181, 1.35283, -0.897455
1.353, -0.0824801, 1.35317, -0.890582
1.35333, -0.082777, 1.3535, -0.883684
1.35367, -0.0830716, 1.35383, -0.876761
1.354, -0.0833638, 1.35417, -0.869814
1.35433, -0.0836537, 1.3545, -0.862843
1.35467, -0.0839414, 1.35483, -0.855848
1.355, -0.0842266, 1.35517, -0.848829
1.35533, -0.0845096, 1.3555, -0.841786
1.35567, -0.0847902, 1.35583, -0.834721
1.356, -0.0850684, 1.35617, -0.827631
1.35633, -0.0853443, 1.3565, -0.820519
1.35667, -0.0856178, 1.35683, -0.813385
1.357, -0.0858889, 1.35717, -0.806227
1.35733, -0.0861577, 1.3575, -0.799047
1.35767, -0.086424, 1.35783, -0.791845
1.358, -0.086688, 1.35817, -0.784621
1.35833, -0.0869495, 1.3585, -0.777376
1.35867, -0.0872086, 1.35883, -0.770108
1.359, -0.0874653, 1.35917, -0.762819
1.35933, -0.0877196, 1.3595, -0.755509
1.35967, -0.0879715, 1.35983, -0.748179
1.36, -0.0882208, 1.36017, -0.740827
1.36033, -0.0884678, 1.3605, -0.733454
1.36067, -0.0887123, 1.36083, -0.726062
1.361, -0.0889543, 1.36117, -0.718649
1.36133, -0.0891938, 1.3615, -0.711216
1.36167, -0.0894309, 1.36183, -0.703764
1.362, -0.0896655, 1.36217, -0.696291
1.36233, -0.0898976, 1.3625, -0.6888
1.36267, -0.0901272, 1.36283, -0.681289
1.363, -0.0903543, 1.36317, -0.67376
1.36333, -0.0905789, 1.3635, -0.666212
1.36367, -0.090801, 1.36383, -0.658645
1.364, -0.0910205, 1.36417, -0.65106
1.36433, -0.0912375, 1.3645, -0.643457
1.36467, -0.091452, 1.36483, -0.635836
1.365, -0.0916639, 1.36517, -0.628197
1.36533, -0.0918733, 1.3655, -0.620541
1.36567, -0.0920802, 1.36583, -0.612868
1.366, -0.0922845, 1.36617, -0.605177
1.36633, -0.0924862, 1.3665, -0.59747
1.36667, -0.0926854, 1.36683, -0.589746
1.367, -0.0928819, 1.36717, -0.582006
1.36733, -0.093076, 1.3675, -0.57425
1.36767, -0.0932674, 1.36783, -0.566477
1.368, -0.0934562, 1.36817, -0.558689
1.36833, -0.0936424, 1.3685, -0.550886
1.36867, -0.0938261, 1.36883, -0.543067
1.369, -0.0940071, 1.36917, -0.535233
1.36933, -0.0941855, 1.3695, -0.527384
1.36967, -0.0943613, 1.36983, -0.519521
1.37, -0.0945345, 1.37017, -0.511643
1.37033, -0.094705, 1.3705, -0.503751
1.37067, -0.0948729, 1.37083, -0.495845
1.371, -0.0950382, 1.37117, -0.487925
1.37133, -0.0952008, 1.3715, -0.479992
1.37167, -0.0953608, 1.37183, -0.472045
1.372, -0.0955182, 1.37217, -0.464085
1.37233, -0.0956729, 1.3725, -0.456112
1.37267, -0.0958249, 1.37283, -0.448127
1.373, -0.0959743, 1.37317, -0.440129
1.37333, -0.096121, 1.3735, -0.432119
1.37367, -0.096265, 1.37383, -0.424097
1.374, -0.0964064, 1.37417, -0.416063
1.37433, -0.0965451, 1.3745, -0.408018
1.37467, -0.0966811, 1.37483, -0.399961
1.375, -0.0968144, 1.37517, -0.391893
1.37533, -0.0969451, 1.3755, -0.383814
1.37567, -0.097073, 1.37583, -0.375725
1.376, -0.0971982, 1.37617, -0.367625
1.37633, -0.0973208, 1.3765, -0.359515
1.37667, -0.0974406, 1.37683, -0.351395
1.377, -0.0975577, 1.37717, -0.343265
1.37733, -0.0976722, 1.3775, -0.335126
1.37767, -0.0977839, 1.37783, -0.326977
1.378, -0.0978929, 1.37817, -0.318819
1.37833, -0.0979991, 1.3785, -0.310653
1.37867, -0.0981027, 1.37883, -0.302477
1.379, -0.0982035, 1.37917, -0.294294
1.37933, -0.0983016, 1.3795, -0.286102
1.37967, -0.098397, 1.37983, -0.277902
1.38, -0.0984896, 1.38017, -0.269695
1.38033, -0.0985795, 1.3805, -0.26148
1.38067, -0.0986667, 1.38083, -0.253258
1.381, -0.0987511, 1.38117, -0.245028
1.38133, -0.0988328, 1.3815, -0.236792
1.38167, -0.0989117, 1.38183, -0.22855
1.382, -0.0989879, 1.38217, -0.220301
1.38233, -0.0990613, 1.3825, -0.212046
1.38267, -0.099132, 1.38283, -0.203785
1.383, -0.0991999, 1.38317, -0.195518
1.38333, -0.0992651, 1.3835, -0.187246
1.38367, -0.0993275, 1.38383, -0.178968
1.384, -0.0993872, 1.38417, -0.170686
1.38433, -0.0994441, 1.3845, -0.162399
1.38467, -0.0994982, 1.38483, -0.154108
1.385, -0.0995496, 1.38517, -0.145812
1.38533, -0.0995982, 1.3855, -0.137512
1.38567, -0.099644, 1.38583, -0.129208
1.386, -0.0996871, 1.38617, -0.120901
1.38633, -0.0997274, 1.3865, -0.112591
1.38667, -0.0997649, 1.38683, -0.104277
1.387, -0.0997997, 1.38717, -0.0959601
1.38733, -0.0998317, 1.3875, -0.0876408
1.38767, -0.0998609, 1.38783, -0.0793191
1.388, -0.0998873, 1.38817, -0.0709951
1.38833, -0.099911, 1.3885, -0.0626692
1.38867, -0.0999319, 1.38883, -0.0543416
1.389, -0.09995, 1.38917, -0.0460124
1.38933, -0.0999653, 1.3895, -0.037682
1.38967, -0.0999779, 1.38983, -0.0293505
1.39, -0.0999877, 1.39017, -0.0210182
1.39033, -0.0999947, 1.3905, -0.0126853
1.39067, -0.0999989, 1.39083, -0.00435203
1.391, -0.1, 1.39117, 0.00398133
1.39133, -0.099999, 1.3915, 0.0123146
1.39167, -0.0999949, 1.39183, 0.0206475
1.392, -0.099988, 1.39217, 0.0289798
1.39233, -0.0999784, 1.3925, 0.0373114
1.39267, -0.0999659, 1.39283, 0.0456419
1.393, -0.0999507, 1.39317, 0.0539711
1.39333, -0.0999327, 1.3935, 0.0622988
1.39367, -0.099912, 1.39383, 0.0706248
1.394, -0.0998884, 1.39417, 0.0789488
1.39433, -0.0998621, 1.3945, 0.0872707
1.39467, -0.099833, 1.39483, 0.0955901
1.395, -0.0998012, 1.39517, 0.103907
1.39533, -0.0997665, 1.3955, 0.112221
1.39567, -0.0997291, 1.39583, 0.120531
1.396, -0.0996889, 1.39617, 0.128839
1.39633, -0.099646, 1.3965, 0.137143
1.39667, -0.0996003, 1.39683, 0.145443
1.397, -0.0995518, 1.39717, 0.153739
1.39733, -0.0995005, 1.3975, 0.16203
1.39767, -0.0994465, 1.39783, 0.170318
1.398, -0.0993898, 1.39817, 0.1786
1.39833, -0.0993302, 1.3985, 0.186878
1.39867, -0.0992679, 1.39883, 0.19515
1.399, -0.0992029, 1.39917, 0.203417
1.39933, -0.0991351, 1.3995, 0.211678
1.39967, -0.0990645, 1.39983, 0.219934
1.4, -0.0989912, 1.40017, 0.228183
1.40033, -0.0989151, 1.4005, 0.236426
1.40067, -0.0988363, 1.40083, 0.244662
1.401, -0.0987548, 1.40117, 0.252892
1.40133, -0.0986705, 1.4015, 0.261114
1.40167, -0.0985835, 1.40183, 0.269329
1.402, -0.0984937, 1.40217, 0.277537
1.40233, -0.0984012, 1.4025, 0.285737
1.40267, -0.0983059, 1.40283, 0.29393
1.403, -0.0982079, 1.40317, 0.302114
1.40333, -0.0981072, 1.4035, 0.310289
1.40367, -0.0980038, 1.40383, 0.318456
1.404, -0.0978977, 1.40417, 0.326614
1.40433, -0.0977888, 1.4045, 0.334763
1.40467, -0.0976772, 1.40483, 0.342903
1.405, -0.0975629, 1.40517, 0.351033
1.40533, -0.0974459, 1.4055, 0.359154
1.40567, -0.0973262, 1.40583, 0.367264
1.406, -0.0972037, 1.40617, 0.375365
1.40633, -0.0970786, 1.4065, 0.383455
1.40667, -0.0969508, 1.40683, 0.391534
1.407, -0.0968203, 1.40717, 0.399602
1.40733, -0.0966871, 1.4075, 0.407659
1.40767, -0.0965512, 1.40783, 0.415705
1.408, -0.0964126, 1.40817, 0.42374
1.40833, -0.0962714, 1.4085, 0.431762
1.40867, -0.0961275, 1.40883, 0.439773
1.409, -0.0959809, 1.40917, 0.447771
1.40933, -0.0958316, 1.4095, 0.455757
1.40967, -0.0956797, 1.40983, 0.463731
1.41, -0.0955251, 1.41017, 0.471691
1.41033, -0.0953679, 1.4105, 0.479638
1.41067, -0.095208, 1.41083, 0.487572
1.411, -0.0950455, 1.41117, 0.495493
1.41133, -0.0948803, 1.4115, 0.5034
1.41167, -0.0947125, 1.41183, 0.511292
1.412, -0.0945421, 1.41217, 0.519171
1.41233, -0.094369, 1.4125, 0.527035
1.41267, -0.0941934, 1.41283, 0.534884
1.413, -0.0940151, 1.41317, 0.542719
1.41333, -0.0938342, 1.4135, 0.550538
1.41367, -0.0936506, 1.41383, 0.558343
1.414, -0.0934645, 1.41417, 0.566131
1.41433, -0.0932758, 1.4145, 0.573904
1.41467, -0.0930845, 1.41483, 0.581661
1.415, -0.0928906, 1.41517, 0.589402
1.41533, -0.0926942, 1.4155, 0.597127
1.41567, -0.0924951, 1.41583, 0.604835
1.416, -0.0922935, 1.41617, 0.612526
1.41633, -0.0920893, 1.4165, 0.6202
1.41667, -0.0918826, 1.41683, 0.627857
1.417, -0.0916733, 1.41717, 0.635496
1.41733, -0.0914615, 1.4175, 0.643118
1.41767, -0.0912471, 1.41783, 0.650722
1.418, -0.0910302, 1.41817, 0.658308
1.41833, -0.0908108, 1.4185, 0.665875
1.41867, -0.0905888, 1.41883, 0.673424
1.419, -0.0903643, 1.41917, 0.680955
1.41933, -0.0901374, 1.4195, 0.688466
1.41967, -0.0899079, 1.41983, 0.695959
1.42, -0.0896759, 1.42017, 0.703432
1.42033, -0.0894414, 1.4205, 0.710885
1.42067, -0.0892044, 1.42083, 0.718319
1.421, -0.088965, 1.42117, 0.725732
1.42133, -0.0887231, 1.4215, 0.733126
1.42167, -0.0884787, 1.42183, 0.740499
1.422, -0.0882319, 1.42217, 0.747852
1.42233, -0.0879826, 1.4225, 0.755184
1.42267, -0.0877309, 1.42283, 0.762495
1.423, -0.0874767, 1.42317, 0.769784
1.42333, -0.0872201, 1.4235, 0.777053
1.42367, -0.0869611, 1.42383, 0.7843
1.424, -0.0866997, 1.42417, 0.791525
1.42433, -0.0864358, 1.4245, 0.798728
1.42467, -0.0861696, 1.42483, 0.805908
1.425, -0.0859009, 1.42517, 0.813067
1.42533, -0.0856299, 1.4255, 0.820203
1.42567, -0.0853565, 1.42583, 0.827316
1.426, -0.0850807, 1.42617, 0.834406
1.42633, -0.0848026, 1.4265, 0.841473
1.42667, -0.0845221, 1.42683, 0.848516
1.427, -0.0842393, 1.42717, 0.855536
1.42733, -0.0839541, 1.4275, 0.862532
1.42767, -0.0836666, 1.42783, 0.869504
1.428, -0.0833768, 1.42817, 0.876452
1.42833, -0.0830846, 1.4285, 0.883376
1.42867, -0.0827901, 1.42883, 0.890275
1.429, -0.0824934, 1.42917, 0.89715
1.42933, -0.0821943, 1.4295, 0.903999
1.42967, -0.081893, 1.42983, 0.910824
1.43, -0.0815894, 1.43017, 0.917623
1.43033, -0.0812835, 1.4305, 0.924396
1.43067, -0.0809754, 1.43083, 0.931144
1.431, -0.080665, 1.43117, 0.937867
1.43133, -0.0803524, 1.4315, 0.944563
1.43167, -0.0800375, 1.43183, 0.951232
1.432, -0.0797205, 1.43217, 0.957876
1.43233, -0.0794012, 1.4325, 0.964492
1.43267, -0.0790797, 1.43283, 0.971082
1.433, -0.078756, 1.43317, 0.977645
1.43333, -0.0784301, 1.4335, 0.984181
1.43367, -0.078102, 1.43383, 0.99069
1.434, -0.0777718, 1.43417, 0.997171
1.43433, -0.0774394, 1.4345, 1.00362
1.43467, -0.0771049, 1.43483, 1.01005
1.435, -0.0767682, 1.43517, 1.01645
1.43533, -0.0764294, 1.4355, 1.02282
1.43567, -0.0760884, 1.43583, 1.02916
1.436, -0.0757454, 1.43617, 1.03547
1.43633, -0.0754002, 1.4365, 1.04175
1.43667, -0.075053, 1.43683, 1.04801
1.437, -0.0747036, 1.43717, 1.05423
1.43733, -0.0743522, 1.4375, 1.06043
1.43767, -0.0739987, 1.43783, 1.06659
1.438, -0.0736432, 1.43817, 1.07273
1.43833, -0.0732856, 1.4385, 1.07884
1.43867, -0.072926, 1.43883, 1.08492
1.439, -0.0725644, 1.43917, 1.09096
1.43933, -0.0722007, 1.4395, 1.09698
1.43967, -0.0718351, 1.43983, 1.10297
1.44, -0.0714674, 1.44017, 1.10892
1.44033, -0.0710978, 1.4405, 1.11485
1.44067, -0.0707262, 1.44083, 1.12074
1.441, -0.0703526, 1.44117, 1.1266
1.44133, -0.069977, 1.4415, 1.13243
1.44167, -0.0695996, 1.44183, 1.13823
1.442, -0.0692202, 1.44217, 1.144
1.44233, -0.0688388, 1.4425, 1.14974
1.44267, -0.0684556, 1.44283, 1.15544
1.443, -0.0680704, 1.44317, 1.16112
1.44333, -0.0676834, 1.4435, 1.16676
1.44367, -0.0672945, 1.44383, 1.17236
1.444, -0.0669037, 1.44417, 1.17794
1.44433, -0.066511, 1.4445, 1.18348
1.44467, -0.0661165, 1.44483, 1.18899
1.445, -0.0657202, 1.44517, 1.19447
1.44533, -0.0653221, 1.4455, 1.19991
1.44567, -0.0649221, 1.44583, 1.20532
1.446, -0.0645203, 1.44617, 1.2107
1.44633, -0.0641167, 1.4465, 1.21604
1.44667, -0.0637114, 1.44683, 1.22135
1.447, -0.0633043, 1.44717, 1.22663
1.44733, -0.0628954, 1.4475, 1.23187
1.44767, -0.0624848, 1.44783, 1.23707
1.448, -0.0620724, 1.44817, 1.24225
1.44833, -0.0616583, 1.4485, 1.24739
1.44867, -0.0612425, 1.44883, 1.25249
1.449, -0.0608251, 1.44917, 1.25756
1.44933, -0.0604059, 1.4495, 1.26259
1.44967, -0.059985, 1.44983, 1.26759
1.45, -0.0595625, 1.45017, 1.27255
1.45033, -0.0591383, 1.4505, 1.27748
1.45067, -0.0587125, 1.45083, 1.28238
1.451, -0.058285, 1.45117, 1.28723
1.45133, -0.0578559, 1.4515, 1.29205
1.45167, -0.0574252, 1.45183, 1.29684
1.452, -0.056993, 1.45217, 1.30159
1.45233, -0.0565591, 1.4525, 1.3063
1.45267, -0.0561237, 1.45283, 1.31098
1.453, -0.0556867, 1.45317, 1.31562
1.45333, -0.0552481, 1.4535, 1.32022
1.45367, -0.0548081, 1.45383, 1.32479
1.454, -0.0543665, 1.45417, 1.32932
1.45433, -0.0539234, 1.4545, 1.33381
1.45467, -0.0534787, 1.45483, 1.33827
1.455, -0.0530327, 1.45517, 1.34269
1.45533, -0.0525851, 1.4555, 1.34707
1.45567, -0.0521361, 1.45583, 1.35142
1.456, -0.0516856, 1.45617, 1.35572
1.45633, -0.0512337, 1.4565, 1.35999
1.45667, -0.0507804, 1.45683, 1.36423
1.457, -0.0503256, 1.45717, 1.36842
1.45733, -0.0498695, 1.4575, 1.37258
1.45767, -0.0494119, 1.45783, 1.37669
1.458, -0.0489531, 1.45817, 1.38077
1.45833, -0.0484928, 1.4585, 1.38481
1.45867, -0.0480312, 1.45883, 1.38882
1.459, -0.0475683, 1.45917, 1.39278
1.45933, -0.047104, 1.4595, 1.39671
1.45967, -0.0466384, 1.45983, 1.40059
1.46, -0.0461716, 1.46017, 1.40444
1.46033, -0.0457034, 1.4605, 1.40825
1.46067, -0.045234, 1.46083, 1.41202
1.461, -0.0447633, 1.46117, 1.41575
1.46133, -0.0442914, 1.4615, 1.41944
1.46167, -0.0438183, 1.46183, 1.42309
1.462, -0.0433439, 1.46217, 1.4267
1.46233, -0.0428683, 1.4625, 1.43027
1.46267, -0.0423916, 1.46283, 1.43381
1.463, -0.0419136, 1.46317, 1.4373
1.46333, -0.0414345, 1.4635, 1.44075
1.46367, -0.0409543, 1.46383, 1.44417
1.464, -0.0404729, 1.46417, 1.44754
1.46433, -0.0399904, 1.4645, 1.45087
1.46467, -0.0395068, 1.46483, 1.45416
1.465, -0.039022, 1.46517, 1.45742
1.46533, -0.0385362, 1.4655, 1.46063
1.46567, -0.0380494, 1.46583, 1.4638
1.466, -0.0375614, 1.46617, 1.46693
1.46633, -0.0370724, 1.4665, 1.47002
1.46667, -0.0365824, 1.46683, 1.47307
1.467, -0.0360914, 1.46717, 1.47607
1.46733, -0.0355994, 1.4675, 1.47904
1.46767, -0.0351064, 1.46783, 1.48197
1.468, -0.0346124, 1.46817, 1.48485
1.46833, -0.0341174, 1.4685, 1.48769
1.46867, -0.0336215, 1.46883, 1.49049
1.469, -0.0331247, 1.46917, 1.49325
1.46933, -0.032627, 1.4695, 1.49597
1.46967, -0.0321283, 1.46983, 1.49865
1.47, -0.0316288, 1.47017, 1.50129
1.47033, -0.0311283, 1.4705, 1.50388
1.47067, -0.030627, 1.47083, 1.50643
1.471, -0.0301249, 1.47117, 1.50894
1.47133, -0.0296219, 1.4715, 1.51141
1.47167, -0.0291181, 1.47183, 1.51384
1.472, -0.0286135, 1.47217, 1.51622
1.47233, -0.0281081, 1.4725, 1.51857
1.47267, -0.0276019, 1.47283, 1.52087
1.473, -0.0270949, 1.47317, 1.52312
1.47333, -0.0265872, 1.4735, 1.52534
1.47367, -0.0260788, 1.47383, 1.52751
1.474, -0.0255696, 1.47417, 1.52964
1.47433, -0.0250597, 1.4745, 1.53173
1.47467, -0.0245492, 1.47483, 1.53378
1.475, -0.0240379, 1.47517, 1.53578
1.47533, -0.023526, 1.4755, 1.53774
1.47567, -0.0230134, 1.47583, 1.53966
1.476, -0.0225002, 1.47617, 1.54153
1.47633, -0.0219863, 1.4765, 1.54337
1.47667, -0.0214719, 1.47683, 1.54516
1.477, -0.0209568, 1.47717, 1.5469
1.47733, -0.0204412, 1.4775, 1.5486
1.47767, -0.019925, 1.47783, 1.55027
1.478, -0.0194082, 1.47817, 1.55188
1.47833, -0.0188909, 1.4785, 1.55346
1.47867, -0.0183731, 1.47883, 1.55499
1.479, -0.0178548, 1.47917, 1.55648
1.47933, -0.017336, 1.4795, 1.55792
1.47967, -0.0168167, 1.47983, 1.55932
1.48, -0.0162969, 1.48017, 1.56068
1.48033, -0.0157767, 1.4805, 1.56199
1.48067, -0.015256, 1.48083, 1.56327
1.481, -0.0147349, 1.48117, 1.56449
1.48133, -0.0142134, 1.4815, 1.56568
1.48167, -0.0136915, 1.48183, 1.56682
1.482, -0.0131692, 1.48217, 1.56792
1.48233, -0.0126466, 1.4825, 1.56897
1.48267, -0.0121236, 1.48283, 1.56998
1.483, -0.0116003, 1.48317, 1.57095
1.48333, -0.0110766, 1.4835, 1.57187
1.48367, -0.0105527, 1.48383, 1.57275
1.484, -0.0100284, 1.48417, 1.57359
1.48433, -0.00950389, 1.4845, 1.57438
1.48467, -0.0089791, 1.48483, 1.57513
1.485, -0.00845406, 1.48517, 1.57583
1.48533, -0.00792878, 1.4855, 1.57649
1.48567, -0.00740329, 1.48583, 1.57711
1.486, -0.00687758, 1.48617, 1.57768
1.48633, -0.00635169, 1.4865, 1.57821
1.48667, -0.00582562, 1.48683, 1.5787
1.487, -0.00529939, 1.48717, 1.57914
1.48733, -0.00477301, 1.4875, 1.57954
1.48767, -0.0042465, 1.48783, 1.57989
1.488, -0.00371987, 1.48817, 1.5802
1.48833, -0.00319313, 1.4885, 1.58047
1.48867, -0.00266631, 1.48883, 1.58069
1.489, -0.00213941, 1.48917, 1.58087
1.48933, -0.00161246, 1.4895, 1.581
1.48967, -0.00108546, 1.48983, 1.58109
1.49, -0.000558429, 1.49017, 1.58114
1.49033, -3.13833e-05, 1.4905, 1.58114
1.49067, 0.000495663, 1.49083, 1.5811
1.491, 0.0010227, 1.49117, 1.58101
1.49133, 0.0015497, 1.4915, 1.58088
1.49167, 0.00207666, 1.49183, 1.58071
1.492, 0.00260357, 1.49217, 1.58049
1.49233, 0.0031304, 1.4925, 1.58023
1.49267, 0.00365714, 1.49283, 1.57993
1.493, 0.00418378, 1.49317, 1.57958
1.49333, 0.00471031, 1.4935, 1.57919
1.49367, 0.00523671, 1.49383, 1.57875
1.494, 0.00576296, 1.49417, 1.57827
1.49433, 0.00628905, 1.4945, 1.57775
1.49467, 0.00681496, 1.49483, 1.57718
1.495, 0.00734069, 1.49517, 1.57657
1.49533, 0.00786621, 1.4955, 1.57591
1.49567, 0.00839152, 1.49583, 1.57521
1.496, 0.00891659, 1.49617, 1.57447
1.49633, 0.00944141, 1.4965, 1.57368
1.49667, 0.00996597, 1.49683, 1.57285
1.497, 0.0104903, 1.49717, 1.57198
1.49733, 0.0110142, 1.4975, 1.57106
1.49767, 0.0115379, 1.49783, 1.5701
1.498, 0.0120613, 1.49817, 1.56909
1.49833, 0.0125843, 1.4985, 1.56804
1.49867, 0.013107, 1.49883, 1.56695
1.499, 0.0136293, 1.49917, 1.56582
1.49933, 0.0141513, 1.4995, 1.56464
1.49967, 0.0146728, 1.49983, 1.56341
1.5, 0.015194, 1.50017, 1.56215
1.50033, 0.0157147, 1.5005, 1.56084
1.50067, 0.0162349, 1.50083, 1.55949
1.501, 0.0167548, 1.50117, 1.55809
1.50133, 0.0172741, 1.5015, 1.55665
1.50167, 0.017793, 1.50183, 1.55517
1.502, 0.0183114, 1.50217, 1.55364
1.50233, 0.0188293, 1.5025, 1.55207
1.50267, 0.0193467, 1.50283, 1.55046
1.503, 0.0198635, 1.50317, 1.5488
1.50333, 0.0203797, 1.5035, 1.54711
1.50367, 0.0208954, 1.50383, 1.54537
1.504, 0.0214106, 1.50417, 1.54358
1.50433, 0.0219251, 1.5045, 1.54175
1.50467, 0.022439, 1.50483, 1.53988
1.505, 0.0229523, 1.50517, 1.53797
1.50533, 0.023465, 1.5055, 1.53602
1.50567, 0.023977, 1.50583, 1.53402
1.506, 0.0244883, 1.50617, 1.53198
1.50633, 0.024999, 1.5065, 1.52989
1.50667, 0.0255089, 1.50683, 1.52777
1.507, 0.0260182, 1.50717, 1.5256
1.50733, 0.0265267, 1.5075, 1.52339
1.50767, 0.0270345, 1.50783, 1.52114
1.508, 0.0275416, 1.50817, 1.51884
1.50833, 0.0280478, 1.5085, 1.5165
1.50867, 0.0285533, 1.50883, 1.51412
1.509, 0.0290581, 1.50917, 1.5117
1.50933, 0.029562, 1.5095, 1.50924
1.50967, 0.030065, 1.50983, 1.50673
1.51, 0.0305673, 1.51017, 1.50419
1.51033, 0.0310687, 1.5105, 1.5016
1.51067, 0.0315692, 1.51083, 1.49897
1.511, 0.0320689, 1.51117, 1.49629
1.51133, 0.0325676, 1.5115, 1.49358
1.51167, 0.0330655, 1.51183, 1.49083
1.512, 0.0335624, 1.51217, 1.48803
1.51233, 0.0340584, 1.5125, 1.48519
1.51267, 0.0345535, 1.51283, 1.48231
1.513, 0.0350476, 1.51317, 1.47939
1.51333, 0.0355407, 1.5135, 1.47643
1.51367, 0.0360329, 1.51383, 1.47343
1.514, 0.036524, 1.51417, 1.47038
1.51433, 0.0370141, 1.5145, 1.4673
1.51467, 0.0375032, 1.51483, 1.46417
1.515, 0.0379913, 1.51517, 1.46101
1.51533, 0.0384783, 1.5155, 1.4578
1.51567, 0.0389642, 1.51583, 1.45455
1.516, 0.0394491, 1.51617, 1.45127
1.51633, 0.0399328, 1.5165, 1.44794
1.51667, 0.0404155, 1.51683, 1.44457
1.517, 0.040897, 1.51717, 1.44116
1.51733, 0.0413774, 1.5175, 1.43771
1.51767, 0.0418566, 1.51783, 1.43423
1.518, 0.0423347, 1.51817, 1.4307
1.51833, 0.0428116, 1.5185, 1.42713
1.51867, 0.0432873, 1.51883, 1.42352
1.519, 0.0437618, 1.51917, 1.41988
1.51933, 0.0442351, 1.5195, 1.41619
1.51967, 0.0447072, 1.51983, 1.41246
1.52, 0.045178, 1.52017, 1.4087
1.52033, 0.0456476, 1.5205, 1.4049
1.52067, 0.0461159, 1.52083, 1.40105
1.521, 0.0465829, 1.52117, 1.39717
1.52133, 0.0470486, 1.5215, 1.39325
1.52167, 0.047513, 1.52183, 1.38929
1.522, 0.0479761, 1.52217, 1.38529
1.52233, 0.0484379, 1.5225, 1.38126
1.52267, 0.0488983, 1.52283, 1.37718
1.523, 0.0493574, 1.52317, 1.37307
1.52333, 0.0498151, 1.5235, 1.36892
1.52367, 0.0502714, 1.52383, 1.36473
1.524, 0.0507263, 1.52417, 1.3605
1.52433, 0.0511798, 1.5245, 1.35623
1.52467, 0.0516319, 1.52483, 1.35193
1.525, 0.0520825, 1.52517, 1.34759
1.52533, 0.0525317, 1.5255, 1.34321
1.52567, 0.0529794, 1.52583, 1.3388
1.526, 0.0534257, 1.52617, 1.33435
1.52633, 0.0538705, 1.5265, 1.32986
1.52667, 0.0543138, 1.52683, 1.32533
1.527, 0.0547555, 1.52717, 1.32077
1.52733, 0.0551958, 1.5275, 1.31617
1.52767, 0.0556345, 1.52783, 1.31153
1.528, 0.0560717, 1.52817, 1.30686
1.52833, 0.0565073, 1.5285, 1.30215
1.52867, 0.0569414, 1.52883, 1.29741
1.529, 0.0573738, 1.52917, 1.29263
1.52933, 0.0578047, 1.5295, 1.28781
1.52967, 0.058234, 1.52983, 1.28296
1.53, 0.0586616, 1.53017, 1.27807
1.53033, 0.0590877, 1.5305, 1.27314
1.53067, 0.059512, 1.53083, 1.26818
1.531, 0.0599348, 1.53117, 1.26319
1.53133, 0.0603558, 1.5315, 1.25816
1.53167, 0.0607752, 1.53183, 1.25309
1.532, 0.0611929, 1.53217, 1.248
1.53233, 0.0616089, 1.5325, 1.24286
1.53267, 0.0620232, 1.53283, 1.23769
1.533, 0.0624358, 1.53317, 1.23249
1.53333, 0.0628466, 1.5335, 1.22725
1.53367, 0.0632557, 1.53383, 1.22198
1.534, 0.063663, 1.53417, 1.21668
1.53433, 0.0640686, 1.5345, 1.21134
1.53467, 0.0644723, 1.53483, 1.20596
1.535, 0.0648743, 1.53517, 1.20056
1.53533, 0.0652745, 1.5355, 1.19512
1.53567, 0.0656729, 1.53583, 1.18965
1.536, 0.0660694, 1.53617, 1.18414
1.53633, 0.0664642, 1.5365, 1.1786
1.53667, 0.066857, 1.53683, 1.17303
1.537, 0.067248, 1.53717, 1.16743
1.53733, 0.0676372, 1.5375, 1.16179
1.53767, 0.0680244, 1.53783, 1.15612
1.538, 0.0684098, 1.53817, 1.15042
1.53833, 0.0687933, 1.5385, 1.14469
1.53867, 0.0691748, 1.53883, 1.13892
1.539, 0.0695545, 1.53917, 1.13313
1.53933, 0.0699322, 1.5395, 1.1273
1.53967, 0.070308, 1.53983, 1.12144
1.54, 0.0706818, 1.54017, 1.11555
1.54033, 0.0710536, 1.5405, 1.10963
1.54067, 0.0714235, 1.54083, 1.10368
1.541, 0.0717914, 1.54117, 1.09769
1.54133, 0.0721573, 1.5415, 1.09168
1.54167, 0.0725212, 1.54183, 1.08564
1.542, 0.0728831, 1.54217, 1.07956
1.54233, 0.0732429, 1.5425, 1.07346
1.54267, 0.0736007, 1.54283, 1.06733
1.543, 0.0739565, 1.54317, 1.06116
1.54333, 0.0743102, 1.5435, 1.05497
1.54367, 0.0746619, 1.54383, 1.04875
1.544, 0.0750115, 1.54417, 1.0425
1.54433, 0.075359, 1.5445, 1.03622
1.54467, 0.0757044, 1.54483, 1.02991
1.545, 0.0760477, 1.54517, 1.02357
1.54533, 0.0763889, 1.5455, 1.01721
1.54567, 0.0767279, 1.54583, 1.01081
1.546, 0.0770649, 1.54617, 1.00439
1.54633, 0.0773997, 1.5465, 0.997941
1.54667, 0.0777323, 1.54683, 0.991463
1.547, 0.0780628, 1.54717, 0.984958
1.54733, 0.0783911, 1.5475, 0.978425
1.54767, 0.0787173, 1.54783, 0.971865
1.548, 0.0790412, 1.54817, 0.965279
1.54833, 0.079363, 1.5485, 0.958665
1.54867, 0.0796825, 1.54883, 0.952025
1.549, 0.0799999, 1.54917, 0.945358
1.54933, 0.080315, 1.5495, 0.938665
1.54967, 0.0806279, 1.54983, 0.931946
1.55, 0.0809385, 1.55017, 0.925201
1.55033, 0.0812469, 1.5505, 0.918431
1.55067, 0.0815531, 1.55083, 0.911635
1.551, 0.081857, 1.55117, 0.904813
1.55133, 0.0821586, 1.5515, 0.897967
1.55167, 0.0824579, 1.55183, 0.891095
1.552, 0.0827549, 1.55217, 0.884199
1.55233, 0.0830497, 1.5525, 0.877278
1.55267, 0.0833421, 1.55283, 0.870333
1.553, 0.0836322, 1.55317, 0.863364
1.55333, 0.08392, 1.5535, 0.85637
1.55367, 0.0842054, 1.55383, 0.849353
1.554, 0.0844886, 1.55417, 0.842313
1.55433, 0.0847693, 1.5545, 0.835248
1.55467, 0.0850477, 1.55483, 0.828161
1.555, 0.0853238, 1.55517, 0.821051
1.55533, 0.0855975, 1.5555, 0.813918
1.55567, 0.0858688, 1.55583, 0.806762
1.556, 0.0861377, 1.55617, 0.799584
1.55633, 0.0864042, 1.5565, 0.792383
1.55667, 0.0866684, 1.55683, 0.785161
1.557, 0.0869301, 1.55717, 0.777917
1.55733, 0.0871894, 1.5575, 0.770651
1.55767, 0.0874463, 1.55783, 0.763364
1.558, 0.0877007, 1.55817, 0.756056
1.55833, 0.0879527, 1.5585, 0.748726
1.55867, 0.0882023, 1.55883, 0.741376
1.559, 0.0884494, 1.55917, 0.734005
1.55933, 0.0886941, 1.5595, 0.726614
1.55967, 0.0889363, 1.55983, 0.719203
1.56, 0.0891761, 1.56017, 0.711771
1.56033, 0.0894133, 1.5605, 0.70432
1.56067, 0.0896481, 1.56083, 0.69685
1.561, 0.0898804, 1.56117, 0.68936
1.56133, 0.0901102, 1.5615, 0.68185
1.56167, 0.0903374, 1.56183, 0.674322
1.562, 0.0905622, 1.56217, 0.666775
1.56233, 0.0907845, 1.5625, 0.65921
1.56267, 0.0910042, 1.56283, 0.651626
1.563, 0.0912214, 1.56317, 0.644025
1.56333, 0.0914361, 1.5635, 0.636405
1.56367, 0.0916482, 1.56383, 0.628768
1.564, 0.0918578, 1.56417, 0.621113
1.56433, 0.0920649, 1.5645, 0.613441
1.56467, 0.0922693, 1.56483, 0.605752
1.565, 0.0924712, 1.56517, 0.598046
1.56533, 0.0926706, 1.5655, 0.590323
1.56567, 0.0928674, 1.56583, 0.582584
1.566, 0.0930616, 1.56617, 0.574829
1.56633, 0.0932532, 1.5665, 0.567058
1.56667, 0.0934422, 1.56683, 0.559271
1.567, 0.0936286, 1.56717, 0.551469
1.56733, 0.0938124, 1.5675, 0.543651
1.56767, 0.0939937, 1.56783, 0.535818
1.568, 0.0941723, 1.56817, 0.52797
1.56833, 0.0943483, 1.5685, 0.520108
1.56867, 0.0945216, 1.56883, 0.512231
1.569, 0.0946924, 1.56917, 0.50434
1.56933, 0.0948605, 1.5695, 0.496435
1.56967, 0.095026, 1.56983, 0.488516
1.57, 0.0951888, 1.57017, 0.480584
1.57033, 0.095349, 1.5705, 0.472638
1.57067, 0.0955065, 1.57083, 0.464679
1.571, 0.0956614, 1.57117, 0.456708
1.57133, 0.0958137, 1.5715, 0.448723
1.57167, 0.0959632, 1.57183, 0.440726
1.572, 0.0961102, 1.57217, 0.432717
1.57233, 0.0962544, 1.5725, 0.424696
1.57267, 0.096396, 1.57283, 0.416663
1.573, 0.0965348, 1.57317, 0.408618
1.57333, 0.096671, 1.5735, 0.400562
1.57367, 0.0968046, 1.57383, 0.392495
1.574, 0.0969354, 1.57417, 0.384417
1.57433, 0.0970635, 1.5745, 0.376329
1.57467, 0.097189, 1.57483, 0.36823
1.575, 0.0973117, 1.57517, 0.36012
1.57533, 0.0974318, 1.5755, 0.352001
1.57567, 0.0975491, 1.57583, 0.343872
1.576, 0.0976637, 1.57617, 0.335733
1.57633, 0.0977756, 1.5765, 0.327585
1.57667, 0.0978848, 1.57683, 0.319428
1.577, 0.0979913, 1.57717, 0.311262
1.57733, 0.0980951, 1.5775, 0.303088
1.57767, 0.0981961, 1.57783, 0.294905
1.578, 0.0982944, 1.57817, 0.286713
1.57833, 0.09839, 1.5785, 0.278514
1.57867, 0.0984828, 1.57883, 0.270307
1.579, 0.0985729, 1.57917, 0.262093
1.57933, 0.0986603, 1.5795, 0.253871
1.57967, 0.0987449, 1.57983, 0.245643
1.58, 0.0988268, 1.58017, 0.237407
1.58033, 0.0989059, 1.5805, 0.229165
1.58067, 0.0989823, 1.58083, 0.220916
1.581, 0.0990559, 1.58117, 0.212662
1.58133, 0.0991268, 1.5815, 0.204401
1.58167, 0.099195, 1.58183, 0.196135
1.582, 0.0992603, 1.58217, 0.187863
1.58233, 0.099323, 1.5825, 0.179586
1.58267, 0.0993828, 1.58283, 0.171304
1.583, 0.0994399, 1.58317, 0.163018
1.58333, 0.0994943, 1.5835, 0.154726
1.58367, 0.0995458, 1.58383, 0.146431
1.584, 0.0995946, 1.58417, 0.138131
1.58433, 0.0996407, 1.5845, 0.129828
1.58467, 0.099684, 1.58483, 0.121521
1.585, 0.0997245, 1.58517, 0.113211
1.58533, 0.0997622, 1.5855, 0.104897
1.58567, 0.0997972, 1.58583, 0.0965807
1.586, 0.0998294, 1.58617, 0.0882616
1.58633, 0.0998588, 1.5865, 0.07994
1.58667, 0.0998854, 1.58683, 0.0716162
1.587, 0.0999093, 1.58717, 0.0632904
1.58733, 0.0999304, 1.5875, 0.0549629
1.58767, 0.0999487, 1.58783, 0.0466339
1.588, 0.0999643, 1.58817, 0.0383035
1.58833, 0.099977, 1.5885, 0.0299721
1.58867, 0.099987, 1.58883, 0.0216398
1.589, 0.0999942, 1.58917, 0.013307
1.58933, 0.0999987, 1.5895, 0.00497375
1.58967, 0.1, 1.58983, -0.00335961
1.59, 0.0999992, 1.59017, -0.0116929
1.59033, 0.0999953, 1.5905, -0.0200258
1.59067, 0.0999886, 1.59083, -0.0283582
1.591, 0.0999792, 1.59117, -0.0366898
1.59133, 0.099967, 1.5915, -0.0450204
1.59167, 0.099952, 1.59183, -0.0533497
1.592, 0.0999342, 1.59217, -0.0616776
1.59233, 0.0999136, 1.5925, -0.0700037
1.59267, 0.0998903, 1.59283, -0.0783279
1.593, 0.0998642, 1.59317, -0.0866499
1.59333, 0.0998353, 1.5935, -0.0949695
1.59367, 0.0998036, 1.59383, -0.103286
1.594, 0.0997692, 1.59417, -0.111601
1.59433, 0.099732, 1.5945, -0.119912
1.59467, 0.099692, 1.59483, -0.128219
1.595, 0.0996493, 1.59517, -0.136523
1.59533, 0.0996038, 1.5955, -0.144824
1.59567, 0.0995555, 1.59583, -0.15312
1.596, 0.0995045, 1.59617, -0.161412
1.59633, 0.0994507, 1.5965, -0.1697
1.59667, 0.0993941, 1.59683, -0.177982
1.597, 0.0993348, 1.59717, -0.18626
1.59733, 0.0992727, 1.5975, -0.194533
1.59767, 0.0992078, 1.59783, -0.2028
1.598, 0.0991402, 1.59817, -0.211062
1.59833, 0.0990699, 1.5985, -0.219318
1.59867, 0.0989968, 1.59883, -0.227568
1.599, 0.0989209, 1.59917, -0.235811
1.59933, 0.0988423, 1.5995, -0.244048
1.59967, 0.098761, 1.59983, -0.252278
1.6, 0.0986769, 1.60017, -0.260501
1.60033, 0.09859, 1.6005, -0.268717
1.60067, 0.0985005, 1.60083, -0.276925
1.601, 0.0984082, 1.60117, -0.285126
1.60133, 0.0983131, 1.6015, -0.293319
1.60167, 0.0982153, 1.60183, -0.301503
1.602, 0.0981148, 1.60217, -0.309679
1.60233, 0.0980116, 1.6025, -0.317847
1.60267, 0.0979057, 1.60283, -0.326006
1.603, 0.097797, 1.60317, -0.334156
1.60333, 0.0976856, 1.6035, -0.342296
1.60367, 0.0975715, 1.60383, -0.350427
1.604, 0.0974547, 1.60417, -0.358548
1.60433, 0.0973352, 1.6045, -0.36666
1.60467, 0.097213, 1.60483, -0.374761
1.605, 0.0970881, 1.60517, -0.382851
1.60533, 0.0969604, 1.6055, -0.390931
1.60567, 0.0968301, 1.60583, -0.399001
1.606, 0.0966971, 1.60617, -0.407059
1.60633, 0.0965614, 1.6065, -0.415105
1.60667, 0.0964231, 1.60683, -0.423141
1.607, 0.096282, 1.60717, -0.431164
1.60733, 0.0961383, 1.6075, -0.439176
1.60767, 0.0959919, 1.60783, -0.447175
1.608, 0.0958428, 1.60817, -0.455162
1.60833, 0.0956911, 1.6085, -0.463136
1.60867, 0.0955367, 1.60883, -0.471098
1.609, 0.0953797, 1.60917, -0.479046
1.60933, 0.09522, 1.6095, -0.486981
1.60967, 0.0950577, 1.60983, -0.494902
1.61, 0.0948927, 1.61017, -0.50281
1.61033, 0.0947251, 1.6105, -0.510704
1.61067, 0.0945549, 1.61083, -0.518583
1.611, 0.094382, 1.61117, -0.526449
1.61133, 0.0942066, 1.6115, -0.534299
1.61167, 0.0940285, 1.61183, -0.542135
1.612, 0.0938477, 1.61217, -0.549956
1.61233, 0.0936644, 1.6125, -0.557761
1.61267, 0.0934785, 1.61283, -0.565551
1.613, 0.09329, 1.61317, -0.573325
1.61333, 0.0930989, 1.6135, -0.581083
1.61367, 0.0929052, 1.61383, -0.588825
1.614, 0.0927089, 1.61417, -0.596551
1.61433, 0.0925101, 1.6145, -0.60426
1.61467, 0.0923086, 1.61483, -0.611953
1.615, 0.0921047, 1.61517, -0.619628
1.61533, 0.0918981, 1.6155, -0.627286
1.61567, 0.091689, 1.61583, -0.634927
1.616, 0.0914774, 1.61617, -0.64255
1.61633, 0.0912632, 1.6165, -0.650155
1.61667, 0.0910465, 1.61683, -0.657742
1.617, 0.0908272, 1.61717, -0.665311
1.61733, 0.0906055, 1.6175, -0.672862
1.61767, 0.0903812, 1.61783, -0.680394
1.618, 0.0901544, 1.61817, -0.687907
1.61833, 0.0899251, 1.6185, -0.6954
1.61867, 0.0896933, 1.61883, -0.702875
1.619, 0.089459, 1.61917, -0.71033
1.61933, 0.0892222, 1.6195, -0.717765
1.61967, 0.0889829, 1.61983, -0.72518
1.62, 0.0887412, 1.62017, -0.732575
1.62033, 0.088497, 1.6205, -0.73995
1.62067, 0.0882504, 1.62083, -0.747304
1.621, 0.0880013, 1.62117, -0.754638
1.62133, 0.0877497, 1.6215, -0.76195
1.62167, 0.0874957, 1.62183, -0.769241
1.622, 0.0872393, 1.62217, -0.776511
1.62233, 0.0869805, 1.6225, -0.78376
1.62267, 0.0867192, 1.62283, -0.790986
1.623, 0.0864556, 1.62317, -0.798191
1.62333, 0.0861895, 1.6235, -0.805373
1.62367, 0.0859211, 1.62383, -0.812533
1.624, 0.0856502, 1.62417, -0.819671
1.62433, 0.085377, 1.6245, -0.826786
1.62467, 0.0851014, 1.62483, -0.833877
1.625, 0.0848234, 1.62517, -0.840946
1.62533, 0.0845431, 1.6255, -0.847991
1.62567, 0.0842605, 1.62583, -0.855013
1.626, 0.0839755, 1.62617, -0.862011
1.62633, 0.0836881, 1.6265, -0.868985
1.62667, 0.0833985, 1.62683, -0.875935
1.627, 0.0831065, 1.62717, -0.88286
1.62733, 0.0828122, 1.6275, -0.889761
1.62767, 0.0825156, 1.62783, -0.896638
1.628, 0.0822167, 1.62817, -0.903489
1.62833, 0.0819156, 1.6285, -0.910315
1.62867, 0.0816121, 1.62883, -0.917116
1.629, 0.0813064, 1.62917, -0.923892
1.62933, 0.0809985, 1.6295, -0.930642
1.62967, 0.0806882, 1.62983, -0.937366
1.63, 0.0803758, 1.63017, -0.944064
1.63033, 0.0800611, 1.6305, -0.950736
1.63067, 0.0797442, 1.63083, -0.957381
1.631, 0.0794251, 1.63117, -0.964
1.63133, 0.0791037, 1.6315, -0.970592
1.63167, 0.0787802, 1.63183, -0.977157
1.632, 0.0784545, 1.63217, -0.983695
1.63233, 0.0781266, 1.6325, -0.990205
1.63267, 0.0777965, 1.63283, -0.996688
1.633, 0.0774643, 1.63317, -1.00314
1.63333, 0.0771299, 1.6335, -1.00957
1.63367, 0.0767934, 1.63383, -1.01597
1.634, 0.0764547, 1.63417, -1.02234
1.63433, 0.0761139, 1.6345, -1.02868
1.63467, 0.075771, 1.63483, -1.035
1.635, 0.075426, 1.63517, -1.04128
1.63533, 0.0750789, 1.6355, -1.04754
1.63567, 0.0747298, 1.63583, -1.05377
1.636, 0.0743785, 1.63617, -1.05997
1.63633, 0.0740252, 1.6365, -1.06614
1.63667, 0.0736698, 1.63683, -1.07227
1.637, 0.0733124, 1.63717, -1.07838
1.63733, 0.0729529, 1.6375, -1.08446
1.63767, 0.0725914, 1.63783, -1.09051
1.638, 0.0722279, 1.63817, -1.09653
1.63833, 0.0718624, 1.6385, -1.10252
1.63867, 0.0714949, 1.63883, -1.10848
1.639, 0.0711254, 1.63917, -1.11441
1.63933, 0.070754, 1.6395, -1.1203
1.63967, 0.0703805, 1.63983, -1.12617
1.64, 0.0700051, 1.64017, -1.132
1.64033, 0.0696278, 1.6405, -1.1378
1.64067, 0.0692485, 1.64083, -1.14357
1.641, 0.0688673, 1.64117, -1.14931
1.64133, 0.0684842, 1.6415, -1.15502
1.64167, 0.0680992, 1.64183, -1.16069
1.642, 0.0677123, 1.64217, -1.16634
1.64233, 0.0673236, 1.6425, -1.17195
1.64267, 0.0669329, 1.64283, -1.17752
1.643, 0.0665404, 1.64317, -1.18307
1.64333, 0.066146, 1.6435, -1.18858
1.64367, 0.0657498, 1.64383, -1.19406
1.644, 0.0653518, 1.64417, -1.19951
1.64433, 0.064952, 1.6445, -1.20492
1.64467, 0.0645503, 1.64483, -1.2103
1.645, 0.0641469, 1.64517, -1.21564
1.64533, 0.0637417, 1.6455, -1.22096
1.64567, 0.0633347, 1.64583, -1.22623
1.646, 0.062926, 1.64617, -1.23148
1.64633, 0.0625155, 1.6465, -1.23669
1.64667, 0.0621032, 1.64683, -1.24186
1.647, 0.0616893, 1.64717, -1.247
1.64733, 0.0612736, 1.6475, -1.25211
1.64767, 0.0608563, 1.64783, -1.25718
1.648, 0.0604372, 1.64817, -1.26222
1.64833, 0.0600165, 1.6485, -1.26722
1.64867, 0.0595941, 1.64883, -1.27219
1.649, 0.05917, 1.64917, -1.27712
1.64933, 0.0587443, 1.6495, -1.28201
1.64967, 0.0583169, 1.64983, -1.28687
1.65, 0.057888, 1.65017, -1.2917
1.65033, 0.0574574, 1.6505, -1.29648
1.65067, 0.0570253, 1.65083, -1.30124
1.651, 0.0565915, 1.65117, -1.30595
1.65133, 0.0561562, 1.6515, -1.31063
1.65167, 0.0557193, 1.65183, -1.31527
1.652, 0.0552809, 1.65217, -1.31988
1.65233, 0.0548409, 1.6525, -1.32445
1.65267, 0.0543995, 1.65283, -1.32898
1.653, 0.0539565, 1.65317, -1.33348
1.65333, 0.053512, 1.6535, -1.33794
1.65367, 0.053066, 1.65383, -1.34236
1.654, 0.0526185, 1.65417, -1.34675
1.65433, 0.0521696, 1.6545, -1.35109
1.65467, 0.0517193, 1.65483, -1.3554
1.655, 0.0512675, 1.65517, -1.35968
1.65533, 0.0508142, 1.6555, -1.36391
1.65567, 0.0503596, 1.65583, -1.36811
1.656, 0.0499036, 1.65617, -1.37227
1.65633, 0.0494461, 1.6565, -1.37639
1.65667, 0.0489873, 1.65683, -1.38047
1.657, 0.0485272, 1.65717, -1.38451
1.65733, 0.0480657, 1.6575, -1.38852
1.65767, 0.0476028, 1.65783, -1.39249
1.658, 0.0471387, 1.65817, -1.39641
1.65833, 0.0466732, 1.6585, -1.4003
1.65867, 0.0462064, 1.65883, -1.40415
1.659, 0.0457384, 1.65917, -1.40797
1.65933, 0.0452691, 1.6595, -1.41174
1.65967, 0.0447985, 1.65983, -1.41547
1.66, 0.0443267, 1.66017, -1.41916
1.66033, 0.0438536, 1.6605, -1.42282
1.66067, 0.0433793, 1.66083, -1.42643
1.661, 0.0429039, 1.66117, -1.43001
1.66133, 0.0424272, 1.6615, -1.43355
1.66167, 0.0419493, 1.66183, -1.43704
1.662, 0.0414703, 1.66217, -1.4405
1.66233, 0.0409902, 1.6625, -1.44391
1.66267, 0.0405088, 1.66283, -1.44729
1.663, 0.0400264, 1.66317, -1.45062
1.66333, 0.0395429, 1.6635, -1.45392
1.66367, 0.0390582, 1.66383, -1.45717
1.664, 0.0385725, 1.66417, -1.46039
1.66433, 0.0380857, 1.6645, -1.46356
1.66467, 0.0375979, 1.66483, -1.4667
1.665, 0.037109, 1.66517, -1.46979
1.66533, 0.036619, 1.6655, -1.47284
1.66567, 0.0361281, 1.66583, -1.47585
1.666, 0.0356361, 1.66617, -1.47882
1.66633, 0.0351432, 1.6665, -1.48175
1.66667, 0.0346493, 1.66683, -1.48464
1.667, 0.0341544, 1.66717, -1.48748
1.66733, 0.0336586, 1.6675, -1.49029
1.66767, 0.0331618, 1.66783, -1.49305
1.668, 0.0326641, 1.66817, -1.49577
1.66833, 0.0321655, 1.6685, -1.49845
1.66867, 0.0316661, 1.66883, -1.50109
1.669, 0.0311657, 1.66917, -1.50369
1.66933, 0.0306645, 1.6695, -1.50624
1.66967, 0.0301624, 1.66983, -1.50876
1.67, 0.0296595, 1.67017, -1.51123
1.67033, 0.0291557, 1.6705, -1.51366
1.67067, 0.0286512, 1.67083, -1.51605
1.671, 0.0281458, 1.67117, -1.51839
1.67133, 0.0276397, 1.6715, -1.5207
1.67167, 0.0271328, 1.67183, -1.52296
1.672, 0.0266251, 1.67217, -1.52518
1.67233, 0.0261167, 1.6725, -1.52735
1.67267, 0.0256076, 1.67283, -1.52949
1.673, 0.0250978, 1.67317, -1.53158
1.67333, 0.0245873, 1.6735, -1.53363
1.67367, 0.0240761, 1.67383, -1.53563
1.674, 0.0235642, 1.67417, -1.5376
1.67433, 0.0230517, 1.6745, -1.53952
1.67467, 0.0225385, 1.67483, -1.5414
1.675, 0.0220247, 1.67517, -1.54323
1.67533, 0.0215103, 1.6755, -1.54502
1.67567, 0.0209953, 1.67583, -1.54677
1.676, 0.0204797, 1.67617, -1.54848
1.67633, 0.0199635, 1.6765, -1.55014
1.67667, 0.0194468, 1.67683, -1.55176
1.677, 0.0189295, 1.67717, -1.55334
1.67733, 0.0184118, 1.6775, -1.55488
1.67767, 0.0178935, 1.67783, -1.55637
1.678, 0.0173747, 1.67817, -1.55781
1.67833, 0.0168554, 1.6785, -1.55922
1.67867, 0.0163357, 1.67883, -1.56058
1.679, 0.0158155, 1.67917, -1.5619
1.67933, 0.0152948, 1.6795, -1.56317
1.67967, 0.0147738, 1.67983, -1.5644
1.68, 0.0142523, 1.68017, -1.56559
1.68033, 0.0137305, 1.6805, -1.56674
1.68067, 0.0132082, 1.68083, -1.56784
1.681, 0.0126856, 1.68117, -1.56889
1.68133, 0.0121626, 1.6815, -1.56991
1.68167, 0.0116393, 1.68183, -1.57088
1.682, 0.0111157, 1.68217, -1.5718
1.68233, 0.0105918, 1.6825, -1.57269
1.68267, 0.0100675, 1.68283, -1.57353
1.683, 0.00954304, 1.68317, -1.57432
1.68333, 0.00901826, 1.6835, -1.57507
1.68367, 0.00849324, 1.68383, -1.57578
1.684, 0.00796798, 1.68417, -1.57644
1.68433, 0.0074425, 1.6845, -1.57706
1.68467, 0.00691681, 1.68483, -1.57764
1.685, 0.00639093, 1.68517, -1.57817
1.68533, 0.00586487, 1.6855, -1.57866
1.68567, 0.00533865, 1.68583, -1.57911
1.686, 0.00481228, 1.68617, -1.57951
1.68633, 0.00428578, 1.6865, -1.57986
1.68667, 0.00375916, 1.68683, -1.58018
1.687, 0.00323243, 1.68717, -1.58045
1.68733, 0.00270562, 1.6875, -1.58067
1.68767, 0.00217873, 1.68783, -1.58085
1.688, 0.00165178, 1.68817, -1.58099
1.68833, 0.00112478, 1.6885, -1.58109
1.68867, 0.000597749, 1.68883, -1.58114
1.689, 7.07043e-05, 1.68917, -1.58114
1.68933, -0.000456343, 1.6895, -1.5811
1.68967, -0.000983377, 1.68983, -1.58102
1.69, -0.00151038, 1.69017, -1.5809
1.69033, -0.00203735, 1.6905, -1.58073
1.69067, -0.00256426, 1.69083, -1.58051
1.691, -0.0030911, 1.69117, -1.58025
1.69133, -0.00361785, 1.6915, -1.57995
1.69167, -0.0041445, 1.69183, -1.57961
1.692, -0.00467103, 1.69217, -1.57922
1.69233, -0.00519744, 1.6925, -1.57879
1.69267, -0.0057237, 1.69283, -1.57831
1.693, -0.0062498, 1.69317, -1.57779
1.69333, -0.00677573, 1.6935, -1.57722
1.69367, -0.00730147, 1.69383, -1.57661
1.694, -0.00782701, 1.69417, -1.57596
1.69433, -0.00835233, 1.6945, -1.57527
1.69467, -0.00887742, 1.69483, -1.57453
1.695, -0.00940226, 1.69517, -1.57374
1.69533, -0.00992685, 1.6955, -1.57292
1.69567, -0.0104512, 1.69583, -1.57204
1.696, -0.0109752, 1.69617, -1.57113
1.69633, -0.0114989, 1.6965, -1.57017
1.69667, -0.0120223, 1.69683, -1.56917
1.697, -0.0125453, 1.69717, -1.56812
1.69733, -0.013068, 1.6975, -1.56704
1.69767, -0.0135904, 1.69783, -1.5659
1.698, -0.0141123, 1.69817, -1.56473
1.69833, -0.0146339, 1.6985, -1.56351
1.69867, -0.0151551, 1.69883, -1.56224
1.699, -0.0156758, 1.69917, -1.56094
1.69933, -0.0161961, 1.6995, -1.55959
1.69967, -0.016716, 1.69983, -1.5582
1.7, -0.0172354, 1.70017, -1.55676
1.70033, -0.0177543, 1.7005, -1.55528
1.70067, -0.0182728, 1.70083, -1.55376
1.701, -0.0187907, 1.70117, -1.55219
1.70133, -0.0193081, 1.7015, -1.55058
1.70167, -0.0198249, 1.70183, -1.54893
1.702, -0.0203412, 1.70217, -1.54723
1.70233, -0.020857, 1.7025, -1.5455
1.70267, -0.0213722, 1.70283, -1.54372
1.703, -0.0218867, 1.70317, -1.54189
1.70333, -0.0224007, 1.7035, -1.54003
1.70367, -0.022914, 1.70383, -1.53812
1.704, -0.0234267, 1.70417, -1.53616
1.70433, -0.0239388, 1.7045, -1.53417
1.70467, -0.0244502, 1.70483, -1.53213
1.705, -0.0249609, 1.70517, -1.53005
1.70533, -0.0254709, 1.7055, -1.52793
1.70567, -0.0259802, 1.70583, -1.52576
1.706, -0.0264888, 1.70617, -1.52356
1.70633, -0.0269967, 1.7065, -1.52131
1.70667, -0.0275038, 1.70683, -1.51901
1.707, -0.0280101, 1.70717, -1.51668
1.70733, -0.0285157, 1.7075, -1.5143
1.70767, -0.0290204, 1.70783, -1.51189
1.708, -0.0295244, 1.70817, -1.50943
1.70833, -0.0300275, 1.7085, -1.50692
1.70867, -0.0305298, 1.70883, -1.50438
1.709, -0.0310313, 1.70917, -1.50179
1.70933, -0.0315319, 1.7095, -1.49916
1.70967, -0.0320316, 1.70983, -1.4965
1.71, -0.0325304, 1.71017, -1.49378
1.71033, -0.0330284, 1.7105, -1.49103
1.71067, -0.0335254, 1.71083, -1.48824
1.711, -0.0340215, 1.71117, -1.4854
1.71133, -0.0345166, 1.7115, -1.48253
1.71167, -0.0350108, 1.71183, -1.47961
1.712, -0.035504, 1.71217, -1.47665
1.71233, -0.0359962, 1.7125, -1.47365
1.71267, -0.0364874, 1.71283, -1.47061
1.713, -0.0369776, 1.71317, -1.46753
1.71333, -0.0374668, 1.7135, -1.46441
1.71367, -0.0379549, 1.71383, -1.46124
1.714, -0.038442, 1.71417, -1.45804
1.71433, -0.038928, 1.7145, -1.4548
1.71467, -0.039413, 1.71483, -1.45151
1.715, -0.0398968, 1.71517, -1.44819
1.71533, -0.0403795, 1.7155, -1.44482
1.71567, -0.0408611, 1.71583, -1.44142
1.716, -0.0413416, 1.71617, -1.43797
1.71633, -0.0418209, 1.7165, -1.43449
1.71667, -0.0422991, 1.71683, -1.43096
1.717, -0.0427761, 1.71717, -1.4274
1.71733, -0.0432519, 1.7175, -1.42379
1.71767, -0.0437265, 1.71783, -1.42015
1.718, -0.0441999, 1.71817, -1.41647
1.71833, -0.044672, 1.7185, -1.41274
1.71867, -0.0451429, 1.71883, -1.40898
1.719, -0.0456126, 1.71917, -1.40518
1.71933, -0.046081, 1.7195, -1.40134
1.71967, -0.0465481, 1.71983, -1.39746
1.72, -0.0470139, 1.72017, -1.39354
1.72033, -0.0474784, 1.7205, -1.38959
1.72067, -0.0479416, 1.72083, -1.38559
1.721, -0.0484035, 1.72117, -1.38156
1.72133, -0.048864, 1.7215, -1.37749
1.72167, -0.0493232, 1.72183, -1.37338
1.722, -0.049781, 1.72217, -1.36923
1.72233, -0.0502374, 1.7225, -1.36504
1.72267, -0.0506924, 1.72283, -1.36082
1.723, -0.051146, 1.72317, -1.35655
1.72333, -0.0515982, 1.7235, -1.35225
1.72367, -0.0520489, 1.72383, -1.34792
1.724, -0.0524982, 1.72417, -1.34354
1.72433, -0.0529461, 1.7245, -1.33913
1.72467, -0.0533925, 1.72483, -1.33468
1.725, -0.0538373, 1.72517, -1.33019
1.72533, -0.0542807, 1.7255, -1.32567
1.72567, -0.0547226, 1.72583, -1.32111
1.726, -0.055163, 1.72617, -1.31651
1.72633, -0.0556018, 1.7265, -1.31188
1.72667, -0.0560391, 1.72683, -1.30721
1.727, -0.0564749, 1.72717, -1.3025
1.72733, -0.056909, 1.7275, -1.29776
1.72767, -0.0573416, 1.72783, -1.29298
1.728, -0.0577726, 1.72817, -1.28817
1.72833, -0.058202, 1.7285, -1.28332
1.72867, -0.0586298, 1.72883, -1.27843
1.729, -0.0590559, 1.72917, -1.27351
1.72933, -0.0594804, 1.7295, -1.26855
1.72967, -0.0599033, 1.72983, -1.26356
1.73, -0.0603245, 1.73017, -1.25854
1.73033, -0.060744, 1.7305, -1.25347
1.73067, -0.0611618, 1.73083, -1.24838
1.731, -0.0615779, 1.73117, -1.24325
1.73133, -0.0619924, 1.7315, -1.23808
1.73167, -0.062405, 1.73183, -1.23288
1.732, -0.062816, 1.73217, -1.22764
1.73233, -0.0632252, 1.7325, -1.22238
1.73267, -0.0636327, 1.73283, -1.21707
1.733, -0.0640384, 1.73317, -1.21174
1.73333, -0.0644423, 1.7335, -1.20637
1.73367, -0.0648444, 1.73383, -1.20096
1.734, -0.0652447, 1.73417, -1.19553
1.73433, -0.0656432, 1.7345, -1.19006
1.73467, -0.0660399, 1.73483, -1.18455
1.735, -0.0664348, 1.73517, -1.17902
1.73533, -0.0668278, 1.7355, -1.17345
1.73567, -0.0672189, 1.73583, -1.16785
1.736, -0.0676082, 1.73617, -1.16221
1.73633, -0.0679956, 1.7365, -1.15654
1.73667, -0.0683811, 1.73683, -1.15085
1.737, -0.0687647, 1.73717, -1.14512
1.73733, -0.0691464, 1.7375, -1.13935
1.73767, -0.0695262, 1.73783, -1.13356
1.738, -0.0699041, 1.73817, -1.12773
1.73833, -0.07028, 1.7385, -1.12188
1.73867, -0.070654, 1.73883, -1.11599
1.739, -0.071026, 1.73917, -1.11007
1.73933, -0.071396, 1.7395, -1.10412
1.73967, -0.071764, 1.73983, -1.09814
1.74, -0.0721301, 1.74017, -1.09213
1.74033, -0.0724941, 1.7405, -1.08609
1.74067, -0.0728561, 1.74083, -1.08002
1.741, -0.0732161, 1.74117, -1.07392
1.74133, -0.0735741, 1.7415, -1.06779
1.74167, -0.07393, 1.74183, -1.06162
1.742, -0.0742839, 1.74217, -1.05543
1.74233, -0.0746357, 1.7425, -1.04921
1.74267, -0.0749855, 1.74283, -1.04297
1.743, -0.0753331, 1.74317, -1.03669
1.74333, -0.0756787, 1.7435, -1.03038
1.74367, -0.0760221, 1.74383, -1.02405
1.744, -0.0763635, 1.74417, -1.01768
1.74433, -0.0767027, 1.7445, -1.01129
1.74467, -0.0770398, 1.74483, -1.00487
1.745, -0.0773748, 1.74517, -0.998423
1.74533, -0.0777076, 1.7455, -0.991947
1.74567, -0.0780382, 1.74583, -0.985444
1.746, -0.0783667, 1.74617, -0.978914
1.74633, -0.078693, 1.7465, -0.972356
1.74667, -0.0790171, 1.74683, -0.965771
1.747, -0.0793391, 1.74717, -0.959159
1.74733, -0.0796588, 1.7475, -0.952521
1.74767, -0.0799763, 1.74783, -0.945857
1.748, -0.0802916, 1.74817, -0.939166
1.74833, -0.0806046, 1.7485, -0.932448
1.74867, -0.0809154, 1.74883, -0.925706
1.749, -0.081224, 1.74917, -0.918937
1.74933, -0.0815303, 1.7495, -0.912143
1.74967, -0.0818344, 1.74983, -0.905323
1.75, -0.0821361, 1.75017, -0.898478
1.75033, -0.0824356, 1.7505, -0.891609
1.75067, -0.0827328, 1.75083, -0.884714
1.751, -0.0830277, 1.75117, -0.877795
1.75133, -0.0833203, 1.7515, -0.870852
1.75167, -0.0836106, 1.75183, -0.863885
1.752, -0.0838986, 1.75217, -0.856893
1.75233, -0.0841842, 1.7525, -0.849878
1.75267, -0.0844675, 1.75283, -0.842839
1.753, -0.0847485, 1.75317, -0.835776
1.75333, -0.0850271, 1.7535, -0.828691
1.75367, -0.0853033, 1.75383, -0.821582
1.754, -0.0855771, 1.75417, -0.814451
1.75433, -0.0858486, 1.7545, -0.807297
1.75467, -0.0861177, 1.75483, -0.80012
1.755, -0.0863844, 1.75517, -0.792921
1.75533, -0.0866487, 1.7555, -0.785701
1.75567, -0.0869106, 1.75583, -0.778458
1.756, -0.0871701, 1.75617, -0.771194
1.75633, -0.0874272, 1.7565, -0.763908
1.75667, -0.0876818, 1.75683, -0.756602
1.757, -0.087934, 1.75717, -0.749274
1.75733, -0.0881838, 1.7575, -0.741925
1.75767, -0.0884311, 1.75783, -0.734556
1.758, -0.0886759, 1.75817, -0.727166
1.75833, -0.0889183, 1.7585, -0.719756
1.75867, -0.0891583, 1.75883, -0.712326
1.759, -0.0893957, 1.75917, -0.704877
1.75933, -0.0896307, 1.7595, -0.697408
1.75967, -0.0898631, 1.75983, -0.689919
1.76, -0.0900931, 1.76017, -0.682411
1.76033, -0.0903206, 1.7605, -0.674885
1.76067, -0.0905455, 1.76083, -0.667339
1.761, -0.090768, 1.76117, -0.659775
1.76133, -0.0909879, 1.7615, -0.652193
1.76167, -0.0912053, 1.76183, -0.644592
1.762, -0.0914202, 1.76217, -0.636974
1.76233, -0.0916325, 1.7625, -0.629338
1.76267, -0.0918423, 1.76283, -0.621684
1.763, -0.0920495, 1.76317, -0.614014
1.76333, -0.0922542, 1.7635, -0.606326
1.76367, -0.0924563, 1.76383, -0.598621
1.764, -0.0926558, 1.76417, -0.5909
1.76433, -0.0928528, 1.7645, -0.583162
1.76467, -0.0930472, 1.76483, -0.575408
1.765, -0.093239, 1.76517, -0.567638
1.76533, -0.0934282, 1.7655, -0.559852
1.76567, -0.0936148, 1.76583, -0.552051
1.766, -0.0937988, 1.76617, -0.544235
1.76633, -0.0939802, 1.7665, -0.536403
1.76667, -0.094159, 1.76683, -0.528556
1.767, -0.0943352, 1.76717, -0.520695
1.76733, -0.0945088, 1.7675, -0.512819
1.76767, -0.0946797, 1.76783, -0.504929
1.768, -0.094848, 1.76817, -0.497025
1.76833, -0.0950137, 1.7685, -0.489108
1.76867, -0.0951767, 1.76883, -0.481176
1.769, -0.0953371, 1.76917, -0.473231
1.76933, -0.0954949, 1.7695, -0.465274
1.76967, -0.09565, 1.76983, -0.457303
1.77, -0.0958024, 1.77017, -0.449319
1.77033, -0.0959522, 1.7705, -0.441323
1.77067, -0.0960993, 1.77083, -0.433315
1.771, -0.0962437, 1.77117, -0.425295
1.77133, -0.0963855, 1.7715, -0.417262
1.77167, -0.0965246, 1.77183, -0.409219
1.772, -0.096661, 1.77217, -0.401164
1.77233, -0.0967947, 1.7725, -0.393097
1.77267, -0.0969257, 1.77283, -0.38502
1.773, -0.0970541, 1.77317, -0.376932
1.77333, -0.0971797, 1.7735, -0.368834
1.77367, -0.0973027, 1.77383, -0.360726
1.774, -0.0974229, 1.77417, -0.352607
1.77433, -0.0975404, 1.7745, -0.344479
1.77467, -0.0976553, 1.77483, -0.336341
1.775, -0.0977674, 1.77517, -0.328193
1.77533, -0.0978768, 1.7755, -0.320037
1.77567, -0.0979835, 1.77583, -0.311872
1.776, -0.0980874, 1.77617, -0.303698
1.77633, -0.0981886, 1.7765, -0.295515
1.77667, -0.0982872, 1.77683, -0.287325
1.777, -0.0983829, 1.77717, -0.279126
1.77733, -0.098476, 1.7775, -0.27092
1.77767, -0.0985663, 1.77783, -0.262706
1.778, -0.0986538, 1.77817, -0.254485
1.77833, -0.0987387, 1.7785, -0.246257
1.77867, -0.0988208, 1.77883, -0.238022
1.779, -0.0989001, 1.77917, -0.22978
1.77933, -0.0989767, 1.7795, -0.221532
1.77967, -0.0990505, 1.77983, -0.213278
1.78, -0.0991216, 1.78017, -0.205018
1.78033, -0.09919, 1.7805, -0.196752
1.78067, -0.0992556, 1.78083, -0.18848
1.781, -0.0993184, 1.78117, -0.180204
1.78133, -0.0993784, 1.7815, -0.171922
1.78167, -0.0994358, 1.78183, -0.163636
1.782, -0.0994903, 1.78217, -0.155345
1.78233, -0.0995421, 1.7825, -0.14705
1.78267, -0.0995911, 1.78283, -0.138751
1.783, -0.0996373, 1.78317, -0.130448
1.78333, -0.0996808, 1.7835, -0.122141
1.78367, -0.0997215, 1.78383, -0.113831
1.784, -0.0997595, 1.78417, -0.105517
1.78433, -0.0997947, 1.7845, -0.0972012
1.78467, -0.0998271, 1.78483, -0.0888823
1.785, -0.0998567, 1.78517, -0.0805609
1.78533, -0.0998835, 1.7855, -0.0722373
1.78567, -0.0999076, 1.78583, -0.0639117
1.786, -0.0999289, 1.78617, -0.0555843
1.78633, -0.0999475, 1.7865, -0.0472553
1.78667, -0.0999632, 1.78683, -0.038925
1.787, -0.0999762, 1.78717, -0.0305937
1.78733, -0.0999864, 1.7875, -0.0222615
1.78767, -0.0999938, 1.78783, -0.0139287
1.788, -0.0999984, 1.78817, -0.00559547
1.78833, -0.1, 1.7885, 0.00273789
1.78867, -0.0999994, 1.78883, 0.0110712
1.789, -0.0999957, 1.78917, 0.0194041
1.78933, -0.0999892, 1.7895, 0.0277366
1.78967, -0.09998, 1.78983, 0.0360683
1.79, -0.099968, 1.79017, 0.0443989
1.79033, -0.0999532, 1.7905, 0.0527283
1.79067, -0.0999356, 1.79083, 0.0610563
1.791, -0.0999152, 1.79117, 0.0693826
1.79133, -0.0998921, 1.7915, 0.0777069
1.79167, -0.0998662, 1.79183, 0.0860291
1.792, -0.0998375, 1.79217, 0.0943489
1.79233, -0.0998061, 1.7925, 0.102666
1.79267, -0.0997719, 1.79283, 0.11098
1.793, -0.0997349, 1.79317, 0.119292
1.79333, -0.0996951, 1.7935, 0.1276
1.79367, -0.0996526, 1.79383, 0.135904
1.794, -0.0996073, 1.79417, 0.144205
1.79433, -0.0995592, 1.7945, 0.152501
1.79467, -0.0995084, 1.79483, 0.160794
1.795, -0.0994548, 1.79517, 0.169081
1.79533, -0.0993984, 1.7955, 0.177365
1.79567, -0.0993393, 1.79583, 0.185643
1.796, -0.0992774, 1.79617, 0.193916
1.79633, -0.0992128, 1.7965, 0.202184
1.79667, -0.0991454, 1.79683, 0.210446
1.797, -0.0990752, 1.79717, 0.218702
1.79733, -0.0990023, 1.7975, 0.226952
1.79767, -0.0989267, 1.79783, 0.235196
1.798, -0.0988483, 1.79817, 0.243434
1.79833, -0.0987671, 1.7985, 0.251664
1.79867, -0.0986832, 1.79883, 0.259888
1.799, -0.0985966, 1.79917, 0.268104
1.79933, -0.0985072, 1.7995, 0.276313
1.79967, -0.0984151, 1.79983, 0.284514
1.8, -0.0983203, 1.80017, 0.292708
1.80033, -0.0982227, 1.8005, 0.300893
1.80067, -0.0981224, 1.80083, 0.30907
1.801, -0.0980194, 1.80117, 0.317238
1.80133, -0.0979137, 1.8015, 0.325398
1.80167, -0.0978052, 1.80183, 0.333548
1.802, -0.097694, 1.80217, 0.341689
1.80233, -0.0975801, 1.8025, 0.349821
1.80267, -0.0974635, 1.80283, 0.357943
1.803, -0.0973442, 1.80317, 0.366055
1.80333, -0.0972222, 1.8035, 0.374157
1.80367, -0.0970975, 1.80383, 0.382248
1.804, -0.09697, 1.80417, 0.390329
1.80433, -0.0968399, 1.8045, 0.398399
1.80467, -0.0967071, 1.80483, 0.406458
1.805, -0.0965717, 1.80517, 0.414506
1.80533, -0.0964335, 1.8055, 0.422542
1.80567, -0.0962926, 1.80583, 0.430566
1.806, -0.0961491, 1.80617, 0.438578
1.80633, -0.0960029, 1.8065, 0.446579
1.80667, -0.0958541, 1.80683, 0.454567
1.807, -0.0957025, 1.80717, 0.462542
1.80733, -0.0955484, 1.8075, 0.470504
1.80767, -0.0953915, 1.80783, 0.478453
1.808, -0.095232, 1.80817, 0.486389
1.80833, -0.0950699, 1.8085, 0.494312
1.80867, -0.0949051, 1.80883, 0.502221
1.809, -0.0947377, 1.80917, 0.510115
1.80933, -0.0945677, 1.8095, 0.517996
1.80967, -0.094395, 1.80983, 0.525862
1.81, -0.0942197, 1.81017, 0.533714
1.81033, -0.0940418, 1.8105, 0.541551
1.81067, -0.0938613, 1.81083, 0.549373
1.811, -0.0936782, 1.81117, 0.557179
1.81133, -0.0934925, 1.8115, 0.56497
1.81167, -0.0933041, 1.81183, 0.572745
1.812, -0.0931132, 1.81217, 0.580505
1.81233, -0.0929197, 1.8125, 0.588248
1.81267, -0.0927236, 1.81283, 0.595975
1.813, -0.092525, 1.81317, 0.603686
1.81333, -0.0923238, 1.8135, 0.611379
1.81367, -0.09212, 1.81383, 0.619056
1.814, -0.0919136, 1.81417, 0.626715
1.81433, -0.0917047, 1.8145, 0.634357
1.81467, -0.0914933, 1.81483, 0.641982
1.815, -0.0912793, 1.81517, 0.649589
1.81533, -0.0910627, 1.8155, 0.657177
1.81567, -0.0908437, 1.81583, 0.664747
1.816, -0.0906221, 1.81617, 0.672299
1.81633, -0.090398, 1.8165, 0.679832
1.81667, -0.0901714, 1.81683, 0.687347
1.817, -0.0899423, 1.81717, 0.694842
1.81733, -0.0897107, 1.8175, 0.702318
1.81767, -0.0894765, 1.81783, 0.709774
1.818, -0.08924, 1.81817, 0.717211
1.81833, -0.0890009, 1.8185, 0.724628
1.81867, -0.0887593, 1.81883, 0.732024
1.819, -0.0885153, 1.81917, 0.7394
1.81933, -0.0882689, 1.8195, 0.746756
1.81967, -0.0880199, 1.81983, 0.754091
1.82, -0.0877686, 1.82017, 0.761405
1.82033, -0.0875148, 1.8205, 0.768698
1.82067, -0.0872585, 1.82083, 0.77597
1.821, -0.0869999, 1.82117, 0.78322
1.82133, -0.0867388, 1.8215, 0.790448
1.82167, -0.0864753, 1.82183, 0.797654
1.822, -0.0862095, 1.82217, 0.804838
1.82233, -0.0859412, 1.8225, 0.812
1.82267, -0.0856705, 1.82283, 0.819139
1.823, -0.0853975, 1.82317, 0.826256
1.82333, -0.085122, 1.8235, 0.833349
1.82367, -0.0848443, 1.82383, 0.84042
1.824, -0.0845641, 1.82417, 0.847467
1.82433, -0.0842816, 1.8245, 0.85449
1.82467, -0.0839968, 1.82483, 0.86149
1.825, -0.0837096, 1.82517, 0.868466
1.82533, -0.0834201, 1.8255, 0.875417
1.82567, -0.0831283, 1.82583, 0.882345
1.826, -0.0828342, 1.82617, 0.889247
1.82633, -0.0825378, 1.8265, 0.896126
1.82667, -0.0822391, 1.82683, 0.902979
1.827, -0.0819381, 1.82717, 0.909807
1.82733, -0.0816348, 1.8275, 0.91661
1.82767, -0.0813293, 1.82783, 0.923387
1.828, -0.0810215, 1.82817, 0.930139
1.82833, -0.0807115, 1.8285, 0.936865
1.82867, -0.0803992, 1.82883, 0.943565
1.829, -0.0800847, 1.82917, 0.950239
1.82933, -0.0797679, 1.8295, 0.956886
1.82967, -0.0794489, 1.82983, 0.963507
1.83, -0.0791278, 1.83017, 0.970101
1.83033, -0.0788044, 1.8305, 0.976668
1.83067, -0.0784789, 1.83083, 0.983208
1.831, -0.0781511, 1.83117, 0.98972
1.83133, -0.0778212, 1.8315, 0.996205
1.83167, -0.0774891, 1.83183, 1.00266
1.832, -0.0771549, 1.83217, 1.00909
1.83233, -0.0768186, 1.8325, 1.01549
1.83267, -0.0764801, 1.83283, 1.02187
1.833, -0.0761394, 1.83317, 1.02821
1.83333, -0.0757967, 1.8335, 1.03453
1.83367, -0.0754519, 1.83383, 1.04082
1.834, -0.0751049, 1.83417, 1.04708
1.83433, -0.0747559, 1.8345, 1.0533
1.83467, -0.0744048, 1.83483, 1.05951
1.835, -0.0740516, 1.83517, 1.06568
1.83533, -0.0736964, 1.8355, 1.07182
1.83567, -0.0733391, 1.83583, 1.07793
1.836, -0.0729798, 1.83617, 1.08401
1.83633, -0.0726185, 1.8365, 1.09006
1.83667, -0.0722551, 1.83683, 1.09608
1.837, -0.0718898, 1.83717, 1.10207
1.83733, -0.0715224, 1.8375, 1.10803
1.83767, -0.0711531, 1.83783, 1.11396
1.838, -0.0707817, 1.83817, 1.11986
1.83833, -0.0704084, 1.8385, 1.12573
1.83867, -0.0700332, 1.83883, 1.13157
1.839, -0.069656, 1.83917, 1.13737
1.83933, -0.0692769, 1.8395, 1.14314
1.83967, -0.0688958, 1.83983, 1.14888
1.84, -0.0685129, 1.84017, 1.15459
1.84033, -0.068128, 1.8405, 1.16027
1.84067, -0.0677413, 1.84083, 1.16592
1.841, -0.0673526, 1.84117, 1.17153
1.84133, -0.0669621, 1.8415, 1.17711
1.84167, -0.0665697, 1.84183, 1.18266
1.842, -0.0661755, 1.84217, 1.18817
1.84233, -0.0657795, 1.8425, 1.19365
1.84267, -0.0653816, 1.84283, 1.1991
1.843, -0.0649819, 1.84317, 1.20452
1.84333, -0.0645804, 1.8435, 1.2099
1.84367, -0.0641771, 1.84383, 1.21525
1.844, -0.063772, 1.84417, 1.22056
1.84433, -0.0633651, 1.8445, 1.22584
1.84467, -0.0629565, 1.84483, 1.23109
1.845, -0.0625462, 1.84517, 1.2363
1.84533, -0.0621341, 1.8455, 1.24148
1.84567, -0.0617202, 1.84583, 1.24662
1.846, -0.0613047, 1.84617, 1.25173
1.84633, -0.0608875, 1.8465, 1.2568
1.84667, -0.0604685, 1.84683, 1.26184
1.847, -0.0600479, 1.84717, 1.26685
1.84733, -0.0596256, 1.8475, 1.27182
1.84767, -0.0592017, 1.84783, 1.27675
1.848, -0.0587761, 1.84817, 1.28165
1.84833, -0.0583489, 1.8485, 1.28651
1.84867, -0.05792, 1.84883, 1.29134
1.849, -0.0574896, 1.84917, 1.29613
1.84933, -0.0570576, 1.8495, 1.30088
1.84967, -0.0566239, 1.84983, 1.3056
1.85, -0.0561887, 1.85017, 1.31028
1.85033, -0.055752, 1.8505, 1.31493
1.85067, -0.0553137, 1.85083, 1.31954
1.851, -0.0548738, 1.85117, 1.32411
1.85133, -0.0544324, 1.8515, 1.32865
1.85167, -0.0539896, 1.85183, 1.33315
1.852, -0.0535452, 1.85217, 1.33761
1.85233, -0.0530993, 1.8525, 1.34203
1.85267, -0.052652, 1.85283, 1.34642
1.853, -0.0522032, 1.85317, 1.35077
1.85333, -0.0517529, 1.8535, 1.35508
1.85367, -0.0513012, 1.85383, 1.35936
1.854, -0.0508481, 1.85417, 1.3636
1.85433, -0.0503936, 1.8545, 1.3678
1.85467, -0.0499376, 1.85483, 1.37196
1.855, -0.0494803, 1.85517, 1.37608
1.85533, -0.0490216, 1.8555, 1.38017
1.85567, -0.0485616, 1.85583, 1.38421
1.856, -0.0481002, 1.85617, 1.38822
1.85633, -0.0476374, 1.8565, 1.39219
1.85667, -0.0471733, 1.85683, 1.39612
1.857, -0.046708, 1.85717, 1.40001
1.85733, -0.0462413, 1.8575, 1.40387
1.85767, -0.0457733, 1.85783, 1.40768
1.858, -0.0453041, 1.85817, 1.41146
1.85833, -0.0448336, 1.8585, 1.41519
1.85867, -0.0443619, 1.85883, 1.41889
1.859, -0.0438889, 1.85917, 1.42255
1.85933, -0.0434148, 1.8595, 1.42617
1.85967, -0.0429394, 1.85983, 1.42974
1.86, -0.0424628, 1.86017, 1.43328
1.86033, -0.041985, 1.8605, 1.43678
1.86067, -0.0415061, 1.86083, 1.44024
1.861, -0.041026, 1.86117, 1.44366
1.86133, -0.0405448, 1.8615, 1.44704
1.86167, -0.0400625, 1.86183, 1.45038
1.862, -0.039579, 1.86217, 1.45367
1.86233, -0.0390944, 1.8625, 1.45693
1.86267, -0.0386088, 1.86283, 1.46015
1.863, -0.0381221, 1.86317, 1.46333
1.86333, -0.0376343, 1.8635, 1.46646
1.86367, -0.0371455, 1.86383, 1.46956
1.864, -0.0366556, 1.86417, 1.47261
1.86433, -0.0361648, 1.8645, 1.47563
1.86467, -0.0356729, 1.86483, 1.4786
1.865, -0.03518, 1.86517, 1.48153
1.86533, -0.0346862, 1.8655, 1.48442
1.86567, -0.0341914, 1.86583, 1.48727
1.866, -0.0336956, 1.86617, 1.49008
1.86633, -0.0331989, 1.8665, 1.49285
1.86667, -0.0327013, 1.86683, 1.49557
1.867, -0.0322028, 1.86717, 1.49825
1.86733, -0.0317034, 1.8675, 1.5009
1.86767, -0.0312031, 1.86783, 1.5035
1.868, -0.0307019, 1.86817, 1.50606
1.86833, -0.0301999, 1.8685, 1.50857
1.86867, -0.029697, 1.86883, 1.51105
1.869, -0.0291933, 1.86917, 1.51348
1.86933, -0.0286888, 1.8695, 1.51587
1.86967, -0.0281835, 1.86983, 1.51822
1.87, -0.0276775, 1.87017, 1.52053
1.87033, -0.0271706, 1.8705, 1.52279
1.87067, -0.026663, 1.87083, 1.52501
1.871, -0.0261547, 1.87117, 1.52719
1.87133, -0.0256456, 1.8715, 1.52933
1.87167, -0.0251359, 1.87183, 1.53142
1.872, -0.0246254, 1.87217, 1.53347
1.87233, -0.0241142, 1.8725, 1.53548
1.87267, -0.0236024, 1.87283, 1.53745
1.873, -0.0230899, 1.87317, 1.53938
1.87333, -0.0225768, 1.8735, 1.54126
1.87367, -0.022063, 1.87383, 1.5431
1.874, -0.0215487, 1.87417, 1.54489
1.87433, -0.0210337, 1.8745, 1.54664
1.87467, -0.0205182, 1.87483, 1.54835
1.875, -0.020002, 1.87517, 1.55002
1.87533, -0.0194854, 1.8755, 1.55164
1.87567, -0.0189682, 1.87583, 1.55322
1.876, -0.0184504, 1.87617, 1.55476
1.87633, -0.0179322, 1.8765, 1.55626
1.87667, -0.0174134, 1.87683, 1.55771
1.877, -0.0168942, 1.87717, 1.55912
1.87733, -0.0163745, 1.8775, 1.56048
1.87767, -0.0158543, 1.87783, 1.5618
1.878, -0.0153337, 1.87817, 1.56308
1.87833, -0.0148127, 1.8785, 1.56431
1.87867, -0.0142912, 1.87883, 1.5655
1.879, -0.0137694, 1.87917, 1.56665
1.87933, -0.0132472, 1.8795, 1.56776
1.87967, -0.0127246, 1.87983, 1.56882
1.88, -0.0122017, 1.88017, 1.56983
1.88033, -0.0116784, 1.8805, 1.57081
1.88067, -0.0111548, 1.88083, 1.57174
1.881, -0.0106309, 1.88117, 1.57262
1.88133, -0.0101067, 1.8815, 1.57346
1.88167, -0.00958218, 1.88183, 1.57426
1.882, -0.00905742, 1.88217, 1.57502
1.88233, -0.00853242, 1.8825, 1.57573
1.88267, -0.00800718, 1.88283, 1.5764
1.883, -0.00748171, 1.88317, 1.57702
1.88333, -0.00695604, 1.8835, 1.5776
1.88367, -0.00643017, 1.88383, 1.57813
1.884, -0.00590413, 1.88417, 1.57863
1.88433, -0.00537792, 1.8845, 1.57907
1.88467, -0.00485156, 1.88483, 1.57948
1.885, -0.00432507, 1.88517, 1.57984
1.88533, -0.00379845, 1.8855, 1.58016
1.88567, -0.00327173, 1.88583, 1.58043
1.886, -0.00274492, 1.88617, 1.58066
1.88633, -0.00221804, 1.8865, 1.58084
1.88667, -0.00169109, 1.88683, 1.58098
1.887, -0.0011641, 1.88717, 1.58108
1.88733, -0.00063707, 1.8875, 1.58113
1.88767, -0.000110025, 1.88783, 1.58114
1.888, 0.000417022, 1.88817, 1.58111
1.88833, 0.000944058, 1.8885, 1.58103
1.88867, 0.00147107, 1.88883, 1.58091
1.889, 0.00199804, 1.88917, 1.58074
1.88933, 0.00252495, 1.8895, 1.58053
1.88967, 0.00305179, 1.88983, 1.58028
1.89, 0.00357855, 1.89017, 1.57998
1.89033, 0.00410521, 1.8905, 1.57963
1.89067, 0.00463176, 1.89083, 1.57925
1.891, 0.00515817, 1.89117, 1.57882
1.89133, 0.00568444, 1.8915, 1.57835
1.89167, 0.00621056, 1.89183, 1.57783
1.892, 0.0067365, 1.89217, 1.57727
1.89233, 0.00726226, 1.8925, 1.57666
1.89267, 0.00778781, 1.89283, 1.57601
1.893, 0.00831315, 1.89317, 1.57532
1.89333, 0.00883826, 1.8935, 1.57458
1.89367, 0.00936312, 1.89383, 1.5738
1.894, 0.00988772, 1.89417, 1.57298
1.89433, 0.010412, 1.8945, 1.57211
1.89467, 0.0109361, 1.89483, 1.5712
1.895, 0.0114598, 1.89517, 1.57024
1.89533, 0.0119832, 1.8955, 1.56925
1.89567, 0.0125063, 1.89583, 1.5682
1.896, 0.013029, 1.89617, 1.56712
1.89633, 0.0135514, 1.8965, 1.56599
1.89667, 0.0140734, 1.89683, 1.56482
1.897, 0.014595, 1.89717, 1.5636
1.89733, 0.0151162, 1.8975, 1.56234
1.89767, 0.015637, 1.89783, 1.56104
1.898, 0.0161573, 1.89817, 1.55969
1.89833, 0.0166772, 1.8985, 1.5583
1.89867, 0.0171967, 1.89883, 1.55687
1.899, 0.0177156, 1.89917, 1.55539
1.89933, 0.0182341, 1.8995, 1.55387
1.89967, 0.0187521, 1.89983, 1.55231
1.9, 0.0192695, 1.90017, 1.5507
1.90033, 0.0197864, 1.9005, 1.54905
1.90067, 0.0203027, 1.90083, 1.54736
1.901, 0.0208185, 1.90117, 1.54563
1.90133, 0.0213337, 1.9015, 1.54385
1.90167, 0.0218484, 1.90183, 1.54203
1.902, 0.0223624, 1.90217, 1.54017
1.90233, 0.0228758, 1.9025, 1.53826
1.90267, 0.0233885, 1.90283, 1.53631
1.903, 0.0239006, 1.90317, 1.53432
1.90333, 0.0244121, 1.9035, 1.53228
1.90367, 0.0249228, 1.90383, 1.53021
1.904, 0.0254329, 1.90417, 1.52809
1.90433, 0.0259422, 1.9045, 1.52593
1.90467, 0.0264509, 1.90483, 1.52372
1.905, 0.0269588, 1.90517, 1.52148
1.90533, 0.027466, 1.9055, 1.51919
1.90567, 0.0279723, 1.90583, 1.51686
1.906, 0.028478, 1.90617, 1.51448
1.90633, 0.0289828, 1.9065, 1.51207
1.90667, 0.0294868, 1.90683, 1.50961
1.907, 0.02999, 1.90717, 1.50711
1.90733, 0.0304924, 1.9075, 1.50457
1.90767, 0.0309939, 1.90783, 1.50199
1.908, 0.0314946, 1.90817, 1.49936
1.90833, 0.0319944, 1.9085, 1.4967
1.90867, 0.0324933, 1.90883, 1.49399
1.909, 0.0329913, 1.90917, 1.49124
1.90933, 0.0334883, 1.9095, 1.48845
1.90967, 0.0339845, 1.90983, 1.48562
1.91, 0.0344797, 1.91017, 1.48274
1.91033, 0.0349739, 1.9105, 1.47983
1.91067, 0.0354672, 1.91083, 1.47687
1.911, 0.0359595, 1.91117, 1.47388
1.91133, 0.0364508, 1.9115, 1.47084
1.91167, 0.0369411, 1.91183, 1.46776
1.912, 0.0374303, 1.91217, 1.46464
1.91233, 0.0379185, 1.9125, 1.46148
1.91267, 0.0384057, 1.91283, 1.45828
1.913, 0.0388918, 1.91317, 1.45504
1.91333, 0.0393768, 1.9135, 1.45176
1.91367, 0.0398607, 1.91383, 1.44844
1.914, 0.0403435, 1.91417, 1.44507
1.91433, 0.0408252, 1.9145, 1.44167
1.91467, 0.0413058, 1.91483, 1.43823
1.915, 0.0417852, 1.91517, 1.43475
1.91533, 0.0422635, 1.9155, 1.43123
1.91567, 0.0427405, 1.91583, 1.42766
1.916, 0.0432164, 1.91617, 1.42406
1.91633, 0.0436911, 1.9165, 1.42042
1.91667, 0.0441646, 1.91683, 1.41674
1.917, 0.0446368, 1.91717, 1.41302
1.91733, 0.0451078, 1.9175, 1.40926
1.91767, 0.0455776, 1.91783, 1.40547
1.918, 0.0460461, 1.91817, 1.40163
1.91833, 0.0465133, 1.9185, 1.39775
1.91867, 0.0469792, 1.91883, 1.39384
1.919, 0.0474438, 1.91917, 1.38988
1.91933, 0.0479071, 1.9195, 1.38589
1.91967, 0.0483691, 1.91983, 1.38186
1.92, 0.0488297, 1.92017, 1.37779
1.92033, 0.049289, 1.9205, 1.37368
1.92067, 0.0497469, 1.92083, 1.36954
1.921, 0.0502034, 1.92117, 1.36535
1.92133, 0.0506585, 1.9215, 1.36113
1.92167, 0.0511122, 1.92183, 1.35687
1.922, 0.0515645, 1.92217, 1.35258
1.92233, 0.0520153, 1.9225, 1.34824
1.92267, 0.0524648, 1.92283, 1.34387
1.923, 0.0529127, 1.92317, 1.33946
1.92333, 0.0533592, 1.9235, 1.33501
1.92367, 0.0538042, 1.92383, 1.33053
1.924, 0.0542477, 1.92417, 1.32601
1.92433, 0.0546897, 1.9245, 1.32145
1.92467, 0.0551302, 1.92483, 1.31686
1.925, 0.0555692, 1.92517, 1.31223
1.92533, 0.0560066, 1.9255, 1.30756
1.92567, 0.0564424, 1.92583, 1.30286
1.926, 0.0568767, 1.92617, 1.29812
1.92633, 0.0573094, 1.9265, 1.29334
1.92667, 0.0577405, 1.92683, 1.28853
1.927, 0.05817, 1.92717, 1.28368
1.92733, 0.0585979, 1.9275, 1.2788
1.92767, 0.0590242, 1.92783, 1.27388
1.928, 0.0594488, 1.92817, 1.26893
1.92833, 0.0598718, 1.9285, 1.26394
1.92867, 0.0602931, 1.92883, 1.25891
1.929, 0.0607127, 1.92917, 1.25385
1.92933, 0.0611307, 1.9295, 1.24876
1.92967, 0.061547, 1.92983, 1.24363
1.93, 0.0619615, 1.93017, 1.23847
1.93033, 0.0623743, 1.9305, 1.23327
1.93067, 0.0627854, 1.93083, 1.22804
1.931, 0.0631948, 1.93117, 1.22277
1.93133, 0.0636023, 1.9315, 1.21747
1.93167, 0.0640082, 1.93183, 1.21214
1.932, 0.0644122, 1.93217, 1.20677
1.93233, 0.0648145, 1.9325, 1.20137
1.93267, 0.0652149, 1.93283, 1.19593
1.933, 0.0656136, 1.93317, 1.19046
1.93333, 0.0660104, 1.9335, 1.18496
1.93367, 0.0664054, 1.93383, 1.17943
1.934, 0.0667985, 1.93417, 1.17386
1.93433, 0.0671898, 1.9345, 1.16826
1.93467, 0.0675792, 1.93483, 1.16263
1.935, 0.0679668, 1.93517, 1.15697
1.93533, 0.0683524, 1.9355, 1.15127
1.93567, 0.0687362, 1.93583, 1.14554
1.936, 0.069118, 1.93617, 1.13978
1.93633, 0.069498, 1.9365, 1.13399
1.93667, 0.069876, 1.93683, 1.12817
1.937, 0.070252, 1.93717, 1.12232
1.93733, 0.0706261, 1.9375, 1.11643
1.93767, 0.0709983, 1.93783, 1.11051
1.938, 0.0713684, 1.93817, 1.10457
1.93833, 0.0717366, 1.9385, 1.09859
1.93867, 0.0721028, 1.93883, 1.09258
1.939, 0.072467, 1.93917, 1.08654
1.93933, 0.0728292, 1.9395, 1.08047
1.93967, 0.0731894, 1.93983, 1.07437
1.94, 0.0735475, 1.94017, 1.06824
1.94033, 0.0739036, 1.9405, 1.06209
1.94067, 0.0742576, 1.94083, 1.0559
1.941, 0.0746096, 1.94117, 1.04968
1.94133, 0.0749594, 1.9415, 1.04343
1.94167, 0.0753073, 1.94183, 1.03716
1.942, 0.075653, 1.94217, 1.03085
1.94233, 0.0759966, 1.9425, 1.02452
1.94267, 0.0763381, 1.94283, 1.01816
1.943, 0.0766775, 1.94317, 1.01177
1.94333, 0.0770147, 1.9435, 1.00535
1.94367, 0.0773499, 1.94383, 0.998905
1.944, 0.0776828, 1.94417, 0.992431
1.94433, 0.0780136, 1.9445, 0.98593
1.94467, 0.0783423, 1.94483, 0.979402
1.945, 0.0786687, 1.94517, 0.972846
1.94533, 0.078993, 1.9455, 0.966263
1.94567, 0.0793151, 1.94583, 0.959654
1.946, 0.079635, 1.94617, 0.953017
1.94633, 0.0799527, 1.9465, 0.946355
1.94667, 0.0802681, 1.94683, 0.939666
1.947, 0.0805813, 1.94717, 0.932951
1.94733, 0.0808923, 1.9475, 0.926209
1.94767, 0.0812011, 1.94783, 0.919443
1.948, 0.0815076, 1.94817, 0.91265
1.94833, 0.0818118, 1.9485, 0.905833
1.94867, 0.0821137, 1.94883, 0.89899
1.949, 0.0824134, 1.94917, 0.892122
1.94933, 0.0827107, 1.9495, 0.88523
1.94967, 0.0830058, 1.94983, 0.878312
1.95, 0.0832986, 1.95017, 0.871371
1.95033, 0.0835891, 1.9505, 0.864405
1.95067, 0.0838772, 1.95083, 0.857415
1.951, 0.084163, 1.95117, 0.850402
1.95133, 0.0844465, 1.9515, 0.843365
1.95167, 0.0847276, 1.95183, 0.836304
1.952, 0.0850063, 1.95217, 0.82922
1.95233, 0.0852828, 1.9525, 0.822113
1.95267, 0.0855568, 1.95283, 0.814984
1.953, 0.0858285, 1.95317, 0.807831
1.95333, 0.0860977, 1.9535, 0.800656
1.95367, 0.0863646, 1.95383, 0.793459
1.954, 0.0866291, 1.95417, 0.78624
1.95433, 0.0868912, 1.9545, 0.778999
1.95467, 0.0871509, 1.95483, 0.771737
1.955, 0.0874081, 1.95517, 0.764453
1.95533, 0.0876629, 1.9555, 0.757147
1.95567, 0.0879153, 1.95583, 0.749821
1.956, 0.0881652, 1.95617, 0.742474
1.95633, 0.0884127, 1.9565, 0.735106
1.95667, 0.0886578, 1.95683, 0.727718
1.957, 0.0889003, 1.95717, 0.72031
1.95733, 0.0891404, 1.9575, 0.712881
1.95767, 0.0893781, 1.95783, 0.705433
1.958, 0.0896132, 1.95817, 0.697966
1.95833, 0.0898459, 1.9585, 0.690478
1.95867, 0.090076, 1.95883, 0.682972
1.959, 0.0903037, 1.95917, 0.675447
1.95933, 0.0905288, 1.9595, 0.667903
1.95967, 0.0907515, 1.95983, 0.66034
1.96, 0.0909716, 1.96017, 0.652759
1.96033, 0.0911892, 1.9605, 0.64516
1.96067, 0.0914042, 1.96083, 0.637543
1.961, 0.0916167, 1.96117, 0.629908
1.96133, 0.0918267, 1.9615, 0.622256
1.96167, 0.0920341, 1.96183, 0.614586
1.962, 0.092239, 1.96217, 0.6069
1.96233, 0.0924413, 1.9625, 0.599196
1.96267, 0.092641, 1.96283, 0.591476
1.963, 0.0928382, 1.96317, 0.58374
1.96333, 0.0930328, 1.9635, 0.575987
1.96367, 0.0932248, 1.96383, 0.568218
1.964, 0.0934142, 1.96417, 0.560434
1.96433, 0.093601, 1.9645, 0.552634
1.96467, 0.0937852, 1.96483, 0.544818
1.965, 0.0939668, 1.96517, 0.536988
1.96533, 0.0941458, 1.9655, 0.529142
1.96567, 0.0943222, 1.96583, 0.521282
1.966, 0.0944959, 1.96617, 0.513407
1.96633, 0.0946671, 1.9665, 0.505519
1.96667, 0.0948356, 1.96683, 0.497616
1.967, 0.0950014, 1.96717, 0.489699
1.96733, 0.0951647, 1.9675, 0.481768
1.96767, 0.0953253, 1.96783, 0.473825
1.968, 0.0954832, 1.96817, 0.465868
1.96833, 0.0956385, 1.9685, 0.457898
1.96867, 0.0957911, 1.96883, 0.449915
1.969, 0.0959411, 1.96917, 0.44192
1.96933, 0.0960884, 1.9695, 0.433913
1.96967, 0.096233, 1.96983, 0.425893
1.97, 0.096375, 1.97017, 0.417862
1.97033, 0.0965143, 1.9705, 0.409819
1.97067, 0.0966509, 1.97083, 0.401765
1.971, 0.0967848, 1.97117, 0.3937
1.97133, 0.0969161, 1.9715, 0.385623
1.97167, 0.0970446, 1.97183, 0.377536
1.972, 0.0971704, 1.97217, 0.369439
1.97233, 0.0972936, 1.9725, 0.361331
1.97267, 0.097414, 1.97283, 0.353213
1.973, 0.0975318, 1.97317, 0.345085
1.97333, 0.0976468, 1.9735, 0.336948
1.97367, 0.0977591, 1.97383, 0.328802
1.974, 0.0978687, 1.97417, 0.320646
1.97433, 0.0979756, 1.9745, 0.312481
1.97467, 0.0980798, 1.97483, 0.304308
1.975, 0.0981812, 1.97517, 0.296126
1.97533, 0.0982799, 1.9755, 0.287936
1.97567, 0.0983759, 1.97583, 0.279738
1.976, 0.0984691, 1.97617, 0.271532
1.97633, 0.0985596, 1.9765, 0.263319
1.97667, 0.0986474, 1.97683, 0.255098
1.977, 0.0987324, 1.97717, 0.246871
1.97733, 0.0988147, 1.9775, 0.238636
1.97767, 0.0988943, 1.97783, 0.230395
1.978, 0.0989711, 1.97817, 0.222147
1.97833, 0.0990451, 1.9785, 0.213894
1.97867, 0.0991164, 1.97883, 0.205634
1.979, 0.099185, 1.97917, 0.197369
1.97933, 0.0992508, 1.9795, 0.189098
1.97967, 0.0993138, 1.97983, 0.180822
1.98, 0.0993741, 1.98017, 0.17254
1.98033, 0.0994316, 1.9805, 0.164254
1.98067, 0.0994863, 1.98083, 0.155964
1.981, 0.0995383, 1.98117, 0.147669
1.98133, 0.0995875, 1.9815, 0.13937
1.98167, 0.099634, 1.98183, 0.131067
1.982, 0.0996777, 1.98217, 0.122761
1.98233, 0.0997186, 1.9825, 0.114451
1.98267, 0.0997568, 1.98283, 0.106138
1.983, 0.0997921, 1.98317, 0.0978218
1.98333, 0.0998247, 1.9835, 0.0895031
1.98367, 0.0998546, 1.98383, 0.0811818
1.984, 0.0998816, 1.98417, 0.0728584
1.98433, 0.0999059, 1.9845, 0.0645329
1.98467, 0.0999274, 1.98483, 0.0562056
1.985, 0.0999462, 1.98517, 0.0478767
1.98533, 0.0999621, 1.9855, 0.0395466
1.98567, 0.0999753, 1.98583, 0.0312153
1.986, 0.0999857, 1.98617, 0.0228831
1.98633, 0.0999933, 1.9865, 0.0145504
1.98667, 0.0999982, 1.98683, 0.00621718
1.987, 0.1, 1.98717, -0.00211617
1.98733, 0.0999996, 1.9875, -0.0104495
1.98767, 0.0999961, 1.98783, -0.0187825
1.988, 0.0999898, 1.98817, -0.027115
1.98833, 0.0999808, 1.9885, -0.0354467
1.98867, 0.099969, 1.98883, -0.0437774
1.989, 0.0999544, 1.98917, -0.052107
1.98933, 0.099937, 1.9895, -0.0604351
1.98967, 0.0999169, 1.98983, -0.0687615
1.99, 0.0998939, 1.99017, -0.0770859
1.99033, 0.0998682, 1.9905, -0.0854083
1.99067, 0.0998398, 1.99083, -0.0937283
1.991, 0.0998085, 1.99117, -0.102046
1.99133, 0.0997745, 1.9915, -0.11036
1.99167, 0.0997377, 1.99183, -0.118672
1.992, 0.0996982, 1.99217, -0.12698
1.99233, 0.0996558, 1.9925, -0.135285
1.99267, 0.0996107, 1.99283, -0.143585
1.993, 0.0995629, 1.99317, -0.151882
1.99333, 0.0995123, 1.9935, -0.160175
1.99367, 0.0994589, 1.99383, -0.168463
1.994, 0.0994027, 1.99417, -0.176747
1.99433, 0.0993438, 1.9945, -0.185025
1.99467, 0.0992821, 1.99483, -0.193299
1.995, 0.0992177, 1.99517, -0.201567
1.99533, 0.0991505, 1.9955, -0.20983
1.99567, 0.0990806, 1.99583, -0.218086
1.996, 0.0990079, 1.99617, -0.226337
1.99633, 0.0989324, 1.9965, -0.234581
1.99667, 0.0988542, 1.99683, -0.242819
1.997, 0.0987733, 1.99717, -0.25105
1.99733, 0.0986896, 1.9975, -0.259274
1.99767, 0.0986032, 1.99783, -0.267491
1.998, 0.098514, 1.99817, -0.275701
1.99833, 0.0984221, 1.9985, -0.283903
1.99867, 0.0983275, 1.99883, -0.292097
1.999, 0.0982301, 1.99917, -0.300283
1.99933, 0.09813, 1.9995, -0.30846
1.99967, 0.0980272, 1.99983, -0.316629
2, 0.0979216, 2.00017, -0.324789
