0, 1, 0, 0, 0.017211
0.0732, 1, -2.16608e-05, 0.00125985, 0.017211
0.1464, 0.999998, -4.33215e-05, 0.00251969, 0.017211
0.2196, 0.999995, -6.49821e-05, 0.00377953, 0.0172109
0.2928, 0.99999, -8.66426e-05, 0.00503937, 0.0172108
0.366, 0.999984, -0.000108303, 0.00629921, 0.0172107
0.4392, 0.999976, -0.000129963, 0.00755903, 0.0172106
0.5124, 0.999967, -0.000151623, 0.00881885, 0.0172104
0.5856, 0.999956, -0.000173283, 0.0100786, 0.0172102
0.6588, 0.999943, -0.000194942, 0.0113384, 0.01721
0.732, 0.999929, -0.000216601, 0.0125982, 0.0172098
0.8052, 0.999913, -0.00023826, 0.013858, 0.0172095
0.8784, 0.999895, -0.000259918, 0.0151177, 0.0172092
0.9516, 0.999876, -0.000281576, 0.0163774, 0.0172089
1.0248, 0.999856, -0.000303234, 0.0176371, 0.0172085
1.098, 0.999834, -0.000324891, 0.0188968, 0.0172081
1.1712, 0.99981, -0.000346547, 0.0201564, 0.0172077
1.2444, 0.999784, -0.000368203, 0.021416, 0.0172073
1.3176, 0.999757, -0.000389858, 0.0226756, 0.0172068
1.3908, 0.999729, -0.000411512, 0.0239351, 0.0172063
1.464, 0.999699, -0.000433166, 0.0251946, 0.0172058
1.5372, 0.999667, -0.00045482, 0.0264541, 0.0172053
1.6104, 0.999634, -0.000476472, 0.0277135, 0.0172047
1.6836, 0.999599, -0.000498124, 0.0289729, 0.0172041
1.7568, 0.999562, -0.000519775, 0.0302322, 0.0172035
1.83, 0.999524, -0.000541425, 0.0314915, 0.0172028
1.9032, 0.999485, -0.000563074, 0.0327508, 0.0172021
1.9764, 0.999444, -0.000584722, 0.03401, 0.0172014
2.0496, 0.999401, -0.000606369, 0.0352691, 0.0172007
2.1228, 0.999356, -0.000628016, 0.0365282, 0.0171999
2.196, 0.99931, -0.000649661, 0.0377872, 0.0171991
2.2692, 0.999263, -0.000671305, 0.0390462, 0.0171983
2.3424, 0.999214, -0.000692948, 0.0403051, 0.0171975
2.4156, 0.999163, -0.00071459, 0.041564, 0.0171966
2.4888, 0.999111, -0.000736231, 0.0428228, 0.0171957
2.562, 0.999057, -0.000757871, 0.0440815, 0.0171948
2.6352, 0.999001, -0.000779509, 0.0453402, 0.0171938
2.7084, 0.998944, -0.000801147, 0.0465988, 0.0171928
2.7816, 0.998886, -0.000822783, 0.0478573, 0.0171918
2.8548, 0.998825, -0.000844417, 0.0491157, 0.0171908
2.928, 0.998764, -0.00086605, 0.0503741, 0.0171897
3.0012, 0.9987, -0.000887682, 0.0516324, 0.0171886
3.0744, 0.998635, -0.000909313, 0.0528906, 0.0171875
3.1476, 0.998569, -0.000930942, 0.0541487, 0.0171864
3.2208, 0.9985, -0.000952569, 0.0554067, 0.0171852
3.294, 0.998431, -0.000974195, 0.0566647, 0.017184
3.3672, 0.998359, -0.000995819, 0.0579226, 0.0171828
3.4404, 0.998287, -0.00101744, 0.0591803, 0.0171815
3.5136, 0.998212, -0.00103906, 0.060438, 0.0171802
3.5868, 0.998136, -0.00106068, 0.0616956, 0.0171789
3.66, 0.998058, -0.0010823, 0.0629531, 0.0171776
3.7332, 0.997979, -0.00110392, 0.0642105, 0.0171762
3.8064, 0.997898, -0.00112553, 0.0654678, 0.0171748
3.8796, 0.997816, -0.00114714, 0.066725, 0.0171734
3.9528, 0.997732, -0.00116875, 0.0679821, 0.017172
4.026, 0.997646, -0.00119036, 0.0692391, 0.0171705
4.0992, 0.997559, -0.00121197, 0.070496, 0.017169
4.1724, 0.997471, -0.00123357, 0.0717527, 0.0171675
4.2456, 0.99738, -0.00125518, 0.0730094, 0.0171659
4.3188, 0.997288, -0.00127678, 0.0742659, 0.0171643
4.392, 0.997195, -0.00129838, 0.0755224, 0.0171627
4.4652, 0.9971, -0.00131997, 0.0767787, 0.0171611
4.5384, 0.997003, -0.00134157, 0.0780349, 0.0171594
4.6116, 0.996905, -0.00136316, 0.079291, 0.0171577
4.6848, 0.996805, -0.00138475, 0.0805469, 0.017156
4.758, 0.996704, -0.00140634, 0.0818027, 0.0171543
4.8312, 0.996601, -0.00142792, 0.0830584, 0.0171525
4.9044, 0.996496, -0.00144951, 0.084314, 0.0171507
4.9776, 0.99639, -0.00147109, 0.0855694, 0.0171489
5.0508, 0.996283, -0.00149267, 0.0868247, 0.017147
5.124, 0.996173, -0.00151424, 0.0880799, 0.0171451
5.1972, 0.996063, -0.00153582, 0.0893349, 0.0171432
5.2704, 0.99595, -0.00155739, 0.0905898, 0.0171413
5.3436, 0.995836, -0.00157896, 0.0918445, 0.0171393
5.4168, 0.995721, -0.00160053, 0.0930991, 0.0171374
5.49, 0.995603, -0.00162209, 0.0943536, 0.0171353
5.5632, 0.995485, -0.00164365, 0.0956079, 0.0171333
5.6364, 0.995364, -0.00166521, 0.096862, 0.0171312
5.7096, 0.995242, -0.00168677, 0.098116, 0.0171291
5.7828, 0.995119, -0.00170832, 0.0993699, 0.017127
5.856, 0.994994, -0.00172987, 0.100624, 0.0171248
5.9292, 0.994867, -0.00175142, 0.101877, 0.0171227
6.0024, 0.994739, -0.00177296, 0.103131, 0.0171205
6.0756, 0.994609, -0.00179451, 0.104384, 0.0171182
6.1488, 0.994478, -0.00181604, 0.105637, 0.017116
6.222, 0.994345, -0.00183758, 0.10689, 0.0171137
6.2952, 0.99421, -0.00185911, 0.108142, 0.0171114
6.3684, 0.994074, -0.00188065, 0.109395, 0.017109
6.4416, 0.993937, -0.00190217, 0.110647, 0.0171067
6.5148, 0.993797, -0.0019237, 0.1119, 0.0171043
6.588, 0.993657, -0.00194522, 0.113152, 0.0171018
6.6612, 0.993514, -0.00196674, 0.114403, 0.0170994
6.7344, 0.99337, -0.00198825, 0.115655, 0.0170969
6.8076, 0.993225, -0.00200976, 0.116907, 0.0170944
6.8808, 0.993078, -0.00203127, 0.118158, 0.0170919
6.954, 0.992929, -0.00205278, 0.119409, 0.0170893
7.0272, 0.992779, -0.00207428, 0.12066, 0.0170867
7.1004, 0.992627, -0.00209578, 0.121911, 0.0170841
7.1736, 0.992473, -0.00211727, 0.123161, 0.0170815
7.2468, 0.992318, -0.00213877, 0.124412, 0.0170788
7.32, 0.992162, -0.00216026, 0.125662, 0.0170761
7.3932, 0.992004, -0.00218174, 0.126912, 0.0170734
7.4664, 0.991844, -0.00220322, 0.128162, 0.0170706
7.5396, 0.991683, -0.0022247, 0.129411, 0.0170679
7.6128, 0.99152, -0.00224618, 0.13066, 0.0170651
7.686, 0.991356, -0.00226765, 0.13191, 0.0170622
7.7592, 0.99119, -0.00228911, 0.133159, 0.0170594
7.8324, 0.991022, -0.00231058, 0.134407, 0.0170565
7.9056, 0.990853, -0.00233204, 0.135656, 0.0170536
7.9788, 0.990682, -0.0023535, 0.136904, 0.0170506
8.052, 0.99051, -0.00237495, 0.138152, 0.0170477
8.1252, 0.990336, -0.0023964, 0.1394, 0.0170447
8.1984, 0.990161, -0.00241784, 0.140648, 0.0170417
8.2716, 0.989984, -0.00243928, 0.141895, 0.0170386
8.3448, 0.989805, -0.00246072, 0.143143, 0.0170356
8.418, 0.989625, -0.00248215, 0.14439, 0.0170325
8.4912, 0.989443, -0.00250358, 0.145636, 0.0170293
8.5644, 0.98926, -0.00252501, 0.146883, 0.0170262
8.6376, 0.989075, -0.00254643, 0.148129, 0.017023
8.7108, 0.988889, -0.00256785, 0.149375, 0.0170198
8.784, 0.988701, -0.00258926, 0.150621, 0.0170166
8.8572, 0.988511, -0.00261067, 0.151867, 0.0170133
8.9304, 0.98832, -0.00263207, 0.153112, 0.01701
9.0036, 0.988127, -0.00265348, 0.154357, 0.0170067
9.0768, 0.987933, -0.00267487, 0.155602, 0.0170033
9.15, 0.987737, -0.00269626, 0.156847, 0.017
9.2232, 0.98754, -0.00271765, 0.158091, 0.0169966
9.2964, 0.987341, -0.00273904, 0.159335, 0.0169932
9.3696, 0.987141, -0.00276041, 0.160579, 0.0169897
9.4428, 0.986939, -0.00278179, 0.161823, 0.0169862
9.516, 0.986735, -0.00280316, 0.163066, 0.0169827
9.5892, 0.98653, -0.00282453, 0.164309, 0.0169792
9.6624, 0.986323, -0.00284589, 0.165552, 0.0169756
9.7356, 0.986115, -0.00286724, 0.166795, 0.016972
9.8088, 0.985905, -0.0028886, 0.168037, 0.0169684
9.882, 0.985693, -0.00290994, 0.169279, 0.0169648
9.9552, 0.98548, -0.00293129, 0.170521, 0.0169611
10.0284, 0.985266, -0.00295263, 0.171763, 0.0169574
10.1016, 0.98505, -0.00297396, 0.173004, 0.0169537
10.1748, 0.984832, -0.00299529, 0.174245, 0.01695
10.248, 0.984613, -0.00301661, 0.175486, 0.0169462
10.3212, 0.984392, -0.00303793, 0.176726, 0.0169424
10.3944, 0.98417, -0.00305925, 0.177966, 0.0169386
10.4676, 0.983946, -0.00308055, 0.179206, 0.0169347
10.5408, 0.98372, -0.00310186, 0.180446, 0.0169308
10.614, 0.983493, -0.00312316, 0.181685, 0.0169269
10.6872, 0.983264, -0.00314445, 0.182924, 0.016923
10.7604, 0.983034, -0.00316574, 0.184163, 0.016919
10.8336, 0.982803, -0.00318703, 0.185402, 0.0169151
10.9068, 0.982569, -0.00320831, 0.18664, 0.016911
10.98, 0.982334, -0.00322958, 0.187878, 0.016907
11.0532, 0.982098, -0.00325085, 0.189115, 0.0169029
11.1264, 0.98186, -0.00327211, 0.190352, 0.0168988
11.1996, 0.98162, -0.00329337, 0.191589, 0.0168947
11.2728, 0.981379, -0.00331463, 0.192826, 0.0168906
11.346, 0.981137, -0.00333588, 0.194063, 0.0168864
11.4192, 0.980893, -0.00335712, 0.195299, 0.0168822
11.4924, 0.980647, -0.00337836, 0.196534, 0.016878
11.5656, 0.9804, -0.00339959, 0.19777, 0.0168737
11.6388, 0.980151, -0.00342082, 0.199005, 0.0168694
11.712, 0.9799, -0.00344204, 0.20024, 0.0168651
11.7852, 0.979648, -0.00346325, 0.201474, 0.0168608
11.8584, 0.979395, -0.00348446, 0.202709, 0.0168564
11.9316, 0.97914, -0.00350567, 0.203943, 0.016852
12.0048, 0.978883, -0.00352687, 0.205176, 0.0168476
12.078, 0.978625, -0.00354806, 0.206409, 0.0168432
12.1512, 0.978365, -0.00356925, 0.207642, 0.0168387
12.2244, 0.978104, -0.00359043, 0.208875, 0.0168342
12.2976, 0.977841, -0.00361161, 0.210107, 0.0168297
12.3708, 0.977577, -0.00363278, 0.211339, 0.0168251
12.444, 0.977311, -0.00365394, 0.212571, 0.0168206
12.5172, 0.977043, -0.0036751, 0.213802, 0.016816
12.5904, 0.976774, -0.00369625, 0.215033, 0.0168113
12.6636, 0.976504, -0.0037174, 0.216263, 0.0168067
12.7368, 0.976232, -0.00373854, 0.217494, 0.016802
12.81, 0.975958, -0.00375968, 0.218724, 0.0167973
12.8832, 0.975683, -0.00378081, 0.219953, 0.0167925
12.9564, 0.975406, -0.00380193, 0.221182, 0.0167878
13.0296, 0.975128, -0.00382305, 0.222411, 0.016783
13.1028, 0.974848, -0.00384416, 0.22364, 0.0167782
13.176, 0.974567, -0.00386526, 0.224868, 0.0167733
13.2492, 0.974284, -0.00388636, 0.226096, 0.0167685
13.3224, 0.973999, -0.00390746, 0.227323, 0.0167636
13.3956, 0.973713, -0.00392854, 0.22855, 0.0167587
13.4688, 0.973426, -0.00394962, 0.229777, 0.0167537
13.542, 0.973136, -0.0039707, 0.231003, 0.0167487
13.6152, 0.972846, -0.00399176, 0.232229, 0.0167437
13.6884, 0.972554, -0.00401283, 0.233455, 0.0167387
13.7616, 0.97226, -0.00403388, 0.23468, 0.0167337
13.8348, 0.971965, -0.00405493, 0.235905, 0.0167286
13.908, 0.971668, -0.00407597, 0.23713, 0.0167235
13.9812, 0.971369, -0.00409701, 0.238354, 0.0167183
14.0544, 0.971069, -0.00411804, 0.239578, 0.0167132
14.1276, 0.970768, -0.00413906, 0.240801, 0.016708
14.2008, 0.970465, -0.00416007, 0.242024, 0.0167028
14.274, 0.970161, -0.00418108, 0.243247, 0.0166975
14.3472, 0.969855, -0.00420209, 0.244469, 0.0166923
14.4204, 0.969547, -0.00422308, 0.245691, 0.016687
14.4936, 0.969238, -0.00424407, 0.246912, 0.0166817
14.5668, 0.968927, -0.00426505, 0.248133, 0.0166763
14.64, 0.968615, -0.00428603, 0.249354, 0.0166709
14.7132, 0.968301, -0.004307, 0.250574, 0.0166655
14.7864, 0.967986, -0.00432796, 0.251794, 0.0166601
14.8596, 0.967669, -0.00434891, 0.253014, 0.0166547
14.9328, 0.967351, -0.00436986, 0.254233, 0.0166492
15.006, 0.967031, -0.0043908, 0.255452, 0.0166437
15.0792, 0.966709, -0.00441174, 0.25667, 0.0166382
15.1524, 0.966387, -0.00443266, 0.257888, 0.0166326
15.2256, 0.966062, -0.00445358, 0.259105, 0.016627
15.2988, 0.965736, -0.0044745, 0.260323, 0.0166214
15.372, 0.965409, -0.0044954, 0.261539, 0.0166158
15.4452, 0.965079, -0.0045163, 0.262756, 0.0166101
15.5184, 0.964749, -0.00453719, 0.263971, 0.0166044
15.5916, 0.964417, -0.00455807, 0.265187, 0.0165987
15.6648, 0.964083, -0.00457895, 0.266402, 0.016593
15.738, 0.963748, -0.00459982, 0.267616, 0.0165872
15.8112, 0.963411, -0.00462068, 0.268831, 0.0165814
15.8844, 0.963073, -0.00464154, 0.270044, 0.0165756
15.9576, 0.962733, -0.00466238, 0.271258, 0.0165697
16.0308, 0.962392, -0.00468322, 0.272471, 0.0165639
16.104, 0.962049, -0.00470406, 0.273683, 0.016558
16.1772, 0.961705, -0.00472488, 0.274895, 0.016552
16.2504, 0.961359, -0.0047457, 0.276107, 0.0165461
16.3236, 0.961012, -0.00476651, 0.277318, 0.0165401
16.3968, 0.960663, -0.00478731, 0.278529, 0.0165341
16.47, 0.960312, -0.00480811, 0.279739, 0.0165281
16.5432, 0.95996, -0.00482889, 0.280949, 0.016522
16.6164, 0.959607, -0.00484967, 0.282158, 0.016516
16.6896, 0.959252, -0.00487044, 0.283367, 0.0165098
16.7628, 0.958895, -0.00489121, 0.284576, 0.0165037
16.836, 0.958537, -0.00491196, 0.285784, 0.0164976
16.9092, 0.958178, -0.00493271, 0.286991, 0.0164914
16.9824, 0.957817, -0.00495345, 0.288199, 0.0164852
17.0556, 0.957454, -0.00497418, 0.289405, 0.0164789
17.1288, 0.95709, -0.00499491, 0.290612, 0.0164726
17.202, 0.956724, -0.00501563, 0.291817, 0.0164664
17.2752, 0.956357, -0.00503633, 0.293023, 0.01646
17.3484, 0.955988, -0.00505703, 0.294228, 0.0164537
17.4216, 0.955618, -0.00507773, 0.295432, 0.0164473
17.4948, 0.955247, -0.00509841, 0.296636, 0.0164409
17.568, 0.954873, -0.00511909, 0.297839, 0.0164345
17.6412, 0.954499, -0.00513976, 0.299042, 0.0164281
17.7144, 0.954122, -0.00516042, 0.300245, 0.0164216
17.7876, 0.953745, -0.00518107, 0.301447, 0.0164151
17.8608, 0.953365, -0.00520171, 0.302649, 0.0164086
17.934, 0.952985, -0.00522235, 0.30385, 0.016402
18.0072, 0.952602, -0.00524297, 0.30505, 0.0163954
18.0804, 0.952219, -0.00526359, 0.30625, 0.0163888
18.1536, 0.951833, -0.0052842, 0.30745, 0.0163822
18.2268, 0.951447, -0.0053048, 0.308649, 0.0163756
18.3, 0.951058, -0.0053254, 0.309848, 0.0163689
18.3732, 0.950668, -0.00534598, 0.311046, 0.0163622
18.4464, 0.950277, -0.00536656, 0.312244, 0.0163554
18.5196, 0.949884, -0.00538712, 0.313441, 0.0163487
18.5928, 0.94949, -0.00540768, 0.314638, 0.0163419
18.666, 0.949094, -0.00542823, 0.315834, 0.0163351
18.7392, 0.948697, -0.00544878, 0.31703, 0.0163283
18.8124, 0.948298, -0.00546931, 0.318225, 0.0163214
18.8856, 0.947898, -0.00548983, 0.31942, 0.0163145
18.9588, 0.947496, -0.00551035, 0.320614, 0.0163076
19.032, 0.947092, -0.00553086, 0.321808, 0.0163007
19.1052, 0.946687, -0.00555135, 0.323001, 0.0162937
19.1784, 0.946281, -0.00557184, 0.324194, 0.0162867
19.2516, 0.945873, -0.00559232, 0.325386, 0.0162797
19.3248, 0.945464, -0.00561279, 0.326577, 0.0162726
19.398, 0.945053, -0.00563326, 0.327769, 0.0162656
19.4712, 0.944641, -0.00565371, 0.328959, 0.0162585
19.5444, 0.944227, -0.00567415, 0.330149, 0.0162514
19.6176, 0.943811, -0.00569459, 0.331339, 0.0162442
19.6908, 0.943395, -0.00571502, 0.332528, 0.016237
19.764, 0.942976, -0.00573543, 0.333717, 0.0162298
19.8372, 0.942556, -0.00575584, 0.334905, 0.0162226
19.9104, 0.942135, -0.00577624, 0.336092, 0.0162154
19.9836, 0.941712, -0.00579663, 0.337279, 0.0162081
20.0568, 0.941288, -0.00581701, 0.338466, 0.0162008
20.13, 0.940862, -0.00583738, 0.339651, 0.0161935
20.2032, 0.940435, -0.00585774, 0.340837, 0.0161861
20.2764, 0.940006, -0.0058781, 0.342022, 0.0161787
20.3496, 0.939576, -0.00589844, 0.343206, 0.0161713
20.4228, 0.939144, -0.00591877, 0.34439, 0.0161639
20.496, 0.938711, -0.0059391, 0.345573, 0.0161565
20.5692, 0.938276, -0.00595941, 0.346756, 0.016149
20.6424, 0.93784, -0.00597972, 0.347938, 0.0161415
20.7156, 0.937402, -0.00600001, 0.349119, 0.016134
20.7888, 0.936963, -0.0060203, 0.3503, 0.0161264
20.862, 0.936522, -0.00604058, 0.351481, 0.0161188
20.9352, 0.93608, -0.00606084, 0.352661, 0.0161112
21.0084, 0.935636, -0.0060811, 0.35384, 0.0161036
21.0816, 0.935191, -0.00610135, 0.355019, 0.0160959
21.1548, 0.934745, -0.00612159, 0.356197, 0.0160882
21.228, 0.934297, -0.00614182, 0.357375, 0.0160805
21.3012, 0.933847, -0.00616204, 0.358552, 0.0160728
21.3744, 0.933396, -0.00618224, 0.359728, 0.016065
21.4476, 0.932943, -0.00620244, 0.360904, 0.0160573
21.5208, 0.932489, -0.00622263, 0.36208, 0.0160494
21.594, 0.932034, -0.00624281, 0.363254, 0.0160416
21.6672, 0.931577, -0.00626298, 0.364429, 0.0160337
21.7404, 0.931118, -0.00628314, 0.365602, 0.0160259
21.8136, 0.930658, -0.00630329, 0.366775, 0.0160179
21.8868, 0.930197, -0.00632343, 0.367948, 0.01601
21.96, 0.929734, -0.00634356, 0.36912, 0.016002
22.0332, 0.92927, -0.00636368, 0.370291, 0.0159941
22.1064, 0.928804, -0.00638378, 0.371462, 0.015986
22.1796, 0.928337, -0.00640388, 0.372632, 0.015978
22.2528, 0.927868, -0.00642397, 0.373802, 0.0159699
22.326, 0.927398, -0.00644405, 0.374971, 0.0159619
22.3992, 0.926926, -0.00646412, 0.376139, 0.0159537
22.4724, 0.926453, -0.00648418, 0.377307, 0.0159456
22.5456, 0.925978, -0.00650422, 0.378474, 0.0159374
22.6188, 0.925502, -0.00652426, 0.379641, 0.0159293
22.692, 0.925025, -0.00654429, 0.380807, 0.015921
22.7652, 0.924545, -0.0065643, 0.381972, 0.0159128
22.8384, 0.924065, -0.00658431, 0.383137, 0.0159045
22.9116, 0.923583, -0.0066043, 0.384301, 0.0158962
22.9848, 0.9231, -0.00662429, 0.385465, 0.0158879
23.058, 0.922615, -0.00664426, 0.386628, 0.0158796
23.1312, 0.922128, -0.00666423, 0.38779, 0.0158712
23.2044, 0.921641, -0.00668418, 0.388952, 0.0158628
23.2776, 0.921151, -0.00670412, 0.390113, 0.0158544
23.3508, 0.92066, -0.00672405, 0.391274, 0.015846
23.424, 0.920168, -0.00674397, 0.392434, 0.0158375
23.4972, 0.919675, -0.00676388, 0.393593, 0.015829
23.5704, 0.91918, -0.00678378, 0.394752, 0.0158205
23.6436, 0.918683, -0.00680367, 0.39591, 0.015812
23.7168, 0.918185, -0.00682355, 0.397067, 0.0158034
23.79, 0.917685, -0.00684342, 0.398224, 0.0157948
23.8632, 0.917184, -0.00686327, 0.39938, 0.0157862
23.9364, 0.916682, -0.00688312, 0.400536, 0.0157775
24.0096, 0.916178, -0.00690295, 0.401691, 0.0157689
24.0828, 0.915673, -0.00692278, 0.402845, 0.0157602
24.156, 0.915166, -0.00694259, 0.403998, 0.0157515
24.2292, 0.914658, -0.00696239, 0.405151, 0.0157427
24.3024, 0.914148, -0.00698218, 0.406304, 0.015734
24.3756, 0.913637, -0.00700196, 0.407456, 0.0157252
24.4488, 0.913125, -0.00702173, 0.408607, 0.0157164
24.522, 0.912611, -0.00704148, 0.409757, 0.0157075
24.5952, 0.912095, -0.00706123, 0.410907, 0.0156986
24.6684, 0.911578, -0.00708096, 0.412056, 0.0156898
24.7416, 0.91106, -0.00710069, 0.413204, 0.0156808
24.8148, 0.91054, -0.0071204, 0.414352, 0.0156719
24.888, 0.910019, -0.0071401, 0.4155, 0.0156629
24.9612, 0.909496, -0.00715979, 0.416646, 0.0156539
25.0344, 0.908972, -0.00717946, 0.417792, 0.0156449
25.1076, 0.908447, -0.00719913, 0.418937, 0.0156359
25.1808, 0.90792, -0.00721878, 0.420082, 0.0156268
25.254, 0.907391, -0.00723843, 0.421226, 0.0156177
25.3272, 0.906862, -0.00725806, 0.422369, 0.0156086
25.4004, 0.90633, -0.00727768, 0.423511, 0.0155995
25.4736, 0.905798, -0.00729729, 0.424653, 0.0155903
25.5468, 0.905263, -0.00731688, 0.425794, 0.0155811
25.62, 0.904728, -0.00733647, 0.426935, 0.0155719
25.6932, 0.904191, -0.00735604, 0.428075, 0.0155627
25.7664, 0.903652, -0.0073756, 0.429214, 0.0155534
25.8396, 0.903112, -0.00739515, 0.430353, 0.0155441
25.9128, 0.902571, -0.00741469, 0.43149, 0.0155348
25.986, 0.902028, -0.00743422, 0.432627, 0.0155255
26.0592, 0.901484, -0.00745373, 0.433764, 0.0155161
26.1324, 0.900939, -0.00747324, 0.4349, 0.0155068
26.2056, 0.900391, -0.00749273, 0.436035, 0.0154973
26.2788, 0.899843, -0.00751221, 0.437169, 0.0154879
26.352, 0.899293, -0.00753167, 0.438303, 0.0154785
26.4252, 0.898742, -0.00755113, 0.439436, 0.015469
26.4984, 0.898189, -0.00757057, 0.440568, 0.0154595
26.5716, 0.897635, -0.00759, 0.4417, 0.0154499
26.6448, 0.897079, -0.00760942, 0.442831, 0.0154404
26.718, 0.896522, -0.00762883, 0.443961, 0.0154308
26.7912, 0.895964, -0.00764822, 0.445091, 0.0154212
26.8644, 0.895404, -0.0076676, 0.446219, 0.0154116
26.9376, 0.894843, -0.00768697, 0.447348, 0.0154019
27.0108, 0.89428, -0.00770633, 0.448475, 0.0153922
27.084, 0.893716, -0.00772568, 0.449602, 0.0153825
27.1572, 0.89315, -0.00774501, 0.450728, 0.0153728
27.2304, 0.892584, -0.00776433, 0.451853, 0.0153631
27.3036, 0.892015, -0.00778364, 0.452978, 0.0153533
27.3768, 0.891445, -0.00780294, 0.454101, 0.0153435
27.45, 0.890874, -0.00782222, 0.455225, 0.0153337
27.5232, 0.890302, -0.00784149, 0.456347, 0.0153238
27.5964, 0.889728, -0.00786075, 0.457469, 0.0153139
27.6696, 0.889152, -0.00788, 0.45859, 0.015304
27.7428, 0.888575, -0.00789923, 0.45971, 0.0152941
27.816, 0.887997, -0.00791845, 0.46083, 0.0152842
27.8892, 0.887418, -0.00793766, 0.461948, 0.0152742
27.9624, 0.886837, -0.00795686, 0.463066, 0.0152642
28.0356, 0.886254, -0.00797604, 0.464184, 0.0152542
28.1088, 0.88567, -0.00799521, 0.4653, 0.0152442
28.182, 0.885085, -0.00801437, 0.466416, 0.0152341
28.2552, 0.884498, -0.00803351, 0.467531, 0.015224
28.3284, 0.88391, -0.00805265, 0.468646, 0.0152139
28.4016, 0.883321, -0.00807177, 0.469759, 0.0152038
28.4748, 0.88273, -0.00809087, 0.470872, 0.0151936
28.548, 0.882138, -0.00810997, 0.471984, 0.0151834
28.6212, 0.881544, -0.00812905, 0.473096, 0.0151732
28.6944, 0.880949, -0.00814812, 0.474207, 0.015163
28.7676, 0.880353, -0.00816717, 0.475317, 0.0151527
28.8408, 0.879755, -0.00818621, 0.476426, 0.0151424
28.914, 0.879156, -0.00820524, 0.477534, 0.0151321
28.9872, 0.878555, -0.00822426, 0.478642, 0.0151218
29.0604, 0.877953, -0.00824326, 0.479749, 0.0151114
29.1336, 0.877349, -0.00826225, 0.480855, 0.0151011
29.2068, 0.876745, -0.00828123, 0.48196, 0.0150907
29.28, 0.876138, -0.00830019, 0.483065, 0.0150802
29.3532, 0.875531, -0.00831914, 0.484169, 0.0150698
29.4264, 0.874922, -0.00833808, 0.485272, 0.0150593
29.4996, 0.874312, -0.008357, 0.486374, 0.0150488
29.5728, 0.8737, -0.00837591, 0.487476, 0.0150383
29.646, 0.873087, -0.00839481, 0.488577, 0.0150278
29.7192, 0.872472, -0.00841369, 0.489677, 0.0150172
29.7924, 0.871856, -0.00843256, 0.490776, 0.0150066
29.8656, 0.871239, -0.00845142, 0.491874, 0.014996
29.9388, 0.87062, -0.00847026, 0.492972, 0.0149854
30.012, 0.87, -0.00848909, 0.494069, 0.0149747
30.0852, 0.869379, -0.00850791, 0.495165, 0.014964
30.1584, 0.868756, -0.00852671, 0.496261, 0.0149533
30.2316, 0.868132, -0.0085455, 0.497355, 0.0149426
30.3048, 0.867507, -0.00856428, 0.498449, 0.0149318
30.378, 0.86688, -0.00858304, 0.499542, 0.014921
30.4512, 0.866251, -0.00860179, 0.500634, 0.0149102
30.5244, 0.865622, -0.00862052, 0.501726, 0.0148994
30.5976, 0.864991, -0.00863925, 0.502816, 0.0148885
30.6708, 0.864358, -0.00865795, 0.503906, 0.0148777
30.744, 0.863725, -0.00867665, 0.504995, 0.0148668
30.8172, 0.863089, -0.00869533, 0.506083, 0.0148558
30.8904, 0.862453, -0.00871399, 0.507171, 0.0148449
30.9636, 0.861815, -0.00873264, 0.508257, 0.0148339
31.0368, 0.861176, -0.00875128, 0.509343, 0.0148229
31.11, 0.860535, -0.00876991, 0.510428, 0.0148119
31.1832, 0.859893, -0.00878852, 0.511513, 0.0148009
31.2564, 0.85925, -0.00880711, 0.512596, 0.0147898
31.3296, 0.858605, -0.0088257, 0.513679, 0.0147787
31.4028, 0.857959, -0.00884426, 0.51476, 0.0147676
31.476, 0.857312, -0.00886282, 0.515841, 0.0147565
31.5492, 0.856663, -0.00888136, 0.516922, 0.0147453
31.6224, 0.856013, -0.00889988, 0.518001, 0.0147342
31.6956, 0.855362, -0.0089184, 0.519079, 0.014723
31.7688, 0.854709, -0.00893689, 0.520157, 0.0147117
31.842, 0.854054, -0.00895538, 0.521234, 0.0147005
31.9152, 0.853399, -0.00897385, 0.52231, 0.0146892
31.9884, 0.852742, -0.0089923, 0.523385, 0.0146779
32.0616, 0.852084, -0.00901074, 0.52446, 0.0146666
32.1348, 0.851424, -0.00902917, 0.525533, 0.0146553
32.208, 0.850763, -0.00904758, 0.526606, 0.0146439
32.2812, 0.850101, -0.00906598, 0.527678, 0.0146325
32.3544, 0.849437, -0.00908436, 0.528749, 0.0146211
32.4276, 0.848772, -0.00910273, 0.529819, 0.0146097
32.5008, 0.848106, -0.00912108, 0.530889, 0.0145982
32.574, 0.847438, -0.00913942, 0.531957, 0.0145867
32.6472, 0.846769, -0.00915775, 0.533025, 0.0145752
32.7204, 0.846099, -0.00917606, 0.534092, 0.0145637
32.7936, 0.845427, -0.00919435, 0.535158, 0.0145522
32.8668, 0.844754, -0.00921264, 0.536223, 0.0145406
32.94, 0.84408, -0.0092309, 0.537288, 0.014529
33.0132, 0.843404, -0.00924915, 0.538351, 0.0145174
33.0864, 0.842727, -0.00926739, 0.539414, 0.0145057
33.1596, 0.842049, -0.00928561, 0.540476, 0.0144941
33.2328, 0.841369, -0.00930382, 0.541537, 0.0144824
33.306, 0.840688, -0.00932201, 0.542597, 0.0144707
33.3792, 0.840006, -0.00934019, 0.543656, 0.0144589
33.4524, 0.839322, -0.00935836, 0.544715, 0.0144472
33.5256, 0.838637, -0.0093765, 0.545772, 0.0144354
33.5988, 0.837951, -0.00939464, 0.546829, 0.0144236
33.672, 0.837263, -0.00941276, 0.547885, 0.0144118
33.7452, 0.836574, -0.00943086, 0.548939, 0.0143999
33.8184, 0.835884, -0.00944895, 0.549994, 0.0143881
33.8916, 0.835192, -0.00946702, 0.551047, 0.0143762
33.9648, 0.834499, -0.00948508, 0.552099, 0.0143643
34.038, 0.833805, -0.00950312, 0.553151, 0.0143523
34.1112, 0.833109, -0.00952115, 0.554201, 0.0143404
34.1844, 0.832412, -0.00953916, 0.555251, 0.0143284
34.2576, 0.831714, -0.00955716, 0.5563, 0.0143164
34.3308, 0.831014, -0.00957515, 0.557348, 0.0143043
34.404, 0.830313, -0.00959311, 0.558395, 0.0142923
34.4772, 0.829611, -0.00961107, 0.559441, 0.0142802
34.5504, 0.828908, -0.009629, 0.560486, 0.0142681
34.6236, 0.828203, -0.00964692, 0.561531, 0.014256
34.6968, 0.827497, -0.00966483, 0.562574, 0.0142439
34.77, 0.826789, -0.00968272, 0.563617, 0.0142317
34.8432, 0.82608, -0.0097006, 0.564659, 0.0142195
34.9164, 0.82537, -0.00971846, 0.565699, 0.0142073
34.9896, 0.824659, -0.0097363, 0.566739, 0.0141951
35.0628, 0.823946, -0.00975413, 0.567779, 0.0141828
35.136, 0.823232, -0.00977194, 0.568817, 0.0141705
35.2092, 0.822517, -0.00978974, 0.569854, 0.0141582
35.2824, 0.8218, -0.00980752, 0.57089, 0.0141459
35.3556, 0.821082, -0.00982529, 0.571926, 0.0141336
35.4288, 0.820363, -0.00984304, 0.57296, 0.0141212
35.502, 0.819643, -0.00986078, 0.573994, 0.0141088
35.5752, 0.818921, -0.0098785, 0.575027, 0.0140964
35.6484, 0.818198, -0.0098962, 0.576059, 0.014084
35.7216, 0.817473, -0.00991389, 0.57709, 0.0140715
35.7948, 0.816748, -0.00993156, 0.57812, 0.0140591
35.868, 0.816021, -0.00994922, 0.579149, 0.0140466
35.9412, 0.815292, -0.00996686, 0.580177, 0.014034
36.0144, 0.814563, -0.00998449, 0.581204, 0.0140215
36.0876, 0.813832, -0.0100021, 0.582231, 0.0140089
36.1608, 0.8131, -0.0100197, 0.583256, 0.0139963
36.234, 0.812366, -0.0100373, 0.584281, 0.0139837
36.3072, 0.811632, -0.0100548, 0.585304, 0.0139711
36.3804, 0.810896, -0.0100724, 0.586327, 0.0139585
36.4536, 0.810158, -0.0100899, 0.587349, 0.0139458
36.5268, 0.80942, -0.0101074, 0.58837, 0.0139331
36.6, 0.80868, -0.0101249, 0.58939, 0.0139204
36.6732, 0.807939, -0.0101424, 0.590408, 0.0139076
36.7464, 0.807196, -0.0101599, 0.591427, 0.0138949
36.8196, 0.806453, -0.0101773, 0.592444, 0.0138821
36.8928, 0.805708, -0.0101947, 0.59346, 0.0138693
36.966, 0.804961, -0.0102122, 0.594475, 0.0138564
37.0392, 0.804214, -0.0102296, 0.595489, 0.0138436
37.1124, 0.803465, -0.0102469, 0.596503, 0.0138307
37.1856, 0.802715, -0.0102643, 0.597515, 0.0138178
37.2588, 0.801964, -0.0102817, 0.598527, 0.0138049
37.332, 0.801211, -0.010299, 0.599537, 0.013792
37.4052, 0.800457, -0.0103163, 0.600547, 0.013779
37.4784, 0.799702, -0.0103336, 0.601555, 0.013766
37.5516, 0.798946, -0.0103509, 0.602563, 0.013753
37.6248, 0.798188, -0.0103682, 0.60357, 0.01374
37.698, 0.797429, -0.0103854, 0.604575, 0.013727
37.7712, 0.796669, -0.0104027, 0.60558, 0.0137139
37.8444, 0.795907, -0.0104199, 0.606584, 0.0137008
37.9176, 0.795144, -0.0104371, 0.607587, 0.0136877
37.9908, 0.79438, -0.0104543, 0.608589, 0.0136746
38.064, 0.793615, -0.0104714, 0.60959, 0.0136614
38.1372, 0.792849, -0.0104886, 0.61059, 0.0136482
38.2104, 0.792081, -0.0105057, 0.611589, 0.013635
38.2836, 0.791312, -0.0105229, 0.612587, 0.0136218
38.3568, 0.790542, -0.01054, 0.613584, 0.0136086
38.43, 0.78977, -0.010557, 0.61458, 0.0135953
38.5032, 0.788997, -0.0105741, 0.615575, 0.013582
38.5764, 0.788223, -0.0105912, 0.61657, 0.0135687
38.6496, 0.787448, -0.0106082, 0.617563, 0.0135554
38.7228, 0.786672, -0.0106252, 0.618555, 0.013542
38.796, 0.785894, -0.0106422, 0.619546, 0.0135287
38.8692, 0.785115, -0.0106592, 0.620537, 0.0135153
38.9424, 0.784334, -0.0106762, 0.621526, 0.0135019
39.0156, 0.783553, -0.0106931, 0.622514, 0.0134884
39.0888, 0.78277, -0.0107101, 0.623502, 0.013475
39.162, 0.781986, -0.010727, 0.624488, 0.0134615
39.2352, 0.781201, -0.0107439, 0.625474, 0.013448
39.3084, 0.780415, -0.0107608, 0.626458, 0.0134345
39.3816, 0.779627, -0.0107776, 0.627441, 0.013421
39.4548, 0.778838, -0.0107945, 0.628424, 0.0134074
39.528, 0.778048, -0.0108113, 0.629405, 0.0133938
39.6012, 0.777256, -0.0108281, 0.630386, 0.0133802
39.6744, 0.776464, -0.0108449, 0.631365, 0.0133666
39.7476, 0.77567, -0.0108617, 0.632343, 0.0133529
39.8208, 0.774875, -0.0108785, 0.633321, 0.0133393
39.894, 0.774079, -0.0108952, 0.634297, 0.0133256
39.9672, 0.773281, -0.010912, 0.635273, 0.0133119
40.0404, 0.772482, -0.0109287, 0.636247, 0.0132982
40.1136, 0.771682, -0.0109454, 0.637221, 0.0132844
40.1868, 0.770881, -0.010962, 0.638193, 0.0132706
40.26, 0.770079, -0.0109787, 0.639164, 0.0132568
40.3332, 0.769275, -0.0109953, 0.640135, 0.013243
40.4064, 0.76847, -0.011012, 0.641104, 0.0132292
40.4796, 0.767664, -0.0110286, 0.642073, 0.0132153
40.5528, 0.766857, -0.0110452, 0.64304, 0.0132015
40.626, 0.766048, -0.0110617, 0.644006, 0.0131876
40.6992, 0.765239, -0.0110783, 0.644972, 0.0131737
40.7724, 0.764428, -0.0110948, 0.645936, 0.0131597
40.8456, 0.763616, -0.0111113, 0.646899, 0.0131458
40.9188, 0.762802, -0.0111278, 0.647861, 0.0131318
40.992, 0.761988, -0.0111443, 0.648823, 0.0131178
41.0652, 0.761172, -0.0111608, 0.649783, 0.0131038
41.1384, 0.760355, -0.0111772, 0.650742, 0.0130897
41.2116, 0.759537, -0.0111937, 0.6517, 0.0130757
41.2848, 0.758717, -0.0112101, 0.652657, 0.0130616
41.358, 0.757897, -0.0112265, 0.653614, 0.0130475
41.4312, 0.757075, -0.0112429, 0.654569, 0.0130333
41.5044, 0.756252, -0.0112592, 0.655523, 0.0130192
41.5776, 0.755428, -0.0112756, 0.656476, 0.013005
41.6508, 0.754602, -0.0112919, 0.657428, 0.0129909
41.724, 0.753776, -0.0113082, 0.658379, 0.0129766
41.7972, 0.752948, -0.0113245, 0.659328, 0.0129624
41.8704, 0.752119, -0.0113407, 0.660277, 0.0129482
41.9436, 0.751289, -0.011357, 0.661225, 0.0129339
42.0168, 0.750458, -0.0113732, 0.662172, 0.0129196
42.09, 0.749625, -0.0113894, 0.663118, 0.0129053
42.1632, 0.748792, -0.0114056, 0.664062, 0.012891
42.2364, 0.747957, -0.0114218, 0.665006, 0.0128766
42.3096, 0.747121, -0.011438, 0.665948, 0.0128623
42.3828, 0.746283, -0.0114541, 0.66689, 0.0128479
42.456, 0.745445, -0.0114702, 0.66783, 0.0128335
42.5292, 0.744605, -0.0114863, 0.66877, 0.012819
42.6024, 0.743764, -0.0115024, 0.669708, 0.0128046
42.6756, 0.742922, -0.0115185, 0.670646, 0.0127901
42.7488, 0.742079, -0.0115346, 0.671582, 0.0127756
42.822, 0.741235, -0.0115506, 0.672517, 0.0127611
42.8952, 0.740389, -0.0115666, 0.673451, 0.0127466
42.9684, 0.739543, -0.0115826, 0.674384, 0.012732
43.0416, 0.738695, -0.0115986, 0.675316, 0.0127175
43.1148, 0.737846, -0.0116145, 0.676247, 0.0127029
43.188, 0.736996, -0.0116305, 0.677177, 0.0126883
43.2612, 0.736144, -0.0116464, 0.678106, 0.0126736
43.3344, 0.735292, -0.0116623, 0.679033, 0.012659
43.4076, 0.734438, -0.0116782, 0.67996, 0.0126443
43.4808, 0.733583, -0.0116941, 0.680886, 0.0126296
43.554, 0.732727, -0.0117099, 0.68181, 0.0126149
43.6272, 0.73187, -0.0117257, 0.682733, 0.0126002
43.7004, 0.731012, -0.0117415, 0.683656, 0.0125854
43.7736, 0.730152, -0.0117573, 0.684577, 0.0125707
43.8468, 0.729292, -0.0117731, 0.685497, 0.0125559
43.92, 0.72843, -0.0117889, 0.686416, 0.0125411
43.9932, 0.727567, -0.0118046, 0.687334, 0.0125262
44.0664, 0.726703, -0.0118203, 0.688251, 0.0125114
44.1396, 0.725838, -0.011836, 0.689167, 0.0124965
44.2128, 0.724971, -0.0118517, 0.690082, 0.0124816
44.286, 0.724104, -0.0118674, 0.690995, 0.0124667
44.3592, 0.723235, -0.011883, 0.691908, 0.0124518
44.4324, 0.722365, -0.0118986, 0.692819, 0.0124369
44.5056, 0.721494, -0.0119142, 0.69373, 0.0124219
44.5788, 0.720622, -0.0119298, 0.694639, 0.0124069
44.652, 0.719749, -0.0119454, 0.695547, 0.0123919
44.7252, 0.718874, -0.0119609, 0.696454, 0.0123769
44.7984, 0.717999, -0.0119765, 0.69736, 0.0123618
44.8716, 0.717122, -0.011992, 0.698265, 0.0123468
44.9448, 0.716244, -0.0120075, 0.699169, 0.0123317
45.018, 0.715365, -0.0120229, 0.700072, 0.0123166
45.0912, 0.714485, -0.0120384, 0.700973, 0.0123015
45.1644, 0.713604, -0.0120538, 0.701874, 0.0122863
45.2376, 0.712722, -0.0120692, 0.702773, 0.0122712
45.3108, 0.711838, -0.0120846, 0.703671, 0.012256
45.384, 0.710954, -0.0121, 0.704569, 0.0122408
45.4572, 0.710068, -0.0121154, 0.705465, 0.0122256
45.5304, 0.709181, -0.0121307, 0.706359, 0.0122103
45.6036, 0.708293, -0.012146, 0.707253, 0.0121951
45.6768, 0.707404, -0.0121613, 0.708146, 0.0121798
45.75, 0.706514, -0.0121766, 0.709038, 0.0121645
45.8232, 0.705623, -0.0121919, 0.709928, 0.0121492
45.8964, 0.70473, -0.0122071, 0.710817, 0.0121338
45.9696, 0.703837, -0.0122223, 0.711705, 0.0121185
46.0428, 0.702942, -0.0122375, 0.712593, 0.0121031
46.116, 0.702046, -0.0122527, 0.713479, 0.0120877
46.1892, 0.701149, -0.0122679, 0.714363, 0.0120723
46.2624, 0.700251, -0.012283, 0.715247, 0.0120569
46.3356, 0.699352, -0.0122981, 0.71613, 0.0120414
46.4088, 0.698452, -0.0123132, 0.717011, 0.012026
46.482, 0.697551, -0.0123283, 0.717891, 0.0120105
46.5552, 0.696648, -0.0123434, 0.71877, 0.011995
46.6284, 0.695745, -0.0123584, 0.719649, 0.0119795
46.7016, 0.69484, -0.0123735, 0.720525, 0.0119639
46.7748, 0.693934, -0.0123885, 0.721401, 0.0119484
46.848, 0.693027, -0.0124035, 0.722276, 0.0119328
46.9212, 0.692119, -0.0124184, 0.723149, 0.0119172
46.9944, 0.69121, -0.0124334, 0.724022, 0.0119016
47.0676, 0.6903, -0.0124483, 0.724893, 0.0118859
47.1408, 0.689389, -0.0124632, 0.725763, 0.0118703
47.214, 0.688477, -0.0124781, 0.726632, 0.0118546
47.2872, 0.687563, -0.012493, 0.7275, 0.0118389
47.3604, 0.686649, -0.0125078, 0.728366, 0.0118232
47.4336, 0.685733, -0.0125226, 0.729232, 0.0118075
47.5068, 0.684817, -0.0125374, 0.730096, 0.0117917
47.58, 0.683899, -0.0125522, 0.730959, 0.0117759
47.6532, 0.68298, -0.012567, 0.731821, 0.0117602
47.7264, 0.68206, -0.0125818, 0.732682, 0.0117444
47.7996, 0.681139, -0.0125965, 0.733542, 0.0117285
47.8728, 0.680217, -0.0126112, 0.7344, 0.0117127
47.946, 0.679294, -0.0126259, 0.735257, 0.0116968
48.0192, 0.67837, -0.0126406, 0.736114, 0.011681
48.0924, 0.677444, -0.0126552, 0.736969, 0.0116651
48.1656, 0.676518, -0.0126698, 0.737823, 0.0116491
48.2388, 0.675591, -0.0126844, 0.738675, 0.0116332
48.312, 0.674662, -0.012699, 0.739527, 0.0116173
48.3852, 0.673733, -0.0127136, 0.740377, 0.0116013
48.4584, 0.672802, -0.0127281, 0.741226, 0.0115853
48.5316, 0.67187, -0.0127427, 0.742075, 0.0115693
48.6048, 0.670938, -0.0127572, 0.742921, 0.0115533
48.678, 0.670004, -0.0127717, 0.743767, 0.0115372
48.7512, 0.669069, -0.0127861, 0.744612, 0.0115212
48.8244, 0.668133, -0.0128006, 0.745455, 0.0115051
48.8976, 0.667196, -0.012815, 0.746297, 0.011489
48.9708, 0.666258, -0.0128294, 0.747138, 0.0114729
49.044, 0.665319, -0.0128438, 0.747978, 0.0114568
49.1172, 0.664379, -0.0128582, 0.748817, 0.0114406
49.1904, 0.663437, -0.0128725, 0.749654, 0.0114244
49.2636, 0.662495, -0.0128868, 0.75049, 0.0114082
49.3368, 0.661552, -0.0129011, 0.751325, 0.011392
49.41, 0.660607, -0.0129154, 0.752159, 0.0113758
49.4832, 0.659662, -0.0129297, 0.752992, 0.0113596
49.5564, 0.658716, -0.0129439, 0.753824, 0.0113433
49.6296, 0.657768, -0.0129582, 0.754654, 0.011327
49.7028, 0.656819, -0.0129724, 0.755483, 0.0113108
49.776, 0.65587, -0.0129865, 0.756311, 0.0112944
49.8492, 0.654919, -0.0130007, 0.757138, 0.0112781
49.9224, 0.653968, -0.0130148, 0.757963, 0.0112618
49.9956, 0.653015, -0.013029, 0.758788, 0.0112454
50.0688, 0.652061, -0.0130431, 0.759611, 0.011229
50.142, 0.651106, -0.0130571, 0.760433, 0.0112126
50.2152, 0.650151, -0.0130712, 0.761253, 0.0111962
50.2884, 0.649194, -0.0130852, 0.762073, 0.0111798
50.3616, 0.648236, -0.0130992, 0.762891, 0.0111633
50.4348, 0.647277, -0.0131132, 0.763709, 0.0111468
50.508, 0.646317, -0.0131272, 0.764525, 0.0111304
50.5812, 0.645356, -0.0131412, 0.765339, 0.0111139
50.6544, 0.644394, -0.0131551, 0.766153, 0.0110973
50.7276, 0.643432, -0.013169, 0.766965, 0.0110808
50.8008, 0.642468, -0.0131829, 0.767776, 0.0110642
50.874, 0.641503, -0.0131968, 0.768586, 0.0110477
50.9472, 0.640537, -0.0132106, 0.769395, 0.0110311
51.0204, 0.63957, -0.0132244, 0.770202, 0.0110145
51.0936, 0.638601, -0.0132382, 0.771009, 0.0109978
51.1668, 0.637632, -0.013252, 0.771814, 0.0109812
51.24, 0.636662, -0.0132658, 0.772617, 0.0109645
51.3132, 0.635691, -0.0132795, 0.77342, 0.0109478
51.3864, 0.634719, -0.0132933, 0.774221, 0.0109311
51.4596, 0.633746, -0.013307, 0.775022, 0.0109144
51.5328, 0.632772, -0.0133206, 0.77582, 0.0108977
51.606, 0.631797, -0.0133343, 0.776618, 0.010881
51.6792, 0.630821, -0.0133479, 0.777415, 0.0108642
51.7524, 0.629844, -0.0133616, 0.77821, 0.0108474
51.8256, 0.628866, -0.0133752, 0.779004, 0.0108306
51.8988, 0.627887, -0.0133887, 0.779797, 0.0108138
51.972, 0.626907, -0.0134023, 0.780588, 0.010797
52.0452, 0.625926, -0.0134158, 0.781379, 0.0107801
52.1184, 0.624944, -0.0134293, 0.782168, 0.0107633
52.1916, 0.623961, -0.0134428, 0.782956, 0.0107464
52.2648, 0.622977, -0.0134563, 0.783742, 0.0107295
52.338, 0.621992, -0.0134697, 0.784528, 0.0107126
52.4112, 0.621006, -0.0134832, 0.785312, 0.0106956
52.4844, 0.620019, -0.0134966, 0.786095, 0.0106787
52.5576, 0.619031, -0.0135099, 0.786876, 0.0106617
52.6308, 0.618042, -0.0135233, 0.787657, 0.0106447
52.704, 0.617052, -0.0135366, 0.788436, 0.0106277
52.7772, 0.616061, -0.01355, 0.789214, 0.0106107
52.8504, 0.615069, -0.0135633, 0.789991, 0.0105937
52.9236, 0.614076, -0.0135765, 0.790766, 0.0105766
52.9968, 0.613083, -0.0135898, 0.79154, 0.0105595
53.07, 0.612088, -0.013603, 0.792313, 0.0105425
53.1432, 0.611092, -0.0136162, 0.793085, 0.0105254
53.2164, 0.610095, -0.0136294, 0.793856, 0.0105082
53.2896, 0.609098, -0.0136426, 0.794625, 0.0104911
53.3628, 0.608099, -0.0136557, 0.795393, 0.010474
53.436, 0.607099, -0.0136689, 0.796159, 0.0104568
53.5092, 0.606099, -0.013682, 0.796925, 0.0104396
53.5824, 0.605097, -0.013695, 0.797689, 0.0104224
53.6556, 0.604095, -0.0137081, 0.798452, 0.0104052
53.7288, 0.603091, -0.0137211, 0.799214, 0.010388
53.802, 0.602087, -0.0137341, 0.799974, 0.0103707
53.8752, 0.601082, -0.0137471, 0.800733, 0.0103535
53.9484, 0.600075, -0.0137601, 0.801491, 0.0103362
54.0216, 0.599068, -0.0137731, 0.802248, 0.0103189
54.0948, 0.59806, -0.013786, 0.803003, 0.0103016
54.168, 0.597051, -0.0137989, 0.803757, 0.0102842
54.2412, 0.596041, -0.0138118, 0.80451, 0.0102669
54.3144, 0.59503, -0.0138246, 0.805261, 0.0102495
54.3876, 0.594018, -0.0138375, 0.806012, 0.0102322
54.4608, 0.593005, -0.0138503, 0.806761, 0.0102148
54.534, 0.591991, -0.0138631, 0.807508, 0.0101974
54.6072, 0.590976, -0.0138759, 0.808255, 0.0101799
54.6804, 0.589961, -0.0138886, 0.809, 0.0101625
54.7536, 0.588944, -0.0139014, 0.809744, 0.010145
54.8268, 0.587926, -0.0139141, 0.810486, 0.0101276
54.9, 0.586908, -0.0139268, 0.811228, 0.0101101
54.9732, 0.585888, -0.0139394, 0.811968, 0.0100926
55.0464, 0.584868, -0.0139521, 0.812707, 0.010075
55.1196, 0.583847, -0.0139647, 0.813444, 0.0100575
55.1928, 0.582824, -0.0139773, 0.81418, 0.01004
55.266, 0.581801, -0.0139899, 0.814915, 0.0100224
55.3392, 0.580777, -0.0140024, 0.815649, 0.0100048
55.4124, 0.579752, -0.0140149, 0.816381, 0.0099872
55.4856, 0.578726, -0.0140274, 0.817112, 0.00996959
55.5588, 0.5777, -0.0140399, 0.817842, 0.00995196
55.632, 0.576672, -0.0140524, 0.818571, 0.00993431
55.7052, 0.575643, -0.0140648, 0.819298, 0.00991665
55.7784, 0.574614, -0.0140773, 0.820024, 0.00989897
55.8516, 0.573583, -0.0140897, 0.820748, 0.00988128
55.9248, 0.572552, -0.014102, 0.821472, 0.00986357
55.998, 0.57152, -0.0141144, 0.822194, 0.00984585
56.0712, 0.570486, -0.0141267, 0.822914, 0.00982811
56.1444, 0.569452, -0.014139, 0.823634, 0.00981035
56.2176, 0.568417, -0.0141513, 0.824352, 0.00979259
56.2908, 0.567382, -0.0141636, 0.825069, 0.0097748
56.364, 0.566345, -0.0141758, 0.825784, 0.009757
56.4372, 0.565307, -0.014188, 0.826498, 0.00973918
56.5104, 0.564268, -0.0142002, 0.827211, 0.00972135
56.5836, 0.563229, -0.0142124, 0.827923, 0.00970351
56.6568, 0.562189, -0.0142246, 0.828633, 0.00968564
56.73, 0.561147, -0.0142367, 0.829342, 0.00966777
56.8032, 0.560105, -0.0142488, 0.83005, 0.00964988
56.8764, 0.559062, -0.0142609, 0.830756, 0.00963197
56.9496, 0.558018, -0.0142729, 0.831461, 0.00961405
57.0228, 0.556974, -0.014285, 0.832165, 0.00959611
57.096, 0.555928, -0.014297, 0.832867, 0.00957816
57.1692, 0.554881, -0.014309, 0.833569, 0.00956019
57.2424, 0.553834, -0.014321, 0.834268, 0.00954221
57.3156, 0.552786, -0.0143329, 0.834967, 0.00952421
57.3888, 0.551737, -0.0143448, 0.835664, 0.0095062
57.462, 0.550687, -0.0143567, 0.83636, 0.00948817
57.5352, 0.549636, -0.0143686, 0.837054, 0.00947013
57.6084, 0.548584, -0.0143805, 0.837748, 0.00945208
57.6816, 0.547531, -0.0143923, 0.83844, 0.009434
57.7548, 0.546478, -0.0144041, 0.83913, 0.00941592
57.828, 0.545423, -0.0144159, 0.839819, 0.00939782
57.9012, 0.544368, -0.0144277, 0.840507, 0.0093797
57.9744, 0.543312, -0.0144394, 0.841194, 0.00936157
58.0476, 0.542255, -0.0144511, 0.841879, 0.00934343
58.1208, 0.541197, -0.0144628, 0.842563, 0.00932527
58.194, 0.540138, -0.0144745, 0.843246, 0.00930709
58.2672, 0.539079, -0.0144861, 0.843927, 0.0092889
58.3404, 0.538019, -0.0144978, 0.844607, 0.0092707
58.4136, 0.536957, -0.0145094, 0.845286, 0.00925248
58.4868, 0.535895, -0.014521, 0.845963, 0.00923425
58.56, 0.534832, -0.0145325, 0.846639, 0.00921601
58.6332, 0.533769, -0.0145441, 0.847313, 0.00919774
58.7064, 0.532704, -0.0145556, 0.847987, 0.00917947
58.7796, 0.531638, -0.0145671, 0.848659, 0.00916118
58.8528, 0.530572, -0.0145785, 0.849329, 0.00914288
58.926, 0.529505, -0.01459, 0.849998, 0.00912456
58.9992, 0.528437, -0.0146014, 0.850666, 0.00910622
59.0724, 0.527368, -0.0146128, 0.851333, 0.00908788
59.1456, 0.526298, -0.0146242, 0.851998, 0.00906952
59.2188, 0.525228, -0.0146355, 0.852662, 0.00905114
59.292, 0.524157, -0.0146468, 0.853325, 0.00903275
59.3652, 0.523085, -0.0146581, 0.853986, 0.00901435
59.4384, 0.522012, -0.0146694, 0.854646, 0.00899593
59.5116, 0.520938, -0.0146807, 0.855304, 0.0089775
59.5848, 0.519863, -0.0146919, 0.855961, 0.00895905
59.658, 0.518788, -0.0147031, 0.856617, 0.00894059
59.7312, 0.517711, -0.0147143, 0.857272, 0.00892212
59.8044, 0.516634, -0.0147255, 0.857925, 0.00890363
59.8776, 0.515556, -0.0147366, 0.858576, 0.00888513
59.9508, 0.514478, -0.0147477, 0.859227, 0.00886662
60.024, 0.513398, -0.0147588, 0.859876, 0.00884809
60.0972, 0.512318, -0.0147699, 0.860524, 0.00882954
60.1704, 0.511237, -0.0147809, 0.86117, 0.00881099
60.2436, 0.510155, -0.014792, 0.861815, 0.00879242
60.3168, 0.509072, -0.014803, 0.862458, 0.00877383
60.39, 0.507988, -0.014814, 0.863101, 0.00875523
60.4632, 0.506904, -0.0148249, 0.863742, 0.00873662
60.5364, 0.505819, -0.0148358, 0.864381, 0.008718
60.6096, 0.504733, -0.0148467, 0.865019, 0.00869936
60.6828, 0.503646, -0.0148576, 0.865656, 0.00868071
60.756, 0.502558, -0.0148685, 0.866291, 0.00866204
60.8292, 0.50147, -0.0148793, 0.866926, 0.00864336
60.9024, 0.500381, -0.0148901, 0.867558, 0.00862467
60.9756, 0.499291, -0.0149009, 0.86819, 0.00860596
61.0488, 0.4982, -0.0149117, 0.868819, 0.00858724
61.122, 0.497109, -0.0149224, 0.869448, 0.00856851
61.1952, 0.496016, -0.0149332, 0.870075, 0.00854976
61.2684, 0.494923, -0.0149438, 0.870701, 0.008531
61.3416, 0.493829, -0.0149545, 0.871326, 0.00851223
61.4148, 0.492735, -0.0149652, 0.871949, 0.00849344
61.488, 0.491639, -0.0149758, 0.87257, 0.00847464
61.5612, 0.490543, -0.0149864, 0.873191, 0.00845582
61.6344, 0.489446, -0.014997, 0.87381, 0.008437
61.7076, 0.488348, -0.0150075, 0.874427, 0.00841816
61.7808, 0.48725, -0.015018, 0.875044, 0.00839931
61.854, 0.48615, -0.0150286, 0.875658, 0.00838044
61.9272, 0.48505, -0.015039, 0.876272, 0.00836156
62.0004, 0.483949, -0.0150495, 0.876884, 0.00834267
62.0736, 0.482848, -0.0150599, 0.877495, 0.00832376
62.1468, 0.481745, -0.0150703, 0.878104, 0.00830485
62.22, 0.480642, -0.0150807, 0.878712, 0.00828591
62.2932, 0.479538, -0.0150911, 0.879318, 0.00826697
62.3664, 0.478434, -0.0151014, 0.879923, 0.00824801
62.4396, 0.477328, -0.0151117, 0.880527, 0.00822904
62.5128, 0.476222, -0.015122, 0.88113, 0.00821006
62.586, 0.475115, -0.0151323, 0.881731, 0.00819107
62.6592, 0.474007, -0.0151425, 0.88233, 0.00817206
62.7324, 0.472899, -0.0151528, 0.882928, 0.00815304
62.8056, 0.47179, -0.0151629, 0.883525, 0.008134
62.8788, 0.47068, -0.0151731, 0.884121, 0.00811496
62.952, 0.469569, -0.0151833, 0.884715, 0.0080959
63.0252, 0.468458, -0.0151934, 0.885307, 0.00807683
63.0984, 0.467346, -0.0152035, 0.885898, 0.00805774
63.1716, 0.466233, -0.0152136, 0.886488, 0.00803865
63.2448, 0.465119, -0.0152236, 0.887077, 0.00801954
63.318, 0.464005, -0.0152336, 0.887664, 0.00800041
63.3912, 0.46289, -0.0152436, 0.888249, 0.00798128
63.4644, 0.461774, -0.0152536, 0.888834, 0.00796213
63.5376, 0.460657, -0.0152636, 0.889416, 0.00794297
63.6108, 0.45954, -0.0152735, 0.889998, 0.0079238
63.684, 0.458422, -0.0152834, 0.890578, 0.00790462
63.7572, 0.457303, -0.0152933, 0.891156, 0.00788542
63.8304, 0.456184, -0.0153031, 0.891734, 0.00786622
63.9036, 0.455064, -0.015313, 0.892309, 0.00784699
63.9768, 0.453943, -0.0153228, 0.892884, 0.00782776
64.05, 0.452821, -0.0153326, 0.893457, 0.00780852
64.1232, 0.451699, -0.0153423, 0.894028, 0.00778926
64.1964, 0.450576, -0.0153521, 0.894599, 0.00776999
64.2696, 0.449452, -0.0153618, 0.895167, 0.00775071
64.3428, 0.448327, -0.0153715, 0.895735, 0.00773142
64.416, 0.447202, -0.0153811, 0.896301, 0.00771211
64.4892, 0.446076, -0.0153908, 0.896865, 0.00769279
64.5624, 0.44495, -0.0154004, 0.897428, 0.00767346
64.6356, 0.443822, -0.01541, 0.89799, 0.00765412
64.7088, 0.442694, -0.0154195, 0.89855, 0.00763477
64.782, 0.441566, -0.0154291, 0.899109, 0.0076154
64.8552, 0.440436, -0.0154386, 0.899667, 0.00759603
64.9284, 0.439306, -0.0154481, 0.900223, 0.00757664
65.0016, 0.438175, -0.0154575, 0.900777, 0.00755724
65.0748, 0.437044, -0.015467, 0.90133, 0.00753782
65.148, 0.435912, -0.0154764, 0.901882, 0.0075184
65.2212, 0.434779, -0.0154858, 0.902433, 0.00749896
65.2944, 0.433645, -0.0154952, 0.902981, 0.00747952
65.3676, 0.432511, -0.0155045, 0.903529, 0.00746006
65.4408, 0.431376, -0.0155138, 0.904075, 0.00744058
65.514, 0.43024, -0.0155231, 0.90462, 0.0074211
65.5872, 0.429104, -0.0155324, 0.905163, 0.00740161
65.6604, 0.427967, -0.0155417, 0.905705, 0.0073821
65.7336, 0.426829, -0.0155509, 0.906245, 0.00736259
65.8068, 0.425691, -0.0155601, 0.906784, 0.00734306
65.88, 0.424552, -0.0155692, 0.907322, 0.00732352
65.9532, 0.423413, -0.0155784, 0.907858, 0.00730397
66.0264, 0.422272, -0.0155875, 0.908392, 0.0072844
66.0996, 0.421131, -0.0155966, 0.908925, 0.00726483
66.1728, 0.419989, -0.0156057, 0.909457, 0.00724524
66.246, 0.418847, -0.0156147, 0.909988, 0.00722565
66.3192, 0.417704, -0.0156238, 0.910517, 0.00720604
66.3924, 0.41656, -0.0156328, 0.911044, 0.00718642
66.4656, 0.415416, -0.0156417, 0.91157, 0.00716679
66.5388, 0.414271, -0.0156507, 0.912095, 0.00714715
66.612, 0.413126, -0.0156596, 0.912618, 0.0071275
66.6852, 0.411979, -0.0156685, 0.91314, 0.00710783
66.7584, 0.410832, -0.0156774, 0.91366, 0.00708816
66.8316, 0.409685, -0.0156862, 0.914179, 0.00706847
66.9048, 0.408537, -0.0156951, 0.914696, 0.00704878
66.978, 0.407388, -0.0157039, 0.915212, 0.00702907
67.0512, 0.406238, -0.0157127, 0.915727, 0.00700935
67.1244, 0.405088, -0.0157214, 0.91624, 0.00698962
67.1976, 0.403937, -0.0157301, 0.916751, 0.00696988
67.2708, 0.402786, -0.0157388, 0.917262, 0.00695013
67.344, 0.401634, -0.0157475, 0.91777, 0.00693037
67.4172, 0.400481, -0.0157562, 0.918278, 0.0069106
67.4904, 0.399328, -0.0157648, 0.918783, 0.00689082
67.5636, 0.398174, -0.0157734, 0.919288, 0.00687102
67.6368, 0.397019, -0.015782, 0.919791, 0.00685122
67.71, 0.395864, -0.0157905, 0.920292, 0.0068314
67.7832, 0.394708, -0.0157991, 0.920792, 0.00681158
67.8564, 0.393551, -0.0158076, 0.921291, 0.00679174
67.9296, 0.392394, -0.015816, 0.921788, 0.00677189
68.0028, 0.391237, -0.0158245, 0.922284, 0.00675204
68.076, 0.390078, -0.0158329, 0.922778, 0.00673217
68.1492, 0.388919, -0.0158413, 0.923271, 0.00671229
68.2224, 0.38776, -0.0158497, 0.923762, 0.0066924
68.2956, 0.386599, -0.0158581, 0.924252, 0.0066725
68.3688, 0.385439, -0.0158664, 0.924741, 0.00665259
68.442, 0.384277, -0.0158747, 0.925228, 0.00663267
68.5152, 0.383115, -0.015883, 0.925713, 0.00661274
68.5884, 0.381953, -0.0158912, 0.926197, 0.0065928
68.6616, 0.380789, -0.0158994, 0.92668, 0.00657285
68.7348, 0.379625, -0.0159076, 0.927161, 0.00655289
68.808, 0.378461, -0.0159158, 0.92764, 0.00653292
68.8812, 0.377296, -0.015924, 0.928119, 0.00651294
68.9544, 0.37613, -0.0159321, 0.928595, 0.00649295
69.0276, 0.374964, -0.0159402, 0.929071, 0.00647295
69.1008, 0.373797, -0.0159483, 0.929545, 0.00645294
69.174, 0.37263, -0.0159563, 0.930017, 0.00643292
69.2472, 0.371462, -0.0159644, 0.930488, 0.00641288
69.3204, 0.370293, -0.0159724, 0.930957, 0.00639284
69.3936, 0.369124, -0.0159803, 0.931425, 0.00637279
69.4668, 0.367954, -0.0159883, 0.931892, 0.00635273
69.54, 0.366784, -0.0159962, 0.932357, 0.00633266
69.6132, 0.365613, -0.0160041, 0.93282, 0.00631258
69.6864, 0.364442, -0.016012, 0.933282, 0.00629249
69.7596, 0.363269, -0.0160198, 0.933743, 0.00627239
69.8328, 0.362097, -0.0160277, 0.934202, 0.00625228
69.906, 0.360924, -0.0160354, 0.93466, 0.00623216
69.9792, 0.35975, -0.0160432, 0.935116, 0.00621203
70.0524, 0.358575, -0.016051, 0.935571, 0.00619189
70.1256, 0.357401, -0.0160587, 0.936024, 0.00617175
70.1988, 0.356225, -0.0160664, 0.936476, 0.00615159
70.272, 0.355049, -0.0160741, 0.936926, 0.00613142
70.3452, 0.353872, -0.0160817, 0.937375, 0.00611124
70.4184, 0.352695, -0.0160893, 0.937822, 0.00609106
70.4916, 0.351517, -0.0160969, 0.938268, 0.00607086
70.5648, 0.350339, -0.0161045, 0.938712, 0.00605066
70.638, 0.34916, -0.016112, 0.939155, 0.00603044
70.7112, 0.347981, -0.0161196, 0.939597, 0.00601022
70.7844, 0.346801, -0.016127, 0.940037, 0.00598999
70.8576, 0.34562, -0.0161345, 0.940475, 0.00596975
70.9308, 0.344439, -0.016142, 0.940912, 0.00594949
71.004, 0.343258, -0.0161494, 0.941348, 0.00592923
71.0772, 0.342076, -0.0161568, 0.941782, 0.00590896
71.1504, 0.340893, -0.0161641, 0.942214, 0.00588868
71.2236, 0.33971, -0.0161715, 0.942645, 0.0058684
71.2968, 0.338526, -0.0161788, 0.943075, 0.0058481
71.37, 0.337342, -0.0161861, 0.943503, 0.00582779
71.4432, 0.336157, -0.0161933, 0.943929, 0.00580748
71.5164, 0.334972, -0.0162006, 0.944355, 0.00578715
71.5896, 0.333786, -0.0162078, 0.944778, 0.00576682
71.6628, 0.332599, -0.016215, 0.9452, 0.00574648
71.736, 0.331412, -0.0162221, 0.945621, 0.00572613
71.8092, 0.330225, -0.0162293, 0.94604, 0.00570577
71.8824, 0.329037, -0.0162364, 0.946458, 0.0056854
71.9556, 0.327848, -0.0162435, 0.946874, 0.00566502
72.0288, 0.326659, -0.0162505, 0.947289, 0.00564464
72.102, 0.32547, -0.0162576, 0.947702, 0.00562424
72.1752, 0.32428, -0.0162646, 0.948113, 0.00560384
72.2484, 0.323089, -0.0162715, 0.948524, 0.00558343
72.3216, 0.321898, -0.0162785, 0.948932, 0.00556301
72.3948, 0.320707, -0.0162854, 0.94934, 0.00554258
72.468, 0.319514, -0.0162923, 0.949745, 0.00552214
72.5412, 0.318322, -0.0162992, 0.95015, 0.00550169
72.6144, 0.317129, -0.0163061, 0.950552, 0.00548124
72.6876, 0.315935, -0.0163129, 0.950953, 0.00546078
72.7608, 0.314741, -0.0163197, 0.951353, 0.0054403
72.834, 0.313546, -0.0163265, 0.951751, 0.00541983
72.9072, 0.312351, -0.0163332, 0.952148, 0.00539934
72.9804, 0.311156, -0.0163399, 0.952543, 0.00537884
73.0536, 0.30996, -0.0163466, 0.952937, 0.00535834
73.1268, 0.308763, -0.0163533, 0.953329, 0.00533782
73.2, 0.307566, -0.01636, 0.95372, 0.0053173
73.2732, 0.306368, -0.0163666, 0.954109, 0.00529677
73.3464, 0.30517, -0.0163732, 0.954497, 0.00527623
73.4196, 0.303972, -0.0163797, 0.954883, 0.00525569
73.4928, 0.302773, -0.0163863, 0.955268, 0.00523513
73.566, 0.301573, -0.0163928, 0.955651, 0.00521457
73.6392, 0.300373, -0.0163993, 0.956033, 0.005194
73.7124, 0.299173, -0.0164058, 0.956413, 0.00517342
73.7856, 0.297972, -0.0164122, 0.956792, 0.00515284
73.8588, 0.296771, -0.0164186, 0.957169, 0.00513224
73.932, 0.295569, -0.016425, 0.957545, 0.00511164
74.0052, 0.294367, -0.0164314, 0.957919, 0.00509103
74.0784, 0.293164, -0.0164377, 0.958292, 0.00507042
74.1516, 0.291961, -0.016444, 0.958663, 0.00504979
74.2248, 0.290757, -0.0164503, 0.959032, 0.00502916
74.298, 0.289553, -0.0164566, 0.9594, 0.00500852
74.3712, 0.288348, -0.0164628, 0.959767, 0.00498787
74.4444, 0.287143, -0.016469, 0.960132, 0.00496721
74.5176, 0.285938, -0.0164752, 0.960496, 0.00494655
74.5908, 0.284732, -0.0164813, 0.960858, 0.00492588
74.664, 0.283525, -0.0164875, 0.961218, 0.0049052
74.7372, 0.282318, -0.0164936, 0.961578, 0.00488451
74.8104, 0.281111, -0.0164996, 0.961935, 0.00486382
74.8836, 0.279903, -0.0165057, 0.962291, 0.00484312
74.9568, 0.278695, -0.0165117, 0.962646, 0.00482241
75.03, 0.277486, -0.0165177, 0.962999, 0.00480169
75.1032, 0.276277, -0.0165237, 0.96335, 0.00478097
75.1764, 0.275068, -0.0165296, 0.9637, 0.00476024
75.2496, 0.273858, -0.0165355, 0.964049, 0.0047395
75.3228, 0.272647, -0.0165414, 0.964395, 0.00471876
75.396, 0.271436, -0.0165473, 0.964741, 0.004698
75.4692, 0.270225, -0.0165531, 0.965085, 0.00467724
75.5424, 0.269013, -0.016559, 0.965427, 0.00465648
75.6156, 0.267801, -0.0165647, 0.965768, 0.0046357
75.6888, 0.266589, -0.0165705, 0.966107, 0.00461492
75.762, 0.265376, -0.0165762, 0.966445, 0.00459413
75.8352, 0.264162, -0.0165819, 0.966781, 0.00457334
75.9084, 0.262949, -0.0165876, 0.967116, 0.00455254
75.9816, 0.261734, -0.0165933, 0.967449, 0.00453173
76.0548, 0.26052, -0.0165989, 0.967781, 0.00451091
76.128, 0.259305, -0.0166045, 0.968111, 0.00449009
76.2012, 0.258089, -0.0166101, 0.96844, 0.00446926
76.2744, 0.256873, -0.0166157, 0.968767, 0.00444842
76.3476, 0.255657, -0.0166212, 0.969093, 0.00442758
76.4208, 0.254441, -0.0166267, 0.969417, 0.00440673
76.494, 0.253223, -0.0166322, 0.969739, 0.00438587
76.5672, 0.252006, -0.0166376, 0.970061, 0.00436501
76.6404, 0.250788, -0.016643, 0.97038, 0.00434413
76.7136, 0.24957, -0.0166484, 0.970698, 0.00432326
76.7868, 0.248351, -0.0166538, 0.971014, 0.00430237
76.86, 0.247132, -0.0166591, 0.971329, 0.00428148
76.9332, 0.245913, -0.0166645, 0.971643, 0.00426059
77.0064, 0.244693, -0.0166697, 0.971955, 0.00423968
77.0796, 0.243473, -0.016675, 0.972265, 0.00421877
77.1528, 0.242252, -0.0166802, 0.972574, 0.00419786
77.226, 0.241031, -0.0166855, 0.972881, 0.00417693
77.2992, 0.23981, -0.0166906, 0.973187, 0.00415601
77.3724, 0.238588, -0.0166958, 0.973491, 0.00413507
77.4456, 0.237366, -0.0167009, 0.973794, 0.00411413
77.5188, 0.236143, -0.016706, 0.974095, 0.00409318
77.592, 0.23492, -0.0167111, 0.974395, 0.00407223
77.6652, 0.233697, -0.0167162, 0.974693, 0.00405127
77.7384, 0.232473, -0.0167212, 0.974989, 0.0040303
77.8116, 0.23125, -0.0167262, 0.975284, 0.00400933
77.8848, 0.230025, -0.0167312, 0.975578, 0.00398835
77.958, 0.2288, -0.0167361, 0.97587, 0.00396736
78.0312, 0.227575, -0.016741, 0.97616, 0.00394637
78.1044, 0.22635, -0.0167459, 0.976449, 0.00392538
78.1776, 0.225124, -0.0167508, 0.976736, 0.00390437
78.2508, 0.223898, -0.0167557, 0.977022, 0.00388336
78.324, 0.222671, -0.0167605, 0.977306, 0.00386235
78.3972, 0.221445, -0.0167653, 0.977589, 0.00384133
78.4704, 0.220217, -0.01677, 0.97787, 0.0038203
78.5436, 0.21899, -0.0167748, 0.97815, 0.00379927
78.6168, 0.217762, -0.0167795, 0.978428, 0.00377823
78.69, 0.216534, -0.0167842, 0.978705, 0.00375719
78.7632, 0.215305, -0.0167888, 0.97898, 0.00373614
78.8364, 0.214076, -0.0167934, 0.979253, 0.00371509
78.9096, 0.212847, -0.016798, 0.979525, 0.00369402
78.9828, 0.211617, -0.0168026, 0.979795, 0.00367296
79.056, 0.210387, -0.0168072, 0.980064, 0.00365189
79.1292, 0.209157, -0.0168117, 0.980332, 0.00363081
79.2024, 0.207926, -0.0168162, 0.980597, 0.00360973
79.2756, 0.206695, -0.0168207, 0.980862, 0.00358864
79.3488, 0.205464, -0.0168251, 0.981124, 0.00356754
79.422, 0.204232, -0.0168295, 0.981385, 0.00354644
79.4952, 0.203001, -0.0168339, 0.981645, 0.00352534
79.5684, 0.201768, -0.0168383, 0.981903, 0.00350423
79.6416, 0.200536, -0.0168426, 0.98216, 0.00348312
79.7148, 0.199303, -0.0168469, 0.982415, 0.00346199
79.788, 0.19807, -0.0168512, 0.982668, 0.00344087
79.8612, 0.196836, -0.0168555, 0.98292, 0.00341974
79.9344, 0.195602, -0.0168597, 0.98317, 0.0033986
80.0076, 0.194368, -0.0168639, 0.983419, 0.00337746
80.0808, 0.193134, -0.0168681, 0.983666, 0.00335631
80.154, 0.191899, -0.0168723, 0.983912, 0.00333516
80.2272, 0.190664, -0.0168764, 0.984156, 0.00331401
80.3004, 0.189429, -0.0168805, 0.984399, 0.00329285
80.3736, 0.188193, -0.0168846, 0.98464, 0.00327168
80.4468, 0.186957, -0.0168886, 0.984879, 0.00325051
80.52, 0.185721, -0.0168926, 0.985117, 0.00322933
80.5932, 0.184484, -0.0168966, 0.985353, 0.00320815
80.6664, 0.183247, -0.0169006, 0.985588, 0.00318697
80.7396, 0.18201, -0.0169045, 0.985822, 0.00316577
80.8128, 0.180773, -0.0169084, 0.986053, 0.00314458
80.886, 0.179535, -0.0169123, 0.986283, 0.00312338
80.9592, 0.178297, -0.0169162, 0.986512, 0.00310217
81.0324, 0.177059, -0.01692, 0.986739, 0.00308096
81.1056, 0.17582, -0.0169238, 0.986965, 0.00305975
81.1788, 0.174582, -0.0169276, 0.987189, 0.00303853
81.252, 0.173342, -0.0169314, 0.987411, 0.00301731
81.3252, 0.172103, -0.0169351, 0.987632, 0.00299608
81.3984, 0.170863, -0.0169388, 0.987851, 0.00297485
81.4716, 0.169624, -0.0169425, 0.988069, 0.00295361
81.5448, 0.168383, -0.0169461, 0.988285, 0.00293237
81.618, 0.167143, -0.0169497, 0.9885, 0.00291113
81.6912, 0.165902, -0.0169533, 0.988713, 0.00288988
81.7644, 0.164661, -0.0169569, 0.988925, 0.00286862
81.8376, 0.16342, -0.0169604, 0.989135, 0.00284736
81.9108, 0.162178, -0.0169639, 0.989343, 0.0028261
81.984, 0.160937, -0.0169674, 0.98955, 0.00280483
82.0572, 0.159695, -0.0169709, 0.989755, 0.00278356
82.1304, 0.158452, -0.0169743, 0.989959, 0.00276229
82.2036, 0.15721, -0.0169777, 0.990161, 0.00274101
82.2768, 0.155967, -0.0169811, 0.990362, 0.00271972
82.35, 0.154724, -0.0169844, 0.990561, 0.00269844
82.4232, 0.153481, -0.0169878, 0.990758, 0.00267714
82.4964, 0.152237, -0.0169911, 0.990954, 0.00265585
82.5696, 0.150994, -0.0169943, 0.991149, 0.00263455
82.6428, 0.14975, -0.0169976, 0.991342, 0.00261325
82.716, 0.148505, -0.0170008, 0.991533, 0.00259194
82.7892, 0.147261, -0.017004, 0.991723, 0.00257063
82.8624, 0.146016, -0.0170072, 0.991911, 0.00254931
82.9356, 0.144771, -0.0170103, 0.992097, 0.00252799
83.0088, 0.143526, -0.0170134, 0.992282, 0.00250667
83.082, 0.142281, -0.0170165, 0.992466, 0.00248534
83.1552, 0.141035, -0.0170196, 0.992648, 0.00246401
83.2284, 0.139789, -0.0170226, 0.992828, 0.00244268
83.3016, 0.138543, -0.0170256, 0.993007, 0.00242134
83.3748, 0.137297, -0.0170286, 0.993184, 0.0024
83.448, 0.136051, -0.0170315, 0.99336, 0.00237866
83.5212, 0.134804, -0.0170344, 0.993534, 0.00235731
83.5944, 0.133557, -0.0170373, 0.993707, 0.00233596
83.6676, 0.13231, -0.0170402, 0.993878, 0.0023146
83.7408, 0.131062, -0.0170431, 0.994047, 0.00229325
83.814, 0.129815, -0.0170459, 0.994215, 0.00227188
83.8872, 0.128567, -0.0170487, 0.994381, 0.00225052
83.9604, 0.127319, -0.0170514, 0.994546, 0.00222915
84.0336, 0.126071, -0.0170542, 0.994709, 0.00220778
84.1068, 0.124823, -0.0170569, 0.994871, 0.00218641
84.18, 0.123574, -0.0170595, 0.995031, 0.00216503
84.2532, 0.122325, -0.0170622, 0.995189, 0.00214365
84.3264, 0.121076, -0.0170648, 0.995346, 0.00212226
84.3996, 0.119827, -0.0170674, 0.995501, 0.00210087
84.4728, 0.118578, -0.01707, 0.995655, 0.00207948
84.546, 0.117328, -0.0170726, 0.995807, 0.00205809
84.6192, 0.116079, -0.0170751, 0.995958, 0.00203669
84.6924, 0.114829, -0.0170776, 0.996107, 0.0020153
84.7656, 0.113579, -0.01708, 0.996255, 0.00199389
84.8388, 0.112328, -0.0170825, 0.996401, 0.00197249
84.912, 0.111078, -0.0170849, 0.996545, 0.00195108
84.9852, 0.109827, -0.0170873, 0.996688, 0.00192967
85.0584, 0.108577, -0.0170896, 0.996829, 0.00190825
85.1316, 0.107326, -0.017092, 0.996969, 0.00188684
85.2048, 0.106074, -0.0170943, 0.997107, 0.00186542
85.278, 0.104823, -0.0170966, 0.997244, 0.001844
85.3512, 0.103572, -0.0170988, 0.997378, 0.00182257
85.4244, 0.10232, -0.017101, 0.997512, 0.00180114
85.4976, 0.101068, -0.0171032, 0.997644, 0.00177972
85.5708, 0.0998163, -0.0171054, 0.997774, 0.00175828
85.644, 0.0985642, -0.0171075, 0.997903, 0.00173685
85.7172, 0.0973119, -0.0171097, 0.99803, 0.00171541
85.7904, 0.0960595, -0.0171118, 0.998155, 0.00169397
85.8636, 0.0948069, -0.0171138, 0.998279, 0.00167253
85.9368, 0.0935542, -0.0171159, 0.998402, 0.00165108
86.01, 0.0923013, -0.0171179, 0.998523, 0.00162964
86.0832, 0.0910483, -0.0171198, 0.998642, 0.00160819
86.1564, 0.0897951, -0.0171218, 0.99876, 0.00158674
86.2296, 0.0885418, -0.0171237, 0.998876, 0.00156528
86.3028, 0.0872883, -0.0171256, 0.99899, 0.00154382
86.376, 0.0860347, -0.0171275, 0.999103, 0.00152237
86.4492, 0.084781, -0.0171294, 0.999215, 0.00150091
86.5224, 0.0835271, -0.0171312, 0.999325, 0.00147944
86.5956, 0.0822731, -0.017133, 0.999433, 0.00145798
86.6688, 0.081019, -0.0171347, 0.99954, 0.00143651
86.742, 0.0797647, -0.0171365, 0.999645, 0.00141504
86.8152, 0.0785103, -0.0171382, 0.999749, 0.00139357
86.8884, 0.0772558, -0.0171399, 0.999851, 0.0013721
86.9616, 0.0760012, -0.0171415, 0.999951, 0.00135062
87.0348, 0.0747464, -0.0171432, 1.00005, 0.00132915
87.108, 0.0734915, -0.0171448, 1.00015, 0.00130767
87.1812, 0.0722365, -0.0171464, 1.00024, 0.00128619
87.2544, 0.0709814, -0.0171479, 1.00034, 0.00126471
87.3276, 0.0697262, -0.0171494, 1.00043, 0.00124322
87.4008, 0.0684709, -0.0171509, 1.00052, 0.00122174
87.474, 0.0672154, -0.0171524, 1.00061, 0.00120025
87.5472, 0.0659599, -0.0171538, 1.0007, 0.00117876
87.6204, 0.0647042, -0.0171553, 1.00078, 0.00115727
87.6936, 0.0634484, -0.0171566, 1.00087, 0.00113578
87.7668, 0.0621926, -0.017158, 1.00095, 0.00111429
87.84, 0.0609366, -0.0171593, 1.00103, 0.00109279
87.9132, 0.0596805, -0.0171607, 1.00111, 0.0010713
87.9864, 0.0584244, -0.0171619, 1.00119, 0.0010498
88.0596, 0.0571681, -0.0171632, 1.00127, 0.0010283
88.1328, 0.0559118, -0.0171644, 1.00134, 0.0010068
88.206, 0.0546553, -0.0171656, 1.00142, 0.000985296
88.2792, 0.0533988, -0.0171668, 1.00149, 0.000963792
88.3524, 0.0521422, -0.0171679, 1.00156, 0.000942288
88.4256, 0.0508855, -0.0171691, 1.00163, 0.000920782
88.4988, 0.0496287, -0.0171702, 1.0017, 0.000899275
88.572, 0.0483719, -0.0171712, 1.00176, 0.000877767
88.6452, 0.047115, -0.0171723, 1.00183, 0.000856257
88.7184, 0.0458579, -0.0171733, 1.00189, 0.000834747
88.7916, 0.0446009, -0.0171743, 1.00195, 0.000813235
88.8648, 0.0433437, -0.0171752, 1.00201, 0.000791723
88.938, 0.0420865, -0.0171761, 1.00207, 0.000770209
89.0112, 0.0408292, -0.017177, 1.00212, 0.000748695
89.0844, 0.0395718, -0.0171779, 1.00218, 0.000727179
89.1576, 0.0383144, -0.0171788, 1.00223, 0.000705663
89.2308, 0.0370569, -0.0171796, 1.00228, 0.000684146
89.304, 0.0357994, -0.0171804, 1.00233, 0.000662628
89.3772, 0.0345418, -0.0171812, 1.00238, 0.000641109
89.4504, 0.0332841, -0.0171819, 1.00243, 0.000619589
89.5236, 0.0320264, -0.0171826, 1.00248, 0.000598069
89.5968, 0.0307686, -0.0171833, 1.00252, 0.000576548
89.67, 0.0295108, -0.017184, 1.00256, 0.000555026
89.7432, 0.0282529, -0.0171846, 1.0026, 0.000533504
89.8164, 0.026995, -0.0171852, 1.00264, 0.000511981
89.8896, 0.0257371, -0.0171858, 1.00268, 0.000490458
89.9628, 0.0244791, -0.0171863, 1.00271, 0.000468934
90.036, 0.023221, -0.0171869, 1.00275, 0.00044741
90.1092, 0.021963, -0.0171874, 1.00278, 0.000425885
90.1824, 0.0207048, -0.0171878, 1.00281, 0.000404359
90.2556, 0.0194467, -0.0171883, 1.00284, 0.000382834
90.3288, 0.0181885, -0.0171887, 1.00287, 0.000361308
90.402, 0.0169303, -0.0171891, 1.0029, 0.000339781
90.4752, 0.0156721, -0.0171894, 1.00292, 0.000318255
90.5484, 0.0144138, -0.0171898, 1.00294, 0.000296728
90.6216, 0.0131555, -0.0171901, 1.00297, 0.000275201
90.6948, 0.0118972, -0.0171904, 1.00299, 0.000253673
90.768, 0.0106388, -0.0171906, 1.00301, 0.000232146
90.8412, 0.00938049, -0.0171909, 1.00302, 0.000210618
90.9144, 0.00812212, -0.0171911, 1.00304, 0.000189091
90.9876, 0.00686374, -0.0171912, 1.00305, 0.000167563
91.0608, 0.00560534, -0.0171914, 1.00306, 0.000146035
91.134, 0.00434693, -0.0171915, 1.00307, 0.000124508
91.2072, 0.00308851, -0.0171916, 1.00308, 0.00010298
91.2804, 0.00183009, -0.0171917, 1.00309, 8.14527e-05
91.3536, 0.000571657, -0.0171917, 1.0031, 5.99253e-05
91.4268, -0.000686775, -0.0171917, 1.0031, 3.83981e-05
91.5, -0.00194521, -0.0171917, 1.0031, 1.68711e-05
91.5732, -0.00320364, -0.0171917, 1.00311, -4.65572e-06
91.6464, -0.00446207, -0.0171916, 1.00311, -2.61823e-05
91.7196, -0.00572049, -0.0171915, 1.0031, -4.77085e-05
91.7928, -0.00697891, -0.0171914, 1.0031, -6.92344e-05
91.866, -0.00823732, -0.0171912, 1.00309, -9.076e-05
91.9392, -0.00949572, -0.017191, 1.00309, -0.000112285
92.0124, -0.0107541, -0.0171908, 1.00308, -0.00013381
92.0856, -0.0120125, -0.0171906, 1.00307, -0.000155334
92.1588, -0.0132708, -0.0171903, 1.00306, -0.000176858
92.232, -0.0145292, -0.0171901, 1.00305, -0.000198381
92.3052, -0.0157875, -0.0171898, 1.00303, -0.000219904
92.3784, -0.0170458, -0.0171894, 1.00301, -0.000241426
92.4516, -0.018304, -0.017189, 1.003, -0.000262947
92.5248, -0.0195623, -0.0171887, 1.00298, -0.000284468
92.598, -0.0208205, -0.0171882, 1.00296, -0.000305988
92.6712, -0.0220786, -0.0171878, 1.00293, -0.000327507
92.7444, -0.0233368, -0.0171873, 1.00291, -0.000349026
92.8176, -0.0245949, -0.0171868, 1.00289, -0.000370544
92.8908, -0.025853, -0.0171863, 1.00286, -0.000392061
92.964, -0.027111, -0.0171857, 1.00283, -0.000413577
93.0372, -0.028369, -0.0171851, 1.0028, -0.000435092
93.1104, -0.029627, -0.0171845, 1.00277, -0.000456606
93.1836, -0.0308849, -0.0171839, 1.00273, -0.000478119
93.2568, -0.0321427, -0.0171832, 1.0027, -0.000499631
93.33, -0.0334005, -0.0171826, 1.00266, -0.000521142
93.4032, -0.0346583, -0.0171818, 1.00262, -0.000542653
93.4764, -0.035916, -0.0171811, 1.00258, -0.000564162
93.5496, -0.0371737, -0.0171803, 1.00254, -0.000585669
93.6228, -0.0384313, -0.0171795, 1.0025, -0.000607176
93.696, -0.0396888, -0.0171787, 1.00246, -0.000628681
93.7692, -0.0409463, -0.0171778, 1.00241, -0.000650186
93.8424, -0.0422037, -0.017177, 1.00236, -0.000671689
93.9156, -0.0434611, -0.0171761, 1.00231, -0.00069319
93.9888, -0.0447184, -0.0171751, 1.00226, -0.00071469
94.062, -0.0459756, -0.0171742, 1.00221, -0.000736189
94.1352, -0.0472327, -0.0171732, 1.00216, -0.000757687
94.2084, -0.0484898, -0.0171722, 1.0021, -0.000779183
94.2816, -0.0497468, -0.0171711, 1.00204, -0.000800677
94.3548, -0.0510037, -0.0171701, 1.00199, -0.00082217
94.428, -0.0522606, -0.017169, 1.00192, -0.000843662
94.5012, -0.0535174, -0.0171679, 1.00186, -0.000865152
94.5744, -0.054774, -0.0171667, 1.0018, -0.00088664
94.6476, -0.0560306, -0.0171655, 1.00173, -0.000908126
94.7208, -0.0572872, -0.0171643, 1.00167, -0.000929611
94.794, -0.0585436, -0.0171631, 1.0016, -0.000951095
94.8672, -0.0597999, -0.0171618, 1.00153, -0.000972576
94.9404, -0.0610562, -0.0171606, 1.00146, -0.000994056
95.0136, -0.0623123, -0.0171593, 1.00139, -0.00101553
95.0868, -0.0635684, -0.0171579, 1.00131, -0.00103701
95.16, -0.0648243, -0.0171566, 1.00124, -0.00105848
95.2332, -0.0660802, -0.0171552, 1.00116, -0.00107996
95.3064, -0.067336, -0.0171537, 1.00108, -0.00110143
95.3796, -0.0685916, -0.0171523, 1.001, -0.00112289
95.4528, -0.0698472, -0.0171508, 1.00092, -0.00114436
95.526, -0.0711026, -0.0171493, 1.00083, -0.00116582
95.5992, -0.0723579, -0.0171478, 1.00075, -0.00118729
95.6724, -0.0736132, -0.0171463, 1.00066, -0.00120875
95.7456, -0.0748683, -0.0171447, 1.00057, -0.0012302
95.8188, -0.0761233, -0.0171431, 1.00048, -0.00125166
95.892, -0.0773781, -0.0171414, 1.00039, -0.00127311
95.9652, -0.0786329, -0.0171398, 1.0003, -0.00129456
96.0384, -0.0798875, -0.0171381, 1.0002, -0.00131601
96.1116, -0.081142, -0.0171364, 1.00011, -0.00133746
96.1848, -0.0823964, -0.0171346, 1.00001, -0.0013589
96.258, -0.0836507, -0.0171329, 0.999909, -0.00138034
96.3312, -0.0849048, -0.0171311, 0.999808, -0.00140178
96.4044, -0.0861588, -0.0171293, 0.999706, -0.00142322
96.4776, -0.0874126, -0.0171274, 0.999601, -0.00144466
96.5508, -0.0886664, -0.0171255, 0.999496, -0.00146609
96.624, -0.08992, -0.0171236, 0.999388, -0.00148752
96.6972, -0.0911734, -0.0171217, 0.99928, -0.00150894
96.7704, -0.0924267, -0.0171198, 0.999169, -0.00153037
96.8436, -0.0936799, -0.0171178, 0.999057, -0.00155179
96.9168, -0.0949329, -0.0171158, 0.998943, -0.00157321
96.99, -0.0961858, -0.0171137, 0.998828, -0.00159462
97.0632, -0.0974385, -0.0171117, 0.998712, -0.00161604
97.1364, -0.0986911, -0.0171096, 0.998593, -0.00163745
97.2096, -0.0999435, -0.0171075, 0.998473, -0.00165885
97.2828, -0.101196, -0.0171053, 0.998352, -0.00168026
97.356, -0.102448, -0.0171032, 0.998229, -0.00170166
97.4292, -0.1037, -0.017101, 0.998104, -0.00172306
97.5024, -0.104952, -0.0170987, 0.997978, -0.00174445
97.5756, -0.106203, -0.0170965, 0.997851, -0.00176585
97.6488, -0.107455, -0.0170942, 0.997721, -0.00178724
97.722, -0.108706, -0.0170919, 0.997591, -0.00180862
97.7952, -0.109957, -0.0170896, 0.997458, -0.00183001
97.8684, -0.111208, -0.0170872, 0.997324, -0.00185139
97.9416, -0.112459, -0.0170848, 0.997189, -0.00187276
98.0148, -0.113709, -0.0170824, 0.997052, -0.00189414
98.088, -0.11496, -0.01708, 0.996913, -0.00191551
98.1612, -0.11621, -0.0170775, 0.996773, -0.00193688
98.2344, -0.11746, -0.017075, 0.996631, -0.00195824
98.3076, -0.11871, -0.0170725, 0.996488, -0.0019796
98.3808, -0.11996, -0.01707, 0.996343, -0.00200096
98.454, -0.121209, -0.0170674, 0.996196, -0.00202231
98.5272, -0.122459, -0.0170648, 0.996048, -0.00204366
98.6004, -0.123708, -0.0170622, 0.995899, -0.00206501
98.6736, -0.124957, -0.0170595, 0.995747, -0.00208635
98.7468, -0.126206, -0.0170568, 0.995595, -0.00210769
98.82, -0.127454, -0.0170541, 0.99544, -0.00212903
98.8932, -0.128702, -0.0170514, 0.995285, -0.00215036
98.9664, -0.129951, -0.0170487, 0.995127, -0.00217169
99.0396, -0.131199, -0.0170459, 0.994968, -0.00219302
99.1128, -0.132446, -0.0170431, 0.994808, -0.00221434
99.186, -0.133694, -0.0170402, 0.994646, -0.00223566
99.2592, -0.134941, -0.0170374, 0.994482, -0.00225697
99.3324, -0.136188, -0.0170345, 0.994317, -0.00227828
99.4056, -0.137435, -0.0170315, 0.99415, -0.00229959
99.4788, -0.138682, -0.0170286, 0.993982, -0.00232089
99.552, -0.139929, -0.0170256, 0.993812, -0.00234219
99.6252, -0.141175, -0.0170226, 0.99364, -0.00236349
99.6984, -0.142421, -0.0170196, 0.993467, -0.00238478
99.7716, -0.143667, -0.0170166, 0.993293, -0.00240607
99.8448, -0.144912, -0.0170135, 0.993117, -0.00242735
99.918, -0.146158, -0.0170104, 0.992939, -0.00244863
99.9912, -0.147403, -0.0170072, 0.99276, -0.0024699
100.064, -0.148648, -0.0170041, 0.992579, -0.00249117
100.138, -0.149892, -0.0170009, 0.992397, -0.00251244
100.211, -0.151137, -0.0169977, 0.992213, -0.0025337
100.284, -0.152381, -0.0169944, 0.992027, -0.00255496
100.357, -0.153625, -0.0169912, 0.99184, -0.00257621
100.43, -0.154869, -0.0169879, 0.991652, -0.00259746
100.504, -0.156112, -0.0169846, 0.991461, -0.00261871
100.577, -0.157356, -0.0169812, 0.99127, -0.00263995
100.65, -0.158599, -0.0169779, 0.991076, -0.00266118
100.723, -0.159841, -0.0169745, 0.990882, -0.00268242
100.796, -0.161084, -0.016971, 0.990685, -0.00270364
100.87, -0.162326, -0.0169676, 0.990487, -0.00272487
100.943, -0.163568, -0.0169641, 0.990288, -0.00274608
101.016, -0.16481, -0.0169606, 0.990087, -0.0027673
101.089, -0.166052, -0.0169571, 0.989884, -0.00278851
101.162, -0.167293, -0.0169535, 0.98968, -0.00280971
101.236, -0.168534, -0.0169499, 0.989475, -0.00283091
101.309, -0.169775, -0.0169463, 0.989267, -0.00285211
101.382, -0.171015, -0.0169427, 0.989059, -0.0028733
101.455, -0.172255, -0.016939, 0.988848, -0.00289448
101.528, -0.173495, -0.0169353, 0.988636, -0.00291566
101.602, -0.174735, -0.0169316, 0.988423, -0.00293684
101.675, -0.175974, -0.0169279, 0.988208, -0.00295801
101.748, -0.177213, -0.0169241, 0.987991, -0.00297918
101.821, -0.178452, -0.0169203, 0.987773, -0.00300034
101.894, -0.179691, -0.0169165, 0.987554, -0.00302149
101.968, -0.180929, -0.0169126, 0.987333, -0.00304264
102.041, -0.182167, -0.0169088, 0.98711, -0.00306379
102.114, -0.183405, -0.0169049, 0.986886, -0.00308493
102.187, -0.184642, -0.0169009, 0.98666, -0.00310607
102.26, -0.185879, -0.016897, 0.986432, -0.0031272
102.334, -0.187116, -0.016893, 0.986203, -0.00314832
102.407, -0.188353, -0.016889, 0.985973, -0.00316944
102.48, -0.189589, -0.016885, 0.985741, -0.00319056
102.553, -0.190825, -0.0168809, 0.985507, -0.00321167
102.626, -0.192061, -0.0168768, 0.985272, -0.00323277
102.7, -0.193296, -0.0168727, 0.985036, -0.00325387
102.773, -0.194531, -0.0168686, 0.984798, -0.00327497
102.846, -0.195766, -0.0168644, 0.984558, -0.00329606
102.919, -0.197, -0.0168602, 0.984317, -0.00331714
102.992, -0.198235, -0.016856, 0.984074, -0.00333822
103.066, -0.199469, -0.0168517, 0.983829, -0.00335929
103.139, -0.200702, -0.0168475, 0.983583, -0.00338035
103.212, -0.201935, -0.0168432, 0.983336, -0.00340142
103.285, -0.203168, -0.0168388, 0.983087, -0.00342247
103.358, -0.204401, -0.0168345, 0.982837, -0.00344352
103.432, -0.205633, -0.0168301, 0.982584, -0.00346456
103.505, -0.206865, -0.0168257, 0.982331, -0.0034856
103.578, -0.208097, -0.0168213, 0.982076, -0.00350664
103.651, -0.209328, -0.0168168, 0.981819, -0.00352766
103.724, -0.210559, -0.0168123, 0.981561, -0.00354868
103.798, -0.21179, -0.0168078, 0.981301, -0.0035697
103.871, -0.21302, -0.0168033, 0.98104, -0.00359071
103.944, -0.21425, -0.0167987, 0.980777, -0.00361171
104.017, -0.21548, -0.0167942, 0.980513, -0.00363271
104.09, -0.216709, -0.0167895, 0.980247, -0.0036537
104.164, -0.217938, -0.0167849, 0.979979, -0.00367468
104.237, -0.219167, -0.0167802, 0.97971, -0.00369566
104.31, -0.220395, -0.0167755, 0.97944, -0.00371664
104.383, -0.221623, -0.0167708, 0.979168, -0.0037376
104.456, -0.222851, -0.0167661, 0.978894, -0.00375857
104.53, -0.224078, -0.0167613, 0.978619, -0.00377952
104.603, -0.225305, -0.0167565, 0.978342, -0.00380047
104.676, -0.226531, -0.0167517, 0.978064, -0.00382141
104.749, -0.227758, -0.0167468, 0.977784, -0.00384235
104.822, -0.228983, -0.016742, 0.977503, -0.00386328
104.896, -0.230209, -0.0167371, 0.97722, -0.0038842
104.969, -0.231434, -0.0167321, 0.976936, -0.00390512
105.042, -0.232659, -0.0167272, 0.97665, -0.00392603
105.115, -0.233883, -0.0167222, 0.976363, -0.00394693
105.188, -0.235107, -0.0167172, 0.976074, -0.00396783
105.262, -0.236331, -0.0167122, 0.975783, -0.00398872
105.335, -0.237554, -0.0167071, 0.975491, -0.00400961
105.408, -0.238777, -0.016702, 0.975198, -0.00403049
105.481, -0.24, -0.0166969, 0.974903, -0.00405136
105.554, -0.241222, -0.0166918, 0.974606, -0.00407222
105.628, -0.242444, -0.0166866, 0.974308, -0.00409308
105.701, -0.243665, -0.0166814, 0.974009, -0.00411393
105.774, -0.244887, -0.0166762, 0.973707, -0.00413478
105.847, -0.246107, -0.016671, 0.973405, -0.00415562
105.92, -0.247328, -0.0166657, 0.973101, -0.00417645
105.994, -0.248548, -0.0166604, 0.972795, -0.00419727
106.067, -0.249767, -0.0166551, 0.972488, -0.00421809
106.14, -0.250986, -0.0166497, 0.972179, -0.0042389
106.213, -0.252205, -0.0166444, 0.971869, -0.00425971
106.286, -0.253423, -0.016639, 0.971557, -0.0042805
106.36, -0.254641, -0.0166336, 0.971243, -0.00430129
106.433, -0.255859, -0.0166281, 0.970929, -0.00432208
106.506, -0.257076, -0.0166226, 0.970612, -0.00434285
106.579, -0.258293, -0.0166171, 0.970294, -0.00436362
106.652, -0.259509, -0.0166116, 0.969975, -0.00438438
106.726, -0.260725, -0.0166061, 0.969654, -0.00440514
106.799, -0.261941, -0.0166005, 0.969331, -0.00442589
106.872, -0.263156, -0.0165949, 0.969007, -0.00444663
106.945, -0.264371, -0.0165892, 0.968682, -0.00446736
107.018, -0.265585, -0.0165836, 0.968355, -0.00448809
107.092, -0.266799, -0.0165779, 0.968026, -0.0045088
107.165, -0.268012, -0.0165722, 0.967696, -0.00452952
107.238, -0.269225, -0.0165665, 0.967365, -0.00455022
107.311, -0.270438, -0.0165607, 0.967032, -0.00457092
107.384, -0.27165, -0.0165549, 0.966697, -0.0045916
107.458, -0.272862, -0.0165491, 0.966361, -0.00461229
107.531, -0.274074, -0.0165433, 0.966023, -0.00463296
107.604, -0.275285, -0.0165374, 0.965684, -0.00465363
107.677, -0.276495, -0.0165315, 0.965344, -0.00467429
107.75, -0.277705, -0.0165256, 0.965002, -0.00469494
107.824, -0.278915, -0.0165197, 0.964658, -0.00471558
107.897, -0.280124, -0.0165137, 0.964313, -0.00473622
107.97, -0.281333, -0.0165077, 0.963966, -0.00475684
108.043, -0.282541, -0.0165017, 0.963618, -0.00477746
108.116, -0.283749, -0.0164956, 0.963268, -0.00479808
108.19, -0.284957, -0.0164896, 0.962917, -0.00481868
108.263, -0.286164, -0.0164835, 0.962564, -0.00483928
108.336, -0.28737, -0.0164773, 0.96221, -0.00485987
108.409, -0.288576, -0.0164712, 0.961854, -0.00488045
108.482, -0.289782, -0.016465, 0.961497, -0.00490102
108.556, -0.290987, -0.0164588, 0.961138, -0.00492159
108.629, -0.292192, -0.0164526, 0.960778, -0.00494215
108.702, -0.293397, -0.0164464, 0.960416, -0.0049627
108.775, -0.2946, -0.0164401, 0.960053, -0.00498324
108.848, -0.295804, -0.0164338, 0.959688, -0.00500377
108.922, -0.297007, -0.0164275, 0.959322, -0.0050243
108.995, -0.298209, -0.0164211, 0.958954, -0.00504481
109.068, -0.299411, -0.0164147, 0.958585, -0.00506532
109.141, -0.300613, -0.0164083, 0.958214, -0.00508582
109.214, -0.301814, -0.0164019, 0.957842, -0.00510632
109.288, -0.303015, -0.0163954, 0.957468, -0.0051268
109.361, -0.304215, -0.016389, 0.957093, -0.00514728
109.434, -0.305414, -0.0163825, 0.956716, -0.00516774
109.507, -0.306614, -0.0163759, 0.956338, -0.0051882
109.58, -0.307812, -0.0163694, 0.955958, -0.00520865
109.654, -0.309011, -0.0163628, 0.955577, -0.0052291
109.727, -0.310208, -0.0163562, 0.955194, -0.00524953
109.8, -0.311406, -0.0163495, 0.954809, -0.00526996
109.873, -0.312602, -0.0163429, 0.954424, -0.00529037
109.946, -0.313799, -0.0163362, 0.954036, -0.00531078
110.02, -0.314994, -0.0163295, 0.953648, -0.00533118
110.093, -0.31619, -0.0163228, 0.953257, -0.00535157
110.166, -0.317385, -0.016316, 0.952866, -0.00537195
110.239, -0.318579, -0.0163092, 0.952473, -0.00539233
110.312, -0.319773, -0.0163024, 0.952078, -0.00541269
110.386, -0.320966, -0.0162956, 0.951682, -0.00543305
110.459, -0.322159, -0.0162887, 0.951284, -0.0054534
110.532, -0.323351, -0.0162818, 0.950885, -0.00547374
110.605, -0.324543, -0.0162749, 0.950484, -0.00549407
110.678, -0.325734, -0.016268, 0.950082, -0.00551439
110.752, -0.326925, -0.016261, 0.949678, -0.0055347
110.825, -0.328116, -0.016254, 0.949273, -0.005555
110.898, -0.329305, -0.016247, 0.948866, -0.0055753
110.971, -0.330495, -0.0162399, 0.948458, -0.00559558
111.044, -0.331683, -0.0162329, 0.948049, -0.00561586
111.118, -0.332872, -0.0162258, 0.947638, -0.00563612
111.191, -0.334059, -0.0162187, 0.947225, -0.00565638
111.264, -0.335247, -0.0162115, 0.946811, -0.00567663
111.337, -0.336433, -0.0162044, 0.946395, -0.00569687
111.41, -0.337619, -0.0161972, 0.945978, -0.0057171
111.484, -0.338805, -0.01619, 0.94556, -0.00573732
111.557, -0.33999, -0.0161827, 0.94514, -0.00575753
111.63, -0.341175, -0.0161754, 0.944719, -0.00577774
111.703, -0.342359, -0.0161682, 0.944296, -0.00579793
111.776, -0.343542, -0.0161608, 0.943871, -0.00581811
111.85, -0.344725, -0.0161535, 0.943445, -0.00583829
111.923, -0.345908, -0.0161461, 0.943018, -0.00585845
111.996, -0.34709, -0.0161387, 0.942589, -0.00587861
112.069, -0.348271, -0.0161313, 0.942159, -0.00589876
112.142, -0.349452, -0.0161239, 0.941727, -0.00591889
112.216, -0.350632, -0.0161164, 0.941294, -0.00593902
112.289, -0.351812, -0.0161089, 0.940859, -0.00595914
112.362, -0.352991, -0.0161014, 0.940423, -0.00597925
112.435, -0.354169, -0.0160938, 0.939985, -0.00599934
112.508, -0.355348, -0.0160863, 0.939546, -0.00601943
112.582, -0.356525, -0.0160787, 0.939105, -0.00603951
112.655, -0.357702, -0.0160711, 0.938663, -0.00605958
112.728, -0.358878, -0.0160634, 0.93822, -0.00607964
112.801, -0.360054, -0.0160558, 0.937775, -0.00609969
112.874, -0.36123, -0.0160481, 0.937328, -0.00611973
112.948, -0.362404, -0.0160403, 0.93688, -0.00613976
113.021, -0.363578, -0.0160326, 0.936431, -0.00615978
113.094, -0.364752, -0.0160248, 0.93598, -0.00617979
113.167, -0.365925, -0.016017, 0.935528, -0.00619979
113.24, -0.367097, -0.0160092, 0.935074, -0.00621978
113.314, -0.368269, -0.0160014, 0.934618, -0.00623976
113.387, -0.369441, -0.0159935, 0.934162, -0.00625973
113.46, -0.370611, -0.0159856, 0.933703, -0.00627969
113.533, -0.371782, -0.0159777, 0.933244, -0.00629964
113.606, -0.372951, -0.0159697, 0.932783, -0.00631958
113.68, -0.37412, -0.0159618, 0.93232, -0.00633951
113.753, -0.375288, -0.0159538, 0.931856, -0.00635943
113.826, -0.376456, -0.0159458, 0.931391, -0.00637934
113.899, -0.377624, -0.0159377, 0.930924, -0.00639924
113.972, -0.37879, -0.0159297, 0.930455, -0.00641913
114.046, -0.379956, -0.0159216, 0.929985, -0.00643901
114.119, -0.381122, -0.0159134, 0.929514, -0.00645888
114.192, -0.382287, -0.0159053, 0.929041, -0.00647873
114.265, -0.383451, -0.0158971, 0.928567, -0.00649858
114.338, -0.384614, -0.0158889, 0.928091, -0.00651842
114.412, -0.385778, -0.0158807, 0.927614, -0.00653825
114.485, -0.38694, -0.0158725, 0.927135, -0.00655806
114.558, -0.388102, -0.0158642, 0.926655, -0.00657787
114.631, -0.389263, -0.0158559, 0.926174, -0.00659766
114.704, -0.390424, -0.0158476, 0.925691, -0.00661745
114.778, -0.391584, -0.0158393, 0.925207, -0.00663722
114.851, -0.392743, -0.0158309, 0.924721, -0.00665698
114.924, -0.393902, -0.0158225, 0.924233, -0.00667674
114.997, -0.39506, -0.0158141, 0.923745, -0.00669648
115.07, -0.396218, -0.0158057, 0.923254, -0.00671621
115.144, -0.397375, -0.0157972, 0.922763, -0.00673593
115.217, -0.398531, -0.0157887, 0.92227, -0.00675564
115.29, -0.399687, -0.0157802, 0.921775, -0.00677534
115.363, -0.400842, -0.0157717, 0.921279, -0.00679502
115.436, -0.401997, -0.0157631, 0.920782, -0.0068147
115.51, -0.40315, -0.0157545, 0.920283, -0.00683437
115.583, -0.404304, -0.0157459, 0.919783, -0.00685402
115.656, -0.405456, -0.0157373, 0.919281, -0.00687366
115.729, -0.406608, -0.0157286, 0.918778, -0.0068933
115.802, -0.40776, -0.0157199, 0.918273, -0.00691292
115.876, -0.40891, -0.0157112, 0.917767, -0.00693253
115.949, -0.41006, -0.0157025, 0.91726, -0.00695213
116.022, -0.41121, -0.0156937, 0.916751, -0.00697172
116.095, -0.412359, -0.015685, 0.916241, -0.00699129
116.168, -0.413507, -0.0156761, 0.915729, -0.00701086
116.242, -0.414654, -0.0156673, 0.915216, -0.00703041
116.315, -0.415801, -0.0156585, 0.914701, -0.00704996
116.388, -0.416947, -0.0156496, 0.914185, -0.00706949
116.461, -0.418093, -0.0156407, 0.913668, -0.00708901
116.534, -0.419238, -0.0156318, 0.913149, -0.00710852
116.608, -0.420382, -0.0156228, 0.912628, -0.00712802
116.681, -0.421525, -0.0156138, 0.912106, -0.00714751
116.754, -0.422668, -0.0156048, 0.911583, -0.00716698
116.827, -0.423811, -0.0155958, 0.911059, -0.00718644
116.9, -0.424952, -0.0155868, 0.910533, -0.0072059
116.974, -0.426093, -0.0155777, 0.910005, -0.00722534
117.047, -0.427234, -0.0155686, 0.909476, -0.00724477
117.12, -0.428373, -0.0155595, 0.908946, -0.00726418
117.193, -0.429512, -0.0155503, 0.908414, -0.00728359
117.266, -0.43065, -0.0155411, 0.907881, -0.00730298
117.34, -0.431788, -0.0155319, 0.907346, -0.00732237
117.413, -0.432925, -0.0155227, 0.90681, -0.00734174
117.486, -0.434061, -0.0155135, 0.906273, -0.0073611
117.559, -0.435197, -0.0155042, 0.905734, -0.00738044
117.632, -0.436332, -0.0154949, 0.905194, -0.00739978
117.706, -0.437466, -0.0154856, 0.904652, -0.0074191
117.779, -0.438599, -0.0154763, 0.904109, -0.00743841
117.852, -0.439732, -0.0154669, 0.903565, -0.00745771
117.925, -0.440865, -0.0154575, 0.903019, -0.007477
117.998, -0.441996, -0.0154481, 0.902471, -0.00749628
118.072, -0.443127, -0.0154387, 0.901923, -0.00751554
118.145, -0.444257, -0.0154292, 0.901373, -0.00753479
118.218, -0.445386, -0.0154197, 0.900821, -0.00755403
118.291, -0.446515, -0.0154102, 0.900268, -0.00757326
118.364, -0.447643, -0.0154007, 0.899714, -0.00759248
118.438, -0.44877, -0.0153912, 0.899158, -0.00761168
118.511, -0.449897, -0.0153816, 0.898601, -0.00763087
118.584, -0.451023, -0.015372, 0.898042, -0.00765005
118.657, -0.452148, -0.0153623, 0.897482, -0.00766922
118.73, -0.453273, -0.0153527, 0.896921, -0.00768837
118.804, -0.454397, -0.015343, 0.896358, -0.00770751
118.877, -0.45552, -0.0153333, 0.895794, -0.00772664
118.95, -0.456642, -0.0153236, 0.895228, -0.00774576
119.023, -0.457764, -0.0153139, 0.894661, -0.00776487
119.096, -0.458885, -0.0153041, 0.894093, -0.00778396
119.17, -0.460005, -0.0152943, 0.893523, -0.00780304
119.243, -0.461125, -0.0152845, 0.892952, -0.00782211
119.316, -0.462243, -0.0152746, 0.892379, -0.00784116
119.389, -0.463361, -0.0152648, 0.891805, -0.00786021
119.462, -0.464479, -0.0152549, 0.89123, -0.00787924
119.536, -0.465595, -0.015245, 0.890653, -0.00789826
119.609, -0.466711, -0.015235, 0.890075, -0.00791726
119.682, -0.467827, -0.0152251, 0.889496, -0.00793625
119.755, -0.468941, -0.0152151, 0.888915, -0.00795523
119.828, -0.470055, -0.0152051, 0.888332, -0.0079742
119.902, -0.471168, -0.0151951, 0.887749, -0.00799315
119.975, -0.47228, -0.015185, 0.887164, -0.0080121
120.048, -0.473392, -0.0151749, 0.886577, -0.00803103
120.121, -0.474502, -0.0151648, 0.885989, -0.00804994
120.194, -0.475613, -0.0151547, 0.8854, -0.00806884
120.268, -0.476722, -0.0151446, 0.884809, -0.00808774
120.341, -0.47783, -0.0151344, 0.884217, -0.00810661
120.414, -0.478938, -0.0151242, 0.883624, -0.00812548
120.487, -0.480045, -0.015114, 0.883029, -0.00814433
120.56, -0.481152, -0.0151037, 0.882433, -0.00816317
120.634, -0.482257, -0.0150935, 0.881835, -0.00818199
120.707, -0.483362, -0.0150832, 0.881236, -0.00820081
120.78, -0.484466, -0.0150729, 0.880636, -0.0082196
120.853, -0.48557, -0.0150625, 0.880034, -0.00823839
120.926, -0.486672, -0.0150522, 0.879431, -0.00825716
121, -0.487774, -0.0150418, 0.878827, -0.00827592
121.073, -0.488875, -0.0150314, 0.878221, -0.00829467
121.146, -0.489975, -0.015021, 0.877614, -0.0083134
121.219, -0.491075, -0.0150105, 0.877005, -0.00833213
121.292, -0.492174, -0.015, 0.876396, -0.00835083
121.366, -0.493272, -0.0149895, 0.875784, -0.00836953
121.439, -0.494369, -0.014979, 0.875172, -0.00838821
121.512, -0.495465, -0.0149685, 0.874558, -0.00840687
121.585, -0.496561, -0.0149579, 0.873942, -0.00842553
121.658, -0.497656, -0.0149473, 0.873325, -0.00844417
121.732, -0.49875, -0.0149367, 0.872707, -0.00846279
121.805, -0.499843, -0.0149261, 0.872088, -0.00848141
121.878, -0.500936, -0.0149154, 0.871467, -0.00850001
121.951, -0.502028, -0.0149047, 0.870845, -0.00851859
122.024, -0.503119, -0.014894, 0.870221, -0.00853717
122.098, -0.504209, -0.0148833, 0.869596, -0.00855572
122.171, -0.505299, -0.0148725, 0.86897, -0.00857427
122.244, -0.506387, -0.0148618, 0.868342, -0.0085928
122.317, -0.507475, -0.014851, 0.867713, -0.00861132
122.39, -0.508562, -0.0148401, 0.867083, -0.00862982
122.464, -0.509649, -0.0148293, 0.866451, -0.00864831
122.537, -0.510734, -0.0148184, 0.865818, -0.00866679
122.61, -0.511819, -0.0148075, 0.865184, -0.00868525
122.683, -0.512903, -0.0147966, 0.864548, -0.0087037
122.756, -0.513986, -0.0147857, 0.863911, -0.00872214
122.83, -0.515068, -0.0147747, 0.863273, -0.00874056
122.903, -0.51615, -0.0147637, 0.862633, -0.00875897
122.976, -0.51723, -0.0147527, 0.861992, -0.00877736
123.049, -0.51831, -0.0147417, 0.861349, -0.00879574
123.122, -0.519389, -0.0147306, 0.860705, -0.00881411
123.196, -0.520468, -0.0147196, 0.86006, -0.00883246
123.269, -0.521545, -0.0147085, 0.859414, -0.0088508
123.342, -0.522622, -0.0146974, 0.858766, -0.00886912
123.415, -0.523698, -0.0146862, 0.858116, -0.00888743
123.488, -0.524773, -0.014675, 0.857466, -0.00890572
123.562, -0.525847, -0.0146639, 0.856814, -0.008924
123.635, -0.52692, -0.0146526, 0.856161, -0.00894227
123.708, -0.527993, -0.0146414, 0.855506, -0.00896052
123.781, -0.529065, -0.0146302, 0.85485, -0.00897876
123.854, -0.530135, -0.0146189, 0.854193, -0.00899699
123.928, -0.531206, -0.0146076, 0.853534, -0.0090152
124.001, -0.532275, -0.0145963, 0.852875, -0.00903339
124.074, -0.533343, -0.0145849, 0.852213, -0.00905157
124.147, -0.534411, -0.0145735, 0.851551, -0.00906974
124.22, -0.535478, -0.0145621, 0.850887, -0.00908789
124.294, -0.536544, -0.0145507, 0.850222, -0.00910603
124.367, -0.537609, -0.0145393, 0.849555, -0.00912415
124.44, -0.538673, -0.0145278, 0.848887, -0.00914226
124.513, -0.539736, -0.0145164, 0.848218, -0.00916036
124.586, -0.540799, -0.0145049, 0.847547, -0.00917843
124.66, -0.541861, -0.0144933, 0.846876, -0.0091965
124.733, -0.542922, -0.0144818, 0.846202, -0.00921455
124.806, -0.543982, -0.0144702, 0.845528, -0.00923259
124.879, -0.545041, -0.0144586, 0.844852, -0.00925061
124.952, -0.546099, -0.014447, 0.844175, -0.00926861
125.026, -0.547157, -0.0144354, 0.843496, -0.00928661
125.099, -0.548214, -0.0144237, 0.842817, -0.00930458
125.172, -0.549269, -0.014412, 0.842136, -0.00932254
125.245, -0.550324, -0.0144003, 0.841453, -0.00934049
125.318, -0.551378, -0.0143886, 0.840769, -0.00935842
125.392, -0.552432, -0.0143768, 0.840084, -0.00937634
125.465, -0.553484, -0.0143651, 0.839398, -0.00939425
125.538, -0.554536, -0.0143533, 0.83871, -0.00941213
125.611, -0.555586, -0.0143414, 0.838021, -0.00943001
125.684, -0.556636, -0.0143296, 0.837331, -0.00944786
125.758, -0.557685, -0.0143177, 0.83664, -0.00946571
125.831, -0.558733, -0.0143059, 0.835947, -0.00948353
125.904, -0.55978, -0.0142939, 0.835252, -0.00950135
125.977, -0.560827, -0.014282, 0.834557, -0.00951915
126.05, -0.561872, -0.0142701, 0.83386, -0.00953693
126.124, -0.562917, -0.0142581, 0.833162, -0.0095547
126.197, -0.56396, -0.0142461, 0.832463, -0.00957245
126.27, -0.565003, -0.0142341, 0.831762, -0.00959018
126.343, -0.566045, -0.014222, 0.83106, -0.00960791
126.416, -0.567086, -0.01421, 0.830357, -0.00962561
126.49, -0.568126, -0.0141979, 0.829652, -0.0096433
126.563, -0.569165, -0.0141858, 0.828946, -0.00966098
126.636, -0.570204, -0.0141737, 0.828239, -0.00967864
126.709, -0.571241, -0.0141615, 0.82753, -0.00969629
126.782, -0.572278, -0.0141494, 0.826821, -0.00971392
126.856, -0.573314, -0.0141372, 0.82611, -0.00973153
126.929, -0.574349, -0.014125, 0.825397, -0.00974913
127.002, -0.575383, -0.0141127, 0.824684, -0.00976671
127.075, -0.576416, -0.0141005, 0.823969, -0.00978428
127.148, -0.577448, -0.0140882, 0.823253, -0.00980183
127.222, -0.578479, -0.0140759, 0.822535, -0.00981937
127.295, -0.579509, -0.0140636, 0.821816, -0.00983689
127.368, -0.580539, -0.0140512, 0.821096, -0.0098544
127.441, -0.581567, -0.0140388, 0.820375, -0.00987189
127.514, -0.582595, -0.0140265, 0.819652, -0.00988936
127.588, -0.583622, -0.0140141, 0.818928, -0.00990682
127.661, -0.584648, -0.0140016, 0.818203, -0.00992427
127.734, -0.585672, -0.0139892, 0.817477, -0.00994169
127.807, -0.586696, -0.0139767, 0.816749, -0.00995911
127.88, -0.58772, -0.0139642, 0.81602, -0.0099765
127.954, -0.588742, -0.0139517, 0.81529, -0.00999388
128.027, -0.589763, -0.0139391, 0.814558, -0.0100112
128.1, -0.590783, -0.0139266, 0.813825, -0.0100286
128.173, -0.591803, -0.013914, 0.813091, -0.0100459
128.246, -0.592821, -0.0139014, 0.812356, -0.0100632
128.32, -0.593839, -0.0138888, 0.811619, -0.0100805
128.393, -0.594856, -0.0138761, 0.810881, -0.0100978
128.466, -0.595871, -0.0138635, 0.810142, -0.0101151
128.539, -0.596886, -0.0138508, 0.809402, -0.0101324
128.612, -0.5979, -0.0138381, 0.80866, -0.0101496
128.686, -0.598913, -0.0138253, 0.807917, -0.0101668
128.759, -0.599925, -0.0138126, 0.807173, -0.010184
128.832, -0.600936, -0.0137998, 0.806427, -0.0102012
128.905, -0.601946, -0.013787, 0.805681, -0.0102184
128.978, -0.602955, -0.0137742, 0.804933, -0.0102355
129.052, -0.603964, -0.0137613, 0.804183, -0.0102527
129.125, -0.604971, -0.0137485, 0.803433, -0.0102698
129.198, -0.605977, -0.0137356, 0.802681, -0.0102869
129.271, -0.606983, -0.0137227, 0.801928, -0.010304
129.344, -0.607987, -0.0137098, 0.801174, -0.0103211
129.418, -0.608991, -0.0136968, 0.800418, -0.0103381
129.491, -0.609993, -0.0136839, 0.799662, -0.0103552
129.564, -0.610995, -0.0136709, 0.798904, -0.0103722
129.637, -0.611996, -0.0136579, 0.798144, -0.0103892
129.71, -0.612996, -0.0136448, 0.797384, -0.0104062
129.784, -0.613994, -0.0136318, 0.796622, -0.0104232
129.857, -0.614992, -0.0136187, 0.795859, -0.0104401
129.93, -0.615989, -0.0136056, 0.795095, -0.0104571
130.003, -0.616985, -0.0135925, 0.79433, -0.010474
130.076, -0.61798, -0.0135794, 0.793563, -0.0104909
130.15, -0.618974, -0.0135662, 0.792795, -0.0105078
130.223, -0.619967, -0.013553, 0.792026, -0.0105247
130.296, -0.620959, -0.0135398, 0.791255, -0.0105415
130.369, -0.62195, -0.0135266, 0.790484, -0.0105584
130.442, -0.62294, -0.0135134, 0.789711, -0.0105752
130.516, -0.62393, -0.0135001, 0.788937, -0.010592
130.589, -0.624918, -0.0134868, 0.788161, -0.0106088
130.662, -0.625905, -0.0134735, 0.787385, -0.0106256
130.735, -0.626891, -0.0134602, 0.786607, -0.0106423
130.808, -0.627877, -0.0134469, 0.785828, -0.0106591
130.882, -0.628861, -0.0134335, 0.785048, -0.0106758
130.955, -0.629844, -0.0134201, 0.784266, -0.0106925
131.028, -0.630827, -0.0134067, 0.783484, -0.0107092
131.101, -0.631808, -0.0133933, 0.7827, -0.0107259
131.174, -0.632788, -0.0133798, 0.781915, -0.0107425
131.248, -0.633768, -0.0133664, 0.781128, -0.0107592
131.321, -0.634746, -0.0133529, 0.780341, -0.0107758
131.394, -0.635724, -0.0133394, 0.779552, -0.0107924
131.467, -0.6367, -0.0133259, 0.778762, -0.010809
131.54, -0.637675, -0.0133123, 0.777971, -0.0108256
131.614, -0.63865, -0.0132987, 0.777178, -0.0108421
131.687, -0.639623, -0.0132851, 0.776385, -0.0108587
131.76, -0.640596, -0.0132715, 0.77559, -0.0108752
131.833, -0.641567, -0.0132579, 0.774794, -0.0108917
131.906, -0.642538, -0.0132442, 0.773996, -0.0109082
131.98, -0.643507, -0.0132306, 0.773198, -0.0109247
132.053, -0.644476, -0.0132169, 0.772398, -0.0109411
132.126, -0.645443, -0.0132032, 0.771597, -0.0109575
132.199, -0.64641, -0.0131894, 0.770795, -0.010974
132.272, -0.647375, -0.0131757, 0.769992, -0.0109904
132.346, -0.64834, -0.0131619, 0.769187, -0.0110068
132.419, -0.649303, -0.0131481, 0.768382, -0.0110231
132.492, -0.650266, -0.0131343, 0.767575, -0.0110395
132.565, -0.651227, -0.0131205, 0.766767, -0.0110558
132.638, -0.652187, -0.0131066, 0.765958, -0.0110721
132.712, -0.653147, -0.0130927, 0.765147, -0.0110884
132.785, -0.654105, -0.0130788, 0.764335, -0.0111047
132.858, -0.655063, -0.0130649, 0.763522, -0.0111209
132.931, -0.656019, -0.013051, 0.762708, -0.0111372
133.004, -0.656974, -0.013037, 0.761893, -0.0111534
133.078, -0.657929, -0.0130231, 0.761077, -0.0111696
133.151, -0.658882, -0.0130091, 0.760259, -0.0111858
133.224, -0.659834, -0.012995, 0.75944, -0.011202
133.297, -0.660785, -0.012981, 0.75862, -0.0112181
133.37, -0.661736, -0.0129669, 0.757799, -0.0112343
133.444, -0.662685, -0.0129529, 0.756977, -0.0112504
133.517, -0.663633, -0.0129388, 0.756153, -0.0112665
133.59, -0.66458, -0.0129247, 0.755329, -0.0112826
133.663, -0.665526, -0.0129105, 0.754503, -0.0112987
133.736, -0.666471, -0.0128964, 0.753676, -0.0113147
133.81, -0.667415, -0.0128822, 0.752847, -0.0113307
133.883, -0.668358, -0.012868, 0.752018, -0.0113467
133.956, -0.6693, -0.0128538, 0.751187, -0.0113627
134.029, -0.670241, -0.0128395, 0.750356, -0.0113787
134.102, -0.671181, -0.0128253, 0.749523, -0.0113947
134.176, -0.67212, -0.012811, 0.748689, -0.0114106
134.249, -0.673057, -0.0127967, 0.747853, -0.0114265
134.322, -0.673994, -0.0127824, 0.747017, -0.0114424
134.395, -0.67493, -0.0127681, 0.746179, -0.0114583
134.468, -0.675864, -0.0127537, 0.745341, -0.0114742
134.542, -0.676798, -0.0127393, 0.744501, -0.01149
134.615, -0.677731, -0.012725, 0.74366, -0.0115059
134.688, -0.678662, -0.0127105, 0.742817, -0.0115217
134.761, -0.679592, -0.0126961, 0.741974, -0.0115375
134.834, -0.680522, -0.0126817, 0.74113, -0.0115533
134.908, -0.68145, -0.0126672, 0.740284, -0.011569
134.981, -0.682377, -0.0126527, 0.739437, -0.0115848
135.054, -0.683303, -0.0126382, 0.738589, -0.0116005
135.127, -0.684229, -0.0126237, 0.73774, -0.0116162
135.2, -0.685153, -0.0126091, 0.736889, -0.0116319
135.274, -0.686076, -0.0125945, 0.736038, -0.0116476
135.347, -0.686998, -0.01258, 0.735185, -0.0116632
135.42, -0.687918, -0.0125653, 0.734332, -0.0116788
135.493, -0.688838, -0.0125507, 0.733477, -0.0116944
135.566, -0.689757, -0.0125361, 0.732621, -0.01171
135.64, -0.690675, -0.0125214, 0.731764, -0.0117256
135.713, -0.691591, -0.0125067, 0.730905, -0.0117412
135.786, -0.692507, -0.012492, 0.730046, -0.0117567
135.859, -0.693421, -0.0124773, 0.729185, -0.0117722
135.932, -0.694334, -0.0124626, 0.728324, -0.0117877
136.006, -0.695247, -0.0124478, 0.727461, -0.0118032
136.079, -0.696158, -0.012433, 0.726597, -0.0118187
136.152, -0.697068, -0.0124182, 0.725732, -0.0118341
136.225, -0.697977, -0.0124034, 0.724865, -0.0118496
136.298, -0.698885, -0.0123886, 0.723998, -0.011865
136.372, -0.699792, -0.0123737, 0.723129, -0.0118804
136.445, -0.700697, -0.0123588, 0.72226, -0.0118957
136.518, -0.701602, -0.0123439, 0.721389, -0.0119111
136.591, -0.702506, -0.012329, 0.720517, -0.0119264
136.664, -0.703408, -0.0123141, 0.719644, -0.0119417
136.738, -0.70431, -0.0122991, 0.71877, -0.011957
136.811, -0.70521, -0.0122842, 0.717895, -0.0119723
136.884, -0.706109, -0.0122692, 0.717018, -0.0119876
136.957, -0.707007, -0.0122542, 0.716141, -0.0120028
137.03, -0.707904, -0.0122391, 0.715262, -0.012018
137.104, -0.7088, -0.0122241, 0.714382, -0.0120332
137.177, -0.709695, -0.012209, 0.713502, -0.0120484
137.25, -0.710589, -0.0121939, 0.71262, -0.0120636
137.323, -0.711481, -0.0121788, 0.711737, -0.0120787
137.396, -0.712373, -0.0121637, 0.710852, -0.0120938
137.47, -0.713263, -0.0121486, 0.709967, -0.012109
137.543, -0.714152, -0.0121334, 0.709081, -0.012124
137.616, -0.71504, -0.0121183, 0.708193, -0.0121391
137.689, -0.715928, -0.0121031, 0.707305, -0.0121542
137.762, -0.716813, -0.0120878, 0.706415, -0.0121692
137.836, -0.717698, -0.0120726, 0.705524, -0.0121842
137.909, -0.718582, -0.0120574, 0.704632, -0.0121992
137.982, -0.719465, -0.0120421, 0.703739, -0.0122142
138.055, -0.720346, -0.0120268, 0.702845, -0.0122291
138.128, -0.721226, -0.0120115, 0.70195, -0.0122441
138.202, -0.722106, -0.0119962, 0.701054, -0.012259
138.275, -0.722984, -0.0119808, 0.700157, -0.0122739
138.348, -0.723861, -0.0119655, 0.699258, -0.0122887
138.421, -0.724737, -0.0119501, 0.698359, -0.0123036
138.494, -0.725611, -0.0119347, 0.697458, -0.0123184
138.568, -0.726485, -0.0119193, 0.696556, -0.0123333
138.641, -0.727358, -0.0119038, 0.695653, -0.0123481
138.714, -0.728229, -0.0118884, 0.69475, -0.0123628
138.787, -0.729099, -0.0118729, 0.693845, -0.0123776
138.86, -0.729968, -0.0118574, 0.692939, -0.0123923
138.934, -0.730836, -0.0118419, 0.692031, -0.0124071
139.007, -0.731703, -0.0118264, 0.691123, -0.0124218
139.08, -0.732569, -0.0118108, 0.690214, -0.0124364
139.153, -0.733433, -0.0117953, 0.689304, -0.0124511
139.226, -0.734297, -0.0117797, 0.688392, -0.0124657
139.3, -0.735159, -0.0117641, 0.68748, -0.0124804
139.373, -0.73602, -0.0117485, 0.686566, -0.012495
139.446, -0.73688, -0.0117329, 0.685652, -0.0125096
139.519, -0.737739, -0.0117172, 0.684736, -0.0125241
139.592, -0.738597, -0.0117015, 0.683819, -0.0125387
139.666, -0.739453, -0.0116858, 0.682901, -0.0125532
139.739, -0.740309, -0.0116701, 0.681982, -0.0125677
139.812, -0.741163, -0.0116544, 0.681062, -0.0125822
139.885, -0.742016, -0.0116387, 0.680141, -0.0125967
139.958, -0.742868, -0.0116229, 0.679219, -0.0126111
140.032, -0.743719, -0.0116071, 0.678296, -0.0126255
140.105, -0.744568, -0.0115913, 0.677372, -0.0126399
140.178, -0.745417, -0.0115755, 0.676447, -0.0126543
140.251, -0.746264, -0.0115597, 0.67552, -0.0126687
140.324, -0.74711, -0.0115438, 0.674593, -0.012683
140.398, -0.747955, -0.011528, 0.673665, -0.0126974
140.471, -0.748799, -0.0115121, 0.672735, -0.0127117
140.544, -0.749642, -0.0114962, 0.671805, -0.0127259
140.617, -0.750483, -0.0114803, 0.670873, -0.0127402
140.69, -0.751324, -0.0114643, 0.669941, -0.0127545
140.764, -0.752163, -0.0114484, 0.669007, -0.0127687
140.837, -0.753001, -0.0114324, 0.668072, -0.0127829
140.91, -0.753838, -0.0114164, 0.667137, -0.0127971
140.983, -0.754673, -0.0114004, 0.6662, -0.0128112
141.056, -0.755508, -0.0113844, 0.665262, -0.0128254
141.13, -0.756341, -0.0113683, 0.664323, -0.0128395
141.203, -0.757173, -0.0113523, 0.663383, -0.0128536
141.276, -0.758004, -0.0113362, 0.662443, -0.0128677
141.349, -0.758834, -0.0113201, 0.661501, -0.0128818
141.422, -0.759663, -0.011304, 0.660558, -0.0128958
141.496, -0.76049, -0.0112879, 0.659614, -0.0129098
141.569, -0.761317, -0.0112717, 0.658669, -0.0129238
141.642, -0.762142, -0.0112556, 0.657723, -0.0129378
141.715, -0.762966, -0.0112394, 0.656776, -0.0129518
141.788, -0.763788, -0.0112232, 0.655828, -0.0129657
141.862, -0.76461, -0.011207, 0.654878, -0.0129797
141.935, -0.76543, -0.0111907, 0.653928, -0.0129936
142.008, -0.766249, -0.0111745, 0.652977, -0.0130074
142.081, -0.767067, -0.0111582, 0.652025, -0.0130213
142.154, -0.767884, -0.0111419, 0.651072, -0.0130352
142.228, -0.7687, -0.0111256, 0.650118, -0.013049
142.301, -0.769514, -0.0111093, 0.649163, -0.0130628
142.374, -0.770327, -0.011093, 0.648206, -0.0130766
142.447, -0.771139, -0.0110766, 0.647249, -0.0130903
142.52, -0.77195, -0.0110603, 0.646291, -0.0131041
142.594, -0.77276, -0.0110439, 0.645332, -0.0131178
142.667, -0.773568, -0.0110275, 0.644371, -0.0131315
142.74, -0.774375, -0.0110111, 0.64341, -0.0131451
142.813, -0.775181, -0.0109946, 0.642448, -0.0131588
142.886, -0.775986, -0.0109782, 0.641485, -0.0131724
142.96, -0.77679, -0.0109617, 0.640521, -0.0131861
143.033, -0.777592, -0.0109452, 0.639555, -0.0131996
143.106, -0.778393, -0.0109287, 0.638589, -0.0132132
143.179, -0.779193, -0.0109122, 0.637622, -0.0132268
143.252, -0.779992, -0.0108956, 0.636654, -0.0132403
143.326, -0.78079, -0.0108791, 0.635685, -0.0132538
143.399, -0.781586, -0.0108625, 0.634714, -0.0132673
143.472, -0.782381, -0.0108459, 0.633743, -0.0132808
143.545, -0.783175, -0.0108293, 0.632771, -0.0132942
143.618, -0.783968, -0.0108127, 0.631798, -0.0133077
143.692, -0.784759, -0.0107961, 0.630824, -0.0133211
143.765, -0.78555, -0.0107794, 0.629849, -0.0133345
143.838, -0.786339, -0.0107628, 0.628873, -0.0133478
143.911, -0.787126, -0.0107461, 0.627896, -0.0133612
143.984, -0.787913, -0.0107294, 0.626918, -0.0133745
144.058, -0.788698, -0.0107126, 0.625939, -0.0133878
144.131, -0.789483, -0.0106959, 0.624959, -0.0134011
144.204, -0.790266, -0.0106792, 0.623978, -0.0134143
144.277, -0.791047, -0.0106624, 0.622996, -0.0134276
144.35, -0.791828, -0.0106456, 0.622013, -0.0134408
144.424, -0.792607, -0.0106288, 0.621029, -0.013454
144.497, -0.793385, -0.010612, 0.620044, -0.0134672
144.57, -0.794162, -0.0105952, 0.619058, -0.0134803
144.643, -0.794937, -0.0105783, 0.618071, -0.0134934
144.716, -0.795712, -0.0105614, 0.617084, -0.0135066
144.79, -0.796485, -0.0105446, 0.616095, -0.0135197
144.863, -0.797257, -0.0105277, 0.615105, -0.0135327
144.936, -0.798027, -0.0105108, 0.614115, -0.0135458
145.009, -0.798797, -0.0104938, 0.613123, -0.0135588
145.082, -0.799565, -0.0104769, 0.612131, -0.0135718
145.156, -0.800332, -0.0104599, 0.611137, -0.0135848
145.229, -0.801097, -0.0104429, 0.610143, -0.0135978
145.302, -0.801862, -0.0104259, 0.609148, -0.0136107
145.375, -0.802625, -0.0104089, 0.608151, -0.0136236
145.448, -0.803387, -0.0103919, 0.607154, -0.0136365
145.522, -0.804148, -0.0103749, 0.606156, -0.0136494
145.595, -0.804907, -0.0103578, 0.605157, -0.0136623
145.668, -0.805665, -0.0103407, 0.604157, -0.0136751
145.741, -0.806422, -0.0103236, 0.603156, -0.0136879
145.814, -0.807178, -0.0103065, 0.602154, -0.0137007
145.888, -0.807932, -0.0102894, 0.601151, -0.0137135
145.961, -0.808686, -0.0102723, 0.600147, -0.0137262
146.034, -0.809437, -0.0102551, 0.599142, -0.013739
146.107, -0.810188, -0.010238, 0.598136, -0.0137517
146.18, -0.810938, -0.0102208, 0.59713, -0.0137643
146.254, -0.811686, -0.0102036, 0.596122, -0.013777
146.327, -0.812433, -0.0101864, 0.595114, -0.0137897
146.4, -0.813178, -0.0101691, 0.594104, -0.0138023
146.473, -0.813923, -0.0101519, 0.593094, -0.0138149
146.546, -0.814666, -0.0101346, 0.592083, -0.0138274
146.62, -0.815408, -0.0101174, 0.591071, -0.01384
146.693, -0.816148, -0.0101001, 0.590058, -0.0138525
146.766, -0.816888, -0.0100828, 0.589044, -0.013865
146.839, -0.817626, -0.0100654, 0.588029, -0.0138775
146.912, -0.818362, -0.0100481, 0.587013, -0.01389
146.986, -0.819098, -0.0100308, 0.585996, -0.0139025
147.059, -0.819832, -0.0100134, 0.584978, -0.0139149
147.132, -0.820565, -0.009996, 0.58396, -0.0139273
147.205, -0.821297, -0.0099786, 0.58294, -0.0139397
147.278, -0.822027, -0.00996119, 0.58192, -0.013952
147.352, -0.822756, -0.00994376, 0.580899, -0.0139644
147.425, -0.823484, -0.00992632, 0.579877, -0.0139767
147.498, -0.824211, -0.00990886, 0.578853, -0.013989
147.571, -0.824936, -0.00989138, 0.577829, -0.0140012
147.644, -0.82566, -0.00987389, 0.576805, -0.0140135
147.718, -0.826383, -0.00985639, 0.575779, -0.0140257
147.791, -0.827105, -0.00983887, 0.574752, -0.0140379
147.864, -0.827825, -0.00982134, 0.573724, -0.0140501
147.937, -0.828544, -0.00980379, 0.572696, -0.0140623
148.01, -0.829261, -0.00978622, 0.571667, -0.0140744
148.084, -0.829978, -0.00976864, 0.570636, -0.0140865
148.157, -0.830693, -0.00975105, 0.569605, -0.0140986
148.23, -0.831407, -0.00973344, 0.568573, -0.0141107
148.303, -0.832119, -0.00971582, 0.56754, -0.0141228
148.376, -0.83283, -0.00969818, 0.566507, -0.0141348
148.45, -0.83354, -0.00968052, 0.565472, -0.0141468
148.523, -0.834249, -0.00966286, 0.564436, -0.0141588
148.596, -0.834956, -0.00964517, 0.5634, -0.0141708
148.669, -0.835662, -0.00962747, 0.562363, -0.0141827
148.742, -0.836367, -0.00960976, 0.561324, -0.0141946
148.816, -0.83707, -0.00959204, 0.560285, -0.0142065
148.889, -0.837772, -0.00957429, 0.559246, -0.0142184
148.962, -0.838473, -0.00955654, 0.558205, -0.0142302
149.035, -0.839173, -0.00953877, 0.557163, -0.0142421
149.108, -0.839871, -0.00952098, 0.556121, -0.0142539
149.182, -0.840568, -0.00950318, 0.555077, -0.0142657
149.255, -0.841264, -0.00948537, 0.554033, -0.0142774
149.328, -0.841958, -0.00946754, 0.552988, -0.0142892
149.401, -0.842651, -0.0094497, 0.551942, -0.0143009
149.474, -0.843343, -0.00943184, 0.550895, -0.0143126
149.548, -0.844033, -0.00941397, 0.549847, -0.0143243
149.621, -0.844722, -0.00939608, 0.548799, -0.0143359
149.694, -0.84541, -0.00937818, 0.547749, -0.0143475
149.767, -0.846096, -0.00936027, 0.546699, -0.0143591
149.84, -0.846782, -0.00934234, 0.545648, -0.0143707
149.914, -0.847465, -0.0093244, 0.544596, -0.0143823
149.987, -0.848148, -0.00930644, 0.543543, -0.0143938
150.06, -0.848829, -0.00928847, 0.54249, -0.0144054
150.133, -0.849509, -0.00927048, 0.541435, -0.0144168
150.206, -0.850188, -0.00925248, 0.54038, -0.0144283
150.28, -0.850865, -0.00923447, 0.539324, -0.0144398
150.353, -0.851541, -0.00921644, 0.538267, -0.0144512
150.426, -0.852216, -0.0091984, 0.537209, -0.0144626
150.499, -0.852889, -0.00918034, 0.53615, -0.014474
150.572, -0.853561, -0.00916228, 0.535091, -0.0144853
150.646, -0.854232, -0.00914419, 0.53403, -0.0144967
150.719, -0.854901, -0.00912609, 0.532969, -0.014508
150.792, -0.855569, -0.00910798, 0.531907, -0.0145193
150.865, -0.856236, -0.00908986, 0.530845, -0.0145305
150.938, -0.856901, -0.00907172, 0.529781, -0.0145418
151.012, -0.857565, -0.00905357, 0.528716, -0.014553
151.085, -0.858228, -0.0090354, 0.527651, -0.0145642
151.158, -0.858889, -0.00901722, 0.526585, -0.0145754
151.231, -0.859549, -0.00899903, 0.525518, -0.0145865
151.304, -0.860208, -0.00898082, 0.52445, -0.0145977
151.378, -0.860865, -0.0089626, 0.523382, -0.0146088
151.451, -0.861522, -0.00894436, 0.522312, -0.0146199
151.524, -0.862176, -0.00892612, 0.521242, -0.0146309
151.597, -0.86283, -0.00890785, 0.520171, -0.014642
151.67, -0.863482, -0.00888958, 0.5191, -0.014653
151.744, -0.864132, -0.00887129, 0.518027, -0.014664
151.817, -0.864782, -0.00885299, 0.516954, -0.014675
151.89, -0.86543, -0.00883467, 0.515879, -0.0146859
151.963, -0.866077, -0.00881634, 0.514804, -0.0146968
152.036, -0.866722, -0.008798, 0.513729, -0.0147077
152.11, -0.867366, -0.00877964, 0.512652, -0.0147186
152.183, -0.868009, -0.00876127, 0.511575, -0.0147295
152.256, -0.86865, -0.00874289, 0.510496, -0.0147403
152.329, -0.86929, -0.0087245, 0.509417, -0.0147511
152.402, -0.869929, -0.00870609, 0.508338, -0.0147619
152.476, -0.870566, -0.00868766, 0.507257, -0.0147727
152.549, -0.871202, -0.00866923, 0.506176, -0.0147834
152.622, -0.871836, -0.00865078, 0.505093, -0.0147941
152.695, -0.87247, -0.00863232, 0.504011, -0.0148048
152.768, -0.873101, -0.00861384, 0.502927, -0.0148155
152.842, -0.873732, -0.00859536, 0.501842, -0.0148262
152.915, -0.874361, -0.00857686, 0.500757, -0.0148368
152.988, -0.874989, -0.00855834, 0.499671, -0.0148474
153.061, -0.875615, -0.00853982, 0.498584, -0.014858
153.134, -0.876241, -0.00852128, 0.497497, -0.0148685
153.208, -0.876864, -0.00850272, 0.496408, -0.0148791
153.281, -0.877487, -0.00848416, 0.495319, -0.0148896
153.354, -0.878108, -0.00846558, 0.494229, -0.0149001
153.427, -0.878727, -0.00844699, 0.493138, -0.0149105
153.5, -0.879346, -0.00842838, 0.492047, -0.014921
153.574, -0.879963, -0.00840977, 0.490955, -0.0149314
153.647, -0.880578, -0.00839114, 0.489862, -0.0149418
153.72, -0.881193, -0.0083725, 0.488768, -0.0149521
153.793, -0.881805, -0.00835384, 0.487674, -0.0149625
153.866, -0.882417, -0.00833517, 0.486578, -0.0149728
153.94, -0.883027, -0.00831649, 0.485482, -0.0149831
154.013, -0.883636, -0.0082978, 0.484386, -0.0149934
154.086, -0.884243, -0.00827909, 0.483288, -0.0150036
154.159, -0.884849, -0.00826038, 0.48219, -0.0150139
154.232, -0.885454, -0.00824165, 0.481091, -0.0150241
154.306, -0.886057, -0.0082229, 0.479991, -0.0150343
154.379, -0.886659, -0.00820415, 0.47889, -0.0150444
154.452, -0.88726, -0.00818538, 0.477789, -0.0150546
154.525, -0.887859, -0.0081666, 0.476687, -0.0150647
154.598, -0.888457, -0.00814781, 0.475584, -0.0150748
154.672, -0.889053, -0.008129, 0.474481, -0.0150848
154.745, -0.889648, -0.00811019, 0.473377, -0.0150949
154.818, -0.890242, -0.00809136, 0.472272, -0.0151049
154.891, -0.890834, -0.00807252, 0.471166, -0.0151149
154.964, -0.891425, -0.00805366, 0.47006, -0.0151249
155.038, -0.892014, -0.0080348, 0.468953, -0.0151348
155.111, -0.892603, -0.00801592, 0.467845, -0.0151447
155.184, -0.893189, -0.00799703, 0.466736, -0.0151546
155.257, -0.893775, -0.00797813, 0.465627, -0.0151645
155.33, -0.894359, -0.00795921, 0.464517, -0.0151744
155.404, -0.894941, -0.00794028, 0.463406, -0.0151842
155.477, -0.895523, -0.00792135, 0.462295, -0.015194
155.55, -0.896102, -0.0079024, 0.461182, -0.0152038
155.623, -0.896681, -0.00788343, 0.460069, -0.0152135
155.696, -0.897258, -0.00786446, 0.458956, -0.0152233
155.77, -0.897834, -0.00784547, 0.457841, -0.015233
155.843, -0.898408, -0.00782648, 0.456726, -0.0152427
155.916, -0.898981, -0.00780747, 0.455611, -0.0152523
155.989, -0.899552, -0.00778844, 0.454494, -0.015262
156.062, -0.900122, -0.00776941, 0.453377, -0.0152716
156.136, -0.900691, -0.00775037, 0.452259, -0.0152812
156.209, -0.901259, -0.00773131, 0.451141, -0.0152908
156.282, -0.901824, -0.00771224, 0.450021, -0.0153003
156.355, -0.902389, -0.00769316, 0.448901, -0.0153098
156.428, -0.902952, -0.00767407, 0.447781, -0.0153193
156.502, -0.903514, -0.00765497, 0.446659, -0.0153288
156.575, -0.904074, -0.00763585, 0.445537, -0.0153382
156.648, -0.904633, -0.00761672, 0.444414, -0.0153477
156.721, -0.905191, -0.00759759, 0.443291, -0.0153571
156.794, -0.905747, -0.00757844, 0.442167, -0.0153664
156.868, -0.906302, -0.00755928, 0.441042, -0.0153758
156.941, -0.906855, -0.00754011, 0.439916, -0.0153851
157.014, -0.907407, -0.00752092, 0.43879, -0.0153944
157.087, -0.907957, -0.00750173, 0.437663, -0.0154037
157.16, -0.908507, -0.00748252, 0.436536, -0.015413
157.234, -0.909054, -0.0074633, 0.435408, -0.0154222
157.307, -0.909601, -0.00744407, 0.434279, -0.0154314
157.38, -0.910145, -0.00742483, 0.433149, -0.0154406
157.453, -0.910689, -0.00740558, 0.432019, -0.0154498
157.526, -0.911231, -0.00738632, 0.430888, -0.0154589
157.6, -0.911772, -0.00736705, 0.429756, -0.015468
157.673, -0.912311, -0.00734776, 0.428624, -0.0154771
157.746, -0.912849, -0.00732847, 0.427491, -0.0154862
157.819, -0.913385, -0.00730916, 0.426358, -0.0154952
157.892, -0.91392, -0.00728984, 0.425223, -0.0155042
157.966, -0.914454, -0.00727052, 0.424088, -0.0155132
158.039, -0.914986, -0.00725118, 0.422953, -0.0155222
158.112, -0.915517, -0.00723183, 0.421817, -0.0155311
158.185, -0.916046, -0.00721246, 0.42068, -0.0155401
158.258, -0.916574, -0.00719309, 0.419542, -0.015549
158.332, -0.917101, -0.00717371, 0.418404, -0.0155578
158.405, -0.917626, -0.00715431, 0.417265, -0.0155667
158.478, -0.91815, -0.00713491, 0.416126, -0.0155755
158.551, -0.918672, -0.00711549, 0.414986, -0.0155843
158.624, -0.919193, -0.00709607, 0.413845, -0.0155931
158.698, -0.919712, -0.00707663, 0.412703, -0.0156018
158.771, -0.92023, -0.00705718, 0.411561, -0.0156106
158.844, -0.920747, -0.00703773, 0.410419, -0.0156193
158.917, -0.921262, -0.00701826, 0.409275, -0.0156279
158.99, -0.921776, -0.00699878, 0.408131, -0.0156366
159.064, -0.922288, -0.00697929, 0.406987, -0.0156452
159.137, -0.922799, -0.00695979, 0.405842, -0.0156538
159.21, -0.923308, -0.00694028, 0.404696, -0.0156624
159.283, -0.923816, -0.00692076, 0.403549, -0.015671
159.356, -0.924323, -0.00690123, 0.402402, -0.0156795
159.43, -0.924828, -0.00688168, 0.401254, -0.015688
159.503, -0.925332, -0.00686213, 0.400106, -0.0156965
159.576, -0.925834, -0.00684257, 0.398957, -0.0157049
159.649, -0.926335, -0.006823, 0.397807, -0.0157134
159.722, -0.926834, -0.00680341, 0.396657, -0.0157218
159.796, -0.927332, -0.00678382, 0.395506, -0.0157302
159.869, -0.927829, -0.00676422, 0.394355, -0.0157385
159.942, -0.928324, -0.0067446, 0.393203, -0.0157469
160.015, -0.928818, -0.00672498, 0.39205, -0.0157552
160.088, -0.92931, -0.00670535, 0.390897, -0.0157635
160.162, -0.929801, -0.0066857, 0.389743, -0.0157717
160.235, -0.93029, -0.00666605, 0.388589, -0.01578
160.308, -0.930778, -0.00664639, 0.387433, -0.0157882
160.381, -0.931265, -0.00662671, 0.386278, -0.0157964
160.454, -0.93175, -0.00660703, 0.385121, -0.0158045
160.528, -0.932234, -0.00658733, 0.383965, -0.0158127
160.601, -0.932716, -0.00656763, 0.382807, -0.0158208
160.674, -0.933197, -0.00654792, 0.381649, -0.0158289
160.747, -0.933676, -0.00652819, 0.38049, -0.0158369
160.82, -0.934154, -0.00650846, 0.379331, -0.015845
160.894, -0.93463, -0.00648872, 0.378171, -0.015853
160.967, -0.935105, -0.00646897, 0.377011, -0.015861
161.04, -0.935579, -0.0064492, 0.37585, -0.015869
161.113, -0.936051, -0.00642943, 0.374688, -0.0158769
161.186, -0.936521, -0.00640965, 0.373526, -0.0158848
161.26, -0.936991, -0.00638986, 0.372363, -0.0158927
161.333, -0.937458, -0.00637006, 0.3712, -0.0159006
161.406, -0.937925, -0.00635025, 0.370036, -0.0159084
161.479, -0.938389, -0.00633043, 0.368871, -0.0159163
161.552, -0.938853, -0.0063106, 0.367706, -0.015924
161.626, -0.939315, -0.00629076, 0.366541, -0.0159318
161.699, -0.939775, -0.00627091, 0.365374, -0.0159396
161.772, -0.940234, -0.00625105, 0.364208, -0.0159473
161.845, -0.940692, -0.00623119, 0.36304, -0.015955
161.918, -0.941148, -0.00621131, 0.361872, -0.0159626
161.992, -0.941603, -0.00619143, 0.360704, -0.0159703
162.065, -0.942056, -0.00617153, 0.359535, -0.0159779
162.138, -0.942508, -0.00615163, 0.358365, -0.0159855
162.211, -0.942958, -0.00613171, 0.357195, -0.0159931
162.284, -0.943407, -0.00611179, 0.356025, -0.0160006
162.358, -0.943854, -0.00609186, 0.354853, -0.0160082
162.431, -0.9443, -0.00607192, 0.353682, -0.0160156
162.504, -0.944744, -0.00605197, 0.352509, -0.0160231
162.577, -0.945187, -0.00603201, 0.351336, -0.0160306
162.65, -0.945629, -0.00601204, 0.350163, -0.016038
162.724, -0.946069, -0.00599207, 0.348989, -0.0160454
162.797, -0.946508, -0.00597208, 0.347814, -0.0160528
162.87, -0.946945, -0.00595209, 0.346639, -0.0160601
162.943, -0.947381, -0.00593208, 0.345464, -0.0160674
163.016, -0.947815, -0.00591207, 0.344288, -0.0160747
163.09, -0.948248, -0.00589205, 0.343111, -0.016082
163.163, -0.948679, -0.00587202, 0.341934, -0.0160892
163.236, -0.949109, -0.00585198, 0.340756, -0.0160965
163.309, -0.949537, -0.00583193, 0.339578, -0.0161037
163.382, -0.949964, -0.00581188, 0.338399, -0.0161108
163.456, -0.950389, -0.00579181, 0.33722, -0.016118
163.529, -0.950813, -0.00577174, 0.33604, -0.0161251
163.602, -0.951236, -0.00575166, 0.334859, -0.0161322
163.675, -0.951657, -0.00573157, 0.333679, -0.0161393
163.748, -0.952076, -0.00571147, 0.332497, -0.0161463
163.822, -0.952494, -0.00569136, 0.331315, -0.0161533
163.895, -0.952911, -0.00567124, 0.330133, -0.0161603
163.968, -0.953326, -0.00565112, 0.32895, -0.0161673
164.041, -0.95374, -0.00563099, 0.327766, -0.0161743
164.114, -0.954152, -0.00561084, 0.326582, -0.0161812
164.188, -0.954563, -0.00559069, 0.325398, -0.0161881
164.261, -0.954972, -0.00557054, 0.324213, -0.016195
164.334, -0.95538, -0.00555037, 0.323028, -0.0162018
164.407, -0.955786, -0.0055302, 0.321842, -0.0162086
164.48, -0.956191, -0.00551001, 0.320655, -0.0162154
164.554, -0.956594, -0.00548982, 0.319468, -0.0162222
164.627, -0.956996, -0.00546962, 0.318281, -0.0162289
164.7, -0.957396, -0.00544942, 0.317093, -0.0162357
164.773, -0.957795, -0.0054292, 0.315904, -0.0162424
164.846, -0.958193, -0.00540898, 0.314715, -0.016249
164.92, -0.958589, -0.00538874, 0.313526, -0.0162557
164.993, -0.958983, -0.0053685, 0.312336, -0.0162623
165.066, -0.959376, -0.00534826, 0.311146, -0.0162689
165.139, -0.959768, -0.005328, 0.309955, -0.0162755
165.212, -0.960158, -0.00530774, 0.308763, -0.016282
165.286, -0.960546, -0.00528747, 0.307571, -0.0162885
165.359, -0.960933, -0.00526719, 0.306379, -0.016295
165.432, -0.961319, -0.0052469, 0.305186, -0.0163015
165.505, -0.961703, -0.00522661, 0.303993, -0.0163079
165.578, -0.962085, -0.0052063, 0.302799, -0.0163143
165.652, -0.962467, -0.00518599, 0.301605, -0.0163207
165.725, -0.962846, -0.00516567, 0.30041, -0.0163271
165.798, -0.963224, -0.00514535, 0.299215, -0.0163334
165.871, -0.963601, -0.00512502, 0.29802, -0.0163398
165.944, -0.963976, -0.00510467, 0.296824, -0.016346
166.018, -0.96435, -0.00508433, 0.295627, -0.0163523
166.091, -0.964722, -0.00506397, 0.29443, -0.0163585
166.164, -0.965093, -0.00504361, 0.293233, -0.0163648
166.237, -0.965462, -0.00502324, 0.292035, -0.016371
166.31, -0.965829, -0.00500286, 0.290836, -0.0163771
166.384, -0.966196, -0.00498247, 0.289638, -0.0163833
166.457, -0.96656, -0.00496208, 0.288438, -0.0163894
166.53, -0.966924, -0.00494168, 0.287239, -0.0163955
166.603, -0.967285, -0.00492127, 0.286039, -0.0164015
166.676, -0.967646, -0.00490085, 0.284838, -0.0164076
166.75, -0.968004, -0.00488043, 0.283637, -0.0164136
166.823, -0.968362, -0.00486, 0.282435, -0.0164196
166.896, -0.968717, -0.00483957, 0.281234, -0.0164255
166.969, -0.969072, -0.00481912, 0.280031, -0.0164315
167.042, -0.969424, -0.00479867, 0.278828, -0.0164374
167.116, -0.969776, -0.00477821, 0.277625, -0.0164432
167.189, -0.970125, -0.00475775, 0.276422, -0.0164491
167.262, -0.970474, -0.00473727, 0.275217, -0.0164549
167.335, -0.97082, -0.0047168, 0.274013, -0.0164607
167.408, -0.971166, -0.00469631, 0.272808, -0.0164665
167.482, -0.971509, -0.00467582, 0.271603, -0.0164723
167.555, -0.971852, -0.00465532, 0.270397, -0.016478
167.628, -0.972192, -0.00463481, 0.269191, -0.0164837
167.701, -0.972532, -0.0046143, 0.267984, -0.0164894
167.774, -0.97287, -0.00459377, 0.266777, -0.0164951
167.848, -0.973206, -0.00457325, 0.26557, -0.0165007
167.921, -0.973541, -0.00455271, 0.264362, -0.0165063
167.994, -0.973874, -0.00453217, 0.263154, -0.0165119
168.067, -0.974206, -0.00451162, 0.261945, -0.0165174
168.14, -0.974536, -0.00449107, 0.260736, -0.0165229
168.214, -0.974865, -0.00447051, 0.259526, -0.0165284
168.287, -0.975192, -0.00444994, 0.258316, -0.0165339
168.36, -0.975518, -0.00442937, 0.257106, -0.0165394
168.433, -0.975842, -0.00440879, 0.255895, -0.0165448
168.506, -0.976164, -0.0043882, 0.254684, -0.0165502
168.58, -0.976486, -0.00436761, 0.253473, -0.0165556
168.653, -0.976805, -0.00434701, 0.252261, -0.0165609
168.726, -0.977124, -0.0043264, 0.251049, -0.0165662
168.799, -0.97744, -0.00430579, 0.249836, -0.0165715
168.872, -0.977755, -0.00428517, 0.248623, -0.0165768
168.946, -0.978069, -0.00426454, 0.24741, -0.016582
169.019, -0.978381, -0.00424391, 0.246196, -0.0165873
169.092, -0.978692, -0.00422328, 0.244982, -0.0165925
169.165, -0.979001, -0.00420263, 0.243767, -0.0165976
169.238, -0.979309, -0.00418198, 0.242552, -0.0166028
169.312, -0.979615, -0.00416133, 0.241337, -0.0166079
169.385, -0.979919, -0.00414066, 0.240121, -0.016613
169.458, -0.980223, -0.00411999, 0.238905, -0.016618
169.531, -0.980524, -0.00409932, 0.237689, -0.0166231
169.604, -0.980824, -0.00407864, 0.236472, -0.0166281
169.678, -0.981123, -0.00405795, 0.235255, -0.0166331
169.751, -0.98142, -0.00403726, 0.234037, -0.016638
169.824, -0.981715, -0.00401656, 0.232819, -0.016643
169.897, -0.982009, -0.00399586, 0.231601, -0.0166479
169.97, -0.982302, -0.00397515, 0.230382, -0.0166528
170.044, -0.982593, -0.00395443, 0.229163, -0.0166576
170.117, -0.982882, -0.00393371, 0.227944, -0.0166625
170.19, -0.98317, -0.00391298, 0.226724, -0.0166673
170.263, -0.983457, -0.00389225, 0.225504, -0.016672
170.336, -0.983742, -0.00387151, 0.224284, -0.0166768
170.41, -0.984025, -0.00385077, 0.223063, -0.0166815
170.483, -0.984307, -0.00383002, 0.221842, -0.0166862
170.556, -0.984587, -0.00380926, 0.220621, -0.0166909
170.629, -0.984866, -0.0037885, 0.219399, -0.0166956
170.702, -0.985143, -0.00376773, 0.218177, -0.0167002
170.776, -0.985419, -0.00374696, 0.216954, -0.0167048
170.849, -0.985693, -0.00372618, 0.215731, -0.0167094
170.922, -0.985966, -0.0037054, 0.214508, -0.0167139
170.995, -0.986237, -0.00368461, 0.213285, -0.0167184
171.068, -0.986507, -0.00366382, 0.212061, -0.0167229
171.142, -0.986775, -0.00364302, 0.210837, -0.0167274
171.215, -0.987042, -0.00362222, 0.209613, -0.0167319
171.288, -0.987307, -0.00360141, 0.208388, -0.0167363
171.361, -0.987571, -0.00358059, 0.207163, -0.0167407
171.434, -0.987833, -0.00355977, 0.205937, -0.016745
171.508, -0.988093, -0.00353895, 0.204712, -0.0167494
171.581, -0.988353, -0.00351811, 0.203485, -0.0167537
171.654, -0.98861, -0.00349728, 0.202259, -0.016758
171.727, -0.988866, -0.00347644, 0.201032, -0.0167622
171.8, -0.989121, -0.00345559, 0.199805, -0.0167665
171.874, -0.989373, -0.00343474, 0.198578, -0.0167707
171.947, -0.989625, -0.00341389, 0.19735, -0.0167749
172.02, -0.989875, -0.00339303, 0.196123, -0.016779
172.093, -0.990123, -0.00337216, 0.194894, -0.0167832
172.166, -0.99037, -0.00335129, 0.193666, -0.0167873
172.24, -0.990615, -0.00333041, 0.192437, -0.0167914
172.313, -0.990859, -0.00330953, 0.191208, -0.0167954
172.386, -0.991101, -0.00328865, 0.189978, -0.0167994
172.459, -0.991342, -0.00326776, 0.188749, -0.0168035
172.532, -0.991581, -0.00324687, 0.187519, -0.0168074
172.606, -0.991819, -0.00322597, 0.186288, -0.0168114
172.679, -0.992055, -0.00320506, 0.185058, -0.0168153
172.752, -0.99229, -0.00318415, 0.183827, -0.0168192
172.825, -0.992523, -0.00316324, 0.182596, -0.0168231
172.898, -0.992754, -0.00314232, 0.181364, -0.0168269
172.972, -0.992984, -0.0031214, 0.180133, -0.0168308
173.045, -0.993213, -0.00310048, 0.178901, -0.0168346
173.118, -0.99344, -0.00307954, 0.177668, -0.0168383
173.191, -0.993665, -0.00305861, 0.176436, -0.0168421
173.264, -0.993889, -0.00303767, 0.175203, -0.0168458
173.338, -0.994111, -0.00301672, 0.17397, -0.0168495
173.411, -0.994332, -0.00299578, 0.172736, -0.0168531
173.484, -0.994552, -0.00297482, 0.171503, -0.0168568
173.557, -0.994769, -0.00295387, 0.170269, -0.0168604
173.63, -0.994986, -0.00293291, 0.169035, -0.016864
173.704, -0.9952, -0.00291194, 0.1678, -0.0168675
173.777, -0.995413, -0.00289097, 0.166565, -0.0168711
173.85, -0.995625, -0.00287, 0.165331, -0.0168746
173.923, -0.995835, -0.00284902, 0.164095, -0.0168781
173.996, -0.996044, -0.00282804, 0.16286, -0.0168815
174.07, -0.996251, -0.00280705, 0.161624, -0.016885
174.143, -0.996456, -0.00278606, 0.160388, -0.0168884
174.216, -0.99666, -0.00276507, 0.159152, -0.0168917
174.289, -0.996863, -0.00274407, 0.157915, -0.0168951
174.362, -0.997063, -0.00272307, 0.156679, -0.0168984
174.436, -0.997263, -0.00270206, 0.155442, -0.0169017
174.509, -0.99746, -0.00268105, 0.154205, -0.016905
174.582, -0.997657, -0.00266004, 0.152967, -0.0169083
174.655, -0.997851, -0.00263902, 0.151729, -0.0169115
174.728, -0.998045, -0.002618, 0.150491, -0.0169147
174.802, -0.998236, -0.00259698, 0.149253, -0.0169178
174.875, -0.998426, -0.00257595, 0.148015, -0.016921
174.948, -0.998615, -0.00255491, 0.146776, -0.0169241
175.021, -0.998802, -0.00253388, 0.145537, -0.0169272
175.094, -0.998987, -0.00251284, 0.144298, -0.0169303
175.168, -0.999171, -0.0024918, 0.143059, -0.0169333
175.241, -0.999354, -0.00247075, 0.14182, -0.0169363
175.314, -0.999535, -0.0024497, 0.14058, -0.0169393
175.387, -0.999714, -0.00242865, 0.13934, -0.0169423
175.46, -0.999892, -0.00240759, 0.1381, -0.0169452
175.534, -1.00007, -0.00238653, 0.136859, -0.0169481
175.607, -1.00024, -0.00236547, 0.135619, -0.016951
175.68, -1.00042, -0.0023444, 0.134378, -0.0169538
175.753, -1.00059, -0.00232333, 0.133137, -0.0169567
175.826, -1.00076, -0.00230226, 0.131896, -0.0169595
175.9, -1.00093, -0.00228118, 0.130654, -0.0169623
175.973, -1.00109, -0.0022601, 0.129413, -0.016965
176.046, -1.00126, -0.00223902, 0.128171, -0.0169677
176.119, -1.00142, -0.00221793, 0.126929, -0.0169704
176.192, -1.00158, -0.00219684, 0.125686, -0.0169731
176.266, -1.00175, -0.00217575, 0.124444, -0.0169758
176.339, -1.0019, -0.00215466, 0.123201, -0.0169784
176.412, -1.00206, -0.00213356, 0.121959, -0.016981
176.485, -1.00222, -0.00211246, 0.120716, -0.0169835
176.558, -1.00237, -0.00209135, 0.119472, -0.0169861
176.632, -1.00253, -0.00207025, 0.118229, -0.0169886
176.705, -1.00268, -0.00204914, 0.116985, -0.0169911
176.778, -1.00283, -0.00202802, 0.115742, -0.0169935
176.851, -1.00298, -0.00200691, 0.114498, -0.016996
176.924, -1.00312, -0.00198579, 0.113254, -0.0169984
176.998, -1.00327, -0.00196467, 0.112009, -0.0170008
177.071, -1.00341, -0.00194355, 0.110765, -0.0170031
177.144, -1.00355, -0.00192242, 0.10952, -0.0170055
177.217, -1.0037, -0.00190129, 0.108275, -0.0170078
177.29, -1.00383, -0.00188016, 0.107031, -0.0170101
177.364, -1.00397, -0.00185902, 0.105785, -0.0170123
177.437, -1.00411, -0.00183789, 0.10454, -0.0170145
177.51, -1.00424, -0.00181675, 0.103295, -0.0170167
177.583, -1.00438, -0.00179561, 0.102049, -0.0170189
177.656, -1.00451, -0.00177446, 0.100803, -0.0170211
177.73, -1.00464, -0.00175332, 0.0995573, -0.0170232
177.803, -1.00477, -0.00173217, 0.0983112, -0.0170253
177.876, -1.00489, -0.00171102, 0.0970649, -0.0170273
177.949, -1.00502, -0.00168986, 0.0958185, -0.0170294
178.022, -1.00514, -0.00166871, 0.094572, -0.0170314
178.096, -1.00526, -0.00164755, 0.0933253, -0.0170334
178.169, -1.00538, -0.00162639, 0.0920784, -0.0170354
178.242, -1.0055, -0.00160523, 0.0908314, -0.0170373
178.315, -1.00562, -0.00158406, 0.0895843, -0.0170392
178.388, -1.00574, -0.00156289, 0.088337, -0.0170411
178.462, -1.00585, -0.00154172, 0.0870896, -0.017043
178.535, -1.00596, -0.00152055, 0.0858421, -0.0170448
178.608, -1.00608, -0.00149938, 0.0845944, -0.0170466
178.681, -1.00618, -0.00147821, 0.0833466, -0.0170484
178.754, -1.00629, -0.00145703, 0.0820987, -0.0170501
178.828, -1.0064, -0.00143585, 0.0808506, -0.0170519
178.901, -1.0065, -0.00141467, 0.0796024, -0.0170536
178.974, -1.00661, -0.00139349, 0.0783541, -0.0170552
179.047, -1.00671, -0.0013723, 0.0771056, -0.0170569
179.12, -1.00681, -0.00135112, 0.0758571, -0.0170585
179.194, -1.00691, -0.00132993, 0.0746084, -0.0170601
179.267, -1.00701, -0.00130874, 0.0733596, -0.0170617
179.34, -1.0071, -0.00128755, 0.0721107, -0.0170632
179.413, -1.0072, -0.00126635, 0.0708616, -0.0170647
179.486, -1.00729, -0.00124516, 0.0696125, -0.0170662
179.56, -1.00738, -0.00122396, 0.0683633, -0.0170677
179.633, -1.00747, -0.00120276, 0.0671139, -0.0170691
179.706, -1.00756, -0.00118156, 0.0658644, -0.0170705
179.779, -1.00765, -0.00116036, 0.0646149, -0.0170719
179.852, -1.00773, -0.00113916, 0.0633652, -0.0170733
179.926, -1.00781, -0.00111796, 0.0621154, -0.0170746
179.999, -1.0079, -0.00109675, 0.0608656, -0.0170759
180.072, -1.00798, -0.00107555, 0.0596156, -0.0170772
180.145, -1.00805, -0.00105434, 0.0583656, -0.0170785
180.218, -1.00813, -0.00103313, 0.0571154, -0.0170797
180.292, -1.00821, -0.00101192, 0.0558652, -0.0170809
180.365, -1.00828, -0.000990706, 0.0546149, -0.0170821
180.438, -1.00835, -0.000969493, 0.0533645, -0.0170832
180.511, -1.00842, -0.000948279, 0.052114, -0.0170843
180.584, -1.00849, -0.000927063, 0.0508634, -0.0170854
180.658, -1.00856, -0.000905847, 0.0496128, -0.0170865
180.731, -1.00863, -0.000884629, 0.048362, -0.0170875
180.804, -1.00869, -0.000863411, 0.0471112, -0.0170886
180.877, -1.00876, -0.000842191, 0.0458603, -0.0170896
180.95, -1.00882, -0.000820971, 0.0446094, -0.0170905
181.024, -1.00888, -0.000799749, 0.0433583, -0.0170915
181.097, -1.00894, -0.000778527, 0.0421073, -0.0170924
181.17, -1.00899, -0.000757304, 0.0408561, -0.0170933
181.243, -1.00905, -0.000736079, 0.0396049, -0.0170941
181.316, -1.0091, -0.000714854, 0.0383536, -0.017095
181.39, -1.00916, -0.000693629, 0.0371022, -0.0170958
181.463, -1.00921, -0.000672402, 0.0358508, -0.0170965
181.536, -1.00926, -0.000651175, 0.0345993, -0.0170973
181.609, -1.0093, -0.000629947, 0.0333478, -0.017098
181.682, -1.00935, -0.000608719, 0.0320963, -0.0170987
181.756, -1.00939, -0.000587489, 0.0308446, -0.0170994
181.829, -1.00944, -0.00056626, 0.0295929, -0.0171
181.902, -1.00948, -0.000545029, 0.0283412, -0.0171007
181.975, -1.00952, -0.000523799, 0.0270895, -0.0171013
182.048, -1.00956, -0.000502567, 0.0258376, -0.0171018
182.122, -1.00959, -0.000481335, 0.0245858, -0.0171024
182.195, -1.00963, -0.000460103, 0.0233339, -0.0171029
182.268, -1.00966, -0.000438871, 0.022082, -0.0171034
182.341, -1.00969, -0.000417638, 0.02083, -0.0171038
182.414, -1.00972, -0.000396404, 0.019578, -0.0171043
182.488, -1.00975, -0.000375171, 0.018326, -0.0171047
182.561, -1.00978, -0.000353937, 0.0170739, -0.0171051
182.634, -1.00981, -0.000332703, 0.0158218, -0.0171054
182.707, -1.00983, -0.000311469, 0.0145697, -0.0171058
182.78, -1.00985, -0.000290234, 0.0133175, -0.0171061
182.854, -1.00988, -0.000269, 0.0120654, -0.0171064
182.927, -1.00989, -0.000247765, 0.0108132, -0.0171066
183, -1.00991, -0.00022653, 0.00956099, -0.0171068
183.073, -1.00993, -0.000205295, 0.00830877, -0.017107
183.146, -1.00994, -0.000184061, 0.00705653, -0.0171072
183.22, -1.00996, -0.000162826, 0.00580428, -0.0171074
183.293, -1.00997, -0.000141591, 0.00455202, -0.0171075
183.366, -1.00998, -0.000120357, 0.00329976, -0.0171076
183.439, -1.00999, -9.91221e-05, 0.00204748, -0.0171077
183.512, -1.01, -7.78878e-05, 0.000795201, -0.0171077
183.586, -1.01, -5.66537e-05, -0.000457082, -0.0171077
183.659, -1.01001, -3.54199e-05, -0.00170937, -0.0171077
183.732, -1.01001, -1.41862e-05, -0.00296165, -0.0171077
183.805, -1.01001, 7.04708e-06, -0.00421393, -0.0171076
183.878, -1.01001, 2.82801e-05, -0.00546621, -0.0171075
183.952, -1.01001, 4.95127e-05, -0.00671848, -0.0171074
184.025, -1.01, 7.0745e-05, -0.00797074, -0.0171073
184.098, -1.01, 9.19768e-05, -0.00922299, -0.0171071
184.171, -1.00999, 0.000113208, -0.0104752, -0.0171069
184.244, -1.00998, 0.000134439, -0.0117275, -0.0171067
184.318, -1.00997, 0.000155669, -0.0129797, -0.0171064
184.391, -1.00996, 0.000176899, -0.0142319, -0.0171062
184.464, -1.00995, 0.000198128, -0.015484, -0.0171059
184.537, -1.00993, 0.000219357, -0.0167362, -0.0171055
184.61, -1.00992, 0.000240585, -0.0179883, -0.0171052
184.684, -1.0099, 0.000261812, -0.0192404, -0.0171048
184.757, -1.00988, 0.000283039, -0.0204925, -0.0171044
184.83, -1.00986, 0.000304265, -0.0217445, -0.017104
184.903, -1.00984, 0.00032549, -0.0229965, -0.0171035
184.976, -1.00982, 0.000346714, -0.0242485, -0.017103
185.05, -1.00979, 0.000367937, -0.0255004, -0.0171025
185.123, -1.00976, 0.00038916, -0.0267523, -0.017102
185.196, -1.00973, 0.000410381, -0.0280042, -0.0171014
185.269, -1.0097, 0.000431602, -0.029256, -0.0171008
185.342, -1.00967, 0.000452822, -0.0305078, -0.0171002
185.416, -1.00964, 0.00047404, -0.0317596, -0.0170996
185.489, -1.0096, 0.000495258, -0.0330112, -0.0170989
185.562, -1.00957, 0.000516475, -0.0342629, -0.0170982
185.635, -1.00953, 0.00053769, -0.0355145, -0.0170975
185.708, -1.00949, 0.000558904, -0.036766, -0.0170968
185.782, -1.00945, 0.000580118, -0.0380175, -0.017096
185.855, -1.00941, 0.00060133, -0.0392689, -0.0170952
185.928, -1.00936, 0.00062254, -0.0405203, -0.0170944
186.001, -1.00932, 0.00064375, -0.0417716, -0.0170935
186.074, -1.00927, 0.000664958, -0.0430228, -0.0170926
186.148, -1.00922, 0.000686165, -0.044274, -0.0170917
186.221, -1.00917, 0.00070737, -0.0455251, -0.0170908
186.294, -1.00912, 0.000728574, -0.0467762, -0.0170898
186.367, -1.00907, 0.000749777, -0.0480272, -0.0170889
186.44, -1.00901, 0.000770978, -0.0492781, -0.0170878
186.514, -1.00896, 0.000792178, -0.0505289, -0.0170868
186.587, -1.0089, 0.000813376, -0.0517796, -0.0170857
186.66, -1.00884, 0.000834572, -0.0530303, -0.0170847
186.733, -1.00878, 0.000855767, -0.0542809, -0.0170835
186.806, -1.00871, 0.000876961, -0.0555314, -0.0170824
186.88, -1.00865, 0.000898152, -0.0567819, -0.0170812
186.953, -1.00858, 0.000919342, -0.0580322, -0.01708
187.026, -1.00852, 0.000940531, -0.0592825, -0.0170788
187.099, -1.00845, 0.000961717, -0.0605326, -0.0170776
187.172, -1.00838, 0.000982902, -0.0617827, -0.0170763
187.246, -1.00831, 0.00100408, -0.0630327, -0.017075
187.319, -1.00823, 0.00102527, -0.0642826, -0.0170737
187.392, -1.00816, 0.00104645, -0.0655324, -0.0170723
187.465, -1.00808, 0.00106762, -0.0667821, -0.017071
187.538, -1.008, 0.0010888, -0.0680317, -0.0170696
187.612, -1.00792, 0.00110997, -0.0692812, -0.0170681
187.685, -1.00784, 0.00113114, -0.0705306, -0.0170667
187.758, -1.00776, 0.00115231, -0.0717798, -0.0170652
187.831, -1.00768, 0.00117348, -0.073029, -0.0170637
187.904, -1.00759, 0.00119464, -0.0742781, -0.0170621
187.978, -1.0075, 0.00121581, -0.075527, -0.0170606
188.051, -1.00741, 0.00123697, -0.0767759, -0.017059
188.124, -1.00732, 0.00125813, -0.0780246, -0.0170574
188.197, -1.00723, 0.00127928, -0.0792732, -0.0170558
188.27, -1.00714, 0.00130044, -0.0805217, -0.0170541
188.344, -1.00704, 0.00132159, -0.08177, -0.0170524
188.417, -1.00694, 0.00134274, -0.0830182, -0.0170507
188.49, -1.00685, 0.00136388, -0.0842664, -0.0170489
188.563, -1.00675, 0.00138503, -0.0855143, -0.0170472
188.636, -1.00664, 0.00140617, -0.0867622, -0.0170454
188.71, -1.00654, 0.00142731, -0.0880099, -0.0170435
188.783, -1.00644, 0.00144845, -0.0892575, -0.0170417
188.856, -1.00633, 0.00146958, -0.090505, -0.0170398
188.929, -1.00622, 0.00149072, -0.0917523, -0.0170379
189.002, -1.00611, 0.00151185, -0.0929994, -0.017036
189.076, -1.006, 0.00153297, -0.0942465, -0.017034
189.149, -1.00589, 0.0015541, -0.0954934, -0.0170321
189.222, -1.00578, 0.00157522, -0.0967401, -0.0170301
189.295, -1.00566, 0.00159634, -0.0979867, -0.017028
189.368, -1.00555, 0.00161745, -0.0992332, -0.017026
189.442, -1.00543, 0.00163857, -0.100479, -0.0170239
189.515, -1.00531, 0.00165968, -0.101726, -0.0170218
189.588, -1.00519, 0.00168078, -0.102972, -0.0170196
189.661, -1.00506, 0.00170189, -0.104217, -0.0170175
189.734, -1.00494, 0.00172299, -0.105463, -0.0170153
189.808, -1.00481, 0.00174409, -0.106709, -0.0170131
189.881, -1.00468, 0.00176519, -0.107954, -0.0170108
189.954, -1.00456, 0.00178628, -0.109199, -0.0170086
190.027, -1.00442, 0.00180737, -0.110444, -0.0170063
190.1, -1.00429, 0.00182846, -0.111689, -0.017004
190.174, -1.00416, 0.00184954, -0.112934, -0.0170016
190.247, -1.00402, 0.00187062, -0.114178, -0.0169992
190.32, -1.00389, 0.0018917, -0.115423, -0.0169968
190.393, -1.00375, 0.00191277, -0.116667, -0.0169944
190.466, -1.00361, 0.00193384, -0.117911, -0.016992
190.54, -1.00347, 0.00195491, -0.119155, -0.0169895
190.613, -1.00332, 0.00197597, -0.120398, -0.016987
190.686, -1.00318, 0.00199703, -0.121642, -0.0169845
190.759, -1.00303, 0.00201809, -0.122885, -0.0169819
190.832, -1.00288, 0.00203915, -0.124128, -0.0169793
190.906, -1.00274, 0.0020602, -0.125371, -0.0169767
190.979, -1.00258, 0.00208124, -0.126614, -0.0169741
191.052, -1.00243, 0.00210229, -0.127856, -0.0169714
191.125, -1.00228, 0.00212333, -0.129098, -0.0169688
191.198, -1.00212, 0.00214437, -0.130341, -0.0169661
191.272, -1.00197, 0.0021654, -0.131582, -0.0169633
191.345, -1.00181, 0.00218643, -0.132824, -0.0169606
191.418, -1.00165, 0.00220745, -0.134066, -0.0169578
191.491, -1.00149, 0.00222848, -0.135307, -0.016955
191.564, -1.00132, 0.00224949, -0.136548, -0.0169521
191.638, -1.00116, 0.00227051, -0.137789, -0.0169492
191.711, -1.00099, 0.00229152, -0.13903, -0.0169464
191.784, -1.00082, 0.00231253, -0.14027, -0.0169434
191.857, -1.00065, 0.00233353, -0.14151, -0.0169405
191.93, -1.00048, 0.00235453, -0.14275, -0.0169375
192.004, -1.00031, 0.00237553, -0.14399, -0.0169345
192.077, -1.00014, 0.00239652, -0.14523, -0.0169315
192.15, -0.999962, 0.0024175, -0.146469, -0.0169285
192.223, -0.999785, 0.00243849, -0.147708, -0.0169254
192.296, -0.999607, 0.00245947, -0.148947, -0.0169223
192.37, -0.999427, 0.00248044, -0.150186, -0.0169192
192.443, -0.999245, 0.00250141, -0.151425, -0.016916
192.516, -0.999062, 0.00252238, -0.152663, -0.0169128
192.589, -0.998878, 0.00254334, -0.153901, -0.0169096
192.662, -0.998691, 0.0025643, -0.155139, -0.0169064
192.736, -0.998504, 0.00258526, -0.156376, -0.0169031
192.809, -0.998314, 0.00260621, -0.157613, -0.0168999
192.882, -0.998124, 0.00262715, -0.158851, -0.0168966
192.955, -0.997931, 0.00264809, -0.160087, -0.0168932
193.028, -0.997738, 0.00266903, -0.161324, -0.0168899
193.102, -0.997542, 0.00268997, -0.16256, -0.0168865
193.175, -0.997345, 0.00271089, -0.163796, -0.0168831
193.248, -0.997147, 0.00273182, -0.165032, -0.0168796
193.321, -0.996947, 0.00275274, -0.166268, -0.0168762
193.394, -0.996745, 0.00277365, -0.167503, -0.0168727
193.468, -0.996542, 0.00279456, -0.168738, -0.0168692
193.541, -0.996338, 0.00281547, -0.169973, -0.0168656
193.614, -0.996132, 0.00283637, -0.171208, -0.0168621
193.687, -0.995924, 0.00285727, -0.172442, -0.0168585
193.76, -0.995715, 0.00287816, -0.173676, -0.0168549
193.834, -0.995504, 0.00289905, -0.17491, -0.0168512
193.907, -0.995292, 0.00291993, -0.176143, -0.0168475
193.98, -0.995078, 0.00294081, -0.177376, -0.0168438
194.053, -0.994863, 0.00296168, -0.178609, -0.0168401
194.126, -0.994646, 0.00298255, -0.179842, -0.0168364
194.2, -0.994428, 0.00300341, -0.181075, -0.0168326
194.273, -0.994208, 0.00302427, -0.182307, -0.0168288
194.346, -0.993987, 0.00304512, -0.183539, -0.016825
194.419, -0.993764, 0.00306597, -0.18477, -0.0168211
194.492, -0.993539, 0.00308681, -0.186001, -0.0168173
194.566, -0.993313, 0.00310765, -0.187233, -0.0168134
194.639, -0.993086, 0.00312848, -0.188463, -0.0168094
194.712, -0.992857, 0.00314931, -0.189694, -0.0168055
194.785, -0.992626, 0.00317014, -0.190924, -0.0168015
194.858, -0.992394, 0.00319095, -0.192154, -0.0167975
194.932, -0.992161, 0.00321177, -0.193383, -0.0167935
195.005, -0.991926, 0.00323257, -0.194613, -0.0167894
195.078, -0.991689, 0.00325338, -0.195842, -0.0167853
195.151, -0.991451, 0.00327417, -0.19707, -0.0167812
195.224, -0.991211, 0.00329496, -0.198299, -0.0167771
195.298, -0.99097, 0.00331575, -0.199527, -0.0167729
195.371, -0.990727, 0.00333653, -0.200755, -0.0167687
195.444, -0.990483, 0.00335731, -0.201982, -0.0167645
195.517, -0.990237, 0.00337808, -0.203209, -0.0167603
195.59, -0.98999, 0.00339884, -0.204436, -0.016756
195.664, -0.989741, 0.0034196, -0.205663, -0.0167518
195.737, -0.989491, 0.00344035, -0.206889, -0.0167474
195.81, -0.989239, 0.0034611, -0.208115, -0.0167431
195.883, -0.988986, 0.00348185, -0.20934, -0.0167387
195.956, -0.988731, 0.00350258, -0.210566, -0.0167344
196.03, -0.988474, 0.00352331, -0.211791, -0.0167299
196.103, -0.988217, 0.00354404, -0.213015, -0.0167255
196.176, -0.987957, 0.00356476, -0.214239, -0.016721
196.249, -0.987696, 0.00358547, -0.215463, -0.0167165
196.322, -0.987434, 0.00360618, -0.216687, -0.016712
196.396, -0.98717, 0.00362688, -0.21791, -0.0167075
196.469, -0.986904, 0.00364758, -0.219133, -0.0167029
196.542, -0.986637, 0.00366827, -0.220356, -0.0166983
196.615, -0.986369, 0.00368895, -0.221578, -0.0166937
196.688, -0.986099, 0.00370963, -0.2228, -0.016689
196.762, -0.985827, 0.00373031, -0.224022, -0.0166844
196.835, -0.985554, 0.00375097, -0.225243, -0.0166797
196.908, -0.98528, 0.00377163, -0.226464, -0.016675
196.981, -0.985003, 0.00379229, -0.227685, -0.0166702
197.054, -0.984726, 0.00381294, -0.228905, -0.0166654
197.128, -0.984447, 0.00383358, -0.230125, -0.0166606
197.201, -0.984166, 0.00385422, -0.231345, -0.0166558
197.274, -0.983884, 0.00387485, -0.232564, -0.016651
197.347, -0.9836, 0.00389547, -0.233783, -0.0166461
197.42, -0.983315, 0.00391609, -0.235001, -0.0166412
197.494, -0.983029, 0.0039367, -0.236219, -0.0166363
197.567, -0.98274, 0.0039573, -0.237437, -0.0166313
197.64, -0.982451, 0.0039779, -0.238654, -0.0166263
197.713, -0.98216, 0.00399849, -0.239871, -0.0166213
197.786, -0.981867, 0.00401908, -0.241088, -0.0166163
197.86, -0.981573, 0.00403966, -0.242304, -0.0166113
197.933, -0.981277, 0.00406023, -0.24352, -0.0166062
198.006, -0.98098, 0.0040808, -0.244736, -0.0166011
198.079, -0.980681, 0.00410136, -0.245951, -0.0165959
198.152, -0.980381, 0.00412191, -0.247166, -0.0165908
198.226, -0.980079, 0.00414246, -0.24838, -0.0165856
198.299, -0.979776, 0.004163, -0.249595, -0.0165804
198.372, -0.979471, 0.00418353, -0.250808, -0.0165752
198.445, -0.979165, 0.00420406, -0.252022, -0.0165699
198.518, -0.978857, 0.00422458, -0.253234, -0.0165646
198.592, -0.978548, 0.00424509, -0.254447, -0.0165593
198.665, -0.978237, 0.0042656, -0.255659, -0.016554
198.738, -0.977925, 0.0042861, -0.256871, -0.0165486
198.811, -0.977611, 0.00430659, -0.258082, -0.0165433
198.884, -0.977296, 0.00432708, -0.259293, -0.0165378
198.958, -0.976979, 0.00434755, -0.260504, -0.0165324
199.031, -0.976661, 0.00436803, -0.261714, -0.016527
199.104, -0.976341, 0.00438849, -0.262924, -0.0165215
199.177, -0.97602, 0.00440895, -0.264133, -0.016516
199.25, -0.975697, 0.0044294, -0.265342, -0.0165104
199.324, -0.975373, 0.00444984, -0.266551, -0.0165049
199.397, -0.975047, 0.00447028, -0.267759, -0.0164993
199.47, -0.97472, 0.00449071, -0.268967, -0.0164937
199.543, -0.974391, 0.00451113, -0.270174, -0.016488
199.616, -0.974061, 0.00453155, -0.271381, -0.0164824
199.69, -0.973729, 0.00455196, -0.272587, -0.0164767
199.763, -0.973396, 0.00457236, -0.273793, -0.016471
199.836, -0.973062, 0.00459275, -0.274999, -0.0164652
199.909, -0.972725, 0.00461314, -0.276204, -0.0164595
199.982, -0.972388, 0.00463352, -0.277409, -0.0164537
200.056, -0.972048, 0.00465389, -0.278614, -0.0164479
200.129, -0.971708, 0.00467425, -0.279818, -0.016442
200.202, -0.971366, 0.00469461, -0.281021, -0.0164362
200.275, -0.971022, 0.00471496, -0.282224, -0.0164303
200.348, -0.970677, 0.0047353, -0.283427, -0.0164244
200.422, -0.97033, 0.00475563, -0.284629, -0.0164184
200.495, -0.969982, 0.00477596, -0.285831, -0.0164125
200.568, -0.969633, 0.00479628, -0.287032, -0.0164065
200.641, -0.969281, 0.00481659, -0.288233, -0.0164005
200.714, -0.968929, 0.00483689, -0.289434, -0.0163944
200.788, -0.968575, 0.00485719, -0.290634, -0.0163884
200.861, -0.968219, 0.00487748, -0.291834, -0.0163823
200.934, -0.967862, 0.00489776, -0.293033, -0.0163762
201.007, -0.967504, 0.00491803, -0.294232, -0.01637
201.08, -0.967144, 0.0049383, -0.29543, -0.0163639
201.154, -0.966782, 0.00495855, -0.296628, -0.0163577
201.227, -0.966419, 0.0049788, -0.297825, -0.0163515
201.3, -0.966055, 0.00499904, -0.299022, -0.0163452
201.373, -0.965689, 0.00501928, -0.300218, -0.016339
201.446, -0.965321, 0.0050395, -0.301414, -0.0163327
201.52, -0.964953, 0.00505972, -0.30261, -0.0163264
201.593, -0.964582, 0.00507993, -0.303805, -0.01632
201.666, -0.96421, 0.00510013, -0.305, -0.0163137
201.739, -0.963837, 0.00512032, -0.306194, -0.0163073
201.812, -0.963462, 0.00514051, -0.307388, -0.0163009
201.886, -0.963086, 0.00516069, -0.308581, -0.0162944
201.959, -0.962708, 0.00518085, -0.309774, -0.016288
202.032, -0.962329, 0.00520102, -0.310966, -0.0162815
202.105, -0.961948, 0.00522117, -0.312158, -0.016275
202.178, -0.961566, 0.00524131, -0.313349, -0.0162684
202.252, -0.961182, 0.00526145, -0.31454, -0.0162619
202.325, -0.960797, 0.00528158, -0.31573, -0.0162553
202.398, -0.960411, 0.00530169, -0.31692, -0.0162487
202.471, -0.960023, 0.0053218, -0.318109, -0.0162421
202.544, -0.959633, 0.00534191, -0.319298, -0.0162354
202.618, -0.959242, 0.005362, -0.320487, -0.0162287
202.691, -0.958849, 0.00538209, -0.321675, -0.016222
202.764, -0.958455, 0.00540216, -0.322862, -0.0162153
202.837, -0.95806, 0.00542223, -0.324049, -0.0162085
202.91, -0.957663, 0.00544229, -0.325236, -0.0162017
202.984, -0.957265, 0.00546234, -0.326422, -0.0161949
203.057, -0.956865, 0.00548239, -0.327607, -0.0161881
203.13, -0.956464, 0.00550242, -0.328792, -0.0161812
203.203, -0.956061, 0.00552244, -0.329976, -0.0161743
203.276, -0.955657, 0.00554246, -0.33116, -0.0161674
203.35, -0.955251, 0.00556247, -0.332344, -0.0161605
203.423, -0.954844, 0.00558247, -0.333527, -0.0161535
203.496, -0.954435, 0.00560246, -0.334709, -0.0161465
203.569, -0.954025, 0.00562244, -0.335891, -0.0161395
203.642, -0.953613, 0.00564241, -0.337073, -0.0161325
203.716, -0.9532, 0.00566237, -0.338254, -0.0161254
203.789, -0.952786, 0.00568233, -0.339434, -0.0161184
203.862, -0.95237, 0.00570227, -0.340614, -0.0161113
203.935, -0.951953, 0.00572221, -0.341793, -0.0161041
204.008, -0.951534, 0.00574214, -0.342972, -0.016097
204.082, -0.951113, 0.00576206, -0.34415, -0.0160898
204.155, -0.950692, 0.00578197, -0.345328, -0.0160826
204.228, -0.950268, 0.00580187, -0.346505, -0.0160754
204.301, -0.949844, 0.00582176, -0.347682, -0.0160681
204.374, -0.949417, 0.00584164, -0.348858, -0.0160608
204.448, -0.94899, 0.00586151, -0.350034, -0.0160535
204.521, -0.948561, 0.00588138, -0.351209, -0.0160462
204.594, -0.94813, 0.00590123, -0.352384, -0.0160389
204.667, -0.947698, 0.00592107, -0.353558, -0.0160315
204.74, -0.947265, 0.00594091, -0.354731, -0.0160241
204.814, -0.94683, 0.00596074, -0.355904, -0.0160167
204.887, -0.946394, 0.00598055, -0.357076, -0.0160092
204.96, -0.945956, 0.00600036, -0.358248, -0.0160017
205.033, -0.945517, 0.00602016, -0.35942, -0.0159942
205.106, -0.945076, 0.00603995, -0.36059, -0.0159867
205.18, -0.944634, 0.00605973, -0.361761, -0.0159792
205.253, -0.94419, 0.0060795, -0.36293, -0.0159716
205.326, -0.943745, 0.00609925, -0.364099, -0.015964
205.399, -0.943299, 0.00611901, -0.365268, -0.0159564
205.472, -0.942851, 0.00613875, -0.366436, -0.0159487
205.546, -0.942402, 0.00615848, -0.367603, -0.0159411
205.619, -0.941951, 0.0061782, -0.36877, -0.0159334
205.692, -0.941499, 0.00619791, -0.369937, -0.0159257
205.765, -0.941045, 0.00621761, -0.371102, -0.0159179
205.838, -0.94059, 0.0062373, -0.372268, -0.0159101
205.912, -0.940133, 0.00625699, -0.373432, -0.0159024
205.985, -0.939675, 0.00627666, -0.374596, -0.0158945
206.058, -0.939216, 0.00629632, -0.37576, -0.0158867
206.131, -0.938755, 0.00631597, -0.376923, -0.0158788
206.204, -0.938292, 0.00633562, -0.378085, -0.015871
206.278, -0.937829, 0.00635525, -0.379247, -0.015863
206.351, -0.937363, 0.00637487, -0.380408, -0.0158551
206.424, -0.936897, 0.00639448, -0.381569, -0.0158472
206.497, -0.936429, 0.00641409, -0.382729, -0.0158392
206.57, -0.935959, 0.00643368, -0.383888, -0.0158312
206.644, -0.935488, 0.00645326, -0.385047, -0.0158231
206.717, -0.935016, 0.00647283, -0.386205, -0.0158151
206.79, -0.934542, 0.0064924, -0.387363, -0.015807
206.863, -0.934067, 0.00651195, -0.38852, -0.0157989
206.936, -0.93359, 0.00653149, -0.389676, -0.0157908
207.01, -0.933112, 0.00655102, -0.390832, -0.0157826
207.083, -0.932633, 0.00657054, -0.391987, -0.0157744
207.156, -0.932152, 0.00659005, -0.393142, -0.0157662
207.229, -0.931669, 0.00660956, -0.394296, -0.015758
207.302, -0.931185, 0.00662905, -0.39545, -0.0157498
207.376, -0.9307, 0.00664853, -0.396603, -0.0157415
207.449, -0.930213, 0.006668, -0.397755, -0.0157332
207.522, -0.929725, 0.00668745, -0.398907, -0.0157249
207.595, -0.929236, 0.0067069, -0.400058, -0.0157165
207.668, -0.928745, 0.00672634, -0.401208, -0.0157082
207.742, -0.928253, 0.00674577, -0.402358, -0.0156998
207.815, -0.927759, 0.00676519, -0.403507, -0.0156913
207.888, -0.927264, 0.00678459, -0.404656, -0.0156829
207.961, -0.926767, 0.00680399, -0.405804, -0.0156744
208.034, -0.926269, 0.00682337, -0.406951, -0.015666
208.108, -0.925769, 0.00684275, -0.408098, -0.0156574
208.181, -0.925269, 0.00686211, -0.409244, -0.0156489
208.254, -0.924766, 0.00688146, -0.410389, -0.0156403
208.327, -0.924262, 0.00690081, -0.411534, -0.0156318
208.4, -0.923757, 0.00692014, -0.412679, -0.0156232
208.474, -0.923251, 0.00693946, -0.413822, -0.0156145
208.547, -0.922743, 0.00695877, -0.414965, -0.0156059
208.62, -0.922233, 0.00697806, -0.416108, -0.0155972
208.693, -0.921723, 0.00699735, -0.417249, -0.0155885
208.766, -0.92121, 0.00701663, -0.41839, -0.0155798
208.84, -0.920697, 0.0070359, -0.419531, -0.015571
208.913, -0.920182, 0.00705515, -0.420671, -0.0155622
208.986, -0.919665, 0.00707439, -0.42181, -0.0155534
209.059, -0.919148, 0.00709363, -0.422948, -0.0155446
209.132, -0.918628, 0.00711285, -0.424086, -0.0155358
209.206, -0.918108, 0.00713206, -0.425223, -0.0155269
209.279, -0.917586, 0.00715126, -0.42636, -0.015518
209.352, -0.917062, 0.00717045, -0.427496, -0.0155091
209.425, -0.916537, 0.00718962, -0.428631, -0.0155002
209.498, -0.916011, 0.00720879, -0.429766, -0.0154912
209.572, -0.915483, 0.00722794, -0.4309, -0.0154822
209.645, -0.914954, 0.00724709, -0.432033, -0.0154732
209.718, -0.914424, 0.00726622, -0.433166, -0.0154642
209.791, -0.913892, 0.00728534, -0.434298, -0.0154551
209.864, -0.913358, 0.00730445, -0.435429, -0.015446
209.938, -0.912824, 0.00732354, -0.436559, -0.0154369
210.011, -0.912288, 0.00734263, -0.437689, -0.0154278
210.084, -0.91175, 0.00736171, -0.438819, -0.0154186
210.157, -0.911211, 0.00738077, -0.439947, -0.0154095
210.23, -0.910671, 0.00739982, -0.441075, -0.0154003
210.304, -0.910129, 0.00741886, -0.442203, -0.015391
210.377, -0.909586, 0.00743789, -0.443329, -0.0153818
210.45, -0.909042, 0.00745691, -0.444455, -0.0153725
210.523, -0.908496, 0.00747591, -0.445581, -0.0153632
210.596, -0.907949, 0.0074949, -0.446705, -0.0153539
210.67, -0.9074, 0.00751389, -0.447829, -0.0153446
210.743, -0.90685, 0.00753286, -0.448952, -0.0153352
210.816, -0.906299, 0.00755181, -0.450075, -0.0153258
210.889, -0.905746, 0.00757076, -0.451197, -0.0153164
210.962, -0.905192, 0.0075897, -0.452318, -0.015307
211.036, -0.904636, 0.00760862, -0.453438, -0.0152975
211.109, -0.904079, 0.00762753, -0.454558, -0.0152881
211.182, -0.903521, 0.00764643, -0.455677, -0.0152786
211.255, -0.902961, 0.00766532, -0.456796, -0.015269
211.328, -0.9024, 0.00768419, -0.457913, -0.0152595
211.402, -0.901838, 0.00770305, -0.45903, -0.0152499
211.475, -0.901274, 0.00772191, -0.460147, -0.0152403
211.548, -0.900709, 0.00774075, -0.461262, -0.0152307
211.621, -0.900142, 0.00775957, -0.462377, -0.0152211
211.694, -0.899574, 0.00777839, -0.463491, -0.0152114
211.768, -0.899005, 0.00779719, -0.464605, -0.0152017
211.841, -0.898434, 0.00781598, -0.465717, -0.015192
211.914, -0.897862, 0.00783476, -0.466829, -0.0151823
211.987, -0.897288, 0.00785353, -0.467941, -0.0151725
212.06, -0.896713, 0.00787228, -0.469051, -0.0151627
212.134, -0.896137, 0.00789102, -0.470161, -0.0151529
212.207, -0.895559, 0.00790975, -0.471271, -0.0151431
212.28, -0.89498, 0.00792847, -0.472379, -0.0151332
212.353, -0.8944, 0.00794717, -0.473487, -0.0151234
212.426, -0.893818, 0.00796587, -0.474594, -0.0151135
212.5, -0.893235, 0.00798455, -0.4757, -0.0151036
212.573, -0.892651, 0.00800321, -0.476806, -0.0150936
212.646, -0.892065, 0.00802187, -0.477911, -0.0150837
212.719, -0.891478, 0.00804051, -0.479015, -0.0150737
212.792, -0.890889, 0.00805914, -0.480118, -0.0150637
212.866, -0.890299, 0.00807776, -0.481221, -0.0150536
212.939, -0.889708, 0.00809636, -0.482323, -0.0150436
213.012, -0.889115, 0.00811496, -0.483424, -0.0150335
213.085, -0.888521, 0.00813354, -0.484524, -0.0150234
213.158, -0.887926, 0.0081521, -0.485624, -0.0150133
213.232, -0.887329, 0.00817066, -0.486723, -0.0150031
213.305, -0.886731, 0.0081892, -0.487821, -0.0149929
213.378, -0.886132, 0.00820773, -0.488919, -0.0149827
213.451, -0.885531, 0.00822624, -0.490015, -0.0149725
213.524, -0.884929, 0.00824475, -0.491111, -0.0149623
213.598, -0.884325, 0.00826324, -0.492207, -0.014952
213.671, -0.88372, 0.00828172, -0.493301, -0.0149417
213.744, -0.883114, 0.00830018, -0.494395, -0.0149314
213.817, -0.882506, 0.00831863, -0.495488, -0.0149211
213.89, -0.881898, 0.00833707, -0.49658, -0.0149108
213.964, -0.881287, 0.0083555, -0.497672, -0.0149004
214.037, -0.880676, 0.00837391, -0.498762, -0.01489
214.11, -0.880063, 0.00839231, -0.499852, -0.0148796
214.183, -0.879448, 0.0084107, -0.500941, -0.0148691
214.256, -0.878833, 0.00842907, -0.50203, -0.0148587
214.33, -0.878216, 0.00844743, -0.503117, -0.0148482
214.403, -0.877597, 0.00846578, -0.504204, -0.0148377
214.476, -0.876978, 0.00848411, -0.50529, -0.0148271
214.549, -0.876357, 0.00850243, -0.506376, -0.0148166
214.622, -0.875734, 0.00852074, -0.50746, -0.014806
214.696, -0.87511, 0.00853904, -0.508544, -0.0147954
214.769, -0.874485, 0.00855732, -0.509627, -0.0147848
214.842, -0.873859, 0.00857559, -0.510709, -0.0147741
214.915, -0.873231, 0.00859384, -0.511791, -0.0147634
214.988, -0.872602, 0.00861208, -0.512872, -0.0147528
215.062, -0.871972, 0.00863031, -0.513951, -0.014742
215.135, -0.87134, 0.00864852, -0.515031, -0.0147313
215.208, -0.870707, 0.00866673, -0.516109, -0.0147205
215.281, -0.870073, 0.00868491, -0.517186, -0.0147098
215.354, -0.869437, 0.00870309, -0.518263, -0.014699
215.428, -0.8688, 0.00872125, -0.519339, -0.0146881
215.501, -0.868161, 0.0087394, -0.520414, -0.0146773
215.574, -0.867522, 0.00875753, -0.521489, -0.0146664
215.647, -0.866881, 0.00877565, -0.522562, -0.0146555
215.72, -0.866238, 0.00879376, -0.523635, -0.0146446
215.794, -0.865595, 0.00881185, -0.524707, -0.0146337
215.867, -0.86495, 0.00882993, -0.525778, -0.0146227
215.94, -0.864303, 0.00884799, -0.526849, -0.0146117
216.013, -0.863655, 0.00886604, -0.527918, -0.0146007
216.086, -0.863006, 0.00888408, -0.528987, -0.0145897
216.16, -0.862356, 0.00890211, -0.530055, -0.0145787
216.233, -0.861705, 0.00892012, -0.531122, -0.0145676
216.306, -0.861052, 0.00893811, -0.532188, -0.0145565
216.379, -0.860397, 0.0089561, -0.533254, -0.0145454
216.452, -0.859742, 0.00897406, -0.534319, -0.0145342
216.526, -0.859085, 0.00899202, -0.535383, -0.0145231
216.599, -0.858427, 0.00900996, -0.536446, -0.0145119
216.672, -0.857767, 0.00902789, -0.537508, -0.0145007
216.745, -0.857106, 0.0090458, -0.538569, -0.0144895
216.818, -0.856444, 0.0090637, -0.53963, -0.0144782
216.892, -0.855781, 0.00908158, -0.54069, -0.014467
216.965, -0.855116, 0.00909945, -0.541749, -0.0144557
217.038, -0.85445, 0.00911731, -0.542807, -0.0144444
217.111, -0.853782, 0.00913515, -0.543864, -0.014433
217.184, -0.853114, 0.00915298, -0.544921, -0.0144217
217.258, -0.852444, 0.00917079, -0.545977, -0.0144103
217.331, -0.851772, 0.00918859, -0.547031, -0.0143989
217.404, -0.8511, 0.00920638, -0.548085, -0.0143875
217.477, -0.850426, 0.00922415, -0.549139, -0.014376
217.55, -0.849751, 0.00924191, -0.550191, -0.0143646
217.624, -0.849074, 0.00925965, -0.551242, -0.0143531
217.697, -0.848396, 0.00927738, -0.552293, -0.0143416
217.77, -0.847717, 0.00929509, -0.553343, -0.01433
217.843, -0.847037, 0.00931279, -0.554392, -0.0143185
217.916, -0.846355, 0.00933048, -0.55544, -0.0143069
217.99, -0.845672, 0.00934815, -0.556487, -0.0142953
218.063, -0.844988, 0.0093658, -0.557534, -0.0142837
218.136, -0.844302, 0.00938344, -0.558579, -0.014272
218.209, -0.843615, 0.00940107, -0.559624, -0.0142604
218.282, -0.842927, 0.00941868, -0.560668, -0.0142487
218.356, -0.842238, 0.00943628, -0.561711, -0.014237
218.429, -0.841547, 0.00945386, -0.562753, -0.0142253
218.502, -0.840855, 0.00947143, -0.563794, -0.0142135
218.575, -0.840162, 0.00948899, -0.564835, -0.0142017
218.648, -0.839467, 0.00950653, -0.565874, -0.01419
218.722, -0.838771, 0.00952405, -0.566913, -0.0141781
218.795, -0.838074, 0.00954156, -0.567951, -0.0141663
218.868, -0.837376, 0.00955905, -0.568988, -0.0141545
218.941, -0.836676, 0.00957653, -0.570024, -0.0141426
219.014, -0.835975, 0.009594, -0.571059, -0.0141307
219.088, -0.835273, 0.00961145, -0.572093, -0.0141188
219.161, -0.834569, 0.00962889, -0.573127, -0.0141068
219.234, -0.833864, 0.00964631, -0.574159, -0.0140948
219.307, -0.833158, 0.00966371, -0.575191, -0.0140829
219.38, -0.832451, 0.0096811, -0.576222, -0.0140709
219.454, -0.831742, 0.00969848, -0.577252, -0.0140588
219.527, -0.831032, 0.00971584, -0.578281, -0.0140468
219.6, -0.830321, 0.00973318, -0.579309, -0.0140347
219.673, -0.829609, 0.00975052, -0.580337, -0.0140226
219.746, -0.828895, 0.00976783, -0.581363, -0.0140105
219.82, -0.82818, 0.00978513, -0.582389, -0.0139984
219.893, -0.827464, 0.00980242, -0.583413, -0.0139862
219.966, -0.826746, 0.00981969, -0.584437, -0.013974
220.039, -0.826027, 0.00983694, -0.58546, -0.0139618
220.112, -0.825307, 0.00985418, -0.586482, -0.0139496
220.186, -0.824586, 0.00987141, -0.587503, -0.0139374
220.259, -0.823863, 0.00988861, -0.588523, -0.0139251
220.332, -0.823139, 0.00990581, -0.589543, -0.0139128
220.405, -0.822414, 0.00992299, -0.590561, -0.0139005
220.478, -0.821688, 0.00994015, -0.591579, -0.0138882
220.552, -0.82096, 0.0099573, -0.592595, -0.0138759
220.625, -0.820231, 0.00997443, -0.593611, -0.0138635
220.698, -0.819501, 0.00999155, -0.594626, -0.0138511
220.771, -0.81877, 0.0100086, -0.59564, -0.0138387
220.844, -0.818037, 0.0100257, -0.596653, -0.0138263
220.918, -0.817303, 0.0100428, -0.597665, -0.0138138
220.991, -0.816568, 0.0100599, -0.598676, -0.0138014
221.064, -0.815832, 0.0100769, -0.599686, -0.0137889
221.137, -0.815094, 0.0100939, -0.600696, -0.0137763
221.21, -0.814355, 0.0101109, -0.601704, -0.0137638
221.284, -0.813615, 0.0101279, -0.602712, -0.0137513
221.357, -0.812874, 0.0101449, -0.603718, -0.0137387
221.43, -0.812131, 0.0101619, -0.604724, -0.0137261
221.503, -0.811387, 0.0101788, -0.605729, -0.0137135
221.576, -0.810642, 0.0101957, -0.606732, -0.0137008
221.65, -0.809896, 0.0102127, -0.607735, -0.0136882
221.723, -0.809148, 0.0102296, -0.608737, -0.0136755
221.796, -0.8084, 0.0102464, -0.609738, -0.0136628
221.869, -0.80765, 0.0102633, -0.610738, -0.0136501
221.942, -0.806898, 0.0102802, -0.611738, -0.0136373
222.016, -0.806146, 0.010297, -0.612736, -0.0136246
222.089, -0.805392, 0.0103138, -0.613733, -0.0136118
222.162, -0.804637, 0.0103306, -0.61473, -0.013599
222.235, -0.803881, 0.0103474, -0.615725, -0.0135861
222.308, -0.803123, 0.0103642, -0.61672, -0.0135733
222.382, -0.802365, 0.0103809, -0.617713, -0.0135604
222.455, -0.801605, 0.0103977, -0.618706, -0.0135475
222.528, -0.800844, 0.0104144, -0.619697, -0.0135346
222.601, -0.800082, 0.0104311, -0.620688, -0.0135217
222.674, -0.799318, 0.0104478, -0.621678, -0.0135088
222.748, -0.798553, 0.0104645, -0.622667, -0.0134958
222.821, -0.797787, 0.0104811, -0.623655, -0.0134828
222.894, -0.79702, 0.0104978, -0.624642, -0.0134698
222.967, -0.796252, 0.0105144, -0.625628, -0.0134568
223.04, -0.795482, 0.010531, -0.626613, -0.0134437
223.114, -0.794711, 0.0105476, -0.627597, -0.0134306
223.187, -0.793939, 0.0105642, -0.62858, -0.0134176
223.26, -0.793166, 0.0105807, -0.629562, -0.0134044
223.333, -0.792391, 0.0105973, -0.630543, -0.0133913
223.406, -0.791615, 0.0106138, -0.631523, -0.0133782
223.48, -0.790838, 0.0106303, -0.632503, -0.013365
223.553, -0.79006, 0.0106468, -0.633481, -0.0133518
223.626, -0.789281, 0.0106633, -0.634458, -0.0133386
223.699, -0.7885, 0.0106797, -0.635435, -0.0133253
223.772, -0.787719, 0.0106962, -0.63641, -0.0133121
223.846, -0.786936, 0.0107126, -0.637385, -0.0132988
223.919, -0.786152, 0.010729, -0.638358, -0.0132855
223.992, -0.785366, 0.0107454, -0.639331, -0.0132722
224.065, -0.78458, 0.0107618, -0.640302, -0.0132589
224.138, -0.783792, 0.0107782, -0.641273, -0.0132455
224.212, -0.783003, 0.0107945, -0.642242, -0.0132321
224.285, -0.782213, 0.0108109, -0.643211, -0.0132187
224.358, -0.781421, 0.0108272, -0.644178, -0.0132053
224.431, -0.780629, 0.0108435, -0.645145, -0.0131919
224.504, -0.779835, 0.0108597, -0.646111, -0.0131784
224.578, -0.77904, 0.010876, -0.647075, -0.013165
224.651, -0.778244, 0.0108923, -0.648039, -0.0131515
224.724, -0.777447, 0.0109085, -0.649002, -0.013138
224.797, -0.776648, 0.0109247, -0.649963, -0.0131244
224.87, -0.775849, 0.0109409, -0.650924, -0.0131109
224.944, -0.775048, 0.0109571, -0.651884, -0.0130973
225.017, -0.774246, 0.0109732, -0.652843, -0.0130837
225.09, -0.773442, 0.0109894, -0.6538, -0.0130701
225.163, -0.772638, 0.0110055, -0.654757, -0.0130565
225.236, -0.771832, 0.0110216, -0.655713, -0.0130428
225.31, -0.771026, 0.0110377, -0.656668, -0.0130291
225.383, -0.770218, 0.0110538, -0.657621, -0.0130154
225.456, -0.769408, 0.0110699, -0.658574, -0.0130017
225.529, -0.768598, 0.0110859, -0.659526, -0.012988
225.602, -0.767787, 0.0111019, -0.660476, -0.0129742
225.676, -0.766974, 0.0111179, -0.661426, -0.0129605
225.749, -0.76616, 0.0111339, -0.662375, -0.0129467
225.822, -0.765345, 0.0111499, -0.663323, -0.0129329
225.895, -0.764529, 0.0111659, -0.664269, -0.012919
225.968, -0.763712, 0.0111818, -0.665215, -0.0129052
226.042, -0.762893, 0.0111977, -0.66616, -0.0128913
226.115, -0.762073, 0.0112136, -0.667103, -0.0128774
226.188, -0.761253, 0.0112295, -0.668046, -0.0128635
226.261, -0.760431, 0.0112454, -0.668987, -0.0128496
226.334, -0.759607, 0.0112612, -0.669928, -0.0128356
226.408, -0.758783, 0.0112771, -0.670868, -0.0128217
226.481, -0.757958, 0.0112929, -0.671806, -0.0128077
226.554, -0.757131, 0.0113087, -0.672744, -0.0127937
226.627, -0.756303, 0.0113245, -0.67368, -0.0127797
226.7, -0.755474, 0.0113402, -0.674616, -0.0127656
226.774, -0.754644, 0.011356, -0.67555, -0.0127516
226.847, -0.753813, 0.0113717, -0.676483, -0.0127375
226.92, -0.75298, 0.0113874, -0.677416, -0.0127234
226.993, -0.752147, 0.0114031, -0.678347, -0.0127092
227.066, -0.751312, 0.0114188, -0.679278, -0.0126951
227.14, -0.750476, 0.0114345, -0.680207, -0.0126809
227.213, -0.749639, 0.0114501, -0.681135, -0.0126668
227.286, -0.748801, 0.0114658, -0.682062, -0.0126526
227.359, -0.747962, 0.0114814, -0.682988, -0.0126383
227.432, -0.747121, 0.011497, -0.683914, -0.0126241
227.506, -0.74628, 0.0115125, -0.684838, -0.0126099
227.579, -0.745437, 0.0115281, -0.685761, -0.0125956
227.652, -0.744593, 0.0115436, -0.686683, -0.0125813
227.725, -0.743748, 0.0115591, -0.687604, -0.012567
227.798, -0.742902, 0.0115746, -0.688524, -0.0125526
227.872, -0.742055, 0.0115901, -0.689442, -0.0125383
227.945, -0.741207, 0.0116056, -0.69036, -0.0125239
228.018, -0.740357, 0.011621, -0.691277, -0.0125095
228.091, -0.739506, 0.0116365, -0.692193, -0.0124951
228.164, -0.738655, 0.0116519, -0.693107, -0.0124807
228.238, -0.737802, 0.0116673, -0.694021, -0.0124662
228.311, -0.736948, 0.0116827, -0.694933, -0.0124518
228.384, -0.736092, 0.011698, -0.695845, -0.0124373
228.457, -0.735236, 0.0117134, -0.696755, -0.0124228
228.53, -0.734379, 0.0117287, -0.697665, -0.0124083
228.604, -0.73352, 0.011744, -0.698573, -0.0123937
228.677, -0.732661, 0.0117593, -0.69948, -0.0123792
228.75, -0.7318, 0.0117745, -0.700386, -0.0123646
228.823, -0.730938, 0.0117898, -0.701291, -0.01235
228.896, -0.730075, 0.011805, -0.702195, -0.0123354
228.97, -0.729211, 0.0118202, -0.703098, -0.0123208
229.043, -0.728345, 0.0118354, -0.704, -0.0123061
229.116, -0.727479, 0.0118506, -0.704901, -0.0122914
229.189, -0.726612, 0.0118658, -0.705801, -0.0122767
229.262, -0.725743, 0.0118809, -0.706699, -0.012262
229.336, -0.724873, 0.011896, -0.707597, -0.0122473
229.409, -0.724003, 0.0119112, -0.708494, -0.0122326
229.482, -0.723131, 0.0119262, -0.709389, -0.0122178
229.555, -0.722258, 0.0119413, -0.710283, -0.012203
229.628, -0.721384, 0.0119564, -0.711177, -0.0121882
229.702, -0.720508, 0.0119714, -0.712069, -0.0121734
229.775, -0.719632, 0.0119864, -0.71296, -0.0121586
229.848, -0.718755, 0.0120014, -0.71385, -0.0121437
229.921, -0.717876, 0.0120164, -0.714739, -0.0121288
229.994, -0.716997, 0.0120313, -0.715627, -0.0121139
230.068, -0.716116, 0.0120463, -0.716513, -0.012099
230.141, -0.715234, 0.0120612, -0.717399, -0.0120841
230.214, -0.714351, 0.0120761, -0.718284, -0.0120691
230.287, -0.713467, 0.012091, -0.719167, -0.0120542
230.36, -0.712582, 0.0121058, -0.720049, -0.0120392
230.434, -0.711696, 0.0121207, -0.720931, -0.0120242
230.507, -0.710809, 0.0121355, -0.721811, -0.0120092
230.58, -0.70992, 0.0121503, -0.72269, -0.0119941
230.653, -0.709031, 0.0121651, -0.723568, -0.0119791
230.726, -0.708141, 0.0121799, -0.724445, -0.011964
230.8, -0.707249, 0.0121946, -0.72532, -0.0119489
230.873, -0.706356, 0.0122094, -0.726195, -0.0119338
230.946, -0.705463, 0.0122241, -0.727069, -0.0119187
231.019, -0.704568, 0.0122388, -0.727941, -0.0119035
231.092, -0.703672, 0.0122535, -0.728812, -0.0118884
231.166, -0.702775, 0.0122681, -0.729683, -0.0118732
231.239, -0.701877, 0.0122828, -0.730552, -0.011858
231.312, -0.700978, 0.0122974, -0.73142, -0.0118428
231.385, -0.700078, 0.012312, -0.732287, -0.0118275
231.458, -0.699176, 0.0123266, -0.733152, -0.0118123
231.532, -0.698274, 0.0123411, -0.734017, -0.011797
231.605, -0.697371, 0.0123557, -0.734881, -0.0117817
231.678, -0.696466, 0.0123702, -0.735743, -0.0117664
231.751, -0.695561, 0.0123847, -0.736604, -0.0117511
231.824, -0.694654, 0.0123992, -0.737465, -0.0117357
231.898, -0.693747, 0.0124137, -0.738324, -0.0117204
231.971, -0.692838, 0.0124281, -0.739182, -0.011705
232.044, -0.691928, 0.0124426, -0.740038, -0.0116896
232.117, -0.691017, 0.012457, -0.740894, -0.0116742
232.19, -0.690106, 0.0124714, -0.741749, -0.0116587
232.264, -0.689193, 0.0124858, -0.742602, -0.0116433
232.337, -0.688279, 0.0125001, -0.743454, -0.0116278
232.41, -0.687364, 0.0125144, -0.744305, -0.0116123
232.483, -0.686448, 0.0125288, -0.745155, -0.0115968
232.556, -0.685531, 0.0125431, -0.746004, -0.0115813
232.63, -0.684612, 0.0125573, -0.746852, -0.0115658
232.703, -0.683693, 0.0125716, -0.747699, -0.0115502
232.776, -0.682773, 0.0125858, -0.748544, -0.0115346
232.849, -0.681852, 0.0126001, -0.749389, -0.011519
232.922, -0.680929, 0.0126143, -0.750232, -0.0115034
232.996, -0.680006, 0.0126284, -0.751074, -0.0114878
233.069, -0.679082, 0.0126426, -0.751915, -0.0114722
233.142, -0.678156, 0.0126567, -0.752754, -0.0114565
233.215, -0.67723, 0.0126709, -0.753593, -0.0114408
233.288, -0.676302, 0.012685, -0.754431, -0.0114251
233.362, -0.675374, 0.0126991, -0.755267, -0.0114094
233.435, -0.674444, 0.0127131, -0.756102, -0.0113937
233.508, -0.673513, 0.0127272, -0.756936, -0.011378
233.581, -0.672582, 0.0127412, -0.757769, -0.0113622
233.654, -0.671649, 0.0127552, -0.758601, -0.0113464
233.728, -0.670716, 0.0127692, -0.759431, -0.0113306
233.801, -0.669781, 0.0127832, -0.760261, -0.0113148
233.874, -0.668845, 0.0127971, -0.761089, -0.011299
233.947, -0.667908, 0.012811, -0.761916, -0.0112831
234.02, -0.666971, 0.0128249, -0.762742, -0.0112673
234.094, -0.666032, 0.0128388, -0.763567, -0.0112514
234.167, -0.665092, 0.0128527, -0.76439, -0.0112355
234.24, -0.664151, 0.0128665, -0.765213, -0.0112196
234.313, -0.663209, 0.0128804, -0.766034, -0.0112036
234.386, -0.662266, 0.0128942, -0.766854, -0.0111877
234.46, -0.661323, 0.012908, -0.767673, -0.0111717
234.533, -0.660378, 0.0129217, -0.768491, -0.0111557
234.606, -0.659432, 0.0129355, -0.769307, -0.0111397
234.679, -0.658485, 0.0129492, -0.770123, -0.0111237
234.752, -0.657537, 0.0129629, -0.770937, -0.0111077
234.826, -0.656588, 0.0129766, -0.77175, -0.0110916
234.899, -0.655638, 0.0129903, -0.772562, -0.0110755
234.972, -0.654687, 0.0130039, -0.773373, -0.0110595
235.045, -0.653736, 0.0130176, -0.774182, -0.0110434
235.118, -0.652783, 0.0130312, -0.774991, -0.0110272
235.192, -0.651829, 0.0130448, -0.775798, -0.0110111
235.265, -0.650874, 0.0130584, -0.776604, -0.0109949
235.338, -0.649918, 0.0130719, -0.777409, -0.0109788
235.411, -0.648961, 0.0130854, -0.778212, -0.0109626
235.484, -0.648003, 0.0130989, -0.779015, -0.0109464
235.558, -0.647045, 0.0131124, -0.779816, -0.0109302
235.631, -0.646085, 0.0131259, -0.780616, -0.0109139
235.704, -0.645124, 0.0131394, -0.781415, -0.0108977
235.777, -0.644162, 0.0131528, -0.782213, -0.0108814
235.85, -0.643199, 0.0131662, -0.783009, -0.0108651
235.924, -0.642236, 0.0131796, -0.783805, -0.0108488
235.997, -0.641271, 0.013193, -0.784599, -0.0108325
236.07, -0.640305, 0.0132063, -0.785392, -0.0108162
236.143, -0.639338, 0.0132196, -0.786183, -0.0107998
236.216, -0.638371, 0.0132329, -0.786974, -0.0107835
236.29, -0.637402, 0.0132462, -0.787763, -0.0107671
236.363, -0.636432, 0.0132595, -0.788551, -0.0107507
236.436, -0.635462, 0.0132728, -0.789338, -0.0107343
236.509, -0.63449, 0.013286, -0.790124, -0.0107178
236.582, -0.633518, 0.0132992, -0.790909, -0.0107014
236.656, -0.632544, 0.0133124, -0.791692, -0.0106849
236.729, -0.63157, 0.0133255, -0.792474, -0.0106684
236.802, -0.630594, 0.0133387, -0.793255, -0.010652
236.875, -0.629618, 0.0133518, -0.794035, -0.0106354
236.948, -0.628641, 0.0133649, -0.794813, -0.0106189
237.022, -0.627662, 0.013378, -0.795591, -0.0106024
237.095, -0.626683, 0.0133911, -0.796367, -0.0105858
237.168, -0.625703, 0.0134041, -0.797142, -0.0105692
237.241, -0.624722, 0.0134171, -0.797915, -0.0105526
237.314, -0.623739, 0.0134301, -0.798688, -0.010536
237.388, -0.622756, 0.0134431, -0.799459, -0.0105194
237.461, -0.621772, 0.0134561, -0.800229, -0.0105028
237.534, -0.620787, 0.013469, -0.800998, -0.0104861
237.607, -0.619801, 0.0134819, -0.801765, -0.0104694
237.68, -0.618814, 0.0134948, -0.802532, -0.0104528
237.754, -0.617827, 0.0135077, -0.803297, -0.0104361
237.827, -0.616838, 0.0135206, -0.804061, -0.0104193
237.9, -0.615848, 0.0135334, -0.804824, -0.0104026
237.973, -0.614858, 0.0135462, -0.805585, -0.0103859
238.046, -0.613866, 0.013559, -0.806345, -0.0103691
238.12, -0.612873, 0.0135718, -0.807104, -0.0103523
238.193, -0.61188, 0.0135846, -0.807862, -0.0103355
238.266, -0.610886, 0.0135973, -0.808619, -0.0103187
238.339, -0.60989, 0.01361, -0.809374, -0.0103019
238.412, -0.608894, 0.0136227, -0.810128, -0.010285
238.486, -0.607897, 0.0136354, -0.810881, -0.0102682
238.559, -0.606899, 0.013648, -0.811633, -0.0102513
238.632, -0.6059, 0.0136607, -0.812383, -0.0102344
238.705, -0.6049, 0.0136733, -0.813132, -0.0102175
238.778, -0.603899, 0.0136859, -0.81388, -0.0102006
238.852, -0.602897, 0.0136984, -0.814627, -0.0101836
238.925, -0.601894, 0.013711, -0.815372, -0.0101667
238.998, -0.600891, 0.0137235, -0.816116, -0.0101497
239.071, -0.599886, 0.013736, -0.816859, -0.0101327
239.144, -0.598881, 0.0137485, -0.817601, -0.0101157
239.218, -0.597874, 0.0137609, -0.818341, -0.0100987
239.291, -0.596867, 0.0137734, -0.819081, -0.0100817
239.364, -0.595859, 0.0137858, -0.819819, -0.0100647
239.437, -0.59485, 0.0137982, -0.820555, -0.0100476
239.51, -0.59384, 0.0138106, -0.821291, -0.0100305
239.584, -0.592829, 0.0138229, -0.822025, -0.0100134
239.657, -0.591817, 0.0138353, -0.822758, -0.00999633
239.73, -0.590804, 0.0138476, -0.82349, -0.00997921
239.803, -0.58979, 0.0138599, -0.82422, -0.00996208
239.876, -0.588776, 0.0138721, -0.82495, -0.00994493
239.95, -0.58776, 0.0138844, -0.825678, -0.00992776
240.023, -0.586744, 0.0138966, -0.826404, -0.00991058
240.096, -0.585727, 0.0139088, -0.82713, -0.00989339
240.169, -0.584709, 0.013921, -0.827854, -0.00987618
240.242, -0.58369, 0.0139332, -0.828577, -0.00985896
240.316, -0.58267, 0.0139453, -0.829298, -0.00984172
240.389, -0.581649, 0.0139574, -0.830019, -0.00982447
240.462, -0.580627, 0.0139695, -0.830738, -0.0098072
240.535, -0.579605, 0.0139816, -0.831456, -0.00978991
240.608, -0.578581, 0.0139937, -0.832173, -0.00977262
240.682, -0.577557, 0.0140057, -0.832888, -0.0097553
240.755, -0.576532, 0.0140177, -0.833602, -0.00973798
240.828, -0.575506, 0.0140297, -0.834315, -0.00972063
240.901, -0.574479, 0.0140417, -0.835026, -0.00970328
240.974, -0.573451, 0.0140537, -0.835737, -0.00968591
241.048, -0.572422, 0.0140656, -0.836446, -0.00966852
241.121, -0.571393, 0.0140775, -0.837153, -0.00965112
241.194, -0.570362, 0.0140894, -0.83786, -0.00963371
241.267, -0.569331, 0.0141012, -0.838565, -0.00961628
241.34, -0.568299, 0.0141131, -0.839269, -0.00959883
241.414, -0.567265, 0.0141249, -0.839972, -0.00958137
241.487, -0.566231, 0.0141367, -0.840673, -0.0095639
241.56, -0.565197, 0.0141485, -0.841373, -0.00954641
241.633, -0.564161, 0.0141602, -0.842072, -0.00952891
241.706, -0.563124, 0.014172, -0.842769, -0.0095114
241.78, -0.562087, 0.0141837, -0.843466, -0.00949386
241.853, -0.561049, 0.0141954, -0.844161, -0.00947632
241.926, -0.56001, 0.0142071, -0.844854, -0.00945876
241.999, -0.55897, 0.0142187, -0.845547, -0.00944119
242.072, -0.557929, 0.0142303, -0.846238, -0.0094236
242.146, -0.556887, 0.0142419, -0.846927, -0.009406
242.219, -0.555845, 0.0142535, -0.847616, -0.00938838
242.292, -0.554801, 0.0142651, -0.848303, -0.00937075
242.365, -0.553757, 0.0142766, -0.848989, -0.00935311
242.438, -0.552712, 0.0142881, -0.849674, -0.00933545
242.512, -0.551666, 0.0142996, -0.850357, -0.00931778
242.585, -0.55062, 0.0143111, -0.851039, -0.00930009
242.658, -0.549572, 0.0143226, -0.85172, -0.00928239
242.731, -0.548524, 0.014334, -0.852399, -0.00926468
242.804, -0.547474, 0.0143454, -0.853078, -0.00924695
242.878, -0.546424, 0.0143568, -0.853755, -0.00922921
242.951, -0.545373, 0.0143681, -0.85443, -0.00921145
243.024, -0.544322, 0.0143795, -0.855104, -0.00919368
243.097, -0.543269, 0.0143908, -0.855777, -0.0091759
243.17, -0.542216, 0.0144021, -0.856449, -0.0091581
243.244, -0.541161, 0.0144134, -0.857119, -0.00914029
243.317, -0.540106, 0.0144246, -0.857788, -0.00912246
243.39, -0.53905, 0.0144359, -0.858456, -0.00910462
243.463, -0.537994, 0.0144471, -0.859123, -0.00908677
243.536, -0.536936, 0.0144583, -0.859788, -0.0090689
243.61, -0.535878, 0.0144694, -0.860452, -0.00905102
243.683, -0.534819, 0.0144806, -0.861114, -0.00903313
243.756, -0.533759, 0.0144917, -0.861775, -0.00901522
243.829, -0.532698, 0.0145028, -0.862435, -0.0089973
243.902, -0.531636, 0.0145139, -0.863094, -0.00897937
243.976, -0.530574, 0.0145249, -0.863751, -0.00896142
244.049, -0.529511, 0.014536, -0.864407, -0.00894346
244.122, -0.528447, 0.014547, -0.865062, -0.00892548
244.195, -0.527382, 0.014558, -0.865715, -0.00890749
244.268, -0.526316, 0.0145689, -0.866367, -0.00888949
244.342, -0.52525, 0.0145799, -0.867018, -0.00887148
244.415, -0.524182, 0.0145908, -0.867667, -0.00885345
244.488, -0.523114, 0.0146017, -0.868315, -0.00883541
244.561, -0.522046, 0.0146126, -0.868962, -0.00881735
244.634, -0.520976, 0.0146234, -0.869608, -0.00879928
244.708, -0.519905, 0.0146343, -0.870252, -0.0087812
244.781, -0.518834, 0.0146451, -0.870895, -0.00876311
244.854, -0.517762, 0.0146559, -0.871536, -0.008745
244.927, -0.516689, 0.0146666, -0.872176, -0.00872688
245, -0.515616, 0.0146774, -0.872815, -0.00870874
245.074, -0.514541, 0.0146881, -0.873452, -0.00869059
245.147, -0.513466, 0.0146988, -0.874089, -0.00867243
245.22, -0.51239, 0.0147095, -0.874723, -0.00865426
245.293, -0.511314, 0.0147201, -0.875357, -0.00863607
245.366, -0.510236, 0.0147307, -0.875989, -0.00861787
245.44, -0.509158, 0.0147414, -0.87662, -0.00859966
245.513, -0.508079, 0.0147519, -0.877249, -0.00858144
245.586, -0.506999, 0.0147625, -0.877877, -0.0085632
245.659, -0.505918, 0.014773, -0.878504, -0.00854495
245.732, -0.504837, 0.0147836, -0.87913, -0.00852668
245.806, -0.503755, 0.0147941, -0.879754, -0.0085084
245.879, -0.502672, 0.0148045, -0.880377, -0.00849011
245.952, -0.501588, 0.014815, -0.880998, -0.00847181
246.025, -0.500504, 0.0148254, -0.881618, -0.0084535
246.098, -0.499418, 0.0148358, -0.882237, -0.00843517
246.172, -0.498332, 0.0148462, -0.882855, -0.00841683
246.245, -0.497246, 0.0148566, -0.883471, -0.00839847
246.318, -0.496158, 0.0148669, -0.884086, -0.00838011
246.391, -0.49507, 0.0148772, -0.884699, -0.00836173
246.464, -0.493981, 0.0148875, -0.885311, -0.00834334
246.538, -0.492891, 0.0148978, -0.885922, -0.00832493
246.611, -0.491801, 0.014908, -0.886531, -0.00830652
246.684, -0.490709, 0.0149182, -0.887139, -0.00828809
246.757, -0.489617, 0.0149284, -0.887746, -0.00826965
246.83, -0.488525, 0.0149386, -0.888351, -0.00825119
246.904, -0.487431, 0.0149488, -0.888955, -0.00823273
246.977, -0.486337, 0.0149589, -0.889558, -0.00821425
247.05, -0.485242, 0.014969, -0.890159, -0.00819576
247.123, -0.484146, 0.0149791, -0.890759, -0.00817725
247.196, -0.48305, 0.0149892, -0.891358, -0.00815874
247.27, -0.481952, 0.0149992, -0.891955, -0.00814021
247.343, -0.480855, 0.0150092, -0.892551, -0.00812167
247.416, -0.479756, 0.0150192, -0.893145, -0.00810312
247.489, -0.478656, 0.0150292, -0.893738, -0.00808455
247.562, -0.477556, 0.0150391, -0.89433, -0.00806597
247.636, -0.476455, 0.0150491, -0.894921, -0.00804739
247.709, -0.475354, 0.015059, -0.89551, -0.00802878
247.782, -0.474252, 0.0150689, -0.896097, -0.00801017
247.855, -0.473148, 0.0150787, -0.896684, -0.00799155
247.928, -0.472045, 0.0150885, -0.897269, -0.00797291
248.002, -0.47094, 0.0150984, -0.897852, -0.00795426
248.075, -0.469835, 0.0151081, -0.898435, -0.0079356
248.148, -0.468729, 0.0151179, -0.899015, -0.00791693
248.221, -0.467622, 0.0151276, -0.899595, -0.00789824
248.294, -0.466515, 0.0151374, -0.900173, -0.00787954
248.368, -0.465407, 0.0151471, -0.90075, -0.00786083
248.441, -0.464298, 0.0151567, -0.901325, -0.00784211
248.514, -0.463189, 0.0151664, -0.901899, -0.00782338
248.587, -0.462079, 0.015176, -0.902472, -0.00780464
248.66, -0.460968, 0.0151856, -0.903043, -0.00778588
248.734, -0.459856, 0.0151952, -0.903613, -0.00776711
248.807, -0.458744, 0.0152048, -0.904182, -0.00774834
248.88, -0.457631, 0.0152143, -0.904749, -0.00772954
248.953, -0.456517, 0.0152238, -0.905315, -0.00771074
249.026, -0.455403, 0.0152333, -0.905879, -0.00769193
249.1, -0.454288, 0.0152427, -0.906442, -0.0076731
249.173, -0.453172, 0.0152522, -0.907004, -0.00765427
249.246, -0.452056, 0.0152616, -0.907564, -0.00763542
249.319, -0.450938, 0.015271, -0.908123, -0.00761656
249.392, -0.449821, 0.0152804, -0.908681, -0.00759769
249.466, -0.448702, 0.0152897, -0.909237, -0.0075788
249.539, -0.447583, 0.015299, -0.909792, -0.00755991
249.612, -0.446463, 0.0153083, -0.910345, -0.007541
249.685, -0.445342, 0.0153176, -0.910897, -0.00752208
249.758, -0.444221, 0.0153269, -0.911448, -0.00750316
249.832, -0.443099, 0.0153361, -0.911997, -0.00748422
249.905, -0.441977, 0.0153453, -0.912545, -0.00746527
249.978, -0.440853, 0.0153545, -0.913091, -0.0074463
250.051, -0.439729, 0.0153637, -0.913636, -0.00742733
250.124, -0.438605, 0.0153728, -0.91418, -0.00740835
250.198, -0.437479, 0.0153819, -0.914722, -0.00738935
250.271, -0.436354, 0.015391, -0.915263, -0.00737034
250.344, -0.435227, 0.0154001, -0.915803, -0.00735133
250.417, -0.4341, 0.0154091, -0.916341, -0.0073323
250.49, -0.432972, 0.0154181, -0.916877, -0.00731326
250.564, -0.431843, 0.0154271, -0.917413, -0.00729421
250.637, -0.430714, 0.0154361, -0.917947, -0.00727514
250.71, -0.429584, 0.015445, -0.918479, -0.00725607
250.783, -0.428453, 0.015454, -0.91901, -0.00723699
250.856, -0.427322, 0.0154629, -0.91954, -0.00721789
250.93, -0.42619, 0.0154718, -0.920068, -0.00719879
251.003, -0.425058, 0.0154806, -0.920595, -0.00717967
251.076, -0.423924, 0.0154894, -0.921121, -0.00716055
251.149, -0.422791, 0.0154982, -0.921645, -0.00714141
251.222, -0.421656, 0.015507, -0.922168, -0.00712226
251.296, -0.420521, 0.0155158, -0.922689, -0.0071031
251.369, -0.419385, 0.0155245, -0.923209, -0.00708393
251.442, -0.418249, 0.0155332, -0.923728, -0.00706475
251.515, -0.417112, 0.0155419, -0.924245, -0.00704556
251.588, -0.415974, 0.0155506, -0.924761, -0.00702636
251.662, -0.414836, 0.0155592, -0.925275, -0.00700715
251.735, -0.413697, 0.0155679, -0.925788, -0.00698792
251.808, -0.412557, 0.0155765, -0.926299, -0.00696869
251.881, -0.411417, 0.015585, -0.926809, -0.00694945
251.954, -0.410276, 0.0155936, -0.927318, -0.00693019
252.028, -0.409135, 0.0156021, -0.927825, -0.00691093
252.101, -0.407993, 0.0156106, -0.928331, -0.00689165
252.174, -0.40685, 0.0156191, -0.928836, -0.00687237
252.247, -0.405707, 0.0156275, -0.929339, -0.00685307
252.32, -0.404563, 0.0156359, -0.92984, -0.00683377
252.394, -0.403418, 0.0156444, -0.930341, -0.00681445
252.467, -0.402273, 0.0156527, -0.93084, -0.00679512
252.54, -0.401127, 0.0156611, -0.931337, -0.00677579
252.613, -0.399981, 0.0156694, -0.931833, -0.00675644
252.686, -0.398834, 0.0156777, -0.932327, -0.00673708
252.76, -0.397686, 0.015686, -0.932821, -0.00671772
252.833, -0.396538, 0.0156943, -0.933312, -0.00669834
252.906, -0.395389, 0.0157025, -0.933803, -0.00667895
252.979, -0.39424, 0.0157107, -0.934292, -0.00665956
253.052, -0.39309, 0.0157189, -0.934779, -0.00664015
253.126, -0.391939, 0.0157271, -0.935265, -0.00662073
253.199, -0.390788, 0.0157352, -0.93575, -0.0066013
253.272, -0.389636, 0.0157433, -0.936233, -0.00658187
253.345, -0.388484, 0.0157514, -0.936715, -0.00656242
253.418, -0.387331, 0.0157595, -0.937195, -0.00654296
253.492, -0.386177, 0.0157675, -0.937674, -0.0065235
253.565, -0.385023, 0.0157756, -0.938152, -0.00650402
253.638, -0.383868, 0.0157836, -0.938628, -0.00648454
253.711, -0.382713, 0.0157915, -0.939102, -0.00646504
253.784, -0.381557, 0.0157995, -0.939576, -0.00644553
253.858, -0.3804, 0.0158074, -0.940047, -0.00642602
253.931, -0.379243, 0.0158153, -0.940518, -0.00640649
254.004, -0.378086, 0.0158232, -0.940987, -0.00638696
254.077, -0.376927, 0.015831, -0.941454, -0.00636742
254.15, -0.375769, 0.0158389, -0.94192, -0.00634786
254.224, -0.374609, 0.0158467, -0.942385, -0.0063283
254.297, -0.373449, 0.0158545, -0.942848, -0.00630873
254.37, -0.372289, 0.0158622, -0.94331, -0.00628915
254.443, -0.371128, 0.0158699, -0.94377, -0.00626955
254.516, -0.369966, 0.0158777, -0.944229, -0.00624995
254.59, -0.368804, 0.0158853, -0.944687, -0.00623034
254.663, -0.367641, 0.015893, -0.945143, -0.00621072
254.736, -0.366477, 0.0159006, -0.945598, -0.00619109
254.809, -0.365314, 0.0159082, -0.946051, -0.00617146
254.882, -0.364149, 0.0159158, -0.946503, -0.00615181
254.956, -0.362984, 0.0159234, -0.946953, -0.00613215
255.029, -0.361818, 0.0159309, -0.947402, -0.00611249
255.102, -0.360652, 0.0159384, -0.947849, -0.00609281
255.175, -0.359486, 0.0159459, -0.948295, -0.00607313
255.248, -0.358318, 0.0159534, -0.94874, -0.00605343
255.322, -0.357151, 0.0159608, -0.949183, -0.00603373
255.395, -0.355982, 0.0159683, -0.949624, -0.00601402
255.468, -0.354813, 0.0159756, -0.950065, -0.0059943
255.541, -0.353644, 0.015983, -0.950503, -0.00597457
255.614, -0.352474, 0.0159904, -0.950941, -0.00595483
255.688, -0.351303, 0.0159977, -0.951377, -0.00593509
255.761, -0.350132, 0.016005, -0.951811, -0.00591533
255.834, -0.348961, 0.0160122, -0.952244, -0.00589557
255.907, -0.347789, 0.0160195, -0.952676, -0.00587579
255.98, -0.346616, 0.0160267, -0.953106, -0.00585601
256.054, -0.345443, 0.0160339, -0.953534, -0.00583622
256.127, -0.344269, 0.0160411, -0.953962, -0.00581642
256.2, -0.343095, 0.0160482, -0.954387, -0.00579661
256.273, -0.34192, 0.0160554, -0.954812, -0.00577679
256.346, -0.340745, 0.0160625, -0.955235, -0.00575697
256.42, -0.339569, 0.0160695, -0.955656, -0.00573713
256.493, -0.338393, 0.0160766, -0.956076, -0.00571729
256.566, -0.337216, 0.0160836, -0.956494, -0.00569744
256.639, -0.336039, 0.0160906, -0.956912, -0.00567758
256.712, -0.334861, 0.0160976, -0.957327, -0.00565771
256.786, -0.333683, 0.0161045, -0.957741, -0.00563783
256.859, -0.332504, 0.0161115, -0.958154, -0.00561794
256.932, -0.331325, 0.0161184, -0.958565, -0.00559805
257.005, -0.330145, 0.0161253, -0.958975, -0.00557815
257.078, -0.328964, 0.0161321, -0.959383, -0.00555823
257.152, -0.327783, 0.0161389, -0.95979, -0.00553832
257.225, -0.326602, 0.0161457, -0.960196, -0.00551839
257.298, -0.32542, 0.0161525, -0.9606, -0.00549845
257.371, -0.324238, 0.0161593, -0.961002, -0.00547851
257.444, -0.323055, 0.016166, -0.961403, -0.00545856
257.518, -0.321872, 0.0161727, -0.961803, -0.0054386
257.591, -0.320688, 0.0161794, -0.962201, -0.00541863
257.664, -0.319503, 0.0161861, -0.962597, -0.00539865
257.737, -0.318319, 0.0161927, -0.962993, -0.00537866
257.81, -0.317133, 0.0161993, -0.963386, -0.00535867
257.884, -0.315948, 0.0162059, -0.963779, -0.00533867
257.957, -0.314761, 0.0162124, -0.964169, -0.00531866
258.03, -0.313575, 0.016219, -0.964559, -0.00529865
258.103, -0.312387, 0.0162255, -0.964946, -0.00527862
258.176, -0.3112, 0.016232, -0.965333, -0.00525859
258.25, -0.310011, 0.0162384, -0.965718, -0.00523855
258.323, -0.308823, 0.0162449, -0.966101, -0.0052185
258.396, -0.307634, 0.0162513, -0.966483, -0.00519844
258.469, -0.306444, 0.0162577, -0.966864, -0.00517838
258.542, -0.305254, 0.016264, -0.967243, -0.00515831
258.616, -0.304063, 0.0162704, -0.96762, -0.00513823
258.689, -0.302872, 0.0162767, -0.967997, -0.00511814
258.762, -0.301681, 0.016283, -0.968371, -0.00509805
258.835, -0.300489, 0.0162892, -0.968744, -0.00507794
258.908, -0.299297, 0.0162955, -0.969116, -0.00505783
258.982, -0.298104, 0.0163017, -0.969486, -0.00503772
259.055, -0.296911, 0.0163079, -0.969855, -0.00501759
259.128, -0.295717, 0.016314, -0.970222, -0.00499746
259.201, -0.294523, 0.0163202, -0.970588, -0.00497732
259.274, -0.293328, 0.0163263, -0.970953, -0.00495717
259.348, -0.292133, 0.0163324, -0.971315, -0.00493702
259.421, -0.290937, 0.0163384, -0.971677, -0.00491685
259.494, -0.289741, 0.0163445, -0.972037, -0.00489668
259.567, -0.288545, 0.0163505, -0.972395, -0.00487651
259.64, -0.287348, 0.0163565, -0.972752, -0.00485632
259.714, -0.286151, 0.0163624, -0.973108, -0.00483613
259.787, -0.284953, 0.0163684, -0.973462, -0.00481593
259.86, -0.283755, 0.0163743, -0.973814, -0.00479573
259.933, -0.282556, 0.0163802, -0.974165, -0.00477551
260.006, -0.281357, 0.0163861, -0.974515, -0.00475529
260.08, -0.280158, 0.0163919, -0.974863, -0.00473506
260.153, -0.278958, 0.0163977, -0.975209, -0.00471483
260.226, -0.277758, 0.0164035, -0.975555, -0.00469459
260.299, -0.276557, 0.0164093, -0.975898, -0.00467434
260.372, -0.275356, 0.016415, -0.97624, -0.00465408
260.446, -0.274154, 0.0164207, -0.976581, -0.00463382
260.519, -0.272952, 0.0164264, -0.97692, -0.00461355
260.592, -0.27175, 0.0164321, -0.977258, -0.00459328
260.665, -0.270547, 0.0164377, -0.977594, -0.00457299
260.738, -0.269344, 0.0164433, -0.977929, -0.0045527
260.812, -0.26814, 0.0164489, -0.978262, -0.00453241
260.885, -0.266936, 0.0164545, -0.978594, -0.0045121
260.958, -0.265732, 0.01646, -0.978924, -0.00449179
261.031, -0.264527, 0.0164655, -0.979253, -0.00447148
261.104, -0.263321, 0.016471, -0.97958, -0.00445115
261.178, -0.262116, 0.0164765, -0.979906, -0.00443082
261.251, -0.26091, 0.0164819, -0.98023, -0.00441048
261.324, -0.259703, 0.0164874, -0.980553, -0.00439014
261.397, -0.258496, 0.0164927, -0.980875, -0.00436979
261.47, -0.257289, 0.0164981, -0.981195, -0.00434943
261.544, -0.256081, 0.0165034, -0.981513, -0.00432907
261.617, -0.254873, 0.0165088, -0.98183, -0.0043087
261.69, -0.253665, 0.016514, -0.982145, -0.00428833
261.763, -0.252456, 0.0165193, -0.982459, -0.00426794
261.836, -0.251247, 0.0165246, -0.982772, -0.00424755
261.91, -0.250037, 0.0165298, -0.983082, -0.00422716
261.983, -0.248827, 0.016535, -0.983392, -0.00420676
262.056, -0.247617, 0.0165401, -0.9837, -0.00418635
262.129, -0.246406, 0.0165453, -0.984006, -0.00416594
262.202, -0.245195, 0.0165504, -0.984311, -0.00414552
262.276, -0.243984, 0.0165555, -0.984615, -0.00412509
262.349, -0.242772, 0.0165605, -0.984917, -0.00410466
262.422, -0.241559, 0.0165656, -0.985217, -0.00408422
262.495, -0.240347, 0.0165706, -0.985516, -0.00406377
262.568, -0.239134, 0.0165756, -0.985814, -0.00404332
262.642, -0.237921, 0.0165805, -0.986109, -0.00402287
262.715, -0.236707, 0.0165855, -0.986404, -0.0040024
262.788, -0.235493, 0.0165904, -0.986697, -0.00398194
262.861, -0.234278, 0.0165953, -0.986988, -0.00396146
262.934, -0.233064, 0.0166001, -0.987278, -0.00394098
263.008, -0.231849, 0.016605, -0.987567, -0.00392049
263.081, -0.230633, 0.0166098, -0.987854, -0.0039
263.154, -0.229417, 0.0166146, -0.988139, -0.0038795
263.227, -0.228201, 0.0166193, -0.988423, -0.003859
263.3, -0.226984, 0.016624, -0.988706, -0.00383849
263.374, -0.225768, 0.0166288, -0.988987, -0.00381797
263.447, -0.22455, 0.0166334, -0.989266, -0.00379745
263.52, -0.223333, 0.0166381, -0.989544, -0.00377693
263.593, -0.222115, 0.0166427, -0.989821, -0.00375639
263.666, -0.220897, 0.0166473, -0.990096, -0.00373586
263.74, -0.219678, 0.0166519, -0.990369, -0.00371531
263.813, -0.218459, 0.0166565, -0.990641, -0.00369476
263.886, -0.21724, 0.016661, -0.990912, -0.00367421
263.959, -0.21602, 0.0166655, -0.99118, -0.00365365
264.032, -0.2148, 0.01667, -0.991448, -0.00363308
264.106, -0.21358, 0.0166745, -0.991714, -0.00361251
264.179, -0.21236, 0.0166789, -0.991978, -0.00359194
264.252, -0.211139, 0.0166833, -0.992241, -0.00357136
264.325, -0.209917, 0.0166877, -0.992503, -0.00355077
264.398, -0.208696, 0.016692, -0.992763, -0.00353018
264.472, -0.207474, 0.0166964, -0.993021, -0.00350958
264.545, -0.206252, 0.0167007, -0.993278, -0.00348898
264.618, -0.205029, 0.016705, -0.993533, -0.00346837
264.691, -0.203807, 0.0167092, -0.993787, -0.00344776
264.764, -0.202583, 0.0167134, -0.99404, -0.00342714
264.838, -0.20136, 0.0167176, -0.99429, -0.00340651
264.911, -0.200136, 0.0167218, -0.99454, -0.00338589
264.984, -0.198912, 0.016726, -0.994788, -0.00336525
265.057, -0.197688, 0.0167301, -0.995034, -0.00334461
265.13, -0.196463, 0.0167342, -0.995279, -0.00332397
265.204, -0.195238, 0.0167383, -0.995522, -0.00330332
265.277, -0.194013, 0.0167423, -0.995764, -0.00328267
265.35, -0.192788, 0.0167463, -0.996004, -0.00326201
265.423, -0.191562, 0.0167503, -0.996243, -0.00324135
265.496, -0.190336, 0.0167543, -0.99648, -0.00322068
265.57, -0.189109, 0.0167583, -0.996716, -0.00320001
265.643, -0.187882, 0.0167622, -0.99695, -0.00317933
265.716, -0.186656, 0.0167661, -0.997183, -0.00315865
265.789, -0.185428, 0.01677, -0.997414, -0.00313796
265.862, -0.184201, 0.0167738, -0.997644, -0.00311727
265.936, -0.182973, 0.0167776, -0.997872, -0.00309657
266.009, -0.181745, 0.0167814, -0.998099, -0.00307587
266.082, -0.180516, 0.0167852, -0.998324, -0.00305517
266.155, -0.179288, 0.0167889, -0.998548, -0.00303446
266.228, -0.178059, 0.0167927, -0.99877, -0.00301375
266.302, -0.176829, 0.0167964, -0.99899, -0.00299303
266.375, -0.1756, 0.0168, -0.999209, -0.0029723
266.448, -0.17437, 0.0168037, -0.999427, -0.00295158
266.521, -0.17314, 0.0168073, -0.999643, -0.00293084
266.594, -0.17191, 0.0168109, -0.999857, -0.00291011
266.668, -0.170679, 0.0168144, -1.00007, -0.00288937
266.741, -0.169448, 0.016818, -1.00028, -0.00286862
266.814, -0.168217, 0.0168215, -1.00049, -0.00284787
266.887, -0.166986, 0.016825, -1.0007, -0.00282712
266.96, -0.165754, 0.0168284, -1.00091, -0.00280636
267.034, -0.164523, 0.0168319, -1.00111, -0.0027856
267.107, -0.163291, 0.0168353, -1.00132, -0.00276484
267.18, -0.162058, 0.0168387, -1.00152, -0.00274407
267.253, -0.160826, 0.016842, -1.00172, -0.00272329
267.326, -0.159593, 0.0168454, -1.00192, -0.00270251
267.4, -0.15836, 0.0168487, -1.00212, -0.00268173
267.473, -0.157126, 0.016852, -1.00231, -0.00266095
267.546, -0.155893, 0.0168552, -1.00251, -0.00264016
267.619, -0.154659, 0.0168585, -1.0027, -0.00261936
267.692, -0.153425, 0.0168617, -1.00289, -0.00259857
267.766, -0.152191, 0.0168649, -1.00308, -0.00257776
267.839, -0.150956, 0.016868, -1.00327, -0.00255696
267.912, -0.149721, 0.0168711, -1.00346, -0.00253615
267.985, -0.148486, 0.0168743, -1.00364, -0.00251534
268.058, -0.147251, 0.0168773, -1.00383, -0.00249452
268.132, -0.146016, 0.0168804, -1.00401, -0.0024737
268.205, -0.14478, 0.0168834, -1.00419, -0.00245288
268.278, -0.143544, 0.0168864, -1.00437, -0.00243205
268.351, -0.142308, 0.0168894, -1.00455, -0.00241122
268.424, -0.141072, 0.0168923, -1.00473, -0.00239038
268.498, -0.139835, 0.0168953, -1.0049, -0.00236954
268.571, -0.138599, 0.0168982, -1.00508, -0.0023487
268.644, -0.137362, 0.016901, -1.00525, -0.00232786
268.717, -0.136125, 0.0169039, -1.00542, -0.00230701
268.79, -0.134887, 0.0169067, -1.00559, -0.00228616
268.864, -0.13365, 0.0169095, -1.00575, -0.0022653
268.937, -0.132412, 0.0169123, -1.00592, -0.00224444
269.01, -0.131174, 0.016915, -1.00608, -0.00222358
269.083, -0.129936, 0.0169178, -1.00625, -0.00220272
269.156, -0.128697, 0.0169204, -1.00641, -0.00218185
269.23, -0.127459, 0.0169231, -1.00657, -0.00216098
269.303, -0.12622, 0.0169258, -1.00673, -0.0021401
269.376, -0.124981, 0.0169284, -1.00688, -0.00211922
269.449, -0.123742, 0.016931, -1.00704, -0.00209834
269.522, -0.122503, 0.0169335, -1.00719, -0.00207746
269.596, -0.121263, 0.0169361, -1.00734, -0.00205657
269.669, -0.120023, 0.0169386, -1.00749, -0.00203568
269.742, -0.118783, 0.0169411, -1.00764, -0.00201479
269.815, -0.117543, 0.0169435, -1.00779, -0.00199389
269.888, -0.116303, 0.016946, -1.00794, -0.00197299
269.962, -0.115063, 0.0169484, -1.00808, -0.00195209
270.035, -0.113822, 0.0169508, -1.00822, -0.00193118
270.108, -0.112581, 0.0169531, -1.00836, -0.00191027
270.181, -0.11134, 0.0169555, -1.0085, -0.00188936
270.254, -0.110099, 0.0169578, -1.00864, -0.00186845
270.328, -0.108858, 0.0169601, -1.00878, -0.00184753
270.401, -0.107616, 0.0169623, -1.00892, -0.00182662
270.474, -0.106375, 0.0169646, -1.00905, -0.00180569
270.547, -0.105133, 0.0169668, -1.00918, -0.00178477
270.62, -0.103891, 0.0169689, -1.00931, -0.00176384
270.694, -0.102649, 0.0169711, -1.00944, -0.00174291
270.767, -0.101406, 0.0169732, -1.00957, -0.00172198
270.84, -0.100164, 0.0169753, -1.00969, -0.00170105
270.913, -0.0989214, 0.0169774, -1.00982, -0.00168011
270.986, -0.0976787, 0.0169795, -1.00994, -0.00165917
271.06, -0.0964358, 0.0169815, -1.01006, -0.00163823
271.133, -0.0951927, 0.0169835, -1.01018, -0.00161728
271.206, -0.0939495, 0.0169855, -1.0103, -0.00159634
271.279, -0.0927062, 0.0169874, -1.01042, -0.00157539
271.352, -0.0914627, 0.0169893, -1.01053, -0.00155444
271.426, -0.0902191, 0.0169912, -1.01065, -0.00153348
271.499, -0.0889753, 0.0169931, -1.01076, -0.00151253
271.572, -0.0877314, 0.0169949, -1.01087, -0.00149157
271.645, -0.0864874, 0.0169968, -1.01098, -0.00147061
271.718, -0.0852432, 0.0169986, -1.01109, -0.00144965
271.792, -0.083999, 0.0170003, -1.01119, -0.00142868
271.865, -0.0827545, 0.0170021, -1.0113, -0.00140772
271.938, -0.08151, 0.0170038, -1.0114, -0.00138675
272.011, -0.0802653, 0.0170055, -1.0115, -0.00136578
272.084, -0.0790205, 0.0170071, -1.0116, -0.0013448
272.158, -0.0777756, 0.0170088, -1.0117, -0.00132383
272.231, -0.0765305, 0.0170104, -1.0118, -0.00130285
272.304, -0.0752854, 0.017012, -1.01189, -0.00128188
272.377, -0.0740401, 0.0170135, -1.01199, -0.0012609
272.45, -0.0727947, 0.0170151, -1.01208, -0.00123991
272.524, -0.0715492, 0.0170166, -1.01217, -0.00121893
272.597, -0.0703036, 0.0170181, -1.01226, -0.00119794
272.67, -0.0690579, 0.0170195, -1.01235, -0.00117696
272.743, -0.067812, 0.0170209, -1.01243, -0.00115597
272.816, -0.0665661, 0.0170224, -1.01252, -0.00113498
272.89, -0.0653201, 0.0170237, -1.0126, -0.00111399
272.963, -0.0640739, 0.0170251, -1.01268, -0.00109299
273.036, -0.0628277, 0.0170264, -1.01276, -0.001072
273.109, -0.0615814, 0.0170277, -1.01284, -0.001051
273.182, -0.0603349, 0.017029, -1.01292, -0.00103
273.256, -0.0590884, 0.0170302, -1.01299, -0.001009
273.329, -0.0578418, 0.0170315, -1.01307, -0.000987999
273.402, -0.0565951, 0.0170327, -1.01314, -0.000966996
273.475, -0.0553483, 0.0170338, -1.01321, -0.000945992
273.548, -0.0541014, 0.017035, -1.01328, -0.000924987
273.622, -0.0528545, 0.0170361, -1.01335, -0.00090398
273.695, -0.0516074, 0.0170372, -1.01341, -0.000882972
273.768, -0.0503603, 0.0170383, -1.01348, -0.000861962
273.841, -0.0491131, 0.0170393, -1.01354, -0.000840952
273.914, -0.0478658, 0.0170403, -1.0136, -0.00081994
273.988, -0.0466185, 0.0170413, -1.01366, -0.000798927
274.061, -0.045371, 0.0170423, -1.01372, -0.000777913
274.134, -0.0441236, 0.0170432, -1.01378, -0.000756898
274.207, -0.042876, 0.0170442, -1.01383, -0.000735881
274.28, -0.0416284, 0.017045, -1.01389, -0.000714864
274.354, -0.0403807, 0.0170459, -1.01394, -0.000693846
274.427, -0.0391329, 0.0170467, -1.01399, -0.000672827
274.5, -0.0378851, 0.0170476, -1.01404, -0.000651806
274.573, -0.0366372, 0.0170483, -1.01409, -0.000630785
274.646, -0.0353893, 0.0170491, -1.01413, -0.000609763
274.72, -0.0341413, 0.0170498, -1.01418, -0.000588741
274.793, -0.0328932, 0.0170505, -1.01422, -0.000567717
274.866, -0.0316451, 0.0170512, -1.01426, -0.000546693
274.939, -0.030397, 0.0170519, -1.0143, -0.000525667
275.012, -0.0291488, 0.0170525, -1.01434, -0.000504642
275.086, -0.0279005, 0.0170531, -1.01438, -0.000483615
275.159, -0.0266522, 0.0170537, -1.01441, -0.000462588
275.232, -0.0254039, 0.0170542, -1.01445, -0.00044156
275.305, -0.0241555, 0.0170548, -1.01448, -0.000420532
275.378, -0.0229071, 0.0170553, -1.01451, -0.000399503
275.452, -0.0216587, 0.0170557, -1.01454, -0.000378473
275.525, -0.0204102, 0.0170562, -1.01457, -0.000357443
275.598, -0.0191617, 0.0170566, -1.01459, -0.000336413
275.671, -0.0179131, 0.017057, -1.01462, -0.000315382
275.744, -0.0166646, 0.0170574, -1.01464, -0.000294351
275.818, -0.015416, 0.0170577, -1.01466, -0.000273319
275.891, -0.0141673, 0.0170581, -1.01468, -0.000252287
275.964, -0.0129187, 0.0170583, -1.0147, -0.000231255
276.037, -0.01167, 0.0170586, -1.01472, -0.000210222
276.11, -0.0104213, 0.0170589, -1.01473, -0.000189189
276.184, -0.00917262, 0.0170591, -1.01475, -0.000168156
276.257, -0.0079239, 0.0170593, -1.01476, -0.000147123
276.33, -0.00667516, 0.0170594, -1.01477, -0.00012609
276.403, -0.00542641, 0.0170596, -1.01478, -0.000105057
276.476, -0.00417765, 0.0170597, -1.01479, -8.40231e-05
276.55, -0.00292888, 0.0170598, -1.01479, -6.29895e-05
276.623, -0.00168011, 0.0170598, -1.0148, -4.1956e-05
276.696, -0.00043133, 0.0170599, -1.0148, -2.09224e-05
276.769, 0.000817451, 0.0170599, -1.0148, 1.11097e-07
276.842, 0.00206623, 0.0170598, -1.0148, 2.11445e-05
276.916, 0.00331501, 0.0170598, -1.0148, 4.21778e-05
276.989, 0.00456379, 0.0170597, -1.0148, 6.3211e-05
277.062, 0.00581256, 0.0170596, -1.01479, 8.4244e-05
277.135, 0.00706133, 0.0170595, -1.01479, 0.000105277
277.208, 0.00831009, 0.0170594, -1.01478, 0.000126309
277.282, 0.00955883, 0.0170592, -1.01477, 0.000147342
277.355, 0.0108076, 0.017059, -1.01476, 0.000168374
277.428, 0.0120563, 0.0170588, -1.01475, 0.000189405
277.501, 0.013305, 0.0170585, -1.01473, 0.000210437
277.574, 0.0145537, 0.0170583, -1.01472, 0.000231467
277.648, 0.0158023, 0.017058, -1.0147, 0.000252498
277.721, 0.017051, 0.0170576, -1.01468, 0.000273528
277.794, 0.0182996, 0.0170573, -1.01466, 0.000294557
277.867, 0.0195482, 0.0170569, -1.01464, 0.000315586
277.94, 0.0207968, 0.0170565, -1.01462, 0.000336615
278.014, 0.0220453, 0.0170561, -1.01459, 0.000357643
278.087, 0.0232938, 0.0170556, -1.01457, 0.00037867
278.16, 0.0245423, 0.0170551, -1.01454, 0.000399697
278.233, 0.0257907, 0.0170546, -1.01451, 0.000420722
278.306, 0.0270391, 0.0170541, -1.01448, 0.000441748
278.38, 0.0282875, 0.0170535, -1.01445, 0.000462772
278.453, 0.0295358, 0.0170529, -1.01441, 0.000483796
278.526, 0.030784, 0.0170523, -1.01438, 0.000504819
278.599, 0.0320323, 0.0170517, -1.01434, 0.000525841
278.672, 0.0332805, 0.017051, -1.0143, 0.000546862
278.746, 0.0345286, 0.0170503, -1.01426, 0.000567882
278.819, 0.0357767, 0.0170496, -1.01422, 0.000588901
278.892, 0.0370247, 0.0170489, -1.01418, 0.00060992
278.965, 0.0382727, 0.0170481, -1.01413, 0.000630937
279.038, 0.0395206, 0.0170473, -1.01409, 0.000651953
279.112, 0.0407685, 0.0170465, -1.01404, 0.000672969
279.185, 0.0420163, 0.0170456, -1.01399, 0.000693983
279.258, 0.043264, 0.0170448, -1.01394, 0.000714996
279.331, 0.0445117, 0.0170439, -1.01389, 0.000736008
279.404, 0.0457593, 0.017043, -1.01383, 0.000757019
279.478, 0.0470068, 0.017042, -1.01378, 0.000778028
279.551, 0.0482543, 0.017041, -1.01372, 0.000799036
279.624, 0.0495017, 0.01704, -1.01366, 0.000820043
279.697, 0.0507491, 0.017039, -1.0136, 0.000841049
279.77, 0.0519963, 0.017038, -1.01354, 0.000862053
279.844, 0.0532435, 0.0170369, -1.01348, 0.000883056
279.917, 0.0544906, 0.0170358, -1.01341, 0.000904058
279.99, 0.0557376, 0.0170346, -1.01335, 0.000925058
280.063, 0.0569845, 0.0170335, -1.01328, 0.000946056
280.136, 0.0582314, 0.0170323, -1.01321, 0.000967053
280.21, 0.0594782, 0.0170311, -1.01314, 0.000988049
280.283, 0.0607248, 0.0170299, -1.01307, 0.00100904
280.356, 0.0619714, 0.0170286, -1.01299, 0.00103004
280.429, 0.0632179, 0.0170273, -1.01292, 0.00105103
280.502, 0.0644643, 0.017026, -1.01284, 0.00107201
280.576, 0.0657106, 0.0170247, -1.01276, 0.001093
280.649, 0.0669568, 0.0170233, -1.01268, 0.00111399
280.722, 0.0682029, 0.0170219, -1.0126, 0.00113497
280.795, 0.0694489, 0.0170205, -1.01252, 0.00115595
280.868, 0.0706948, 0.0170191, -1.01243, 0.00117693
280.942, 0.0719406, 0.0170176, -1.01235, 0.00119791
281.015, 0.0731863, 0.0170161, -1.01226, 0.00121889
281.088, 0.0744319, 0.0170146, -1.01217, 0.00123986
281.161, 0.0756774, 0.0170131, -1.01208, 0.00126084
281.234, 0.0769227, 0.0170115, -1.01199, 0.00128181
281.308, 0.078168, 0.0170099, -1.01189, 0.00130278
281.381, 0.0794131, 0.0170083, -1.0118, 0.00132374
281.454, 0.0806581, 0.0170066, -1.0117, 0.00134471
281.527, 0.081903, 0.017005, -1.0116, 0.00136567
281.6, 0.0831478, 0.0170033, -1.0115, 0.00138663
281.674, 0.0843924, 0.0170015, -1.0114, 0.00140759
281.747, 0.0856369, 0.0169998, -1.0113, 0.00142854
281.82, 0.0868813, 0.016998, -1.01119, 0.0014495
281.893, 0.0881256, 0.0169962, -1.01109, 0.00147045
281.966, 0.0893697, 0.0169944, -1.01098, 0.0014914
282.04, 0.0906137, 0.0169925, -1.01087, 0.00151235
282.113, 0.0918575, 0.0169907, -1.01076, 0.00153329
282.186, 0.0931012, 0.0169888, -1.01065, 0.00155423
282.259, 0.0943448, 0.0169868, -1.01053, 0.00157517
282.332, 0.0955883, 0.0169849, -1.01042, 0.00159611
282.406, 0.0968315, 0.0169829, -1.0103, 0.00161704
282.479, 0.0980747, 0.0169809, -1.01018, 0.00163798
282.552, 0.0993177, 0.0169789, -1.01006, 0.00165891
282.625, 0.100561, 0.0169768, -1.00994, 0.00167983
282.698, 0.101803, 0.0169747, -1.00982, 0.00170076
282.772, 0.103046, 0.0169726, -1.00969, 0.00172168
282.845, 0.104288, 0.0169705, -1.00957, 0.0017426
282.918, 0.10553, 0.0169683, -1.00944, 0.00176351
282.991, 0.106773, 0.0169661, -1.00931, 0.00178443
283.064, 0.108014, 0.0169639, -1.00918, 0.00180534
283.138, 0.109256, 0.0169617, -1.00905, 0.00182625
283.211, 0.110498, 0.0169594, -1.00891, 0.00184715
283.284, 0.111739, 0.0169571, -1.00878, 0.00186806
283.357, 0.11298, 0.0169548, -1.00864, 0.00188895
283.43, 0.114222, 0.0169525, -1.0085, 0.00190985
283.504, 0.115462, 0.0169501, -1.00836, 0.00193075
283.577, 0.116703, 0.0169477, -1.00822, 0.00195164
283.65, 0.117944, 0.0169453, -1.00808, 0.00197252
283.723, 0.119184, 0.0169429, -1.00794, 0.00199341
283.796, 0.120424, 0.0169404, -1.00779, 0.00201429
283.87, 0.121664, 0.0169379, -1.00764, 0.00203517
283.943, 0.122904, 0.0169354, -1.00749, 0.00205604
284.016, 0.124144, 0.0169328, -1.00734, 0.00207692
284.089, 0.125383, 0.0169303, -1.00719, 0.00209778
284.162, 0.126623, 0.0169277, -1.00704, 0.00211865
284.236, 0.127862, 0.016925, -1.00688, 0.00213951
284.309, 0.129101, 0.0169224, -1.00673, 0.00216037
284.382, 0.130339, 0.0169197, -1.00657, 0.00218123
284.455, 0.131578, 0.016917, -1.00641, 0.00220208
284.528, 0.132816, 0.0169143, -1.00625, 0.00222293
284.602, 0.134054, 0.0169115, -1.00608, 0.00224377
284.675, 0.135292, 0.0169088, -1.00592, 0.00226462
284.748, 0.13653, 0.0169059, -1.00575, 0.00228545
284.821, 0.137768, 0.0169031, -1.00559, 0.00230629
284.894, 0.139005, 0.0169003, -1.00542, 0.00232712
284.968, 0.140242, 0.0168974, -1.00525, 0.00234795
285.041, 0.141479, 0.0168945, -1.00508, 0.00236877
285.114, 0.142716, 0.0168916, -1.0049, 0.00238959
285.187, 0.143952, 0.0168886, -1.00473, 0.00241041
285.26, 0.145188, 0.0168856, -1.00455, 0.00243122
285.334, 0.146424, 0.0168826, -1.00437, 0.00245203
285.407, 0.14766, 0.0168796, -1.00419, 0.00247284
285.48, 0.148896, 0.0168765, -1.00401, 0.00249364
285.553, 0.150131, 0.0168734, -1.00383, 0.00251444
285.626, 0.151366, 0.0168703, -1.00365, 0.00253523
285.7, 0.152601, 0.0168672, -1.00346, 0.00255602
285.773, 0.153836, 0.016864, -1.00327, 0.00257681
285.846, 0.15507, 0.0168608, -1.00309, 0.00259759
285.919, 0.156304, 0.0168576, -1.00289, 0.00261837
285.992, 0.157538, 0.0168544, -1.0027, 0.00263915
286.066, 0.158772, 0.0168511, -1.00251, 0.00265992
286.139, 0.160006, 0.0168478, -1.00232, 0.00268068
286.212, 0.161239, 0.0168445, -1.00212, 0.00270144
286.285, 0.162472, 0.0168412, -1.00192, 0.0027222
286.358, 0.163705, 0.0168378, -1.00172, 0.00274296
286.432, 0.164937, 0.0168344, -1.00152, 0.00276371
286.505, 0.16617, 0.016831, -1.00132, 0.00278445
286.578, 0.167402, 0.0168276, -1.00112, 0.00280519
286.651, 0.168633, 0.0168241, -1.00091, 0.00282593
286.724, 0.169865, 0.0168206, -1.0007, 0.00284666
286.798, 0.171096, 0.0168171, -1.00049, 0.00286739
286.871, 0.172327, 0.0168135, -1.00028, 0.00288811
286.944, 0.173558, 0.01681, -1.00007, 0.00290883
287.017, 0.174788, 0.0168064, -0.99986, 0.00292955
287.09, 0.176019, 0.0168028, -0.999646, 0.00295026
287.164, 0.177249, 0.0167991, -0.99943, 0.00297096
287.237, 0.178478, 0.0167954, -0.999213, 0.00299166
287.31, 0.179708, 0.0167917, -0.998994, 0.00301236
287.383, 0.180937, 0.016788, -0.998773, 0.00303305
287.456, 0.182166, 0.0167843, -0.998551, 0.00305374
287.53, 0.183394, 0.0167805, -0.998327, 0.00307442
287.603, 0.184623, 0.0167767, -0.998102, 0.0030951
287.676, 0.185851, 0.0167729, -0.997876, 0.00311577
287.749, 0.187079, 0.016769, -0.997648, 0.00313644
287.822, 0.188306, 0.0167652, -0.997418, 0.00315711
287.896, 0.189533, 0.0167613, -0.997187, 0.00317776
287.969, 0.19076, 0.0167573, -0.996954, 0.00319842
288.042, 0.191987, 0.0167534, -0.99672, 0.00321907
288.115, 0.193213, 0.0167494, -0.996485, 0.00323971
288.188, 0.194439, 0.0167454, -0.996248, 0.00326035
288.262, 0.195665, 0.0167414, -0.996009, 0.00328098
288.335, 0.19689, 0.0167373, -0.995769, 0.00330161
288.408, 0.198116, 0.0167332, -0.995527, 0.00332224
288.481, 0.19934, 0.0167291, -0.995284, 0.00334286
288.554, 0.200565, 0.016725, -0.995039, 0.00336347
288.628, 0.201789, 0.0167209, -0.994793, 0.00338408
288.701, 0.203013, 0.0167167, -0.994545, 0.00340468
288.774, 0.204237, 0.0167125, -0.994296, 0.00342528
288.847, 0.20546, 0.0167082, -0.994045, 0.00344587
288.92, 0.206683, 0.016704, -0.993793, 0.00346646
288.994, 0.207906, 0.0166997, -0.993539, 0.00348704
289.067, 0.209128, 0.0166954, -0.993284, 0.00350762
289.14, 0.210351, 0.0166911, -0.993027, 0.00352819
289.213, 0.211572, 0.0166867, -0.992769, 0.00354876
289.286, 0.212794, 0.0166823, -0.992509, 0.00356932
289.36, 0.214015, 0.0166779, -0.992248, 0.00358988
289.433, 0.215236, 0.0166735, -0.991985, 0.00361043
289.506, 0.216456, 0.016669, -0.991721, 0.00363097
289.579, 0.217676, 0.0166645, -0.991455, 0.00365151
289.652, 0.218896, 0.01666, -0.991188, 0.00367204
289.726, 0.220116, 0.0166555, -0.990919, 0.00369257
289.799, 0.221335, 0.0166509, -0.990649, 0.00371309
289.872, 0.222554, 0.0166464, -0.990377, 0.00373361
289.945, 0.223772, 0.0166418, -0.990104, 0.00375412
290.018, 0.224991, 0.0166371, -0.989829, 0.00377462
290.092, 0.226208, 0.0166325, -0.989553, 0.00379512
290.165, 0.227426, 0.0166278, -0.989275, 0.00381562
290.238, 0.228643, 0.0166231, -0.988995, 0.0038361
290.311, 0.22986, 0.0166183, -0.988715, 0.00385659
290.384, 0.231076, 0.0166136, -0.988432, 0.00387706
290.458, 0.232292, 0.0166088, -0.988149, 0.00389753
290.531, 0.233508, 0.016604, -0.987863, 0.003918
290.604, 0.234724, 0.0165991, -0.987576, 0.00393845
290.677, 0.235939, 0.0165943, -0.987288, 0.00395891
290.75, 0.237153, 0.0165894, -0.986998, 0.00397935
290.824, 0.238368, 0.0165845, -0.986707, 0.00399979
290.897, 0.239582, 0.0165795, -0.986414, 0.00402023
290.97, 0.240795, 0.0165746, -0.98612, 0.00404065
291.043, 0.242009, 0.0165696, -0.985824, 0.00406107
291.116, 0.243221, 0.0165646, -0.985527, 0.00408149
291.19, 0.244434, 0.0165595, -0.985228, 0.0041019
291.263, 0.245646, 0.0165545, -0.984928, 0.0041223
291.336, 0.246858, 0.0165494, -0.984626, 0.0041427
291.409, 0.248069, 0.0165443, -0.984323, 0.00416309
291.482, 0.24928, 0.0165392, -0.984018, 0.00418347
291.556, 0.250491, 0.016534, -0.983712, 0.00420385
291.629, 0.251701, 0.0165288, -0.983404, 0.00422422
291.702, 0.252911, 0.0165236, -0.983095, 0.00424458
291.775, 0.254121, 0.0165184, -0.982784, 0.00426494
291.848, 0.25533, 0.0165131, -0.982472, 0.00428529
291.922, 0.256539, 0.0165078, -0.982158, 0.00430564
291.995, 0.257747, 0.0165025, -0.981843, 0.00432598
292.068, 0.258955, 0.0164972, -0.981527, 0.00434631
292.141, 0.260163, 0.0164918, -0.981208, 0.00436663
292.214, 0.26137, 0.0164864, -0.980889, 0.00438695
292.288, 0.262577, 0.016481, -0.980568, 0.00440726
292.361, 0.263783, 0.0164756, -0.980245, 0.00442757
292.434, 0.264989, 0.0164701, -0.979921, 0.00444787
292.507, 0.266195, 0.0164646, -0.979595, 0.00446816
292.58, 0.2674, 0.0164591, -0.979268, 0.00448844
292.654, 0.268605, 0.0164536, -0.97894, 0.00450872
292.727, 0.269809, 0.016448, -0.97861, 0.00452899
292.8, 0.271013, 0.0164424, -0.978278, 0.00454926
292.873, 0.272217, 0.0164368, -0.977945, 0.00456951
292.946, 0.27342, 0.0164312, -0.977611, 0.00458976
293.02, 0.274623, 0.0164255, -0.977275, 0.00461001
293.093, 0.275825, 0.0164198, -0.976937, 0.00463024
293.166, 0.277027, 0.0164141, -0.976598, 0.00465047
293.239, 0.278228, 0.0164084, -0.976258, 0.0046707
293.312, 0.279429, 0.0164026, -0.975916, 0.00469091
293.386, 0.28063, 0.0163968, -0.975573, 0.00471112
293.459, 0.28183, 0.016391, -0.975228, 0.00473132
293.532, 0.28303, 0.0163852, -0.974882, 0.00475151
293.605, 0.28423, 0.0163793, -0.974534, 0.0047717
293.678, 0.285429, 0.0163734, -0.974184, 0.00479188
293.752, 0.286627, 0.0163675, -0.973834, 0.00481205
293.825, 0.287825, 0.0163616, -0.973481, 0.00483221
293.898, 0.289023, 0.0163556, -0.973128, 0.00485237
293.971, 0.29022, 0.0163496, -0.972773, 0.00487252
294.044, 0.291417, 0.0163436, -0.972416, 0.00489266
294.118, 0.292613, 0.0163376, -0.972058, 0.0049128
294.191, 0.293809, 0.0163315, -0.971698, 0.00493292
294.264, 0.295005, 0.0163254, -0.971337, 0.00495304
294.337, 0.2962, 0.0163193, -0.970974, 0.00497315
294.41, 0.297394, 0.0163132, -0.97061, 0.00499326
294.484, 0.298588, 0.016307, -0.970245, 0.00501336
294.557, 0.299782, 0.0163009, -0.969878, 0.00503345
294.63, 0.300975, 0.0162947, -0.969509, 0.00505353
294.703, 0.302168, 0.0162884, -0.96914, 0.0050736
294.776, 0.30336, 0.0162822, -0.968768, 0.00509367
294.85, 0.304552, 0.0162759, -0.968395, 0.00511373
294.923, 0.305744, 0.0162696, -0.968021, 0.00513378
294.996, 0.306935, 0.0162633, -0.967645, 0.00515382
295.069, 0.308125, 0.0162569, -0.967268, 0.00517385
295.142, 0.309315, 0.0162505, -0.966889, 0.00519388
295.216, 0.310505, 0.0162441, -0.966509, 0.0052139
295.289, 0.311694, 0.0162377, -0.966127, 0.00523391
295.362, 0.312882, 0.0162312, -0.965744, 0.00525392
295.435, 0.31407, 0.0162248, -0.96536, 0.00527391
295.508, 0.315258, 0.0162183, -0.964974, 0.0052939
295.582, 0.316445, 0.0162117, -0.964586, 0.00531388
295.655, 0.317632, 0.0162052, -0.964197, 0.00533385
295.728, 0.318818, 0.0161986, -0.963807, 0.00535381
295.801, 0.320004, 0.016192, -0.963415, 0.00537377
295.874, 0.321189, 0.0161854, -0.963021, 0.00539371
295.948, 0.322374, 0.0161787, -0.962627, 0.00541365
296.021, 0.323558, 0.016172, -0.96223, 0.00543358
296.094, 0.324742, 0.0161653, -0.961833, 0.0054535
296.167, 0.325925, 0.0161586, -0.961433, 0.00547342
296.24, 0.327108, 0.0161519, -0.961033, 0.00549332
296.314, 0.32829, 0.0161451, -0.960631, 0.00551322
296.387, 0.329472, 0.0161383, -0.960227, 0.00553311
296.46, 0.330653, 0.0161315, -0.959822, 0.00555299
296.533, 0.331834, 0.0161246, -0.959416, 0.00557286
296.606, 0.333015, 0.0161178, -0.959008, 0.00559272
296.68, 0.334194, 0.0161109, -0.958598, 0.00561258
296.753, 0.335374, 0.016104, -0.958187, 0.00563242
296.826, 0.336553, 0.016097, -0.957775, 0.00565226
296.899, 0.337731, 0.01609, -0.957361, 0.00567209
296.972, 0.338909, 0.0160831, -0.956946, 0.00569191
297.046, 0.340086, 0.016076, -0.956529, 0.00571172
297.119, 0.341263, 0.016069, -0.956111, 0.00573153
297.192, 0.342439, 0.0160619, -0.955692, 0.00575132
297.265, 0.343615, 0.0160548, -0.955271, 0.00577111
297.338, 0.34479, 0.0160477, -0.954848, 0.00579088
297.412, 0.345965, 0.0160406, -0.954425, 0.00581065
297.485, 0.347139, 0.0160334, -0.953999, 0.00583041
297.558, 0.348312, 0.0160262, -0.953572, 0.00585016
297.631, 0.349486, 0.016019, -0.953144, 0.0058699
297.704, 0.350658, 0.0160118, -0.952714, 0.00588963
297.778, 0.35183, 0.0160045, -0.952283, 0.00590936
297.851, 0.353002, 0.0159972, -0.951851, 0.00592907
297.924, 0.354173, 0.0159899, -0.951417, 0.00594878
297.997, 0.355343, 0.0159826, -0.950981, 0.00596847
298.07, 0.356513, 0.0159753, -0.950544, 0.00598816
298.144, 0.357683, 0.0159679, -0.950106, 0.00600784
298.217, 0.358851, 0.0159605, -0.949666, 0.00602751
298.29, 0.36002, 0.015953, -0.949225, 0.00604717
298.363, 0.361187, 0.0159456, -0.948782, 0.00606682
298.436, 0.362355, 0.0159381, -0.948338, 0.00608646
298.51, 0.363521, 0.0159306, -0.947893, 0.00610609
298.583, 0.364687, 0.0159231, -0.947446, 0.00612572
298.656, 0.365853, 0.0159155, -0.946997, 0.00614533
298.729, 0.367018, 0.015908, -0.946548, 0.00616494
298.802, 0.368182, 0.0159004, -0.946096, 0.00618453
298.876, 0.369346, 0.0158927, -0.945644, 0.00620412
298.949, 0.37051, 0.0158851, -0.94519, 0.00622369
299.022, 0.371673, 0.0158774, -0.944734, 0.00624326
299.095, 0.372835, 0.0158697, -0.944277, 0.00626282
299.168, 0.373996, 0.015862, -0.943818, 0.00628236
299.242, 0.375158, 0.0158543, -0.943359, 0.0063019
299.315, 0.376318, 0.0158465, -0.942897, 0.00632143
299.388, 0.377478, 0.0158387, -0.942435, 0.00634095
299.461, 0.378637, 0.0158309, -0.94197, 0.00636046
299.534, 0.379796, 0.0158231, -0.941505, 0.00637996
299.608, 0.380954, 0.0158152, -0.941038, 0.00639945
299.681, 0.382112, 0.0158073, -0.940569, 0.00641893
299.754, 0.383269, 0.0157994, -0.9401, 0.0064384
299.827, 0.384426, 0.0157915, -0.939628, 0.00645786
299.9, 0.385582, 0.0157835, -0.939156, 0.00647731
299.974, 0.386737, 0.0157755, -0.938681, 0.00649675
300.047, 0.387892, 0.0157675, -0.938206, 0.00651618
300.12, 0.389046, 0.0157595, -0.937729, 0.00653561
300.193, 0.3902, 0.0157514, -0.93725, 0.00655502
300.266, 0.391353, 0.0157434, -0.936771, 0.00657442
300.34, 0.392505, 0.0157353, -0.936289, 0.00659381
300.413, 0.393657, 0.0157271, -0.935807, 0.00661319
300.486, 0.394808, 0.015719, -0.935323, 0.00663256
300.559, 0.395959, 0.0157108, -0.934837, 0.00665192
300.632, 0.397109, 0.0157026, -0.93435, 0.00667128
300.706, 0.398258, 0.0156944, -0.933862, 0.00669062
300.779, 0.399407, 0.0156862, -0.933372, 0.00670995
300.852, 0.400555, 0.0156779, -0.932881, 0.00672927
300.925, 0.401703, 0.0156696, -0.932388, 0.00674858
300.998, 0.40285, 0.0156613, -0.931894, 0.00676788
301.072, 0.403996, 0.0156529, -0.931399, 0.00678717
301.145, 0.405142, 0.0156446, -0.930902, 0.00680645
301.218, 0.406287, 0.0156362, -0.930404, 0.00682572
301.291, 0.407432, 0.0156278, -0.929904, 0.00684498
301.364, 0.408576, 0.0156193, -0.929403, 0.00686423
301.438, 0.409719, 0.0156109, -0.928901, 0.00688346
301.511, 0.410862, 0.0156024, -0.928397, 0.00690269
301.584, 0.412004, 0.0155939, -0.927892, 0.00692191
301.657, 0.413145, 0.0155854, -0.927385, 0.00694112
301.73, 0.414286, 0.0155768, -0.926877, 0.00696031
301.804, 0.415426, 0.0155682, -0.926367, 0.0069795
301.877, 0.416566, 0.0155596, -0.925856, 0.00699867
301.95, 0.417705, 0.015551, -0.925344, 0.00701784
302.023, 0.418843, 0.0155424, -0.92483, 0.00703699
302.096, 0.419981, 0.0155337, -0.924315, 0.00705613
302.17, 0.421118, 0.015525, -0.923799, 0.00707527
302.243, 0.422255, 0.0155163, -0.923281, 0.00709439
302.316, 0.42339, 0.0155076, -0.922762, 0.0071135
302.389, 0.424525, 0.0154988, -0.922241, 0.0071326
302.462, 0.42566, 0.01549, -0.921719, 0.00715169
302.536, 0.426794, 0.0154812, -0.921195, 0.00717077
302.609, 0.427927, 0.0154724, -0.92067, 0.00718983
302.682, 0.42906, 0.0154635, -0.920144, 0.00720889
302.755, 0.430192, 0.0154546, -0.919616, 0.00722794
302.828, 0.431323, 0.0154457, -0.919087, 0.00724697
302.902, 0.432454, 0.0154368, -0.918557, 0.00726599
302.975, 0.433583, 0.0154278, -0.918025, 0.00728501
303.048, 0.434713, 0.0154189, -0.917492, 0.00730401
303.121, 0.435841, 0.0154099, -0.916957, 0.007323
303.194, 0.436969, 0.0154009, -0.916421, 0.00734198
303.268, 0.438097, 0.0153918, -0.915884, 0.00736095
303.341, 0.439223, 0.0153827, -0.915345, 0.0073799
303.414, 0.44035, 0.0153736, -0.914805, 0.00739885
303.487, 0.441475, 0.0153645, -0.914263, 0.00741778
303.56, 0.4426, 0.0153554, -0.91372, 0.00743671
303.634, 0.443724, 0.0153462, -0.913176, 0.00745562
303.707, 0.444847, 0.015337, -0.91263, 0.00747452
303.78, 0.44597, 0.0153278, -0.912083, 0.00749341
303.853, 0.447092, 0.0153186, -0.911534, 0.00751229
303.926, 0.448213, 0.0153094, -0.910984, 0.00753115
304, 0.449334, 0.0153001, -0.910433, 0.00755001
304.073, 0.450454, 0.0152908, -0.90988, 0.00756885
304.146, 0.451573, 0.0152815, -0.909326, 0.00758769
304.219, 0.452691, 0.0152721, -0.908771, 0.00760651
304.292, 0.453809, 0.0152627, -0.908214, 0.00762532
304.366, 0.454927, 0.0152533, -0.907656, 0.00764411
304.439, 0.456043, 0.0152439, -0.907096, 0.0076629
304.512, 0.457159, 0.0152345, -0.906535, 0.00768167
304.585, 0.458274, 0.015225, -0.905973, 0.00770044
304.658, 0.459389, 0.0152155, -0.905409, 0.00771919
304.732, 0.460502, 0.015206, -0.904844, 0.00773793
304.805, 0.461615, 0.0151965, -0.904278, 0.00775665
304.878, 0.462728, 0.015187, -0.90371, 0.00777537
304.951, 0.46384, 0.0151774, -0.903141, 0.00779407
305.024, 0.46495, 0.0151678, -0.902571, 0.00781277
305.098, 0.466061, 0.0151582, -0.901999, 0.00783145
305.171, 0.46717, 0.0151485, -0.901425, 0.00785012
305.244, 0.468279, 0.0151388, -0.900851, 0.00786877
305.317, 0.469387, 0.0151291, -0.900275, 0.00788742
305.39, 0.470495, 0.0151194, -0.899697, 0.00790605
305.464, 0.471602, 0.0151097, -0.899119, 0.00792467
305.537, 0.472708, 0.0150999, -0.898539, 0.00794328
305.61, 0.473813, 0.0150902, -0.897957, 0.00796188
305.683, 0.474918, 0.0150803, -0.897374, 0.00798046
305.756, 0.476021, 0.0150705, -0.89679, 0.00799903
305.83, 0.477125, 0.0150607, -0.896205, 0.00801759
305.903, 0.478227, 0.0150508, -0.895618, 0.00803614
305.976, 0.479329, 0.0150409, -0.895029, 0.00805468
306.049, 0.48043, 0.015031, -0.89444, 0.0080732
306.122, 0.48153, 0.015021, -0.893849, 0.00809171
306.196, 0.48263, 0.0150111, -0.893257, 0.00811021
306.269, 0.483728, 0.0150011, -0.892663, 0.0081287
306.342, 0.484826, 0.0149911, -0.892068, 0.00814717
306.415, 0.485924, 0.014981, -0.891472, 0.00816564
306.488, 0.48702, 0.014971, -0.890874, 0.00818409
306.562, 0.488116, 0.0149609, -0.890275, 0.00820252
306.635, 0.489211, 0.0149508, -0.889674, 0.00822095
306.708, 0.490306, 0.0149407, -0.889073, 0.00823936
306.781, 0.491399, 0.0149305, -0.888469, 0.00825776
306.854, 0.492492, 0.0149203, -0.887865, 0.00827615
306.928, 0.493585, 0.0149102, -0.887259, 0.00829452
307.001, 0.494676, 0.0148999, -0.886652, 0.00831288
307.074, 0.495767, 0.0148897, -0.886043, 0.00833123
307.147, 0.496857, 0.0148794, -0.885434, 0.00834957
307.22, 0.497946, 0.0148692, -0.884822, 0.0083679
307.294, 0.499034, 0.0148589, -0.88421, 0.00838621
307.367, 0.500122, 0.0148485, -0.883596, 0.00840451
307.44, 0.501209, 0.0148382, -0.882981, 0.00842279
307.513, 0.502295, 0.0148278, -0.882364, 0.00844107
307.586, 0.50338, 0.0148174, -0.881746, 0.00845933
307.66, 0.504465, 0.014807, -0.881127, 0.00847758
307.733, 0.505549, 0.0147966, -0.880507, 0.00849581
307.806, 0.506632, 0.0147861, -0.879885, 0.00851403
307.879, 0.507714, 0.0147756, -0.879261, 0.00853224
307.952, 0.508796, 0.0147651, -0.878637, 0.00855044
308.026, 0.509877, 0.0147546, -0.878011, 0.00856862
308.099, 0.510957, 0.014744, -0.877384, 0.00858679
308.172, 0.512036, 0.0147334, -0.876755, 0.00860495
308.245, 0.513114, 0.0147228, -0.876125, 0.00862309
308.318, 0.514192, 0.0147122, -0.875494, 0.00864122
308.392, 0.515269, 0.0147016, -0.874862, 0.00865934
308.465, 0.516345, 0.0146909, -0.874228, 0.00867745
308.538, 0.517421, 0.0146802, -0.873593, 0.00869554
308.611, 0.518495, 0.0146695, -0.872956, 0.00871362
308.684, 0.519569, 0.0146588, -0.872318, 0.00873168
308.758, 0.520642, 0.014648, -0.871679, 0.00874974
308.831, 0.521714, 0.0146373, -0.871039, 0.00876777
308.904, 0.522786, 0.0146265, -0.870397, 0.0087858
308.977, 0.523856, 0.0146157, -0.869754, 0.00880381
309.05, 0.524926, 0.0146048, -0.869109, 0.00882181
309.124, 0.525995, 0.014594, -0.868463, 0.0088398
309.197, 0.527064, 0.0145831, -0.867816, 0.00885777
309.27, 0.528131, 0.0145722, -0.867168, 0.00887573
309.343, 0.529198, 0.0145612, -0.866518, 0.00889367
309.416, 0.530264, 0.0145503, -0.865867, 0.00891161
309.49, 0.531329, 0.0145393, -0.865215, 0.00892952
309.563, 0.532393, 0.0145283, -0.864561, 0.00894743
309.636, 0.533456, 0.0145173, -0.863906, 0.00896532
309.709, 0.534519, 0.0145063, -0.86325, 0.0089832
309.782, 0.535581, 0.0144952, -0.862593, 0.00900106
309.856, 0.536642, 0.0144841, -0.861934, 0.00901891
309.929, 0.537702, 0.014473, -0.861273, 0.00903675
310.002, 0.538762, 0.0144619, -0.860612, 0.00905457
310.075, 0.53982, 0.0144507, -0.859949, 0.00907238
310.148, 0.540878, 0.0144396, -0.859285, 0.00909018
310.222, 0.541935, 0.0144284, -0.85862, 0.00910796
310.295, 0.542991, 0.0144172, -0.857953, 0.00912573
310.368, 0.544047, 0.0144059, -0.857285, 0.00914348
310.441, 0.545101, 0.0143947, -0.856616, 0.00916122
310.514, 0.546155, 0.0143834, -0.855945, 0.00917895
310.588, 0.547208, 0.0143721, -0.855273, 0.00919666
310.661, 0.54826, 0.0143608, -0.8546, 0.00921436
310.734, 0.549311, 0.0143494, -0.853925, 0.00923204
310.807, 0.550361, 0.014338, -0.85325, 0.00924971
310.88, 0.551411, 0.0143267, -0.852573, 0.00926737
310.954, 0.552459, 0.0143152, -0.851894, 0.00928501
311.027, 0.553507, 0.0143038, -0.851215, 0.00930264
311.1, 0.554554, 0.0142924, -0.850534, 0.00932025
311.173, 0.555601, 0.0142809, -0.849851, 0.00933785
311.246, 0.556646, 0.0142694, -0.849168, 0.00935544
311.32, 0.55769, 0.0142579, -0.848483, 0.00937301
311.393, 0.558734, 0.0142463, -0.847797, 0.00939057
311.466, 0.559777, 0.0142348, -0.84711, 0.00940811
311.539, 0.560819, 0.0142232, -0.846421, 0.00942564
311.612, 0.56186, 0.0142116, -0.845731, 0.00944316
311.686, 0.5629, 0.0141999, -0.84504, 0.00946066
311.759, 0.56394, 0.0141883, -0.844347, 0.00947814
311.832, 0.564978, 0.0141766, -0.843653, 0.00949562
311.905, 0.566016, 0.0141649, -0.842958, 0.00951307
311.978, 0.567053, 0.0141532, -0.842262, 0.00953052
312.052, 0.568089, 0.0141415, -0.841564, 0.00954794
312.125, 0.569124, 0.0141297, -0.840865, 0.00956536
312.198, 0.570158, 0.014118, -0.840165, 0.00958276
312.271, 0.571192, 0.0141062, -0.839464, 0.00960014
312.344, 0.572224, 0.0140943, -0.838761, 0.00961751
312.418, 0.573256, 0.0140825, -0.838057, 0.00963487
312.491, 0.574287, 0.0140706, -0.837352, 0.00965221
312.564, 0.575317, 0.0140588, -0.836645, 0.00966954
312.637, 0.576346, 0.0140469, -0.835937, 0.00968685
312.71, 0.577374, 0.0140349, -0.835228, 0.00970415
312.784, 0.578402, 0.014023, -0.834518, 0.00972143
312.857, 0.579428, 0.014011, -0.833806, 0.0097387
312.93, 0.580454, 0.013999, -0.833093, 0.00975595
313.003, 0.581479, 0.013987, -0.832379, 0.00977319
313.076, 0.582502, 0.013975, -0.831664, 0.00979041
313.15, 0.583525, 0.0139629, -0.830947, 0.00980762
313.223, 0.584547, 0.0139509, -0.830229, 0.00982482
313.296, 0.585569, 0.0139388, -0.82951, 0.00984199
313.369, 0.586589, 0.0139266, -0.82879, 0.00985916
313.442, 0.587608, 0.0139145, -0.828068, 0.00987631
313.516, 0.588627, 0.0139023, -0.827345, 0.00989344
313.589, 0.589645, 0.0138902, -0.826621, 0.00991056
313.662, 0.590661, 0.013878, -0.825895, 0.00992767
313.735, 0.591677, 0.0138657, -0.825169, 0.00994476
313.808, 0.592692, 0.0138535, -0.824441, 0.00996183
313.882, 0.593706, 0.0138412, -0.823712, 0.00997889
313.955, 0.594719, 0.013829, -0.822981, 0.00999593
314.028, 0.595732, 0.0138166, -0.822249, 0.010013
314.101, 0.596743, 0.0138043, -0.821517, 0.01003
314.174, 0.597754, 0.013792, -0.820782, 0.010047
314.248, 0.598763, 0.0137796, -0.820047, 0.010064
314.321, 0.599772, 0.0137672, -0.81931, 0.0100809
314.394, 0.60078, 0.0137548, -0.818572, 0.0100979
314.467, 0.601786, 0.0137424, -0.817833, 0.0101148
314.54, 0.602792, 0.0137299, -0.817093, 0.0101317
314.614, 0.603797, 0.0137174, -0.816351, 0.0101486
314.687, 0.604801, 0.013705, -0.815608, 0.0101655
314.76, 0.605805, 0.0136924, -0.814864, 0.0101824
314.833, 0.606807, 0.0136799, -0.814119, 0.0101993
314.906, 0.607808, 0.0136673, -0.813372, 0.0102161
314.98, 0.608809, 0.0136548, -0.812624, 0.0102329
315.053, 0.609808, 0.0136422, -0.811875, 0.0102498
315.126, 0.610807, 0.0136296, -0.811125, 0.0102666
315.199, 0.611805, 0.0136169, -0.810373, 0.0102833
315.272, 0.612801, 0.0136043, -0.809621, 0.0103001
315.346, 0.613797, 0.0135916, -0.808867, 0.0103169
315.419, 0.614792, 0.0135789, -0.808112, 0.0103336
315.492, 0.615786, 0.0135662, -0.807355, 0.0103503
315.565, 0.616779, 0.0135534, -0.806597, 0.010367
315.638, 0.617771, 0.0135407, -0.805839, 0.0103837
315.712, 0.618762, 0.0135279, -0.805079, 0.0104004
315.785, 0.619753, 0.0135151, -0.804317, 0.010417
315.858, 0.620742, 0.0135023, -0.803555, 0.0104337
315.931, 0.62173, 0.0134894, -0.802791, 0.0104503
316.004, 0.622718, 0.0134765, -0.802026, 0.0104669
316.078, 0.623704, 0.0134637, -0.80126, 0.0104835
316.151, 0.62469, 0.0134508, -0.800492, 0.0105001
316.224, 0.625674, 0.0134378, -0.799724, 0.0105167
316.297, 0.626658, 0.0134249, -0.798954, 0.0105332
316.37, 0.627641, 0.0134119, -0.798183, 0.0105497
316.444, 0.628622, 0.0133989, -0.797411, 0.0105662
316.517, 0.629603, 0.0133859, -0.796637, 0.0105827
316.59, 0.630583, 0.0133729, -0.795863, 0.0105992
316.663, 0.631562, 0.0133599, -0.795087, 0.0106157
316.736, 0.63254, 0.0133468, -0.79431, 0.0106321
316.81, 0.633517, 0.0133337, -0.793531, 0.0106486
316.883, 0.634493, 0.0133206, -0.792752, 0.010665
316.956, 0.635468, 0.0133075, -0.791971, 0.0106814
317.029, 0.636442, 0.0132943, -0.791189, 0.0106978
317.102, 0.637415, 0.0132811, -0.790406, 0.0107142
317.176, 0.638387, 0.013268, -0.789622, 0.0107305
317.249, 0.639359, 0.0132548, -0.788837, 0.0107468
317.322, 0.640329, 0.0132415, -0.78805, 0.0107632
317.395, 0.641298, 0.0132283, -0.787262, 0.0107795
317.468, 0.642267, 0.013215, -0.786473, 0.0107958
317.542, 0.643234, 0.0132017, -0.785683, 0.010812
317.615, 0.6442, 0.0131884, -0.784891, 0.0108283
317.688, 0.645166, 0.0131751, -0.784099, 0.0108445
317.761, 0.64613, 0.0131617, -0.783305, 0.0108607
317.834, 0.647093, 0.0131484, -0.78251, 0.010877
317.908, 0.648056, 0.013135, -0.781714, 0.0108931
317.981, 0.649017, 0.0131216, -0.780916, 0.0109093
318.054, 0.649978, 0.0131081, -0.780118, 0.0109255
318.127, 0.650937, 0.0130947, -0.779318, 0.0109416
318.2, 0.651896, 0.0130812, -0.778517, 0.0109577
318.274, 0.652854, 0.0130677, -0.777715, 0.0109738
318.347, 0.65381, 0.0130542, -0.776912, 0.0109899
318.42, 0.654766, 0.0130407, -0.776107, 0.011006
318.493, 0.65572, 0.0130272, -0.775302, 0.0110221
318.566, 0.656674, 0.0130136, -0.774495, 0.0110381
318.64, 0.657626, 0.013, -0.773687, 0.0110541
318.713, 0.658578, 0.0129864, -0.772878, 0.0110701
318.786, 0.659529, 0.0129728, -0.772067, 0.0110861
318.859, 0.660478, 0.0129591, -0.771256, 0.0111021
318.932, 0.661427, 0.0129455, -0.770443, 0.0111181
319.006, 0.662374, 0.0129318, -0.769629, 0.011134
319.079, 0.663321, 0.0129181, -0.768814, 0.0111499
319.152, 0.664267, 0.0129044, -0.767998, 0.0111658
319.225, 0.665211, 0.0128906, -0.767181, 0.0111817
319.298, 0.666155, 0.0128768, -0.766362, 0.0111976
319.372, 0.667097, 0.0128631, -0.765543, 0.0112134
319.445, 0.668039, 0.0128493, -0.764722, 0.0112293
319.518, 0.66898, 0.0128354, -0.7639, 0.0112451
319.591, 0.669919, 0.0128216, -0.763077, 0.0112609
319.664, 0.670858, 0.0128077, -0.762252, 0.0112767
319.738, 0.671795, 0.0127939, -0.761427, 0.0112925
319.811, 0.672732, 0.01278, -0.7606, 0.0113082
319.884, 0.673667, 0.012766, -0.759772, 0.011324
319.957, 0.674602, 0.0127521, -0.758944, 0.0113397
320.03, 0.675535, 0.0127382, -0.758113, 0.0113554
320.104, 0.676468, 0.0127242, -0.757282, 0.0113711
320.177, 0.677399, 0.0127102, -0.75645, 0.0113867
320.25, 0.678329, 0.0126962, -0.755616, 0.0114024
320.323, 0.679259, 0.0126821, -0.754782, 0.011418
320.396, 0.680187, 0.0126681, -0.753946, 0.0114336
320.47, 0.681114, 0.012654, -0.753109, 0.0114492
320.543, 0.682041, 0.0126399, -0.752271, 0.0114648
320.616, 0.682966, 0.0126258, -0.751432, 0.0114804
320.689, 0.68389, 0.0126117, -0.750591, 0.0114959
320.762, 0.684813, 0.0125975, -0.74975, 0.0115114
320.836, 0.685735, 0.0125834, -0.748907, 0.011527
320.909, 0.686656, 0.0125692, -0.748063, 0.0115424
320.982, 0.687577, 0.012555, -0.747218, 0.0115579
321.055, 0.688496, 0.0125407, -0.746372, 0.0115734
321.128, 0.689414, 0.0125265, -0.745525, 0.0115888
321.202, 0.69033, 0.0125122, -0.744677, 0.0116042
321.275, 0.691246, 0.012498, -0.743828, 0.0116197
321.348, 0.692161, 0.0124837, -0.742977, 0.011635
321.421, 0.693075, 0.0124693, -0.742125, 0.0116504
321.494, 0.693988, 0.012455, -0.741272, 0.0116658
321.568, 0.694899, 0.0124406, -0.740419, 0.0116811
321.641, 0.69581, 0.0124263, -0.739564, 0.0116964
321.714, 0.69672, 0.0124119, -0.738707, 0.0117117
321.787, 0.697628, 0.0123975, -0.73785, 0.011727
321.86, 0.698536, 0.012383, -0.736992, 0.0117423
321.934, 0.699442, 0.0123686, -0.736132, 0.0117575
322.007, 0.700348, 0.0123541, -0.735271, 0.0117727
322.08, 0.701252, 0.0123396, -0.73441, 0.011788
322.153, 0.702155, 0.0123251, -0.733547, 0.0118031
322.226, 0.703057, 0.0123106, -0.732683, 0.0118183
322.3, 0.703959, 0.012296, -0.731818, 0.0118335
322.373, 0.704859, 0.0122815, -0.730951, 0.0118486
322.446, 0.705758, 0.0122669, -0.730084, 0.0118637
322.519, 0.706656, 0.0122523, -0.729216, 0.0118788
322.592, 0.707552, 0.0122377, -0.728346, 0.0118939
322.666, 0.708448, 0.012223, -0.727476, 0.011909
322.739, 0.709343, 0.0122084, -0.726604, 0.011924
322.812, 0.710237, 0.0121937, -0.725731, 0.0119391
322.885, 0.711129, 0.012179, -0.724857, 0.0119541
322.958, 0.712021, 0.0121643, -0.723982, 0.0119691
323.032, 0.712911, 0.0121496, -0.723106, 0.0119841
323.105, 0.7138, 0.0121348, -0.722229, 0.011999
323.178, 0.714689, 0.01212, -0.72135, 0.012014
323.251, 0.715576, 0.0121053, -0.720471, 0.0120289
323.324, 0.716462, 0.0120905, -0.71959, 0.0120438
323.398, 0.717347, 0.0120756, -0.718709, 0.0120587
323.471, 0.718231, 0.0120608, -0.717826, 0.0120735
323.544, 0.719114, 0.0120459, -0.716942, 0.0120884
323.617, 0.719996, 0.0120311, -0.716057, 0.0121032
323.69, 0.720876, 0.0120162, -0.715171, 0.012118
323.764, 0.721756, 0.0120013, -0.714284, 0.0121328
323.837, 0.722634, 0.0119863, -0.713396, 0.0121476
323.91, 0.723512, 0.0119714, -0.712507, 0.0121624
323.983, 0.724388, 0.0119564, -0.711617, 0.0121771
324.056, 0.725263, 0.0119414, -0.710725, 0.0121918
324.13, 0.726137, 0.0119264, -0.709833, 0.0122065
324.203, 0.72701, 0.0119114, -0.708939, 0.0122212
324.276, 0.727882, 0.0118964, -0.708045, 0.0122359
324.349, 0.728753, 0.0118813, -0.707149, 0.0122505
324.422, 0.729623, 0.0118662, -0.706252, 0.0122652
324.496, 0.730491, 0.0118511, -0.705355, 0.0122798
324.569, 0.731359, 0.011836, -0.704456, 0.0122944
324.642, 0.732225, 0.0118209, -0.703556, 0.0123089
324.715, 0.733091, 0.0118057, -0.702655, 0.0123235
324.788, 0.733955, 0.0117906, -0.701753, 0.012338
324.862, 0.734818, 0.0117754, -0.70085, 0.0123525
324.935, 0.73568, 0.0117602, -0.699945, 0.012367
325.008, 0.736541, 0.011745, -0.69904, 0.0123815
325.081, 0.7374, 0.0117297, -0.698134, 0.012396
325.154, 0.738259, 0.0117145, -0.697226, 0.0124104
325.228, 0.739116, 0.0116992, -0.696318, 0.0124248
325.301, 0.739973, 0.0116839, -0.695408, 0.0124393
325.374, 0.740828, 0.0116686, -0.694498, 0.0124536
325.447, 0.741682, 0.0116533, -0.693586, 0.012468
325.52, 0.742535, 0.0116379, -0.692674, 0.0124824
325.594, 0.743387, 0.0116226, -0.69176, 0.0124967
325.667, 0.744238, 0.0116072, -0.690845, 0.012511
325.74, 0.745088, 0.0115918, -0.689929, 0.0125253
325.813, 0.745936, 0.0115764, -0.689013, 0.0125396
325.886, 0.746784, 0.011561, -0.688095, 0.0125538
325.96, 0.74763, 0.0115455, -0.687176, 0.012568
326.033, 0.748475, 0.0115301, -0.686256, 0.0125823
326.106, 0.749319, 0.0115146, -0.685335, 0.0125965
326.179, 0.750162, 0.0114991, -0.684413, 0.0126106
326.252, 0.751004, 0.0114836, -0.68349, 0.0126248
326.326, 0.751844, 0.011468, -0.682565, 0.0126389
326.399, 0.752684, 0.0114525, -0.68164, 0.012653
326.472, 0.753522, 0.0114369, -0.680714, 0.0126671
326.545, 0.754359, 0.0114213, -0.679787, 0.0126812
326.618, 0.755195, 0.0114057, -0.678859, 0.0126953
326.692, 0.75603, 0.0113901, -0.677929, 0.0127093
326.765, 0.756864, 0.0113744, -0.676999, 0.0127234
326.838, 0.757696, 0.0113588, -0.676068, 0.0127374
326.911, 0.758528, 0.0113431, -0.675135, 0.0127513
326.984, 0.759358, 0.0113274, -0.674202, 0.0127653
327.058, 0.760187, 0.0113117, -0.673267, 0.0127793
327.131, 0.761015, 0.011296, -0.672332, 0.0127932
327.204, 0.761842, 0.0112802, -0.671395, 0.0128071
327.277, 0.762668, 0.0112645, -0.670458, 0.012821
327.35, 0.763492, 0.0112487, -0.669519, 0.0128349
327.424, 0.764316, 0.0112329, -0.66858, 0.0128487
327.497, 0.765138, 0.0112171, -0.667639, 0.0128625
327.57, 0.765959, 0.0112013, -0.666698, 0.0128763
327.643, 0.766779, 0.0111854, -0.665755, 0.0128901
327.716, 0.767598, 0.0111696, -0.664812, 0.0129039
327.79, 0.768416, 0.0111537, -0.663867, 0.0129177
327.863, 0.769232, 0.0111378, -0.662922, 0.0129314
327.936, 0.770047, 0.0111219, -0.661975, 0.0129451
328.009, 0.770861, 0.011106, -0.661028, 0.0129588
328.082, 0.771674, 0.01109, -0.660079, 0.0129725
328.156, 0.772486, 0.011074, -0.659129, 0.0129861
328.229, 0.773297, 0.0110581, -0.658179, 0.0129998
328.302, 0.774106, 0.0110421, -0.657227, 0.0130134
328.375, 0.774914, 0.0110261, -0.656275, 0.013027
328.448, 0.775722, 0.01101, -0.655321, 0.0130405
328.522, 0.776528, 0.010994, -0.654366, 0.0130541
328.595, 0.777332, 0.0109779, -0.653411, 0.0130676
328.668, 0.778136, 0.0109618, -0.652454, 0.0130812
328.741, 0.778938, 0.0109457, -0.651497, 0.0130946
328.814, 0.77974, 0.0109296, -0.650538, 0.0131081
328.888, 0.78054, 0.0109135, -0.649579, 0.0131216
328.961, 0.781338, 0.0108974, -0.648618, 0.013135
329.034, 0.782136, 0.0108812, -0.647657, 0.0131484
329.107, 0.782933, 0.010865, -0.646694, 0.0131618
329.18, 0.783728, 0.0108488, -0.645731, 0.0131752
329.254, 0.784522, 0.0108326, -0.644766, 0.0131886
329.327, 0.785315, 0.0108164, -0.643801, 0.0132019
329.4, 0.786107, 0.0108001, -0.642835, 0.0132152
329.473, 0.786897, 0.0107839, -0.641867, 0.0132285
329.546, 0.787687, 0.0107676, -0.640899, 0.0132418
329.62, 0.788475, 0.0107513, -0.63993, 0.0132551
329.693, 0.789262, 0.010735, -0.638959, 0.0132683
329.766, 0.790048, 0.0107187, -0.637988, 0.0132815
329.839, 0.790832, 0.0107023, -0.637016, 0.0132947
329.912, 0.791616, 0.010686, -0.636043, 0.0133079
329.986, 0.792398, 0.0106696, -0.635069, 0.013321
330.059, 0.793179, 0.0106532, -0.634094, 0.0133342
330.132, 0.793959, 0.0106368, -0.633117, 0.0133473
330.205, 0.794737, 0.0106204, -0.63214, 0.0133604
330.278, 0.795515, 0.0106039, -0.631162, 0.0133735
330.352, 0.796291, 0.0105875, -0.630184, 0.0133865
330.425, 0.797066, 0.010571, -0.629204, 0.0133996
330.498, 0.79784, 0.0105545, -0.628223, 0.0134126
330.571, 0.798612, 0.010538, -0.627241, 0.0134256
330.644, 0.799384, 0.0105215, -0.626258, 0.0134385
330.718, 0.800154, 0.010505, -0.625275, 0.0134515
330.791, 0.800923, 0.0104884, -0.62429, 0.0134644
330.864, 0.801691, 0.0104718, -0.623304, 0.0134773
330.937, 0.802457, 0.0104553, -0.622318, 0.0134902
331.01, 0.803223, 0.0104387, -0.62133, 0.0135031
331.084, 0.803987, 0.0104221, -0.620342, 0.013516
331.157, 0.80475, 0.0104054, -0.619353, 0.0135288
331.23, 0.805511, 0.0103888, -0.618362, 0.0135416
331.303, 0.806272, 0.0103721, -0.617371, 0.0135544
331.376, 0.807031, 0.0103554, -0.616379, 0.0135672
331.45, 0.807789, 0.0103387, -0.615386, 0.0135799
331.523, 0.808546, 0.010322, -0.614392, 0.0135926
331.596, 0.809301, 0.0103053, -0.613397, 0.0136053
331.669, 0.810056, 0.0102886, -0.612401, 0.013618
331.742, 0.810809, 0.0102718, -0.611404, 0.0136307
331.816, 0.811561, 0.010255, -0.610406, 0.0136433
331.889, 0.812311, 0.0102383, -0.609407, 0.013656
331.962, 0.813061, 0.0102215, -0.608408, 0.0136686
332.035, 0.813809, 0.0102046, -0.607407, 0.0136812
332.108, 0.814556, 0.0101878, -0.606406, 0.0136937
332.182, 0.815302, 0.010171, -0.605403, 0.0137063
332.255, 0.816046, 0.0101541, -0.6044, 0.0137188
332.328, 0.81679, 0.0101372, -0.603396, 0.0137313
332.401, 0.817532, 0.0101203, -0.602391, 0.0137438
332.474, 0.818272, 0.0101034, -0.601385, 0.0137562
332.548, 0.819012, 0.0100865, -0.600378, 0.0137687
332.621, 0.81975, 0.0100695, -0.59937, 0.0137811
332.694, 0.820487, 0.0100526, -0.598361, 0.0137935
332.767, 0.821223, 0.0100356, -0.597351, 0.0138059
332.84, 0.821958, 0.0100186, -0.596341, 0.0138182
332.914, 0.822691, 0.0100016, -0.595329, 0.0138306
332.987, 0.823423, 0.00998461, -0.594317, 0.0138429
333.06, 0.824154, 0.00996758, -0.593304, 0.0138552
333.133, 0.824884, 0.00995053, -0.592289, 0.0138674
333.206, 0.825612, 0.00993347, -0.591274, 0.0138797
333.28, 0.826339, 0.00991639, -0.590258, 0.0138919
333.353, 0.827065, 0.0098993, -0.589241, 0.0139041
333.426, 0.82779, 0.00988219, -0.588224, 0.0139163
333.499, 0.828513, 0.00986507, -0.587205, 0.0139285
333.572, 0.829235, 0.00984793, -0.586185, 0.0139406
333.646, 0.829956, 0.00983078, -0.585165, 0.0139527
333.719, 0.830676, 0.00981362, -0.584144, 0.0139649
333.792, 0.831394, 0.00979643, -0.583121, 0.0139769
333.865, 0.832111, 0.00977924, -0.582098, 0.013989
333.938, 0.832827, 0.00976203, -0.581074, 0.014001
334.012, 0.833542, 0.0097448, -0.580049, 0.0140131
334.085, 0.834255, 0.00972756, -0.579024, 0.0140251
334.158, 0.834967, 0.0097103, -0.577997, 0.014037
334.231, 0.835678, 0.00969303, -0.57697, 0.014049
334.304, 0.836387, 0.00967575, -0.575941, 0.0140609
334.378, 0.837096, 0.00965845, -0.574912, 0.0140728
334.451, 0.837803, 0.00964114, -0.573882, 0.0140847
334.524, 0.838508, 0.00962381, -0.572851, 0.0140966
334.597, 0.839213, 0.00960646, -0.571819, 0.0141084
334.67, 0.839916, 0.00958911, -0.570786, 0.0141203
334.744, 0.840618, 0.00957173, -0.569753, 0.0141321
334.817, 0.841319, 0.00955435, -0.568718, 0.0141439
334.89, 0.842018, 0.00953694, -0.567683, 0.0141556
334.963, 0.842716, 0.00951953, -0.566647, 0.0141674
335.036, 0.843413, 0.0095021, -0.56561, 0.0141791
335.11, 0.844108, 0.00948465, -0.564572, 0.0141908
335.183, 0.844803, 0.0094672, -0.563533, 0.0142025
335.256, 0.845496, 0.00944972, -0.562493, 0.0142141
335.329, 0.846187, 0.00943223, -0.561453, 0.0142257
335.402, 0.846878, 0.00941473, -0.560411, 0.0142374
335.476, 0.847567, 0.00939722, -0.559369, 0.014249
335.549, 0.848255, 0.00937969, -0.558326, 0.0142605
335.622, 0.848942, 0.00936214, -0.557282, 0.0142721
335.695, 0.849627, 0.00934458, -0.556238, 0.0142836
335.768, 0.850311, 0.00932701, -0.555192, 0.0142951
335.842, 0.850994, 0.00930942, -0.554146, 0.0143066
335.915, 0.851675, 0.00929182, -0.553098, 0.014318
335.988, 0.852355, 0.00927421, -0.55205, 0.0143295
336.061, 0.853034, 0.00925658, -0.551001, 0.0143409
336.134, 0.853712, 0.00923893, -0.549952, 0.0143523
336.208, 0.854388, 0.00922128, -0.548901, 0.0143637
336.281, 0.855063, 0.0092036, -0.54785, 0.014375
336.354, 0.855737, 0.00918592, -0.546797, 0.0143864
336.427, 0.856409, 0.00916822, -0.545744, 0.0143977
336.5, 0.85708, 0.00915051, -0.54469, 0.014409
336.574, 0.85775, 0.00913278, -0.543636, 0.0144202
336.647, 0.858418, 0.00911504, -0.54258, 0.0144315
336.72, 0.859086, 0.00909728, -0.541524, 0.0144427
336.793, 0.859752, 0.00907952, -0.540467, 0.0144539
336.866, 0.860416, 0.00906173, -0.539409, 0.0144651
336.94, 0.86108, 0.00904394, -0.53835, 0.0144762
337.013, 0.861742, 0.00902613, -0.53729, 0.0144874
337.086, 0.862402, 0.0090083, -0.53623, 0.0144985
337.159, 0.863062, 0.00899047, -0.535168, 0.0145096
337.232, 0.86372, 0.00897262, -0.534106, 0.0145206
337.306, 0.864377, 0.00895475, -0.533043, 0.0145317
337.379, 0.865032, 0.00893688, -0.53198, 0.0145427
337.452, 0.865686, 0.00891898, -0.530915, 0.0145537
337.525, 0.866339, 0.00890108, -0.52985, 0.0145647
337.598, 0.866991, 0.00888316, -0.528784, 0.0145756
337.672, 0.867641, 0.00886523, -0.527717, 0.0145866
337.745, 0.86829, 0.00884728, -0.526649, 0.0145975
337.818, 0.868938, 0.00882933, -0.52558, 0.0146084
337.891, 0.869584, 0.00881135, -0.524511, 0.0146193
337.964, 0.870229, 0.00879337, -0.523441, 0.0146301
338.038, 0.870872, 0.00877537, -0.52237, 0.0146409
338.111, 0.871515, 0.00875736, -0.521298, 0.0146517
338.184, 0.872156, 0.00873933, -0.520226, 0.0146625
338.257, 0.872796, 0.0087213, -0.519152, 0.0146733
338.33, 0.873434, 0.00870324, -0.518078, 0.014684
338.404, 0.874071, 0.00868518, -0.517003, 0.0146947
338.477, 0.874707, 0.0086671, -0.515928, 0.0147054
338.55, 0.875341, 0.00864901, -0.514851, 0.0147161
338.623, 0.875974, 0.00863091, -0.513774, 0.0147267
338.696, 0.876606, 0.00861279, -0.512696, 0.0147374
338.77, 0.877237, 0.00859466, -0.511617, 0.014748
338.843, 0.877866, 0.00857652, -0.510538, 0.0147586
338.916, 0.878494, 0.00855836, -0.509458, 0.0147691
338.989, 0.87912, 0.00854019, -0.508376, 0.0147796
339.062, 0.879745, 0.00852201, -0.507295, 0.0147902
339.136, 0.880369, 0.00850381, -0.506212, 0.0148007
339.209, 0.880991, 0.0084856, -0.505129, 0.0148111
339.282, 0.881613, 0.00846738, -0.504044, 0.0148216
339.355, 0.882232, 0.00844915, -0.502959, 0.014832
339.428, 0.882851, 0.0084309, -0.501874, 0.0148424
339.502, 0.883468, 0.00841264, -0.500787, 0.0148528
339.575, 0.884084, 0.00839437, -0.4997, 0.0148631
339.648, 0.884698, 0.00837609, -0.498612, 0.0148735
339.721, 0.885311, 0.00835779, -0.497523, 0.0148838
339.794, 0.885923, 0.00833948, -0.496434, 0.0148941
339.868, 0.886534, 0.00832116, -0.495344, 0.0149043
339.941, 0.887143, 0.00830282, -0.494253, 0.0149146
340.014, 0.887751, 0.00828447, -0.493161, 0.0149248
340.087, 0.888357, 0.00826611, -0.492068, 0.014935
340.16, 0.888962, 0.00824774, -0.490975, 0.0149452
340.234, 0.889566, 0.00822936, -0.489881, 0.0149553
340.307, 0.890168, 0.00821096, -0.488786, 0.0149655
340.38, 0.890769, 0.00819255, -0.487691, 0.0149756
340.453, 0.891369, 0.00817412, -0.486595, 0.0149857
340.526, 0.891967, 0.00815569, -0.485498, 0.0149957
340.6, 0.892564, 0.00813724, -0.4844, 0.0150058
340.673, 0.89316, 0.00811878, -0.483302, 0.0150158
340.746, 0.893754, 0.00810031, -0.482202, 0.0150258
340.819, 0.894347, 0.00808183, -0.481103, 0.0150358
340.892, 0.894939, 0.00806333, -0.480002, 0.0150457
340.966, 0.895529, 0.00804482, -0.478901, 0.0150556
341.039, 0.896118, 0.0080263, -0.477799, 0.0150655
341.112, 0.896705, 0.00800777, -0.476696, 0.0150754
341.185, 0.897292, 0.00798922, -0.475592, 0.0150853
341.258, 0.897876, 0.00797066, -0.474488, 0.0150951
341.332, 0.89846, 0.00795209, -0.473383, 0.0151049
341.405, 0.899042, 0.00793351, -0.472277, 0.0151147
341.478, 0.899623, 0.00791492, -0.471171, 0.0151245
341.551, 0.900202, 0.00789631, -0.470064, 0.0151342
341.624, 0.90078, 0.0078777, -0.468956, 0.0151439
341.698, 0.901357, 0.00785907, -0.467847, 0.0151536
341.771, 0.901932, 0.00784043, -0.466738, 0.0151633
341.844, 0.902506, 0.00782177, -0.465628, 0.015173
341.917, 0.903078, 0.00780311, -0.464518, 0.0151826
341.99, 0.90365, 0.00778443, -0.463406, 0.0151922
342.064, 0.904219, 0.00776574, -0.462294, 0.0152018
342.137, 0.904788, 0.00774704, -0.461181, 0.0152114
342.21, 0.905355, 0.00772833, -0.460068, 0.0152209
342.283, 0.905921, 0.0077096, -0.458954, 0.0152304
342.356, 0.906485, 0.00769087, -0.457839, 0.0152399
342.43, 0.907048, 0.00767212, -0.456723, 0.0152494
342.503, 0.90761, 0.00765336, -0.455607, 0.0152588
342.576, 0.90817, 0.00763459, -0.45449, 0.0152682
342.649, 0.908729, 0.00761581, -0.453372, 0.0152776
342.722, 0.909286, 0.00759702, -0.452254, 0.015287
342.796, 0.909842, 0.00757821, -0.451135, 0.0152964
342.869, 0.910397, 0.0075594, -0.450015, 0.0153057
342.942, 0.91095, 0.00754057, -0.448895, 0.015315
343.015, 0.911502, 0.00752173, -0.447774, 0.0153243
343.088, 0.912053, 0.00750288, -0.446652, 0.0153335
343.162, 0.912602, 0.00748402, -0.44553, 0.0153428
343.235, 0.91315, 0.00746514, -0.444407, 0.015352
343.308, 0.913696, 0.00744626, -0.443283, 0.0153612
343.381, 0.914241, 0.00742736, -0.442159, 0.0153704
343.454, 0.914785, 0.00740845, -0.441033, 0.0153795
343.528, 0.915327, 0.00738953, -0.439908, 0.0153886
343.601, 0.915868, 0.0073706, -0.438781, 0.0153977
343.674, 0.916408, 0.00735166, -0.437654, 0.0154068
343.747, 0.916946, 0.00733271, -0.436526, 0.0154158
343.82, 0.917483, 0.00731375, -0.435398, 0.0154249
343.894, 0.918018, 0.00729477, -0.434269, 0.0154339
343.967, 0.918552, 0.00727579, -0.433139, 0.0154429
344.04, 0.919085, 0.00725679, -0.432009, 0.0154518
344.113, 0.919616, 0.00723779, -0.430878, 0.0154608
344.186, 0.920146, 0.00721877, -0.429746, 0.0154697
344.26, 0.920674, 0.00719974, -0.428613, 0.0154786
344.333, 0.921201, 0.0071807, -0.42748, 0.0154874
344.406, 0.921727, 0.00716165, -0.426347, 0.0154963
344.479, 0.922251, 0.00714258, -0.425212, 0.0155051
344.552, 0.922774, 0.00712351, -0.424077, 0.0155139
344.626, 0.923295, 0.00710443, -0.422942, 0.0155226
344.699, 0.923815, 0.00708533, -0.421806, 0.0155314
344.772, 0.924334, 0.00706623, -0.420669, 0.0155401
344.845, 0.924851, 0.00704711, -0.419531, 0.0155488
344.918, 0.925367, 0.00702799, -0.418393, 0.0155575
344.992, 0.925881, 0.00700885, -0.417254, 0.0155661
345.065, 0.926395, 0.0069897, -0.416115, 0.0155748
345.138, 0.926906, 0.00697054, -0.414975, 0.0155834
345.211, 0.927416, 0.00695138, -0.413834, 0.015592
345.284, 0.927925, 0.0069322, -0.412693, 0.0156005
345.358, 0.928433, 0.00691301, -0.411551, 0.015609
345.431, 0.928939, 0.00689381, -0.410408, 0.0156176
345.504, 0.929443, 0.0068746, -0.409265, 0.015626
345.577, 0.929947, 0.00685537, -0.408121, 0.0156345
345.65, 0.930448, 0.00683614, -0.406977, 0.0156429
345.724, 0.930949, 0.0068169, -0.405832, 0.0156514
345.797, 0.931448, 0.00679765, -0.404686, 0.0156598
345.87, 0.931945, 0.00677839, -0.40354, 0.0156681
345.943, 0.932442, 0.00675911, -0.402393, 0.0156765
346.016, 0.932936, 0.00673983, -0.401245, 0.0156848
346.09, 0.93343, 0.00672054, -0.400097, 0.0156931
346.163, 0.933922, 0.00670123, -0.398948, 0.0157014
346.236, 0.934412, 0.00668192, -0.397799, 0.0157096
346.309, 0.934901, 0.0066626, -0.396649, 0.0157178
346.382, 0.935389, 0.00664326, -0.395498, 0.015726
346.456, 0.935875, 0.00662392, -0.394347, 0.0157342
346.529, 0.93636, 0.00660456, -0.393196, 0.0157424
346.602, 0.936844, 0.0065852, -0.392043, 0.0157505
346.675, 0.937326, 0.00656583, -0.39089, 0.0157586
346.748, 0.937806, 0.00654644, -0.389737, 0.0157667
346.822, 0.938285, 0.00652705, -0.388583, 0.0157748
346.895, 0.938763, 0.00650765, -0.387428, 0.0157828
346.968, 0.93924, 0.00648823, -0.386273, 0.0157908
347.041, 0.939715, 0.00646881, -0.385117, 0.0157988
347.114, 0.940188, 0.00644938, -0.38396, 0.0158068
347.188, 0.94066, 0.00642993, -0.382803, 0.0158147
347.261, 0.941131, 0.00641048, -0.381646, 0.0158226
347.334, 0.9416, 0.00639102, -0.380487, 0.0158305
347.407, 0.942068, 0.00637155, -0.379329, 0.0158384
347.48, 0.942534, 0.00635206, -0.378169, 0.0158462
347.554, 0.942999, 0.00633257, -0.377009, 0.015854
347.627, 0.943463, 0.00631307, -0.375849, 0.0158618
347.7, 0.943925, 0.00629356, -0.374688, 0.0158696
347.773, 0.944386, 0.00627404, -0.373526, 0.0158774
347.846, 0.944845, 0.00625451, -0.372364, 0.0158851
347.92, 0.945303, 0.00623497, -0.371201, 0.0158928
347.993, 0.945759, 0.00621542, -0.370038, 0.0159005
348.066, 0.946214, 0.00619587, -0.368874, 0.0159081
348.139, 0.946668, 0.0061763, -0.367709, 0.0159157
348.212, 0.94712, 0.00615672, -0.366544, 0.0159233
348.286, 0.94757, 0.00613714, -0.365379, 0.0159309
348.359, 0.94802, 0.00611754, -0.364212, 0.0159385
348.432, 0.948467, 0.00609794, -0.363046, 0.015946
348.505, 0.948914, 0.00607832, -0.361879, 0.0159535
348.578, 0.949359, 0.0060587, -0.360711, 0.015961
348.652, 0.949802, 0.00603907, -0.359542, 0.0159685
348.725, 0.950244, 0.00601943, -0.358373, 0.0159759
348.798, 0.950685, 0.00599978, -0.357204, 0.0159833
348.871, 0.951124, 0.00598012, -0.356034, 0.0159907
348.944, 0.951562, 0.00596045, -0.354864, 0.0159981
349.018, 0.951998, 0.00594077, -0.353692, 0.0160054
349.091, 0.952433, 0.00592108, -0.352521, 0.0160127
349.164, 0.952866, 0.00590139, -0.351349, 0.01602
349.237, 0.953298, 0.00588168, -0.350176, 0.0160273
349.31, 0.953729, 0.00586197, -0.349003, 0.0160345
349.384, 0.954158, 0.00584225, -0.347829, 0.0160417
349.457, 0.954586, 0.00582252, -0.346655, 0.0160489
349.53, 0.955012, 0.00580278, -0.34548, 0.0160561
349.603, 0.955437, 0.00578303, -0.344305, 0.0160632
349.676, 0.95586, 0.00576327, -0.343129, 0.0160703
349.75, 0.956282, 0.0057435, -0.341953, 0.0160774
349.823, 0.956702, 0.00572373, -0.340776, 0.0160845
349.896, 0.957121, 0.00570395, -0.339598, 0.0160916
349.969, 0.957539, 0.00568415, -0.33842, 0.0160986
350.042, 0.957955, 0.00566435, -0.337242, 0.0161056
350.116, 0.958369, 0.00564454, -0.336063, 0.0161126
350.189, 0.958783, 0.00562473, -0.334884, 0.0161195
350.262, 0.959194, 0.0056049, -0.333704, 0.0161264
350.335, 0.959605, 0.00558506, -0.332523, 0.0161333
350.408, 0.960013, 0.00556522, -0.331342, 0.0161402
350.482, 0.960421, 0.00554537, -0.330161, 0.0161471
350.555, 0.960827, 0.00552551, -0.328979, 0.0161539
350.628, 0.961231, 0.00550564, -0.327796, 0.0161607
350.701, 0.961634, 0.00548576, -0.326613, 0.0161675
350.774, 0.962036, 0.00546588, -0.32543, 0.0161742
350.848, 0.962436, 0.00544598, -0.324246, 0.016181
350.921, 0.962835, 0.00542608, -0.323062, 0.0161877
350.994, 0.963232, 0.00540617, -0.321877, 0.0161943
351.067, 0.963627, 0.00538625, -0.320691, 0.016201
351.14, 0.964022, 0.00536633, -0.319505, 0.0162076
351.214, 0.964415, 0.00534639, -0.318319, 0.0162142
351.287, 0.964806, 0.00532645, -0.317132, 0.0162208
351.36, 0.965196, 0.0053065, -0.315945, 0.0162274
351.433, 0.965584, 0.00528654, -0.314757, 0.0162339
351.506, 0.965971, 0.00526657, -0.313569, 0.0162404
351.58, 0.966357, 0.0052466, -0.31238, 0.0162469
351.653, 0.966741, 0.00522662, -0.31119, 0.0162534
351.726, 0.967123, 0.00520663, -0.310001, 0.0162598
351.799, 0.967505, 0.00518663, -0.308811, 0.0162662
351.872, 0.967884, 0.00516662, -0.30762, 0.0162726
351.946, 0.968262, 0.00514661, -0.306429, 0.0162789
352.019, 0.968639, 0.00512658, -0.305237, 0.0162853
352.092, 0.969014, 0.00510655, -0.304045, 0.0162916
352.165, 0.969388, 0.00508652, -0.302852, 0.0162979
352.238, 0.969761, 0.00506647, -0.301659, 0.0163041
352.312, 0.970131, 0.00504642, -0.300466, 0.0163104
352.385, 0.970501, 0.00502636, -0.299272, 0.0163166
352.458, 0.970869, 0.00500629, -0.298078, 0.0163228
352.531, 0.971235, 0.00498622, -0.296883, 0.0163289
352.604, 0.9716, 0.00496613, -0.295688, 0.0163351
352.678, 0.971964, 0.00494604, -0.294492, 0.0163412
352.751, 0.972326, 0.00492594, -0.293296, 0.0163473
352.824, 0.972686, 0.00490584, -0.292099, 0.0163534
352.897, 0.973045, 0.00488572, -0.290902, 0.0163594
352.97, 0.973403, 0.0048656, -0.289704, 0.0163654
353.044, 0.973759, 0.00484548, -0.288507, 0.0163714
353.117, 0.974114, 0.00482534, -0.287308, 0.0163774
353.19, 0.974467, 0.0048052, -0.286109, 0.0163833
353.263, 0.974819, 0.00478505, -0.28491, 0.0163892
353.336, 0.975169, 0.00476489, -0.28371, 0.0163951
353.41, 0.975518, 0.00474473, -0.28251, 0.016401
353.483, 0.975865, 0.00472455, -0.28131, 0.0164068
353.556, 0.976211, 0.00470438, -0.280109, 0.0164126
353.629, 0.976555, 0.00468419, -0.278907, 0.0164184
353.702, 0.976898, 0.004664, -0.277705, 0.0164242
353.776, 0.97724, 0.0046438, -0.276503, 0.0164299
353.849, 0.97758, 0.00462359, -0.275301, 0.0164357
353.922, 0.977918, 0.00460338, -0.274097, 0.0164414
353.995, 0.978255, 0.00458316, -0.272894, 0.016447
354.068, 0.978591, 0.00456293, -0.27169, 0.0164527
354.142, 0.978925, 0.00454269, -0.270486, 0.0164583
354.215, 0.979257, 0.00452245, -0.269281, 0.0164639
354.288, 0.979588, 0.0045022, -0.268076, 0.0164694
354.361, 0.979918, 0.00448195, -0.26687, 0.016475
354.434, 0.980246, 0.00446168, -0.265664, 0.0164805
354.508, 0.980572, 0.00444142, -0.264458, 0.016486
354.581, 0.980897, 0.00442114, -0.263251, 0.0164915
354.654, 0.981221, 0.00440086, -0.262044, 0.0164969
354.727, 0.981543, 0.00438057, -0.260836, 0.0165023
354.8, 0.981864, 0.00436027, -0.259628, 0.0165077
354.874, 0.982183, 0.00433997, -0.25842, 0.0165131
354.947, 0.982501, 0.00431966, -0.257211, 0.0165184
355.02, 0.982817, 0.00429935, -0.256002, 0.0165237
355.093, 0.983132, 0.00427902, -0.254793, 0.016529
355.166, 0.983445, 0.0042587, -0.253583, 0.0165343
355.24, 0.983757, 0.00423836, -0.252372, 0.0165396
355.313, 0.984067, 0.00421802, -0.251162, 0.0165448
355.386, 0.984376, 0.00419767, -0.249951, 0.01655
355.459, 0.984683, 0.00417732, -0.248739, 0.0165551
355.532, 0.984989, 0.00415696, -0.247527, 0.0165603
355.606, 0.985293, 0.00413659, -0.246315, 0.0165654
355.679, 0.985596, 0.00411622, -0.245102, 0.0165705
355.752, 0.985897, 0.00409584, -0.24389, 0.0165756
355.825, 0.986197, 0.00407545, -0.242676, 0.0165806
355.898, 0.986495, 0.00405506, -0.241462, 0.0165856
355.972, 0.986792, 0.00403467, -0.240248, 0.0165906
356.045, 0.987087, 0.00401426, -0.239034, 0.0165956
356.118, 0.987381, 0.00399385, -0.237819, 0.0166005
356.191, 0.987674, 0.00397344, -0.236604, 0.0166054
356.264, 0.987964, 0.00395301, -0.235389, 0.0166103
356.338, 0.988254, 0.00393259, -0.234173, 0.0166152
356.411, 0.988542, 0.00391215, -0.232956, 0.01662
356.484, 0.988828, 0.00389171, -0.23174, 0.0166249
356.557, 0.989113, 0.00387127, -0.230523, 0.0166296
356.63, 0.989396, 0.00385082, -0.229306, 0.0166344
356.704, 0.989678, 0.00383036, -0.228088, 0.0166392
356.777, 0.989959, 0.00380989, -0.22687, 0.0166439
356.85, 0.990237, 0.00378943, -0.225652, 0.0166486
356.923, 0.990515, 0.00376895, -0.224433, 0.0166532
356.996, 0.990791, 0.00374847, -0.223214, 0.0166579
357.07, 0.991065, 0.00372799, -0.221995, 0.0166625
357.143, 0.991338, 0.00370749, -0.220775, 0.0166671
357.216, 0.991609, 0.003687, -0.219555, 0.0166716
357.289, 0.991879, 0.00366649, -0.218335, 0.0166762
357.362, 0.992148, 0.00364598, -0.217114, 0.0166807
357.436, 0.992415, 0.00362547, -0.215893, 0.0166852
357.509, 0.99268, 0.00360495, -0.214671, 0.0166896
357.582, 0.992944, 0.00358443, -0.21345, 0.0166941
357.655, 0.993206, 0.0035639, -0.212228, 0.0166985
357.728, 0.993467, 0.00354336, -0.211005, 0.0167029
357.802, 0.993726, 0.00352282, -0.209783, 0.0167072
357.875, 0.993984, 0.00350227, -0.20856, 0.0167116
357.948, 0.994241, 0.00348172, -0.207336, 0.0167159
358.021, 0.994496, 0.00346116, -0.206113, 0.0167202
358.094, 0.994749, 0.0034406, -0.204889, 0.0167244
358.168, 0.995001, 0.00342003, -0.203665, 0.0167287
358.241, 0.995251, 0.00339946, -0.20244, 0.0167329
358.314, 0.9955, 0.00337888, -0.201215, 0.0167371
358.387, 0.995747, 0.0033583, -0.19999, 0.0167412
358.46, 0.995993, 0.00333771, -0.198765, 0.0167454
358.534, 0.996237, 0.00331712, -0.197539, 0.0167495
358.607, 0.99648, 0.00329652, -0.196313, 0.0167536
358.68, 0.996722, 0.00327592, -0.195087, 0.0167576
358.753, 0.996961, 0.00325531, -0.19386, 0.0167617
358.826, 0.9972, 0.0032347, -0.192633, 0.0167657
358.9, 0.997436, 0.00321408, -0.191406, 0.0167697
358.973, 0.997672, 0.00319346, -0.190178, 0.0167736
359.046, 0.997905, 0.00317283, -0.18895, 0.0167775
359.119, 0.998138, 0.0031522, -0.187722, 0.0167814
359.192, 0.998368, 0.00313156, -0.186494, 0.0167853
359.266, 0.998598, 0.00311092, -0.185265, 0.0167892
359.339, 0.998825, 0.00309027, -0.184036, 0.016793
359.412, 0.999052, 0.00306962, -0.182807, 0.0167968
359.485, 0.999276, 0.00304896, -0.181577, 0.0168006
359.558, 0.999499, 0.0030283, -0.180348, 0.0168044
359.632, 0.999721, 0.00300764, -0.179118, 0.0168081
359.705, 0.999941, 0.00298697, -0.177887, 0.0168118
359.778, 1.00016, 0.0029663, -0.176657, 0.0168155
359.851, 1.00038, 0.00294562, -0.175426, 0.0168191
359.924, 1.00059, 0.00292493, -0.174194, 0.0168227
359.998, 1.00081, 0.00290425, -0.172963, 0.0168263
360.071, 1.00102, 0.00288355, -0.171731, 0.0168299
360.144, 1.00123, 0.00286286, -0.170499, 0.0168335
360.217, 1.00144, 0.00284216, -0.169267, 0.016837
360.29, 1.00165, 0.00282145, -0.168035, 0.0168405
360.364, 1.00185, 0.00280074, -0.166802, 0.016844
360.437, 1.00206, 0.00278003, -0.165569, 0.0168474
360.51, 1.00226, 0.00275931, -0.164336, 0.0168508
360.583, 1.00247, 0.00273859, -0.163102, 0.0168542
360.656, 1.00267, 0.00271786, -0.161869, 0.0168576
360.73, 1.00286, 0.00269713, -0.160635, 0.016861
360.803, 1.00306, 0.0026764, -0.1594, 0.0168643
360.876, 1.00326, 0.00265566, -0.158166, 0.0168676
360.949, 1.00345, 0.00263492, -0.156931, 0.0168708
361.022, 1.00365, 0.00261417, -0.155696, 0.0168741
361.096, 1.00384, 0.00259342, -0.154461, 0.0168773
361.169, 1.00403, 0.00257267, -0.153226, 0.0168805
361.242, 1.00421, 0.00255191, -0.15199, 0.0168837
361.315, 1.0044, 0.00253115, -0.150754, 0.0168868
361.388, 1.00459, 0.00251038, -0.149518, 0.0168899
361.462, 1.00477, 0.00248961, -0.148282, 0.016893
361.535, 1.00495, 0.00246884, -0.147045, 0.0168961
361.608, 1.00513, 0.00244806, -0.145808, 0.0168991
361.681, 1.00531, 0.00242728, -0.144571, 0.0169021
361.754, 1.00549, 0.0024065, -0.143334, 0.0169051
361.828, 1.00567, 0.00238571, -0.142097, 0.0169081
361.901, 1.00584, 0.00236492, -0.140859, 0.016911
361.974, 1.00601, 0.00234412, -0.139621, 0.0169139
362.047, 1.00619, 0.00232333, -0.138383, 0.0169168
362.12, 1.00636, 0.00230252, -0.137145, 0.0169197
362.194, 1.00652, 0.00228172, -0.135906, 0.0169225
362.267, 1.00669, 0.00226091, -0.134667, 0.0169253
362.34, 1.00686, 0.0022401, -0.133428, 0.0169281
362.413, 1.00702, 0.00221928, -0.132189, 0.0169309
362.486, 1.00718, 0.00219846, -0.13095, 0.0169336
362.56, 1.00734, 0.00217764, -0.12971, 0.0169363
362.633, 1.0075, 0.00215681, -0.128471, 0.016939
362.706, 1.00766, 0.00213598, -0.127231, 0.0169417
362.779, 1.00782, 0.00211515, -0.125991, 0.0169443
362.852, 1.00797, 0.00209431, -0.12475, 0.0169469
362.926, 1.00813, 0.00207347, -0.12351, 0.0169495
362.999, 1.00828, 0.00205263, -0.122269, 0.016952
363.072, 1.00843, 0.00203179, -0.121028, 0.0169546
363.145, 1.00858, 0.00201094, -0.119787, 0.0169571
363.218, 1.00872, 0.00199009, -0.118546, 0.0169595
363.292, 1.00887, 0.00196923, -0.117304, 0.016962
363.365, 1.00901, 0.00194838, -0.116063, 0.0169644
363.438, 1.00916, 0.00192752, -0.114821, 0.0169668
363.511, 1.0093, 0.00190665, -0.113579, 0.0169692
363.584, 1.00944, 0.00188579, -0.112337, 0.0169715
363.658, 1.00958, 0.00186492, -0.111095, 0.0169739
363.731, 1.00971, 0.00184405, -0.109852, 0.0169761
363.804, 1.00985, 0.00182317, -0.108609, 0.0169784
363.877, 1.00998, 0.0018023, -0.107367, 0.0169807
363.95, 1.01011, 0.00178142, -0.106124, 0.0169829
364.024, 1.01024, 0.00176053, -0.104881, 0.0169851
364.097, 1.01037, 0.00173965, -0.103637, 0.0169872
364.17, 1.0105, 0.00171876, -0.102394, 0.0169894
364.243, 1.01062, 0.00169787, -0.10115, 0.0169915
364.316, 1.01075, 0.00167698, -0.0999063, 0.0169936
364.39, 1.01087, 0.00165608, -0.0986624, 0.0169957
364.463, 1.01099, 0.00163518, -0.0974183, 0.0169977
364.536, 1.01111, 0.00161428, -0.0961741, 0.0169997
364.609, 1.01123, 0.00159338, -0.0949297, 0.0170017
364.682, 1.01135, 0.00157247, -0.0936852, 0.0170037
364.756, 1.01146, 0.00155157, -0.0924405, 0.0170056
364.829, 1.01158, 0.00153066, -0.0911957, 0.0170075
364.902, 1.01169, 0.00150974, -0.0899508, 0.0170094
364.975, 1.0118, 0.00148883, -0.0887057, 0.0170113
365.048, 1.01191, 0.00146791, -0.0874604, 0.0170131
365.122, 1.01201, 0.00144699, -0.0862151, 0.0170149
365.195, 1.01212, 0.00142607, -0.0849696, 0.0170167
365.268, 1.01223, 0.00140515, -0.083724, 0.0170184
365.341, 1.01233, 0.00138422, -0.0824782, 0.0170202
365.414, 1.01243, 0.0013633, -0.0812323, 0.0170219
365.488, 1.01253, 0.00134237, -0.0799863, 0.0170236
365.561, 1.01263, 0.00132143, -0.0787402, 0.0170252
365.634, 1.01272, 0.0013005, -0.077494, 0.0170268
365.707, 1.01282, 0.00127956, -0.0762476, 0.0170284
365.78, 1.01291, 0.00125863, -0.0750011, 0.01703
365.854, 1.01301, 0.00123769, -0.0737545, 0.0170316
365.927, 1.0131, 0.00121675, -0.0725078, 0.0170331
366, 1.01318, 0.0011958, -0.071261, 0.0170346
