0, 0.1, 0
0.000333333, 0.1, -0.00833333
0.000666667, 0.0999972, -0.0166667
0.001, 0.0999917, -0.0249998
0.00133333, 0.0999833, -0.0333324
0.00166667, 0.0999722, -0.0416644
0.002, 0.0999583, -0.0499954
0.00233333, 0.0999417, -0.0583252
0.00266667, 0.0999222, -0.0666537
0.003, 0.0999, -0.0749806
0.00333333, 0.099875, -0.0833056
0.00366667, 0.0998472, -0.0916285
0.004, 0.0998167, -0.0999491
0.00433333, 0.0997834, -0.108267
0.00466667, 0.0997473, -0.116582
0.005, 0.0997084, -0.124895
0.00533333, 0.0996668, -0.133204
0.00566667, 0.0996224, -0.141509
0.006, 0.0995752, -0.149811
0.00633333, 0.0995253, -0.158109
0.00666667, 0.0994726, -0.166403
0.007, 0.0994171, -0.174692
0.00733333, 0.0993589, -0.182977
0.00766667, 0.0992979, -0.191257
0.008, 0.0992342, -0.199532
0.00833333, 0.0991676, -0.207801
0.00866667, 0.0990984, -0.216065
0.009, 0.0990264, -0.224323
0.00933333, 0.0989516, -0.232576
0.00966667, 0.0988741, -0.240822
0.01, 0.0987938, -0.249061
0.0103333, 0.0987108, -0.257294
0.0106667, 0.098625, -0.26552
0.011, 0.0985365, -0.273739
0.0113333, 0.0984452, -0.28195
0.0116667, 0.0983513, -0.290154
0.012, 0.0982545, -0.29835
0.0123333, 0.0981551, -0.306538
0.0126667, 0.0980529, -0.314717
0.013, 0.097948, -0.322888
0.0133333, 0.0978404, -0.331051
0.0136667, 0.09773, -0.339204
0.014, 0.097617, -0.347348
0.0143333, 0.0975012, -0.355483
0.0146667, 0.0973827, -0.363608
0.015, 0.0972615, -0.371723
0.0153333, 0.0971376, -0.379828
0.0156667, 0.097011, -0.387923
0.016, 0.0968817, -0.396007
0.0163333, 0.0967497, -0.404081
0.0166667, 0.096615, -0.412143
0.017, 0.0964776, -0.420194
0.0173333, 0.0963375, -0.428234
0.0176667, 0.0961948, -0.436262
0.018, 0.0960493, -0.444279
0.0183333, 0.0959013, -0.452283
0.0186667, 0.0957505, -0.460275
0.019, 0.0955971, -0.468254
0.0193333, 0.095441, -0.47622
0.0196667, 0.0952822, -0.484174
0.02, 0.0951209, -0.492114
0.0203333, 0.0949568, -0.50004
0.0206667, 0.0947901, -0.507954
0.021, 0.0946208, -0.515853
0.0213333, 0.0944489, -0.523738
0.0216667, 0.0942743, -0.531609
0.022, 0.0940971, -0.539465
0.0223333, 0.0939173, -0.547306
0.0226667, 0.0937348, -0.555133
0.023, 0.0935498, -0.562944
0.0233333, 0.0933621, -0.57074
0.0236667, 0.0931719, -0.57852
0.024, 0.092979, -0.586284
0.0243333, 0.0927836, -0.594032
0.0246667, 0.0925856, -0.601764
0.025, 0.092385, -0.60948
0.0253333, 0.0921819, -0.617179
0.0256667, 0.0919761, -0.62486
0.026, 0.0917678, -0.632525
0.0263333, 0.091557, -0.640172
0.0266667, 0.0913436, -0.647802
0.027, 0.0911277, -0.655414
0.0273333, 0.0909092, -0.663008
0.0276667, 0.0906882, -0.670584
0.028, 0.0904647, -0.678141
0.0283333, 0.0902386, -0.68568
0.0286667, 0.0900101, -0.6932
0.029, 0.089779, -0.700701
0.0293333, 0.0895454, -0.708182
0.0296667, 0.0893094, -0.715644
0.03, 0.0890708, -0.723087
0.0303333, 0.0888298, -0.730509
0.0306667, 0.0885863, -0.737912
0.031, 0.0883403, -0.745294
0.0313333, 0.0880919, -0.752656
0.0316667, 0.087841, -0.759997
0.032, 0.0875877, -0.767317
0.0323333, 0.0873319, -0.774616
0.0326667, 0.0870737, -0.781893
0.033, 0.0868131, -0.78915
0.0333333, 0.08655, -0.796384
0.0336667, 0.0862846, -0.803597
0.034, 0.0860167, -0.810787
0.0343333, 0.0857464, -0.817955
0.0346667, 0.0854738, -0.825101
0.035, 0.0851987, -0.832223
0.0353333, 0.0849213, -0.839323
0.0356667, 0.0846416, -0.8464
0.036, 0.0843594, -0.853453
0.0363333, 0.0840749, -0.860483
0.0366667, 0.0837881, -0.86749
0.037, 0.083499, -0.874472
0.0373333, 0.0832075, -0.88143
0.0376667, 0.0829137, -0.888364
0.038, 0.0826175, -0.895274
0.0383333, 0.0823191, -0.902158
0.0386667, 0.0820184, -0.909018
0.039, 0.0817154, -0.915853
0.0393333, 0.0814101, -0.922663
0.0396667, 0.0811025, -0.929447
0.04, 0.0807927, -0.936206
0.0403333, 0.0804807, -0.942938
0.0406667, 0.0801663, -0.949645
0.041, 0.0798498, -0.956326
0.0413333, 0.079531, -0.96298
0.0416667, 0.07921, -0.969607
0.042, 0.0788868, -0.976208
0.0423333, 0.0785614, -0.982782
0.0426667, 0.0782338, -0.989329
0.043, 0.0779041, -0.995848
0.0433333, 0.0775721, -1.00234
0.0436667, 0.077238, -1.0088
0.044, 0.0769017, -1.01524
0.0443333, 0.0765633, -1.02165
0.0446667, 0.0762228, -1.02803
0.045, 0.0758801, -1.03438
0.0453333, 0.0755353, -1.04071
0.0456667, 0.0751884, -1.047
0.046, 0.0748394, -1.05327
0.0463333, 0.0744883, -1.0595
0.0466667, 0.0741351, -1.06571
0.047, 0.0737799, -1.07189
0.0473333, 0.0734226, -1.07804
0.0476667, 0.0730633, -1.08415
0.048, 0.0727019, -1.09024
0.0483333, 0.0723385, -1.0963
0.0486667, 0.071973, -1.10233
0.049, 0.0716056, -1.10833
0.0493333, 0.0712361, -1.11429
0.0496667, 0.0708647, -1.12023
0.05, 0.0704913, -1.12614
0.0503333, 0.0701159, -1.13201
0.0506667, 0.0697386, -1.13785
0.051, 0.0693593, -1.14366
0.0513333, 0.0689781, -1.14944
0.0516667, 0.0685949, -1.15519
0.052, 0.0682099, -1.16091
0.0523333, 0.0678229, -1.16659
0.0526667, 0.067434, -1.17225
0.053, 0.0670433, -1.17786
0.0533333, 0.0666507, -1.18345
0.0536667, 0.0662562, -1.18901
0.054, 0.0658598, -1.19453
0.0543333, 0.0654617, -1.20002
0.0546667, 0.0650617, -1.20547
0.055, 0.0646598, -1.21089
0.0553333, 0.0642562, -1.21628
0.0556667, 0.0638508, -1.22164
0.056, 0.0634436, -1.22696
0.0563333, 0.0630346, -1.23224
0.0566667, 0.0626238, -1.2375
0.057, 0.0622113, -1.24272
0.0573333, 0.0617971, -1.2479
0.0576667, 0.0613811, -1.25305
0.058, 0.0609634, -1.25816
0.0583333, 0.0605441, -1.26324
0.0586667, 0.060123, -1.26829
0.059, 0.0597002, -1.2733
0.0593333, 0.0592758, -1.27828
0.0596667, 0.0588497, -1.28321
0.06, 0.0584219, -1.28812
0.0603333, 0.0579926, -1.29299
0.0606667, 0.0575616, -1.29782
0.061, 0.057129, -1.30262
0.0613333, 0.0566948, -1.30738
0.0616667, 0.056259, -1.3121
0.062, 0.0558216, -1.31679
0.0623333, 0.0553827, -1.32144
0.0626667, 0.0549422, -1.32606
0.063, 0.0545002, -1.33064
0.0633333, 0.0540566, -1.33518
0.0636667, 0.0536116, -1.33968
0.064, 0.053165, -1.34415
0.0643333, 0.052717, -1.34858
0.0646667, 0.0522674, -1.35297
0.065, 0.0518164, -1.35733
0.0653333, 0.051364, -1.36165
0.0656667, 0.0509101, -1.36593
0.066, 0.0504548, -1.37017
0.0663333, 0.0499981, -1.37437
0.0666667, 0.04954, -1.37854
0.067, 0.0490804, -1.38267
0.0673333, 0.0486196, -1.38676
0.0676667, 0.0481573, -1.39081
0.068, 0.0476937, -1.39482
0.0683333, 0.0472288, -1.3988
0.0686667, 0.0467625, -1.40273
0.069, 0.0462949, -1.40663
0.0693333, 0.045826, -1.41049
0.0696667, 0.0453559, -1.41431
0.07, 0.0448844, -1.41809
0.0703333, 0.0444117, -1.42183
0.0706667, 0.0439378, -1.42553
0.071, 0.0434626, -1.42919
0.0713333, 0.0429862, -1.43281
0.0716667, 0.0425086, -1.43639
0.072, 0.0420298, -1.43994
0.0723333, 0.0415498, -1.44344
0.0726667, 0.0410687, -1.4469
0.073, 0.0405864, -1.45032
0.0733333, 0.040103, -1.45371
0.0736667, 0.0396184, -1.45705
0.074, 0.0391327, -1.46035
0.0743333, 0.0386459, -1.46361
0.0746667, 0.038158, -1.46683
0.075, 0.0376691, -1.47001
0.0753333, 0.0371791, -1.47315
0.0756667, 0.0366881, -1.47625
0.076, 0.036196, -1.47931
0.0763333, 0.0357029, -1.48232
0.0766667, 0.0352088, -1.4853
0.077, 0.0347137, -1.48823
0.0773333, 0.0342176, -1.49112
0.0776667, 0.0337205, -1.49398
0.078, 0.0332225, -1.49679
0.0783333, 0.0327236, -1.49955
0.0786667, 0.0322238, -1.50228
0.079, 0.031723, -1.50497
0.0793333, 0.0312214, -1.50761
0.0796667, 0.0307188, -1.51021
0.08, 0.0302154, -1.51277
0.0803333, 0.0297112, -1.51529
0.0806667, 0.0292061, -1.51777
0.081, 0.0287001, -1.5202
0.0813333, 0.0281934, -1.52259
0.0816667, 0.0276859, -1.52494
0.082, 0.0271776, -1.52725
0.0823333, 0.0266685, -1.52951
0.0826667, 0.0261586, -1.53174
0.083, 0.0256481, -1.53392
0.0833333, 0.0251368, -1.53605
0.0836667, 0.0246247, -1.53815
0.084, 0.024112, -1.5402
0.0843333, 0.0235986, -1.54221
0.0846667, 0.0230846, -1.54418
0.085, 0.0225698, -1.5461
0.0853333, 0.0220545, -1.54798
0.0856667, 0.0215385, -1.54982
0.086, 0.0210219, -1.55161
0.0863333, 0.0205047, -1.55336
0.0866667, 0.0199869, -1.55507
0.087, 0.0194685, -1.55674
0.0873333, 0.0189496, -1.55836
0.0876667, 0.0184301, -1.55994
0.088, 0.0179102, -1.56148
0.0883333, 0.0173897, -1.56297
0.0886667, 0.0168687, -1.56442
0.089, 0.0163472, -1.56582
0.0893333, 0.0158253, -1.56719
0.0896667, 0.0153029, -1.5685
0.09, 0.01478, -1.56978
0.0903333, 0.0142568, -1.57101
0.0906667, 0.0137331, -1.5722
0.091, 0.013209, -1.57334
0.0913333, 0.0126846, -1.57444
0.0916667, 0.0121598, -1.5755
0.092, 0.0116346, -1.57651
0.0923333, 0.0111091, -1.57748
0.0926667, 0.0105833, -1.57841
0.093, 0.0100571, -1.57929
0.0933333, 0.00953071, -1.58013
0.0936667, 0.009004, -1.58092
0.094, 0.00847703, -1.58167
0.0943333, 0.0079498, -1.58238
0.0946667, 0.00742234, -1.58304
0.095, 0.00689466, -1.58366
0.0953333, 0.00636677, -1.58424
0.0956667, 0.0058387, -1.58477
0.096, 0.00531044, -1.58525
0.0963333, 0.00478202, -1.5857
0.0966667, 0.00425346, -1.58609
0.097, 0.00372476, -1.58645
0.0973333, 0.00319594, -1.58676
0.0976667, 0.00266702, -1.58703
0.098, 0.00213801, -1.58725
0.0983333, 0.00160893, -1.58743
0.0986667, 0.00107979, -1.58756
0.099, 0.000550602, -1.58765
0.0993333, 2.13848e-05, -1.5877
0.0996667, -0.000507847, -1.5877
0.1, -0.00103708, -1.58766
0.100333, -0.0015663, -1.58757
0.100667, -0.00209549, -1.58744
0.101, -0.00262463, -1.58726
0.101333, -0.00315372, -1.58705
0.101667, -0.00368274, -1.58678
0.102, -0.00421167, -1.58648
0.102333, -0.00474049, -1.58612
0.102667, -0.0052692, -1.58573
0.103, -0.00579778, -1.58529
0.103333, -0.00632621, -1.58481
0.103667, -0.00685448, -1.58428
0.104, -0.00738257, -1.58371
0.104333, -0.00791047, -1.58309
0.104667, -0.00843817, -1.58243
0.105, -0.00896565, -1.58173
0.105333, -0.00949289, -1.58098
0.105667, -0.0100199, -1.58019
0.106, -0.0105466, -1.57936
0.106333, -0.0110731, -1.57848
0.106667, -0.0115992, -1.57756
0.107, -0.0121251, -1.57659
0.107333, -0.0126506, -1.57558
0.107667, -0.0131758, -1.57453
0.108, -0.0137006, -1.57343
0.108333, -0.0142251, -1.57229
0.108667, -0.0147492, -1.5711
0.109, -0.0152729, -1.56987
0.109333, -0.0157962, -1.5686
0.109667, -0.0163191, -1.56728
0.11, -0.0168415, -1.56592
0.110333, -0.0173635, -1.56452
0.110667, -0.017885, -1.56307
0.111, -0.018406, -1.56158
0.111333, -0.0189265, -1.56005
0.111667, -0.0194466, -1.55847
0.112, -0.019966, -1.55685
0.112333, -0.020485, -1.55519
0.112667, -0.0210034, -1.55348
0.113, -0.0215212, -1.55173
0.113333, -0.0220385, -1.54994
0.113667, -0.0225551, -1.5481
0.114, -0.0230711, -1.54622
0.114333, -0.0235865, -1.5443
0.114667, -0.0241013, -1.54233
0.115, -0.0246154, -1.54032
0.115333, -0.0251289, -1.53827
0.115667, -0.0256416, -1.53618
0.116, -0.0261537, -1.53404
0.116333, -0.026665, -1.53186
0.116667, -0.0271756, -1.52964
0.117, -0.0276855, -1.52737
0.117333, -0.0281946, -1.52507
0.117667, -0.028703, -1.52272
0.118, -0.0292106, -1.52033
0.118333, -0.0297173, -1.51789
0.118667, -0.0302233, -1.51541
0.119, -0.0307284, -1.5129
0.119333, -0.0312327, -1.51034
0.119667, -0.0317362, -1.50773
0.12, -0.0322388, -1.50509
0.120333, -0.0327405, -1.5024
0.120667, -0.0332413, -1.49967
0.121, -0.0337412, -1.4969
0.121333, -0.0342401, -1.49409
0.121667, -0.0347382, -1.49124
0.122, -0.0352352, -1.48834
0.122333, -0.0357314, -1.48541
0.122667, -0.0362265, -1.48243
0.123, -0.0367206, -1.47941
0.123333, -0.0372138, -1.47635
0.123667, -0.0377059, -1.47325
0.124, -0.038197, -1.47011
0.124333, -0.038687, -1.46692
0.124667, -0.039176, -1.4637
0.125, -0.0396639, -1.46044
0.125333, -0.0401507, -1.45713
0.125667, -0.0406364, -1.45378
0.126, -0.041121, -1.4504
0.126333, -0.0416045, -1.44697
0.126667, -0.0420868, -1.4435
0.127, -0.042568, -1.44
0.127333, -0.0430479, -1.43645
0.127667, -0.0435268, -1.43286
0.128, -0.0440044, -1.42923
0.128333, -0.0444808, -1.42557
0.128667, -0.044956, -1.42186
0.129, -0.0454299, -1.41811
0.129333, -0.0459026, -1.41433
0.129667, -0.0463741, -1.4105
0.13, -0.0468443, -1.40664
0.130333, -0.0473131, -1.40274
0.130667, -0.0477807, -1.39879
0.131, -0.048247, -1.39481
0.131333, -0.0487119, -1.39079
0.131667, -0.0491755, -1.38673
0.132, -0.0496378, -1.38263
0.132333, -0.0500986, -1.3785
0.132667, -0.0505581, -1.37432
0.133, -0.0510162, -1.37011
0.133333, -0.0514729, -1.36586
0.133667, -0.0519282, -1.36157
0.134, -0.0523821, -1.35724
0.134333, -0.0528345, -1.35288
0.134667, -0.0532855, -1.34847
0.135, -0.0537349, -1.34403
0.135333, -0.054183, -1.33955
0.135667, -0.0546295, -1.33504
0.136, -0.0550745, -1.33049
0.136333, -0.055518, -1.3259
0.136667, -0.05596, -1.32127
0.137, -0.0564004, -1.31661
0.137333, -0.0568392, -1.31191
0.137667, -0.0572765, -1.30717
0.138, -0.0577123, -1.3024
0.138333, -0.0581464, -1.29759
0.138667, -0.0585789, -1.29274
0.139, -0.0590098, -1.28786
0.139333, -0.0594391, -1.28294
0.139667, -0.0598668, -1.27799
0.14, -0.0602928, -1.273
0.140333, -0.0607171, -1.26798
0.140667, -0.0611398, -1.26292
0.141, -0.0615607, -1.25782
0.141333, -0.06198, -1.25269
0.141667, -0.0623976, -1.24753
0.142, -0.0628134, -1.24233
0.142333, -0.0632275, -1.23709
0.142667, -0.0636399, -1.23182
0.143, -0.0640505, -1.22652
0.143333, -0.0644593, -1.22118
0.143667, -0.0648664, -1.21581
0.144, -0.0652717, -1.21041
0.144333, -0.0656751, -1.20497
0.144667, -0.0660768, -1.19949
0.145, -0.0664766, -1.19399
0.145333, -0.0668746, -1.18845
0.145667, -0.0672708, -1.18287
0.146, -0.0676651, -1.17727
0.146333, -0.0680575, -1.17163
0.146667, -0.068448, -1.16596
0.147, -0.0688367, -1.16025
0.147333, -0.0692234, -1.15452
0.147667, -0.0696083, -1.14875
0.148, -0.0699912, -1.14295
0.148333, -0.0703722, -1.13712
0.148667, -0.0707512, -1.13125
0.149, -0.0711283, -1.12536
0.149333, -0.0715034, -1.11943
0.149667, -0.0718766, -1.11347
0.15, -0.0722477, -1.10748
0.150333, -0.0726169, -1.10146
0.150667, -0.072984, -1.09541
0.151, -0.0733492, -1.08933
0.151333, -0.0737123, -1.08321
0.151667, -0.0740733, -1.07707
0.152, -0.0744324, -1.0709
0.152333, -0.0747893, -1.0647
0.152667, -0.0751442, -1.05846
0.153, -0.0754971, -1.0522
0.153333, -0.0758478, -1.04591
0.153667, -0.0761964, -1.03959
0.154, -0.076543, -1.03324
0.154333, -0.0768874, -1.02686
0.154667, -0.0772297, -1.02045
0.155, -0.0775698, -1.01402
0.155333, -0.0779078, -1.00755
0.155667, -0.0782437, -1.00106
0.156, -0.0785774, -0.994541
0.156333, -0.0789089, -0.987993
0.156667, -0.0792382, -0.981417
0.157, -0.0795653, -0.974814
0.157333, -0.0798903, -0.968183
0.157667, -0.080213, -0.961526
0.158, -0.0805335, -0.954841
0.158333, -0.0808518, -0.94813
0.158667, -0.0811678, -0.941393
0.159, -0.0814816, -0.934629
0.159333, -0.0817932, -0.927839
0.159667, -0.0821025, -0.921022
0.16, -0.0824095, -0.914181
0.160333, -0.0827142, -0.907313
0.160667, -0.0830166, -0.90042
0.161, -0.0833168, -0.893502
0.161333, -0.0836146, -0.886559
0.161667, -0.0839101, -0.879591
0.162, -0.0842033, -0.872599
0.162333, -0.0844942, -0.865582
0.162667, -0.0847827, -0.858541
0.163, -0.0850689, -0.851475
0.163333, -0.0853527, -0.844386
0.163667, -0.0856342, -0.837274
0.164, -0.0859133, -0.830137
0.164333, -0.08619, -0.822978
0.164667, -0.0864643, -0.815796
0.165, -0.0867362, -0.80859
0.165333, -0.0870058, -0.801362
0.165667, -0.0872729, -0.794112
0.166, -0.0875376, -0.786839
0.166333, -0.0877999, -0.779544
0.166667, -0.0880597, -0.772227
0.167, -0.0883171, -0.764889
0.167333, -0.0885721, -0.757529
0.167667, -0.0888246, -0.750148
0.168, -0.0890747, -0.742746
0.168333, -0.0893222, -0.735323
0.168667, -0.0895673, -0.72788
0.169, -0.08981, -0.720416
0.169333, -0.0900501, -0.712932
0.169667, -0.0902878, -0.705428
0.17, -0.0905229, -0.697904
0.170333, -0.0907555, -0.69036
0.170667, -0.0909857, -0.682797
0.171, -0.0912132, -0.675215
0.171333, -0.0914383, -0.667614
0.171667, -0.0916609, -0.659994
0.172, -0.0918809, -0.652356
0.172333, -0.0920983, -0.644699
0.172667, -0.0923132, -0.637024
0.173, -0.0925256, -0.629331
0.173333, -0.0927353, -0.621621
0.173667, -0.0929425, -0.613893
0.174, -0.0931472, -0.606148
0.174333, -0.0933492, -0.598385
0.174667, -0.0935487, -0.590606
0.175, -0.0937455, -0.582811
0.175333, -0.0939398, -0.574998
0.175667, -0.0941315, -0.56717
0.176, -0.0943205, -0.559326
0.176333, -0.094507, -0.551466
0.176667, -0.0946908, -0.54359
0.177, -0.094872, -0.535699
0.177333, -0.0950506, -0.527793
0.177667, -0.0952265, -0.519872
0.178, -0.0953998, -0.511937
0.178333, -0.0955704, -0.503987
0.178667, -0.0957384, -0.496023
0.179, -0.0959038, -0.488044
0.179333, -0.0960665, -0.480053
0.179667, -0.0962265, -0.472047
0.18, -0.0963838, -0.464028
0.180333, -0.0965385, -0.455996
0.180667, -0.0966905, -0.447951
0.181, -0.0968398, -0.439894
0.181333, -0.0969864, -0.431824
0.181667, -0.0971304, -0.423742
0.182, -0.0972716, -0.415647
0.182333, -0.0974102, -0.407541
0.182667, -0.097546, -0.399424
0.183, -0.0976792, -0.391295
0.183333, -0.0978096, -0.383155
0.183667, -0.0979373, -0.375004
0.184, -0.0980623, -0.366843
0.184333, -0.0981846, -0.358671
0.184667, -0.0983042, -0.350489
0.185, -0.098421, -0.342297
0.185333, -0.0985351, -0.334095
0.185667, -0.0986464, -0.325884
0.186, -0.0987551, -0.317663
0.186333, -0.098861, -0.309434
0.186667, -0.0989641, -0.301195
0.187, -0.0990645, -0.292948
0.187333, -0.0991622, -0.284693
0.187667, -0.0992571, -0.276429
0.188, -0.0993492, -0.268158
0.188333, -0.0994386, -0.259879
0.188667, -0.0995252, -0.251592
0.189, -0.0996091, -0.243299
0.189333, -0.0996902, -0.234998
0.189667, -0.0997685, -0.22669
0.19, -0.0998441, -0.218376
0.190333, -0.0999169, -0.210056
0.190667, -0.0999869, -0.20173
0.191, -0.100054, -0.193397
0.191333, -0.100119, -0.185059
0.191667, -0.10018, -0.176716
0.192, -0.100239, -0.168368
0.192333, -0.100295, -0.160015
0.192667, -0.100349, -0.151657
0.193, -0.100399, -0.143294
0.193333, -0.100447, -0.134928
0.193667, -0.100492, -0.126557
0.194, -0.100534, -0.118183
0.194333, -0.100574, -0.109805
0.194667, -0.10061, -0.101424
0.195, -0.100644, -0.0930397
0.195333, -0.100675, -0.0846527
0.195667, -0.100703, -0.0762631
0.196, -0.100729, -0.0678712
0.196333, -0.100751, -0.0594771
0.196667, -0.100771, -0.0510812
0.197, -0.100788, -0.0426836
0.197333, -0.100802, -0.0342846
0.197667, -0.100814, -0.0258844
0.198, -0.100822, -0.0174833
0.198333, -0.100828, -0.0090814
0.198667, -0.100831, -0.000679051
0.199, -0.100831, 0.00772355
0.199333, -0.100829, 0.0161262
0.199667, -0.100823, 0.0245286
0.2, -0.100815, 0.0329305
0.200333, -0.100804, 0.0413318
0.200667, -0.100791, 0.0497322
0.201, -0.100774, 0.0581314
0.201333, -0.100755, 0.0665292
0.201667, -0.100732, 0.0749254
0.202, -0.100707, 0.0833198
0.202333, -0.10068, 0.0917121
0.202667, -0.100649, 0.100102
0.203, -0.100616, 0.108489
0.203333, -0.10058, 0.116874
0.203667, -0.100541, 0.125256
0.204, -0.100499, 0.133634
0.204333, -0.100454, 0.142009
0.204667, -0.100407, 0.15038
0.205, -0.100357, 0.158747
0.205333, -0.100304, 0.167111
0.205667, -0.100248, 0.175469
0.206, -0.10019, 0.183823
0.206333, -0.100128, 0.192172
0.206667, -0.100064, 0.200516
0.207, -0.0999976, 0.208855
0.207333, -0.0999279, 0.217188
0.207667, -0.0998555, 0.225516
0.208, -0.0997804, 0.233837
0.208333, -0.0997024, 0.242152
0.208667, -0.0996217, 0.25046
0.209, -0.0995382, 0.258762
0.209333, -0.099452, 0.267057
0.209667, -0.099363, 0.275345
0.21, -0.0992712, 0.283625
0.210333, -0.0991766, 0.291898
0.210667, -0.0990793, 0.300162
0.211, -0.0989793, 0.308419
0.211333, -0.0988765, 0.316667
0.211667, -0.0987709, 0.324907
0.212, -0.0986626, 0.333138
0.212333, -0.0985516, 0.34136
0.212667, -0.0984378, 0.349572
0.213, -0.0983213, 0.357775
0.213333, -0.098202, 0.365969
0.213667, -0.09808, 0.374152
0.214, -0.0979553, 0.382326
0.214333, -0.0978278, 0.390489
0.214667, -0.0976977, 0.398641
0.215, -0.0975648, 0.406782
0.215333, -0.0974292, 0.414913
0.215667, -0.0972909, 0.423032
0.216, -0.0971499, 0.43114
0.216333, -0.0970062, 0.439235
0.216667, -0.0968598, 0.447319
0.217, -0.0967107, 0.455391
0.217333, -0.0965589, 0.46345
0.217667, -0.0964044, 0.471497
0.218, -0.0962472, 0.47953
0.218333, -0.0960874, 0.487551
0.218667, -0.0959249, 0.495558
0.219, -0.0957597, 0.503552
0.219333, -0.0955918, 0.511532
0.219667, -0.0954213, 0.519498
0.22, -0.0952481, 0.52745
0.220333, -0.0950723, 0.535387
0.220667, -0.0948939, 0.54331
0.221, -0.0947128, 0.551218
0.221333, -0.094529, 0.55911
0.221667, -0.0943427, 0.566988
0.222, -0.0941537, 0.57485
0.222333, -0.093962, 0.582696
0.222667, -0.0937678, 0.590526
0.223, -0.093571, 0.59834
0.223333, -0.0933715, 0.606137
0.223667, -0.0931695, 0.613918
0.224, -0.0929648, 0.621683
0.224333, -0.0927576, 0.62943
0.224667, -0.0925478, 0.637159
0.225, -0.0923354, 0.644872
0.225333, -0.0921205, 0.652566
0.225667, -0.0919029, 0.660243
0.226, -0.0916828, 0.667902
0.226333, -0.0914602, 0.675542
0.226667, -0.091235, 0.683164
0.227, -0.0910073, 0.690766
0.227333, -0.0907771, 0.69835
0.227667, -0.0905443, 0.705915
0.228, -0.090309, 0.713461
0.228333, -0.0900711, 0.720986
0.228667, -0.0898308, 0.728492
0.229, -0.089588, 0.735978
0.229333, -0.0893427, 0.743444
0.229667, -0.0890948, 0.750889
0.23, -0.0888446, 0.758314
0.230333, -0.0885918, 0.765717
0.230667, -0.0883365, 0.7731
0.231, -0.0880788, 0.780461
0.231333, -0.0878187, 0.787801
0.231667, -0.0875561, 0.795119
0.232, -0.087291, 0.802416
0.232333, -0.0870236, 0.80969
0.232667, -0.0867537, 0.816942
0.233, -0.0864814, 0.824171
0.233333, -0.0862066, 0.831378
0.233667, -0.0859295, 0.838562
0.234, -0.08565, 0.845723
0.234333, -0.0853681, 0.85286
0.234667, -0.0850838, 0.859974
0.235, -0.0847971, 0.867065
0.235333, -0.0845081, 0.874131
0.235667, -0.0842167, 0.881174
0.236, -0.083923, 0.888192
0.236333, -0.083627, 0.895185
0.236667, -0.0833286, 0.902154
0.237, -0.0830278, 0.909098
0.237333, -0.0827248, 0.916017
0.237667, -0.0824195, 0.922911
0.238, -0.0821118, 0.929779
0.238333, -0.0818019, 0.936622
0.238667, -0.0814897, 0.943439
0.239, -0.0811752, 0.950229
0.239333, -0.0808585, 0.956994
0.239667, -0.0805395, 0.963732
0.24, -0.0802182, 0.970444
0.240333, -0.0798948, 0.977129
0.240667, -0.079569, 0.983787
0.241, -0.0792411, 0.990417
0.241333, -0.078911, 0.997021
0.241667, -0.0785786, 1.0036
0.242, -0.0782441, 1.01014
0.242333, -0.0779074, 1.01667
0.242667, -0.0775685, 1.02316
0.243, -0.0772274, 1.02962
0.243333, -0.0768842, 1.03606
0.243667, -0.0765389, 1.04246
0.244, -0.0761914, 1.04884
0.244333, -0.0758418, 1.05519
0.244667, -0.0754901, 1.06151
0.245, -0.0751362, 1.0678
0.245333, -0.0747803, 1.07406
0.245667, -0.0744223, 1.0803
0.246, -0.0740622, 1.0865
0.246333, -0.0737, 1.09267
0.246667, -0.0733358, 1.09881
0.247, -0.0729695, 1.10492
0.247333, -0.0726012, 1.111
0.247667, -0.0722309, 1.11705
0.248, -0.0718585, 1.12307
0.248333, -0.0714842, 1.12906
0.248667, -0.0711078, 1.13502
0.249, -0.0707295, 1.14094
0.249333, -0.0703491, 1.14684
0.249667, -0.0699669, 1.1527
0.25, -0.0695826, 1.15853
0.250333, -0.0691965, 1.16433
0.250667, -0.0688083, 1.1701
0.251, -0.0684183, 1.17583
0.251333, -0.0680264, 1.18153
0.251667, -0.0676325, 1.1872
0.252, -0.0672368, 1.19284
0.252333, -0.0668392, 1.19844
0.252667, -0.0664397, 1.20401
0.253, -0.0660384, 1.20955
0.253333, -0.0656352, 1.21505
0.253667, -0.0652302, 1.22052
0.254, -0.0648233, 1.22595
0.254333, -0.0644147, 1.23136
0.254667, -0.0640042, 1.23672
0.255, -0.063592, 1.24206
0.255333, -0.063178, 1.24736
0.255667, -0.0627622, 1.25262
0.256, -0.0623446, 1.25785
0.256333, -0.0619254, 1.26305
0.256667, -0.0615043, 1.26821
0.257, -0.0610816, 1.27333
0.257333, -0.0606572, 1.27842
0.257667, -0.060231, 1.28348
0.258, -0.0598032, 1.2885
0.258333, -0.0593737, 1.29348
0.258667, -0.0589425, 1.29843
0.259, -0.0585097, 1.30334
0.259333, -0.0580753, 1.30822
0.259667, -0.0576392, 1.31306
0.26, -0.0572015, 1.31786
0.260333, -0.0567622, 1.32263
0.260667, -0.0563214, 1.32736
0.261, -0.0558789, 1.33205
0.261333, -0.0554349, 1.33671
0.261667, -0.0549893, 1.34133
0.262, -0.0545422, 1.34591
0.262333, -0.0540936, 1.35045
0.262667, -0.0536434, 1.35496
0.263, -0.0531918, 1.35943
0.263333, -0.0527386, 1.36386
0.263667, -0.052284, 1.36826
0.264, -0.0518279, 1.37262
0.264333, -0.0513704, 1.37694
0.264667, -0.0509114, 1.38122
0.265, -0.050451, 1.38546
0.265333, -0.0499892, 1.38966
0.265667, -0.049526, 1.39383
0.266, -0.0490613, 1.39796
0.266333, -0.0485954, 1.40204
0.266667, -0.048128, 1.40609
0.267, -0.0476593, 1.4101
0.267333, -0.0471893, 1.41408
0.267667, -0.0467179, 1.41801
0.268, -0.0462452, 1.4219
0.268333, -0.0457713, 1.42576
0.268667, -0.045296, 1.42957
0.269, -0.0448195, 1.43334
0.269333, -0.0443417, 1.43708
0.269667, -0.0438627, 1.44077
0.27, -0.0433824, 1.44443
0.270333, -0.042901, 1.44805
0.270667, -0.0424183, 1.45162
0.271, -0.0419344, 1.45516
0.271333, -0.0414494, 1.45865
0.271667, -0.0409631, 1.4621
0.272, -0.0404758, 1.46552
0.272333, -0.0399873, 1.46889
0.272667, -0.0394976, 1.47222
0.273, -0.0390069, 1.47551
0.273333, -0.0385151, 1.47876
0.273667, -0.0380221, 1.48197
0.274, -0.0375281, 1.48514
0.274333, -0.0370331, 1.48827
0.274667, -0.036537, 1.49136
0.275, -0.0360399, 1.4944
0.275333, -0.0355418, 1.4974
0.275667, -0.0350426, 1.50037
0.276, -0.0345425, 1.50329
0.276333, -0.0340414, 1.50616
0.276667, -0.0335393, 1.509
0.277, -0.0330363, 1.5118
0.277333, -0.0325324, 1.51455
0.277667, -0.0320276, 1.51726
0.278, -0.0315218, 1.51993
0.278333, -0.0310152, 1.52256
0.278667, -0.0305077, 1.52514
0.279, -0.0299993, 1.52768
0.279333, -0.02949, 1.53018
0.279667, -0.02898, 1.53264
0.28, -0.0284691, 1.53506
0.280333, -0.0279574, 1.53743
0.280667, -0.0274449, 1.53976
0.281, -0.0269317, 1.54204
0.281333, -0.0264177, 1.54429
0.281667, -0.0259029, 1.54649
0.282, -0.0253874, 1.54865
0.282333, -0.0248712, 1.55076
0.282667, -0.0243543, 1.55284
0.283, -0.0238367, 1.55487
0.283333, -0.0233184, 1.55685
0.283667, -0.0227994, 1.5588
0.284, -0.0222798, 1.5607
0.284333, -0.0217596, 1.56255
0.284667, -0.0212387, 1.56437
0.285, -0.0207173, 1.56614
0.285333, -0.0201952, 1.56786
0.285667, -0.0196726, 1.56955
0.286, -0.0191494, 1.57119
0.286333, -0.0186257, 1.57278
0.286667, -0.0181014, 1.57433
0.287, -0.0175767, 1.57584
0.287333, -0.0170514, 1.57731
0.287667, -0.0165256, 1.57873
0.288, -0.0159994, 1.5801
0.288333, -0.0154727, 1.58144
0.288667, -0.0149455, 1.58273
0.289, -0.014418, 1.58397
0.289333, -0.01389, 1.58517
0.289667, -0.0133616, 1.58633
0.29, -0.0128328, 1.58744
0.290333, -0.0123036, 1.58851
0.290667, -0.0117741, 1.58954
0.291, -0.0112443, 1.59052
0.291333, -0.0107141, 1.59146
0.291667, -0.0101836, 1.59235
0.292, -0.00965285, 1.5932
0.292333, -0.00912179, 1.594
0.292667, -0.00859045, 1.59476
0.293, -0.00805886, 1.59548
0.293333, -0.00752704, 1.59615
0.293667, -0.00699499, 1.59678
0.294, -0.00646273, 1.59736
0.294333, -0.00593027, 1.5979
0.294667, -0.00539764, 1.59839
0.295, -0.00486484, 1.59884
0.295333, -0.00433189, 1.59925
0.295667, -0.00379881, 1.59961
0.296, -0.00326561, 1.59993
0.296333, -0.0027323, 1.6002
0.296667, -0.0021989, 1.60043
0.297, -0.00166542, 1.60061
0.297333, -0.00113188, 1.60075
0.297667, -0.000598302, 1.60084
0.298, -6.46876e-05, 1.60089
0.298333, 0.000468943, 1.6009
0.298667, 0.00100258, 1.60086
0.299, 0.0015362, 1.60078
0.299333, 0.00206979, 1.60065
0.299667, 0.00260334, 1.60048
0.3, 0.00313683, 1.60026
0.300333, 0.00367025, 1.6
0.300667, 0.00420358, 1.59969
0.301, 0.00473681, 1.59934
0.301333, 0.00526992, 1.59895
0.301667, 0.00580291, 1.59851
0.302, 0.00633574, 1.59802
0.302333, 0.00686842, 1.5975
0.302667, 0.00740092, 1.59692
0.303, 0.00793322, 1.59631
0.303333, 0.00846533, 1.59565
0.303667, 0.00899721, 1.59494
0.304, 0.00952885, 1.59419
0.304333, 0.0100603, 1.5934
0.304667, 0.0105914, 1.59256
0.305, 0.0111222, 1.59167
0.305333, 0.0116528, 1.59075
0.305667, 0.012183, 1.58978
0.306, 0.012713, 1.58876
0.306333, 0.0132426, 1.5877
0.306667, 0.0137718, 1.5866
0.307, 0.0143007, 1.58545
0.307333, 0.0148291, 1.58426
0.307667, 0.0153572, 1.58302
0.308, 0.0158849, 1.58174
0.308333, 0.0164121, 1.58042
0.308667, 0.016939, 1.57905
0.309, 0.0174653, 1.57764
0.309333, 0.0179912, 1.57619
0.309667, 0.0185166, 1.57469
0.31, 0.0190415, 1.57314
0.310333, 0.0195659, 1.57156
0.310667, 0.0200897, 1.56993
0.311, 0.020613, 1.56825
0.311333, 0.0211358, 1.56653
0.311667, 0.0216579, 1.56477
0.312, 0.0221795, 1.56297
0.312333, 0.0227005, 1.56112
0.312667, 0.0232209, 1.55923
0.313, 0.0237406, 1.55729
0.313333, 0.0242597, 1.55531
0.313667, 0.0247782, 1.55329
0.314, 0.0252959, 1.55123
0.314333, 0.025813, 1.54912
0.314667, 0.0263294, 1.54697
0.315, 0.026845, 1.54477
0.315333, 0.02736, 1.54254
0.315667, 0.0278742, 1.54026
0.316, 0.0283876, 1.53793
0.316333, 0.0289002, 1.53557
0.316667, 0.0294121, 1.53316
0.317, 0.0299231, 1.53071
0.317333, 0.0304334, 1.52822
0.317667, 0.0309428, 1.52568
0.318, 0.0314513, 1.5231
0.318333, 0.031959, 1.52048
0.318667, 0.0324659, 1.51782
0.319, 0.0329718, 1.51511
0.319333, 0.0334768, 1.51236
0.319667, 0.033981, 1.50957
0.32, 0.0344841, 1.50674
0.320333, 0.0349864, 1.50387
0.320667, 0.0354877, 1.50095
0.321, 0.035988, 1.498
0.321333, 0.0364873, 1.495
0.321667, 0.0369857, 1.49196
0.322, 0.037483, 1.48887
0.322333, 0.0379793, 1.48575
0.322667, 0.0384745, 1.48259
0.323, 0.0389687, 1.47938
0.323333, 0.0394618, 1.47613
0.323667, 0.0399539, 1.47284
0.324, 0.0404448, 1.46951
0.324333, 0.0409347, 1.46614
0.324667, 0.0414234, 1.46273
0.325, 0.041911, 1.45928
0.325333, 0.0423974, 1.45579
0.325667, 0.0428827, 1.45226
0.326, 0.0433667, 1.44868
0.326333, 0.0438496, 1.44507
0.326667, 0.0443313, 1.44141
0.327, 0.0448118, 1.43772
0.327333, 0.045291, 1.43398
0.327667, 0.045769, 1.43021
0.328, 0.0462458, 1.4264
0.328333, 0.0467212, 1.42254
0.328667, 0.0471954, 1.41865
0.329, 0.0476683, 1.41472
0.329333, 0.0481399, 1.41074
0.329667, 0.0486101, 1.40673
0.33, 0.049079, 1.40268
0.330333, 0.0495466, 1.39859
0.330667, 0.0500128, 1.39446
0.331, 0.0504776, 1.39029
0.331333, 0.050941, 1.38609
0.331667, 0.0514031, 1.38184
0.332, 0.0518637, 1.37756
0.332333, 0.0523229, 1.37324
0.332667, 0.0527806, 1.36888
0.333, 0.0532369, 1.36448
0.333333, 0.0536917, 1.36004
0.333667, 0.0541451, 1.35557
0.334, 0.0545969, 1.35106
0.334333, 0.0550473, 1.34651
0.334667, 0.0554961, 1.34192
0.335, 0.0559434, 1.33729
0.335333, 0.0563892, 1.33263
0.335667, 0.0568334, 1.32793
0.336, 0.0572761, 1.3232
0.336333, 0.0577171, 1.31842
0.336667, 0.0581566, 1.31361
0.337, 0.0585945, 1.30877
0.337333, 0.0590307, 1.30389
0.337667, 0.0594654, 1.29897
0.338, 0.0598983, 1.29401
0.338333, 0.0603297, 1.28902
0.338667, 0.0607593, 1.28399
0.339, 0.0611873, 1.27893
0.339333, 0.0616137, 1.27383
0.339667, 0.0620383, 1.2687
0.34, 0.0624612, 1.26353
0.340333, 0.0628823, 1.25832
0.340667, 0.0633018, 1.25308
0.341, 0.0637195, 1.2478
0.341333, 0.0641354, 1.24249
0.341667, 0.0645496, 1.23715
0.342, 0.064962, 1.23177
0.342333, 0.0653725, 1.22636
0.342667, 0.0657813, 1.22091
0.343, 0.0661883, 1.21543
0.343333, 0.0665934, 1.20991
0.343667, 0.0669967, 1.20436
0.344, 0.0673982, 1.19878
0.344333, 0.0677978, 1.19316
0.344667, 0.0681955, 1.18751
0.345, 0.0685914, 1.18183
0.345333, 0.0689853, 1.17611
0.345667, 0.0693773, 1.17037
0.346, 0.0697675, 1.16458
0.346333, 0.0701557, 1.15877
0.346667, 0.0705419, 1.15292
0.347, 0.0709262, 1.14705
0.347333, 0.0713086, 1.14114
0.347667, 0.0716889, 1.13519
0.348, 0.0720673, 1.12922
0.348333, 0.0724438, 1.12321
0.348667, 0.0728182, 1.11718
0.349, 0.0731905, 1.11111
0.349333, 0.0735609, 1.10501
0.349667, 0.0739293, 1.09888
0.35, 0.0742955, 1.09272
0.350333, 0.0746598, 1.08653
0.350667, 0.075022, 1.0803
0.351, 0.0753821, 1.07405
0.351333, 0.0757401, 1.06777
0.351667, 0.076096, 1.06146
0.352, 0.0764498, 1.05512
0.352333, 0.0768015, 1.04875
0.352667, 0.0771511, 1.04235
0.353, 0.0774986, 1.03592
0.353333, 0.0778439, 1.02946
0.353667, 0.078187, 1.02297
0.354, 0.078528, 1.01646
0.354333, 0.0788668, 1.00991
0.354667, 0.0792035, 1.00334
0.355, 0.0795379, 0.996741
0.355333, 0.0798702, 0.990113
0.355667, 0.0802002, 0.983457
0.356, 0.080528, 0.976773
0.356333, 0.0808536, 0.970063
0.356667, 0.081177, 0.963325
0.357, 0.0814981, 0.95656
0.357333, 0.0818169, 0.949769
0.357667, 0.0821335, 0.942951
0.358, 0.0824478, 0.936106
0.358333, 0.0827599, 0.929235
0.358667, 0.0830696, 0.922339
0.359, 0.0833771, 0.915416
0.359333, 0.0836822, 0.908468
0.359667, 0.083985, 0.901495
0.36, 0.0842855, 0.894496
0.360333, 0.0845837, 0.887472
0.360667, 0.0848795, 0.880424
0.361, 0.085173, 0.87335
0.361333, 0.0854641, 0.866253
0.361667, 0.0857528, 0.859131
0.362, 0.0860392, 0.851984
0.362333, 0.0863232, 0.844815
0.362667, 0.0866048, 0.837621
0.363, 0.086884, 0.830404
0.363333, 0.0871608, 0.823164
0.363667, 0.0874352, 0.8159
0.364, 0.0877072, 0.808614
0.364333, 0.0879767, 0.801305
0.364667, 0.0882438, 0.793974
0.365, 0.0885085, 0.78662
0.365333, 0.0887707, 0.779244
0.365667, 0.0890304, 0.771847
0.366, 0.0892877, 0.764427
0.366333, 0.0895425, 0.756987
0.366667, 0.0897949, 0.749525
0.367, 0.0900447, 0.742042
0.367333, 0.0902921, 0.734538
0.367667, 0.0905369, 0.727014
0.368, 0.0907792, 0.719469
0.368333, 0.0910191, 0.711904
0.368667, 0.0912564, 0.704319
0.369, 0.0914911, 0.696715
0.369333, 0.0917234, 0.68909
0.369667, 0.0919531, 0.681447
0.37, 0.0921802, 0.673784
0.370333, 0.0924048, 0.666102
0.370667, 0.0926268, 0.658402
0.371, 0.0928463, 0.650683
0.371333, 0.0930632, 0.642946
0.371667, 0.0932775, 0.635191
0.372, 0.0934893, 0.627417
0.372333, 0.0936984, 0.619627
0.372667, 0.0939049, 0.611818
0.373, 0.0941089, 0.603993
0.373333, 0.0943102, 0.596151
0.373667, 0.0945089, 0.588291
0.374, 0.094705, 0.580416
0.374333, 0.0948985, 0.572524
0.374667, 0.0950893, 0.564615
0.375, 0.0952775, 0.556691
0.375333, 0.0954631, 0.548751
0.375667, 0.095646, 0.540796
0.376, 0.0958263, 0.532826
0.376333, 0.0960039, 0.52484
0.376667, 0.0961788, 0.51684
0.377, 0.0963511, 0.508825
0.377333, 0.0965207, 0.500796
0.377667, 0.0966877, 0.492752
0.378, 0.0968519, 0.484695
0.378333, 0.0970135, 0.476624
0.378667, 0.0971723, 0.46854
0.379, 0.0973285, 0.460442
0.379333, 0.097482, 0.452331
0.379667, 0.0976328, 0.444208
0.38, 0.0977809, 0.436072
0.380333, 0.0979262, 0.427923
0.380667, 0.0980689, 0.419763
0.381, 0.0982088, 0.41159
0.381333, 0.098346, 0.403406
0.381667, 0.0984804, 0.395211
0.382, 0.0986122, 0.387004
0.382333, 0.0987412, 0.378786
0.382667, 0.0988674, 0.370558
0.383, 0.098991, 0.362319
0.383333, 0.0991117, 0.35407
0.383667, 0.0992298, 0.34581
0.384, 0.099345, 0.337541
0.384333, 0.0994575, 0.329262
0.384667, 0.0995673, 0.320974
0.385, 0.0996743, 0.312677
0.385333, 0.0997785, 0.304371
0.385667, 0.09988, 0.296056
0.386, 0.0999787, 0.287733
0.386333, 0.100075, 0.279401
0.386667, 0.100168, 0.271062
0.387, 0.100258, 0.262714
0.387333, 0.100346, 0.254359
0.387667, 0.10043, 0.245997
0.388, 0.100512, 0.237628
0.388333, 0.100592, 0.229252
0.388667, 0.100668, 0.220869
0.389, 0.100742, 0.21248
0.389333, 0.100812, 0.204085
0.389667, 0.100881, 0.195684
0.39, 0.100946, 0.187278
0.390333, 0.101008, 0.178865
0.390667, 0.101068, 0.170448
0.391, 0.101125, 0.162026
0.391333, 0.101179, 0.153599
0.391667, 0.10123, 0.145167
0.392, 0.101278, 0.136731
0.392333, 0.101324, 0.128291
0.392667, 0.101367, 0.119848
0.393, 0.101406, 0.111401
0.393333, 0.101444, 0.10295
0.393667, 0.101478, 0.0944964
0.394, 0.101509, 0.0860399
0.394333, 0.101538, 0.0775808
0.394667, 0.101564, 0.0691193
0.395, 0.101587, 0.0606556
0.395333, 0.101607, 0.0521901
0.395667, 0.101625, 0.0437228
0.396, 0.101639, 0.0352541
0.396333, 0.101651, 0.0267841
0.396667, 0.10166, 0.0183132
0.397, 0.101666, 0.00984156
0.397333, 0.101669, 0.00136939
0.397667, 0.10167, -0.00710305
0.398, 0.101667, -0.0155755
0.398333, 0.101662, -0.0240478
0.398667, 0.101654, -0.0325197
0.399, 0.101643, -0.0409908
0.399333, 0.10163, -0.0494611
0.399667, 0.101613, -0.0579302
0.4, 0.101594, -0.066398
0.400333, 0.101572, -0.0748642
0.400667, 0.101547, -0.0833285
0.401, 0.101519, -0.0917907
0.401333, 0.101488, -0.100251
0.401667, 0.101455, -0.108708
0.402, 0.101419, -0.117163
0.402333, 0.10138, -0.125614
0.402667, 0.101338, -0.134062
0.403, 0.101293, -0.142507
0.403333, 0.101246, -0.150948
0.403667, 0.101195, -0.159385
0.404, 0.101142, -0.167818
0.404333, 0.101086, -0.176247
0.404667, 0.101027, -0.184671
0.405, 0.100966, -0.19309
0.405333, 0.100902, -0.201504
0.405667, 0.100834, -0.209912
0.406, 0.100764, -0.218315
0.406333, 0.100692, -0.226712
0.406667, 0.100616, -0.235103
0.407, 0.100538, -0.243488
0.407333, 0.100457, -0.251866
0.407667, 0.100373, -0.260237
0.408, 0.100286, -0.268602
0.408333, 0.100196, -0.276959
0.408667, 0.100104, -0.285308
0.409, 0.100009, -0.29365
0.409333, 0.099911, -0.301984
0.409667, 0.0998104, -0.31031
0.41, 0.0997069, -0.318628
0.410333, 0.0996007, -0.326937
0.410667, 0.0994917, -0.335237
0.411, 0.09938, -0.343528
0.411333, 0.0992655, -0.351809
0.411667, 0.0991482, -0.360082
0.412, 0.0990282, -0.368344
0.412333, 0.0989054, -0.376596
0.412667, 0.0987799, -0.384838
0.413, 0.0986516, -0.39307
0.413333, 0.0985206, -0.401291
0.413667, 0.0983868, -0.409501
0.414, 0.0982503, -0.4177
0.414333, 0.0981111, -0.425888
0.414667, 0.0979691, -0.434063
0.415, 0.0978244, -0.442228
0.415333, 0.097677, -0.45038
0.415667, 0.0975269, -0.458519
0.416, 0.097374, -0.466647
0.416333, 0.0972185, -0.474761
0.416667, 0.0970602, -0.482863
0.417, 0.0968993, -0.490951
0.417333, 0.0967356, -0.499026
0.417667, 0.0965693, -0.507087
0.418, 0.0964003, -0.515135
0.418333, 0.0962286, -0.523168
0.418667, 0.0960542, -0.531187
0.419, 0.0958771, -0.539192
0.419333, 0.0956974, -0.547181
0.419667, 0.095515, -0.555156
0.42, 0.0953299, -0.563116
0.420333, 0.0951422, -0.57106
0.420667, 0.0949519, -0.578988
0.421, 0.0947589, -0.586901
0.421333, 0.0945632, -0.594798
0.421667, 0.094365, -0.602678
0.422, 0.0941641, -0.610542
0.422333, 0.0939606, -0.618389
0.422667, 0.0937544, -0.626219
0.423, 0.0935457, -0.634032
0.423333, 0.0933344, -0.641827
0.423667, 0.0931204, -0.649605
0.424, 0.0929039, -0.657365
0.424333, 0.0926848, -0.665107
0.424667, 0.0924631, -0.672831
0.425, 0.0922388, -0.680536
0.425333, 0.0920119, -0.688222
0.425667, 0.0917825, -0.69589
0.426, 0.0915506, -0.703539
0.426333, 0.091316, -0.711168
0.426667, 0.091079, -0.718778
0.427, 0.0908394, -0.726367
0.427333, 0.0905973, -0.733937
0.427667, 0.0903526, -0.741487
0.428, 0.0901055, -0.749017
0.428333, 0.0898558, -0.756525
0.428667, 0.0896036, -0.764013
0.429, 0.0893489, -0.77148
0.429333, 0.0890918, -0.778926
0.429667, 0.0888321, -0.78635
0.43, 0.08857, -0.793753
0.430333, 0.0883054, -0.801134
0.430667, 0.0880384, -0.808493
0.431, 0.0877689, -0.815829
0.431333, 0.087497, -0.823143
0.431667, 0.0872226, -0.830435
0.432, 0.0869458, -0.837703
0.432333, 0.0866665, -0.844949
0.432667, 0.0863849, -0.852171
0.433, 0.0861008, -0.85937
0.433333, 0.0858144, -0.866545
0.433667, 0.0855255, -0.873696
0.434, 0.0852343, -0.880823
0.434333, 0.0849407, -0.887926
0.434667, 0.0846447, -0.895004
0.435, 0.0843464, -0.902058
0.435333, 0.0840457, -0.909087
0.435667, 0.0837427, -0.916091
0.436, 0.0834373, -0.923069
0.436333, 0.0831296, -0.930022
0.436667, 0.0828196, -0.93695
0.437, 0.0825073, -0.943851
0.437333, 0.0821927, -0.950727
0.437667, 0.0818758, -0.957576
0.438, 0.0815566, -0.964399
0.438333, 0.0812351, -0.971196
0.438667, 0.0809114, -0.977965
0.439, 0.0805854, -0.984708
0.439333, 0.0802571, -0.991423
0.439667, 0.0799267, -0.998112
0.44, 0.079594, -1.00477
0.440333, 0.079259, -1.0114
0.440667, 0.0789219, -1.01801
0.441, 0.0785826, -1.02459
0.441333, 0.078241, -1.03114
0.441667, 0.0778973, -1.03766
0.442, 0.0775514, -1.04415
0.442333, 0.0772034, -1.05061
0.442667, 0.0768532, -1.05704
0.443, 0.0765008, -1.06345
0.443333, 0.0761464, -1.06982
0.443667, 0.0757897, -1.07617
0.444, 0.075431, -1.08248
0.444333, 0.0750702, -1.08877
0.444667, 0.0747073, -1.09503
0.445, 0.0743423, -1.10125
0.445333, 0.0739752, -1.10745
0.445667, 0.073606, -1.11361
0.446, 0.0732348, -1.11974
0.446333, 0.0728616, -1.12585
0.446667, 0.0724863, -1.13192
0.447, 0.072109, -1.13796
0.447333, 0.0717297, -1.14397
0.447667, 0.0713483, -1.14995
0.448, 0.070965, -1.15589
0.448333, 0.0705797, -1.16181
0.448667, 0.0701925, -1.16769
0.449, 0.0698032, -1.17354
0.449333, 0.0694121, -1.17935
0.449667, 0.0690189, -1.18514
0.45, 0.0686239, -1.19089
0.450333, 0.0682269, -1.19661
0.450667, 0.0678281, -1.20229
0.451, 0.0674273, -1.20795
0.451333, 0.0670246, -1.21357
0.451667, 0.0666201, -1.21915
0.452, 0.0662137, -1.2247
0.452333, 0.0658055, -1.23022
0.452667, 0.0653954, -1.2357
0.453, 0.0649835, -1.24115
0.453333, 0.0645698, -1.24657
0.453667, 0.0641543, -1.25195
0.454, 0.063737, -1.2573
0.454333, 0.0633179, -1.26261
0.454667, 0.062897, -1.26788
0.455, 0.0624744, -1.27313
0.455333, 0.06205, -1.27833
0.455667, 0.0616239, -1.2835
0.456, 0.0611961, -1.28864
0.456333, 0.0607665, -1.29374
0.456667, 0.0603353, -1.2988
0.457, 0.0599023, -1.30383
0.457333, 0.0594677, -1.30882
0.457667, 0.0590315, -1.31378
0.458, 0.0585935, -1.3187
0.458333, 0.058154, -1.32358
0.458667, 0.0577128, -1.32842
0.459, 0.05727, -1.33323
0.459333, 0.0568255, -1.33801
0.459667, 0.0563795, -1.34274
0.46, 0.055932, -1.34744
0.460333, 0.0554828, -1.3521
0.460667, 0.0550321, -1.35673
0.461, 0.0545799, -1.36131
0.461333, 0.0541261, -1.36586
0.461667, 0.0536708, -1.37037
0.462, 0.053214, -1.37484
0.462333, 0.0527557, -1.37928
0.462667, 0.052296, -1.38367
0.463, 0.0518348, -1.38803
0.463333, 0.0513721, -1.39235
0.463667, 0.050908, -1.39663
0.464, 0.0504424, -1.40087
0.464333, 0.0499755, -1.40508
0.464667, 0.0495071, -1.40924
0.465, 0.0490374, -1.41337
0.465333, 0.0485662, -1.41745
0.465667, 0.0480938, -1.4215
0.466, 0.0476199, -1.42551
0.466333, 0.0471448, -1.42948
0.466667, 0.0466683, -1.43341
0.467, 0.0461905, -1.4373
0.467333, 0.0457114, -1.44114
0.467667, 0.045231, -1.44495
0.468, 0.0447493, -1.44872
0.468333, 0.0442664, -1.45245
0.468667, 0.0437823, -1.45614
0.469, 0.0432969, -1.45979
0.469333, 0.0428103, -1.4634
0.469667, 0.0423225, -1.46697
0.47, 0.0418335, -1.47049
0.470333, 0.0413433, -1.47398
0.470667, 0.040852, -1.47742
0.471, 0.0403595, -1.48083
0.471333, 0.0398659, -1.48419
0.471667, 0.0393712, -1.48751
0.472, 0.0388754, -1.49079
0.472333, 0.0383784, -1.49403
0.472667, 0.0378804, -1.49723
0.473, 0.0373813, -1.50039
0.473333, 0.0368812, -1.5035
0.473667, 0.03638, -1.50658
0.474, 0.0358778, -1.50961
0.474333, 0.0353746, -1.5126
0.474667, 0.0348704, -1.51555
0.475, 0.0343653, -1.51845
0.475333, 0.0338591, -1.52132
0.475667, 0.033352, -1.52414
0.476, 0.032844, -1.52692
0.476333, 0.032335, -1.52965
0.476667, 0.0318251, -1.53235
0.477, 0.0313143, -1.535
0.477333, 0.0308027, -1.53761
0.477667, 0.0302901, -1.54018
0.478, 0.0297767, -1.5427
0.478333, 0.0292625, -1.54518
0.478667, 0.0287474, -1.54762
0.479, 0.0282316, -1.55002
0.479333, 0.0277149, -1.55237
0.479667, 0.0271974, -1.55468
0.48, 0.0266792, -1.55695
0.480333, 0.0261602, -1.55917
0.480667, 0.0256405, -1.56135
0.481, 0.02512, -1.56349
0.481333, 0.0245989, -1.56558
0.481667, 0.024077, -1.56763
0.482, 0.0235545, -1.56964
0.482333, 0.0230313, -1.5716
0.482667, 0.0225074, -1.57352
0.483, 0.0219829, -1.57539
0.483333, 0.0214578, -1.57723
0.483667, 0.020932, -1.57901
0.484, 0.0204057, -1.58076
0.484333, 0.0198788, -1.58246
0.484667, 0.0193513, -1.58411
0.485, 0.0188232, -1.58573
0.485333, 0.0182947, -1.5873
0.485667, 0.0177656, -1.58882
0.486, 0.017236, -1.5903
0.486333, 0.0167059, -1.59174
0.486667, 0.0161753, -1.59313
0.487, 0.0156442, -1.59448
0.487333, 0.0151127, -1.59578
0.487667, 0.0145808, -1.59704
0.488, 0.0140485, -1.59826
0.488333, 0.0135157, -1.59943
0.488667, 0.0129826, -1.60055
0.489, 0.0124491, -1.60163
0.489333, 0.0119152, -1.60267
0.489667, 0.011381, -1.60366
0.49, 0.0108464, -1.60461
0.490333, 0.0103115, -1.60552
0.490667, 0.00977636, -1.60638
0.491, 0.0092409, -1.60719
0.491333, 0.00870517, -1.60796
0.491667, 0.00816918, -1.60869
0.492, 0.00763295, -1.60937
0.492333, 0.0070965, -1.61
0.492667, 0.00655983, -1.61059
0.493, 0.00602297, -1.61114
0.493333, 0.00548592, -1.61164
0.493667, 0.0049487, -1.6121
0.494, 0.00441134, -1.61251
0.494333, 0.00387383, -1.61288
0.494667, 0.00333621, -1.6132
0.495, 0.00279847, -1.61348
0.495333, 0.00226065, -1.61371
0.495667, 0.00172274, -1.6139
0.496, 0.00118477, -1.61405
0.496333, 0.000646757, -1.61415
0.496667, 0.000108709, -1.6142
0.497, -0.000429358, -1.61421
0.497333, -0.000967427, -1.61417
0.497667, -0.00150548, -1.61409
0.498, -0.00204352, -1.61397
0.498333, -0.0025815, -1.6138
0.498667, -0.00311944, -1.61358
0.499, -0.0036573, -1.61332
0.499333, -0.00419507, -1.61302
0.499667, -0.00473274, -1.61267
0.5, -0.0052703, -1.61227
0.500333, -0.00580772, -1.61183
0.500667, -0.006345, -1.61135
0.501, -0.00688212, -1.61082
0.501333, -0.00741906, -1.61025
0.501667, -0.0079558, -1.60963
0.502, -0.00849235, -1.60897
0.502333, -0.00902867, -1.60826
0.502667, -0.00956476, -1.60751
0.503, -0.0101006, -1.60671
0.503333, -0.0106362, -1.60587
0.503667, -0.0111714, -1.60498
0.504, -0.0117064, -1.60405
0.504333, -0.0122411, -1.60307
0.504667, -0.0127755, -1.60205
0.505, -0.0133095, -1.60099
0.505333, -0.0138432, -1.59988
0.505667, -0.0143765, -1.59873
0.506, -0.0149094, -1.59753
0.506333, -0.0154419, -1.59629
0.506667, -0.015974, -1.595
0.507, -0.0165056, -1.59367
0.507333, -0.0170369, -1.59229
0.507667, -0.0175676, -1.59087
0.508, -0.0180979, -1.58941
0.508333, -0.0186277, -1.5879
0.508667, -0.019157, -1.58635
0.509, -0.0196858, -1.58475
0.509333, -0.0202141, -1.58311
0.509667, -0.0207418, -1.58143
0.51, -0.0212689, -1.5797
0.510333, -0.0217955, -1.57793
0.510667, -0.0223214, -1.57611
0.511, -0.0228468, -1.57425
0.511333, -0.0233716, -1.57235
0.511667, -0.0238957, -1.5704
0.512, -0.0244191, -1.56841
0.512333, -0.0249419, -1.56637
0.512667, -0.0254641, -1.56429
0.513, -0.0259855, -1.56217
0.513333, -0.0265062, -1.56001
0.513667, -0.0270262, -1.5578
0.514, -0.0275455, -1.55554
0.514333, -0.028064, -1.55325
0.514667, -0.0285818, -1.55091
0.515, -0.0290987, -1.54853
0.515333, -0.0296149, -1.5461
0.515667, -0.0301303, -1.54364
0.516, -0.0306448, -1.54113
0.516333, -0.0311585, -1.53857
0.516667, -0.0316714, -1.53597
0.517, -0.0321834, -1.53334
0.517333, -0.0326945, -1.53065
0.517667, -0.0332047, -1.52793
0.518, -0.033714, -1.52516
0.518333, -0.0342224, -1.52235
0.518667, -0.0347298, -1.5195
0.519, -0.0352363, -1.51661
0.519333, -0.0357419, -1.51367
0.519667, -0.0362464, -1.51069
0.52, -0.03675, -1.50767
0.520333, -0.0372526, -1.50461
0.520667, -0.0377541, -1.5015
0.521, -0.0382546, -1.49836
0.521333, -0.0387541, -1.49517
0.521667, -0.0392524, -1.49194
0.522, -0.0397498, -1.48867
0.522333, -0.040246, -1.48536
0.522667, -0.0407411, -1.482
0.523, -0.0412351, -1.47861
0.523333, -0.041728, -1.47517
0.523667, -0.0422197, -1.47169
0.524, -0.0427103, -1.46818
0.524333, -0.0431997, -1.46462
0.524667, -0.0436879, -1.46102
0.525, -0.0441749, -1.45738
0.525333, -0.0446607, -1.4537
0.525667, -0.0451452, -1.44997
0.526, -0.0456285, -1.44621
0.526333, -0.0461106, -1.44241
0.526667, -0.0465914, -1.43857
0.527, -0.0470709, -1.43468
0.527333, -0.0475492, -1.43076
0.527667, -0.0480261, -1.4268
0.528, -0.0485017, -1.4228
0.528333, -0.048976, -1.41876
0.528667, -0.0494489, -1.41467
0.529, -0.0499204, -1.41055
0.529333, -0.0503906, -1.40639
0.529667, -0.0508594, -1.40219
0.53, -0.0513268, -1.39796
0.530333, -0.0517928, -1.39368
0.530667, -0.0522574, -1.38936
0.531, -0.0527205, -1.38501
0.531333, -0.0531821, -1.38061
0.531667, -0.0536423, -1.37618
0.532, -0.0541011, -1.37171
0.532333, -0.0545583, -1.3672
0.532667, -0.055014, -1.36266
0.533, -0.0554683, -1.35807
0.533333, -0.055921, -1.35345
0.533667, -0.0563721, -1.34879
0.534, -0.0568217, -1.34409
0.534333, -0.0572697, -1.33936
0.534667, -0.0577162, -1.33458
0.535, -0.058161, -1.32978
0.535333, -0.0586043, -1.32493
0.535667, -0.059046, -1.32004
0.536, -0.059486, -1.31512
0.536333, -0.0599243, -1.31017
0.536667, -0.0603611, -1.30517
0.537, -0.0607961, -1.30014
0.537333, -0.0612295, -1.29508
0.537667, -0.0616612, -1.28997
0.538, -0.0620912, -1.28484
0.538333, -0.0625195, -1.27966
0.538667, -0.062946, -1.27445
0.539, -0.0633708, -1.26921
0.539333, -0.0637939, -1.26393
0.539667, -0.0642152, -1.25861
0.54, -0.0646347, -1.25326
0.540333, -0.0650525, -1.24787
0.540667, -0.0654685, -1.24245
0.541, -0.0658826, -1.23699
0.541333, -0.0662949, -1.2315
0.541667, -0.0667054, -1.22598
0.542, -0.0671141, -1.22042
0.542333, -0.0675209, -1.21483
0.542667, -0.0679259, -1.2092
0.543, -0.0683289, -1.20354
0.543333, -0.0687301, -1.19785
0.543667, -0.0691294, -1.19212
0.544, -0.0695268, -1.18636
0.544333, -0.0699222, -1.18057
0.544667, -0.0703157, -1.17474
0.545, -0.0707073, -1.16888
0.545333, -0.0710969, -1.16299
0.545667, -0.0714846, -1.15706
0.546, -0.0718703, -1.1511
0.546333, -0.072254, -1.14512
0.546667, -0.0726357, -1.13909
0.547, -0.0730154, -1.13304
0.547333, -0.0733931, -1.12696
0.547667, -0.0737687, -1.12084
0.548, -0.0741423, -1.11469
0.548333, -0.0745139, -1.10851
0.548667, -0.0748834, -1.1023
0.549, -0.0752508, -1.09606
0.549333, -0.0756162, -1.08979
0.549667, -0.0759795, -1.08349
0.55, -0.0763406, -1.07716
0.550333, -0.0766997, -1.0708
0.550667, -0.0770566, -1.06441
0.551, -0.0774114, -1.05799
0.551333, -0.0777641, -1.05154
0.551667, -0.0781146, -1.04505
0.552, -0.0784629, -1.03855
0.552333, -0.0788091, -1.03201
0.552667, -0.0791531, -1.02544
0.553, -0.0794949, -1.01884
0.553333, -0.0798345, -1.01222
0.553667, -0.080172, -1.00557
0.554, -0.0805071, -0.998885
0.554333, -0.0808401, -0.992176
0.554667, -0.0811708, -0.985439
0.555, -0.0814993, -0.978675
0.555333, -0.0818255, -0.971883
0.555667, -0.0821495, -0.965064
0.556, -0.0824712, -0.958219
0.556333, -0.0827906, -0.951346
0.556667, -0.0831077, -0.944447
0.557, -0.0834225, -0.937521
0.557333, -0.083735, -0.930569
0.557667, -0.0840452, -0.923591
0.558, -0.0843531, -0.916588
0.558333, -0.0846586, -0.909558
0.558667, -0.0849618, -0.902503
0.559, -0.0852626, -0.895423
0.559333, -0.0855611, -0.888318
0.559667, -0.0858572, -0.881188
0.56, -0.0861509, -0.874033
0.560333, -0.0864423, -0.866854
0.560667, -0.0867312, -0.85965
0.561, -0.0870178, -0.852423
0.561333, -0.0873019, -0.845171
0.561667, -0.0875837, -0.837896
0.562, -0.087863, -0.830597
0.562333, -0.0881398, -0.823276
0.562667, -0.0884142, -0.815931
0.563, -0.0886862, -0.808563
0.563333, -0.0889557, -0.801172
0.563667, -0.0892228, -0.793759
0.564, -0.0894874, -0.786324
0.564333, -0.0897495, -0.778867
0.564667, -0.0900091, -0.771388
0.565, -0.0902662, -0.763887
0.565333, -0.0905209, -0.756365
0.565667, -0.090773, -0.748821
0.566, -0.0910226, -0.741257
0.566333, -0.0912697, -0.733672
0.566667, -0.0915142, -0.726066
0.567, -0.0917563, -0.71844
0.567333, -0.0919957, -0.710793
0.567667, -0.0922327, -0.703127
0.568, -0.0924671, -0.695441
0.568333, -0.0926989, -0.687735
0.568667, -0.0929281, -0.68001
0.569, -0.0931548, -0.672266
0.569333, -0.0933789, -0.664503
0.569667, -0.0936004, -0.656722
0.57, -0.0938193, -0.648922
0.570333, -0.0940356, -0.641104
0.570667, -0.0942493, -0.633267
0.571, -0.0944604, -0.625413
0.571333, -0.0946688, -0.617541
0.571667, -0.0948747, -0.609652
0.572, -0.0950779, -0.601746
0.572333, -0.0952785, -0.593823
0.572667, -0.0954764, -0.585883
0.573, -0.0956717, -0.577927
0.573333, -0.0958644, -0.569954
0.573667, -0.0960544, -0.561965
0.574, -0.0962417, -0.553961
0.574333, -0.0964263, -0.545941
0.574667, -0.0966083, -0.537905
0.575, -0.0967876, -0.529855
0.575333, -0.0969642, -0.521789
0.575667, -0.0971382, -0.513709
0.576, -0.0973094, -0.505614
0.576333, -0.0974779, -0.497505
0.576667, -0.0976438, -0.489381
0.577, -0.0978069, -0.481244
0.577333, -0.0979673, -0.473094
0.577667, -0.098125, -0.46493
0.578, -0.09828, -0.456753
0.578333, -0.0984322, -0.448563
0.578667, -0.0985818, -0.44036
0.579, -0.0987285, -0.432145
0.579333, -0.0988726, -0.423918
0.579667, -0.0990139, -0.415678
0.58, -0.0991525, -0.407427
0.580333, -0.0992883, -0.399164
0.580667, -0.0994213, -0.39089
0.581, -0.0995516, -0.382605
0.581333, -0.0996792, -0.374309
0.581667, -0.0998039, -0.366003
0.582, -0.0999259, -0.357686
0.582333, -0.100045, -0.349359
0.582667, -0.100162, -0.341021
0.583, -0.100275, -0.332675
0.583333, -0.100386, -0.324318
0.583667, -0.100494, -0.315953
0.584, -0.1006, -0.307578
0.584333, -0.100702, -0.299195
0.584667, -0.100802, -0.290803
0.585, -0.100899, -0.282403
0.585333, -0.100993, -0.273995
0.585667, -0.101084, -0.265579
0.586, -0.101173, -0.257155
0.586333, -0.101258, -0.248724
0.586667, -0.101341, -0.240286
0.587, -0.101422, -0.231841
0.587333, -0.101499, -0.223389
0.587667, -0.101573, -0.214931
0.588, -0.101645, -0.206466
0.588333, -0.101714, -0.197996
0.588667, -0.10178, -0.18952
0.589, -0.101843, -0.181038
0.589333, -0.101903, -0.172551
0.589667, -0.101961, -0.164059
0.59, -0.102015, -0.155562
0.590333, -0.102067, -0.147061
0.590667, -0.102116, -0.138556
0.591, -0.102162, -0.130046
0.591333, -0.102206, -0.121532
0.591667, -0.102246, -0.113015
0.592, -0.102284, -0.104495
0.592333, -0.102319, -0.095971
0.592667, -0.102351, -0.0874444
0.593, -0.10238, -0.0789152
0.593333, -0.102406, -0.0703835
0.593667, -0.10243, -0.0618496
0.594, -0.10245, -0.0533138
0.594333, -0.102468, -0.0447763
0.594667, -0.102483, -0.0362373
0.595, -0.102495, -0.027697
0.595333, -0.102504, -0.0191558
0.595667, -0.102511, -0.0106137
0.596, -0.102514, -0.00207116
0.596333, -0.102515, 0.0064717
0.596667, -0.102513, 0.0150146
0.597, -0.102508, 0.0235574
0.597333, -0.1025, 0.0320997
0.597667, -0.102489, 0.0406413
0.598, -0.102476, 0.0491821
0.598333, -0.102459, 0.0577218
0.598667, -0.10244, 0.06626
0.599, -0.102418, 0.0747967
0.599333, -0.102393, 0.0833315
0.599667, -0.102365, 0.0918643
0.6, -0.102335, 0.100395
0.600333, -0.102301, 0.108923
0.600667, -0.102265, 0.117448
0.601, -0.102226, 0.12597
0.601333, -0.102184, 0.134489
0.601667, -0.102139, 0.143004
0.602, -0.102091, 0.151516
0.602333, -0.102041, 0.160023
0.602667, -0.101987, 0.168527
0.603, -0.101931, 0.177025
0.603333, -0.101872, 0.18552
0.603667, -0.10181, 0.194009
0.604, -0.101746, 0.202493
0.604333, -0.101678, 0.210972
0.604667, -0.101608, 0.219445
0.605, -0.101535, 0.227913
0.605333, -0.101459, 0.236374
0.605667, -0.10138, 0.244829
0.606, -0.101298, 0.253277
0.606333, -0.101214, 0.261719
0.606667, -0.101127, 0.270153
0.607, -0.101037, 0.27858
0.607333, -0.100944, 0.287
0.607667, -0.100848, 0.295412
0.608, -0.10075, 0.303816
0.608333, -0.100648, 0.312212
0.608667, -0.100544, 0.320599
0.609, -0.100437, 0.328978
0.609333, -0.100328, 0.337348
0.609667, -0.100215, 0.345708
0.61, -0.1001, 0.35406
0.610333, -0.0999821, 0.362401
0.610667, -0.0998613, 0.370733
0.611, -0.0997377, 0.379055
0.611333, -0.0996114, 0.387366
0.611667, -0.0994823, 0.395667
0.612, -0.0993504, 0.403958
0.612333, -0.0992157, 0.412237
0.612667, -0.0990783, 0.420505
0.613, -0.0989381, 0.428761
0.613333, -0.0987952, 0.437006
0.613667, -0.0986495, 0.445239
0.614, -0.0985011, 0.45346
0.614333, -0.09835, 0.461668
0.614667, -0.0981961, 0.469864
0.615, -0.0980395, 0.478047
0.615333, -0.0978801, 0.486217
0.615667, -0.097718, 0.494374
0.616, -0.0975533, 0.502517
0.616333, -0.0973857, 0.510646
0.616667, -0.0972155, 0.518762
0.617, -0.0970426, 0.526863
0.617333, -0.096867, 0.53495
0.617667, -0.0966887, 0.543022
0.618, -0.0965077, 0.55108
0.618333, -0.096324, 0.559122
0.618667, -0.0961376, 0.567149
0.619, -0.0959485, 0.57516
0.619333, -0.0957568, 0.583156
0.619667, -0.0955624, 0.591136
0.62, -0.0953654, 0.599099
0.620333, -0.0951657, 0.607046
0.620667, -0.0949633, 0.614977
0.621, -0.0947584, 0.622891
0.621333, -0.0945507, 0.630787
0.621667, -0.0943405, 0.638666
0.622, -0.0941276, 0.646528
0.622333, -0.0939121, 0.654372
0.622667, -0.0936939, 0.662198
0.623, -0.0934732, 0.670006
0.623333, -0.0932499, 0.677795
0.623667, -0.0930239, 0.685566
0.624, -0.0927954, 0.693318
0.624333, -0.0925643, 0.701051
0.624667, -0.0923306, 0.708765
0.625, -0.0920944, 0.716459
0.625333, -0.0918556, 0.724133
0.625667, -0.0916142, 0.731788
0.626, -0.0913702, 0.739423
0.626333, -0.0911238, 0.747037
0.626667, -0.0908748, 0.75463
0.627, -0.0906232, 0.762203
0.627333, -0.0903692, 0.769755
0.627667, -0.0901126, 0.777286
0.628, -0.0898535, 0.784795
0.628333, -0.0895919, 0.792283
0.628667, -0.0893278, 0.799749
0.629, -0.0890612, 0.807193
0.629333, -0.0887921, 0.814615
0.629667, -0.0885206, 0.822014
0.63, -0.0882466, 0.829391
0.630333, -0.0879701, 0.836745
0.630667, -0.0876912, 0.844076
0.631, -0.0874098, 0.851383
0.631333, -0.0871261, 0.858668
0.631667, -0.0868398, 0.865928
0.632, -0.0865512, 0.873165
0.632333, -0.0862601, 0.880377
0.632667, -0.0859667, 0.887566
0.633, -0.0856708, 0.89473
0.633333, -0.0853726, 0.901869
0.633667, -0.085072, 0.908983
0.634, -0.084769, 0.916072
0.634333, -0.0844636, 0.923137
0.634667, -0.0841559, 0.930175
0.635, -0.0838458, 0.937188
0.635333, -0.0835334, 0.944175
0.635667, -0.0832187, 0.951136
0.636, -0.0829017, 0.958071
0.636333, -0.0825823, 0.96498
0.636667, -0.0822606, 0.971862
0.637, -0.0819367, 0.978717
0.637333, -0.0816105, 0.985545
0.637667, -0.0812819, 0.992346
0.638, -0.0809512, 0.999119
0.638333, -0.0806181, 1.00587
0.638667, -0.0802828, 1.01258
0.639, -0.0799453, 1.01927
0.639333, -0.0796055, 1.02594
0.639667, -0.0792636, 1.03257
0.64, -0.0789194, 1.03917
0.640333, -0.078573, 1.04575
0.640667, -0.0782244, 1.0523
0.641, -0.0778736, 1.05882
0.641333, -0.0775207, 1.06531
0.641667, -0.0771656, 1.07177
0.642, -0.0768083, 1.0782
0.642333, -0.0764489, 1.0846
0.642667, -0.0760874, 1.09097
0.643, -0.0757237, 1.09731
0.643333, -0.075358, 1.10362
0.643667, -0.0749901, 1.1099
0.644, -0.0746201, 1.11615
0.644333, -0.0742481, 1.12237
0.644667, -0.073874, 1.12855
0.645, -0.0734978, 1.13471
0.645333, -0.0731195, 1.14084
0.645667, -0.0727393, 1.14693
0.646, -0.072357, 1.15299
0.646333, -0.0719726, 1.15902
0.646667, -0.0715863, 1.16502
0.647, -0.0711979, 1.17098
0.647333, -0.0708076, 1.17692
0.647667, -0.0704153, 1.18282
0.648, -0.070021, 1.18869
0.648333, -0.0696248, 1.19452
0.648667, -0.0692266, 1.20032
0.649, -0.0688265, 1.20609
0.649333, -0.0684245, 1.21183
0.649667, -0.0680206, 1.21753
0.65, -0.0676147, 1.2232
0.650333, -0.067207, 1.22883
0.650667, -0.0667974, 1.23443
0.651, -0.0663859, 1.24
0.651333, -0.0659726, 1.24553
0.651667, -0.0655574, 1.25103
0.652, -0.0651404, 1.25649
0.652333, -0.0647215, 1.26192
0.652667, -0.0643009, 1.26731
0.653, -0.0638785, 1.27267
0.653333, -0.0634542, 1.278
0.653667, -0.0630282, 1.28328
0.654, -0.0626005, 1.28854
0.654333, -0.062171, 1.29375
0.654667, -0.0617397, 1.29893
0.655, -0.0613067, 1.30408
0.655333, -0.060872, 1.30919
0.655667, -0.0604357, 1.31426
0.656, -0.0599976, 1.3193
0.656333, -0.0595578, 1.3243
0.656667, -0.0591164, 1.32926
0.657, -0.0586733, 1.33419
0.657333, -0.0582286, 1.33907
0.657667, -0.0577822, 1.34393
0.658, -0.0573342, 1.34874
0.658333, -0.0568846, 1.35352
0.658667, -0.0564335, 1.35826
0.659, -0.0559807, 1.36296
0.659333, -0.0555264, 1.36763
0.659667, -0.0550705, 1.37226
0.66, -0.0546131, 1.37684
0.660333, -0.0541541, 1.3814
0.660667, -0.0536937, 1.38591
0.661, -0.0532317, 1.39038
0.661333, -0.0527683, 1.39482
0.661667, -0.0523033, 1.39922
0.662, -0.0518369, 1.40358
0.662333, -0.051369, 1.4079
0.662667, -0.0508998, 1.41218
0.663, -0.050429, 1.41642
0.663333, -0.0499569, 1.42062
0.663667, -0.0494833, 1.42478
0.664, -0.0490084, 1.42891
0.664333, -0.0485321, 1.43299
0.664667, -0.0480545, 1.43703
0.665, -0.0475754, 1.44104
0.665333, -0.0470951, 1.445
0.665667, -0.0466134, 1.44893
0.666, -0.0461305, 1.45281
0.666333, -0.0456462, 1.45666
0.666667, -0.0451606, 1.46046
0.667, -0.0446738, 1.46422
0.667333, -0.0441857, 1.46795
0.667667, -0.0436964, 1.47163
0.668, -0.0432059, 1.47527
0.668333, -0.0427141, 1.47887
0.668667, -0.0422212, 1.48243
0.669, -0.041727, 1.48595
0.669333, -0.0412317, 1.48943
0.669667, -0.0407352, 1.49286
0.67, -0.0402376, 1.49626
0.670333, -0.0397389, 1.49961
0.670667, -0.039239, 1.50292
0.671, -0.038738, 1.50619
0.671333, -0.0382359, 1.50942
0.671667, -0.0377328, 1.51261
0.672, -0.0372286, 1.51575
0.672333, -0.0367234, 1.51885
0.672667, -0.0362171, 1.52191
0.673, -0.0357098, 1.52493
0.673333, -0.0352015, 1.52791
0.673667, -0.0346921, 1.53084
0.674, -0.0341819, 1.53373
0.674333, -0.0336706, 1.53658
0.674667, -0.0331584, 1.53939
0.675, -0.0326453, 1.54215
0.675333, -0.0321313, 1.54487
0.675667, -0.0316163, 1.54755
0.676, -0.0311004, 1.55018
0.676333, -0.0305837, 1.55277
0.676667, -0.0300661, 1.55532
0.677, -0.0295477, 1.55783
0.677333, -0.0290284, 1.56029
0.677667, -0.0285083, 1.56271
0.678, -0.0279874, 1.56508
0.678333, -0.0274657, 1.56742
0.678667, -0.0269432, 1.56971
0.679, -0.02642, 1.57195
0.679333, -0.025896, 1.57415
0.679667, -0.0253713, 1.57631
0.68, -0.0248459, 1.57843
0.680333, -0.0243197, 1.5805
0.680667, -0.0237929, 1.58252
0.681, -0.0232654, 1.58451
0.681333, -0.0227372, 1.58644
0.681667, -0.0222084, 1.58834
0.682, -0.021679, 1.59019
0.682333, -0.0211489, 1.592
0.682667, -0.0206182, 1.59376
0.683, -0.020087, 1.59548
0.683333, -0.0195552, 1.59715
0.683667, -0.0190228, 1.59878
0.684, -0.0184898, 1.60037
0.684333, -0.0179564, 1.60191
0.684667, -0.0174224, 1.6034
0.685, -0.016888, 1.60485
0.685333, -0.016353, 1.60626
0.685667, -0.0158176, 1.60762
0.686, -0.0152817, 1.60894
0.686333, -0.0147454, 1.61022
0.686667, -0.0142087, 1.61144
0.687, -0.0136715, 1.61263
0.687333, -0.013134, 1.61377
0.687667, -0.012596, 1.61486
0.688, -0.0120578, 1.61591
0.688333, -0.0115191, 1.61692
0.688667, -0.0109801, 1.61788
0.689, -0.0104409, 1.61879
0.689333, -0.00990125, 1.61966
0.689667, -0.00936137, 1.62049
0.69, -0.0088212, 1.62127
0.690333, -0.00828078, 1.622
0.690667, -0.00774011, 1.62269
0.691, -0.00719922, 1.62334
0.691333, -0.0066581, 1.62394
0.691667, -0.00611679, 1.62449
0.692, -0.00557529, 1.625
0.692333, -0.00503363, 1.62547
0.692667, -0.0044918, 1.62589
0.693, -0.00394984, 1.62626
0.693333, -0.00340776, 1.62659
0.693667, -0.00286556, 1.62687
0.694, -0.00232327, 1.62711
0.694333, -0.0017809, 1.62731
0.694667, -0.00123846, 1.62745
0.695, -0.000695976, 1.62756
0.695333, -0.000153457, 1.62762
0.695667, 0.000389081, 1.62763
0.696, 0.000931624, 1.6276
0.696333, 0.00147416, 1.62752
0.696667, 0.00201666, 1.6274
0.697, 0.00255913, 1.62723
0.697333, 0.00310154, 1.62701
0.697667, 0.00364387, 1.62676
0.698, 0.00418613, 1.62645
0.698333, 0.00472828, 1.6261
0.698667, 0.00527031, 1.62571
0.699, 0.00581221, 1.62527
0.699333, 0.00635397, 1.62479
0.699667, 0.00689557, 1.62426
0.7, 0.00743698, 1.62368
0.700333, 0.00797821, 1.62306
0.700667, 0.00851923, 1.6224
0.701, 0.00906003, 1.62169
0.701333, 0.00960059, 1.62093
0.701667, 0.0101409, 1.62013
0.702, 0.0106809, 1.61929
0.702333, 0.0112207, 1.6184
0.702667, 0.0117602, 1.61746
0.703, 0.0122993, 1.61648
0.703333, 0.0128382, 1.61546
0.703667, 0.0133766, 1.61439
0.704, 0.0139148, 1.61327
0.704333, 0.0144525, 1.61211
0.704667, 0.0149899, 1.61091
0.705, 0.0155269, 1.60966
0.705333, 0.0160634, 1.60837
0.705667, 0.0165995, 1.60703
0.706, 0.0171352, 1.60564
0.706333, 0.0176704, 1.60422
0.706667, 0.0182052, 1.60274
0.707, 0.0187394, 1.60123
0.707333, 0.0192732, 1.59966
0.707667, 0.0198064, 1.59806
0.708, 0.0203391, 1.59641
0.708333, 0.0208712, 1.59471
0.708667, 0.0214028, 1.59297
0.709, 0.0219338, 1.59119
0.709333, 0.0224642, 1.58936
0.709667, 0.022994, 1.58749
0.71, 0.0235231, 1.58557
0.710333, 0.0240516, 1.58361
0.710667, 0.0245795, 1.58161
0.711, 0.0251067, 1.57956
0.711333, 0.0256332, 1.57747
0.711667, 0.0261591, 1.57533
0.712, 0.0266842, 1.57315
0.712333, 0.0272086, 1.57093
0.712667, 0.0277322, 1.56866
0.713, 0.0282551, 1.56635
0.713333, 0.0287772, 1.564
0.713667, 0.0292985, 1.5616
0.714, 0.0298191, 1.55916
0.714333, 0.0303388, 1.55667
0.714667, 0.0308577, 1.55414
0.715, 0.0313757, 1.55157
0.715333, 0.0318929, 1.54896
0.715667, 0.0324092, 1.5463
0.716, 0.0329247, 1.5436
0.716333, 0.0334392, 1.54085
0.716667, 0.0339528, 1.53807
0.717, 0.0344655, 1.53524
0.717333, 0.0349772, 1.53237
0.717667, 0.035488, 1.52945
0.718, 0.0359979, 1.52649
0.718333, 0.0365067, 1.52349
0.718667, 0.0370145, 1.52045
0.719, 0.0375213, 1.51737
0.719333, 0.0380271, 1.51424
0.719667, 0.0385319, 1.51107
0.72, 0.0390356, 1.50786
0.720333, 0.0395382, 1.50461
0.720667, 0.0400397, 1.50131
0.721, 0.0405402, 1.49798
0.721333, 0.0410395, 1.4946
0.721667, 0.0415377, 1.49118
0.722, 0.0420347, 1.48772
0.722333, 0.0425306, 1.48421
0.722667, 0.0430254, 1.48067
0.723, 0.0435189, 1.47708
0.723333, 0.0440113, 1.47346
0.723667, 0.0445025, 1.46979
0.724, 0.0449924, 1.46608
0.724333, 0.0454811, 1.46233
0.724667, 0.0459685, 1.45854
0.725, 0.0464547, 1.45471
0.725333, 0.0469396, 1.45084
0.725667, 0.0474232, 1.44693
0.726, 0.0479055, 1.44298
0.726333, 0.0483865, 1.43898
0.726667, 0.0488662, 1.43495
0.727, 0.0493445, 1.43088
0.727333, 0.0498215, 1.42677
0.727667, 0.0502971, 1.42262
0.728, 0.0507713, 1.41842
0.728333, 0.0512441, 1.41419
0.728667, 0.0517155, 1.40992
0.729, 0.0521854, 1.40561
0.729333, 0.052654, 1.40127
0.729667, 0.0531211, 1.39688
0.73, 0.0535867, 1.39245
0.730333, 0.0540508, 1.38799
0.730667, 0.0545135, 1.38348
0.731, 0.0549747, 1.37894
0.731333, 0.0554343, 1.37436
0.731667, 0.0558924, 1.36974
0.732, 0.056349, 1.36508
0.732333, 0.056804, 1.36038
0.732667, 0.0572575, 1.35565
0.733, 0.0577094, 1.35088
0.733333, 0.0581597, 1.34607
0.733667, 0.0586084, 1.34122
0.734, 0.0590554, 1.33634
0.734333, 0.0595009, 1.33142
0.734667, 0.0599447, 1.32646
0.735, 0.0603868, 1.32146
0.735333, 0.0608273, 1.31643
0.735667, 0.0612661, 1.31136
0.736, 0.0617033, 1.30626
0.736333, 0.0621387, 1.30112
0.736667, 0.0625724, 1.29594
0.737, 0.0630044, 1.29072
0.737333, 0.0634346, 1.28547
0.737667, 0.0638631, 1.28019
0.738, 0.0642898, 1.27486
0.738333, 0.0647148, 1.26951
0.738667, 0.0651379, 1.26411
0.739, 0.0655593, 1.25869
0.739333, 0.0659789, 1.25322
0.739667, 0.0663966, 1.24772
0.74, 0.0668125, 1.24219
0.740333, 0.0672266, 1.23662
0.740667, 0.0676388, 1.23102
0.741, 0.0680491, 1.22538
0.741333, 0.0684576, 1.21971
0.741667, 0.0688642, 1.21401
0.742, 0.0692688, 1.20827
0.742333, 0.0696716, 1.2025
0.742667, 0.0700724, 1.19669
0.743, 0.0704713, 1.19085
0.743333, 0.0708683, 1.18498
0.743667, 0.0712633, 1.17907
0.744, 0.0716563, 1.17314
0.744333, 0.0720473, 1.16716
0.744667, 0.0724364, 1.16116
0.745, 0.0728235, 1.15512
0.745333, 0.0732085, 1.14906
0.745667, 0.0735915, 1.14295
0.746, 0.0739725, 1.13682
0.746333, 0.0743514, 1.13066
0.746667, 0.0747283, 1.12446
0.747, 0.0751031, 1.11823
0.747333, 0.0754759, 1.11198
0.747667, 0.0758465, 1.10569
0.748, 0.0762151, 1.09937
0.748333, 0.0765816, 1.09301
0.748667, 0.0769459, 1.08663
0.749, 0.0773081, 1.08022
0.749333, 0.0776682, 1.07378
0.749667, 0.0780261, 1.06731
0.75, 0.0783819, 1.0608
0.750333, 0.0787355, 1.05427
0.750667, 0.0790869, 1.04771
0.751, 0.0794361, 1.04112
0.751333, 0.0797832, 1.0345
0.751667, 0.080128, 1.02785
0.752, 0.0804706, 1.02117
0.752333, 0.080811, 1.01447
0.752667, 0.0811492, 1.00773
0.753, 0.0814851, 1.00097
0.753333, 0.0818187, 0.994181
0.753667, 0.0821501, 0.987363
0.754, 0.0824793, 0.980517
0.754333, 0.0828061, 0.973644
0.754667, 0.0831307, 0.966743
0.755, 0.0834529, 0.959816
0.755333, 0.0837728, 0.952861
0.755667, 0.0840905, 0.94588
0.756, 0.0844058, 0.938873
0.756333, 0.0847187, 0.931839
0.756667, 0.0850293, 0.924779
0.757, 0.0853376, 0.917693
0.757333, 0.0856435, 0.910582
0.757667, 0.085947, 0.903445
0.758, 0.0862482, 0.896283
0.758333, 0.0865469, 0.889095
0.758667, 0.0868433, 0.881883
0.759, 0.0871372, 0.874646
0.759333, 0.0874288, 0.867385
0.759667, 0.0877179, 0.860099
0.76, 0.0880046, 0.852789
0.760333, 0.0882889, 0.845455
0.760667, 0.0885707, 0.838098
0.761, 0.0888501, 0.830717
0.761333, 0.089127, 0.823313
0.761667, 0.0894014, 0.815886
0.762, 0.0896734, 0.808436
0.762333, 0.0899428, 0.800963
0.762667, 0.0902098, 0.793468
0.763, 0.0904743, 0.78595
0.763333, 0.0907363, 0.77841
0.763667, 0.0909958, 0.770849
0.764, 0.0912527, 0.763266
0.764333, 0.0915072, 0.755662
0.764667, 0.091759, 0.748036
0.765, 0.0920084, 0.74039
0.765333, 0.0922552, 0.732722
0.765667, 0.0924994, 0.725034
0.766, 0.0927411, 0.717326
0.766333, 0.0929802, 0.709598
0.766667, 0.0932167, 0.701849
0.767, 0.0934507, 0.694081
0.767333, 0.0936821, 0.686294
0.767667, 0.0939108, 0.678487
0.768, 0.094137, 0.670661
0.768333, 0.0943605, 0.662816
0.768667, 0.0945815, 0.654953
0.769, 0.0947998, 0.647071
0.769333, 0.0950155, 0.639171
0.769667, 0.0952285, 0.631253
0.77, 0.095439, 0.623317
0.770333, 0.0956467, 0.615364
0.770667, 0.0958518, 0.607393
0.771, 0.0960543, 0.599406
0.771333, 0.0962541, 0.591401
0.771667, 0.0964512, 0.58338
0.772, 0.0966457, 0.575343
0.772333, 0.0968375, 0.567289
0.772667, 0.0970266, 0.559219
0.773, 0.097213, 0.551133
0.773333, 0.0973967, 0.543032
0.773667, 0.0975777, 0.534916
0.774, 0.097756, 0.526784
0.774333, 0.0979316, 0.518638
0.774667, 0.0981045, 0.510477
0.775, 0.0982747, 0.502302
0.775333, 0.0984421, 0.494112
0.775667, 0.0986068, 0.485909
0.776, 0.0987688, 0.477691
0.776333, 0.098928, 0.469461
0.776667, 0.0990845, 0.461217
0.777, 0.0992382, 0.45296
0.777333, 0.0993892, 0.44469
0.777667, 0.0995374, 0.436407
0.778, 0.0996829, 0.428113
0.778333, 0.0998256, 0.419806
0.778667, 0.0999655, 0.411487
0.779, 0.100103, 0.403156
0.779333, 0.100237, 0.394815
0.779667, 0.100369, 0.386461
0.78, 0.100498, 0.378097
0.780333, 0.100624, 0.369723
0.780667, 0.100747, 0.361337
0.781, 0.100867, 0.352942
0.781333, 0.100985, 0.344536
0.781667, 0.1011, 0.336121
0.782, 0.101212, 0.327696
0.782333, 0.101321, 0.319261
0.782667, 0.101427, 0.310818
0.783, 0.101531, 0.302366
0.783333, 0.101632, 0.293905
0.783667, 0.10173, 0.285436
0.784, 0.101825, 0.276958
0.784333, 0.101917, 0.268473
0.784667, 0.102007, 0.25998
0.785, 0.102093, 0.251479
0.785333, 0.102177, 0.242971
0.785667, 0.102258, 0.234456
0.786, 0.102336, 0.225935
0.786333, 0.102412, 0.217407
0.786667, 0.102484, 0.208873
0.787, 0.102554, 0.200332
0.787333, 0.102621, 0.191786
0.787667, 0.102684, 0.183234
0.788, 0.102746, 0.174677
0.788333, 0.102804, 0.166115
0.788667, 0.102859, 0.157548
0.789, 0.102912, 0.148977
0.789333, 0.102961, 0.140401
0.789667, 0.103008, 0.131821
0.79, 0.103052, 0.123237
0.790333, 0.103093, 0.114649
0.790667, 0.103131, 0.106058
0.791, 0.103167, 0.0974635
0.791333, 0.103199, 0.0888662
0.791667, 0.103229, 0.0802663
0.792, 0.103256, 0.0716639
0.792333, 0.103279, 0.0630593
0.792667, 0.1033, 0.0544526
0.793, 0.103319, 0.0458443
0.793333, 0.103334, 0.0372344
0.793667, 0.103346, 0.0286232
0.794, 0.103356, 0.020011
0.794333, 0.103363, 0.011398
0.794667, 0.103366, 0.0027845
0.795, 0.103367, -0.00582936
0.795333, 0.103365, -0.0144433
0.795667, 0.103361, -0.0230571
0.796, 0.103353, -0.0316705
0.796333, 0.103342, -0.0402832
0.796667, 0.103329, -0.048895
0.797, 0.103313, -0.0575058
0.797333, 0.103293, -0.0661152
0.797667, 0.103271, -0.0747229
0.798, 0.103246, -0.0833289
0.798333, 0.103219, -0.0919328
0.798667, 0.103188, -0.100534
0.799, 0.103154, -0.109133
0.799333, 0.103118, -0.11773
0.799667, 0.103079, -0.126323
0.8, 0.103037, -0.134913
0.800333, 0.102992, -0.143499
0.800667, 0.102944, -0.152082
0.801, 0.102893, -0.16066
0.801333, 0.10284, -0.169235
0.801667, 0.102783, -0.177805
0.802, 0.102724, -0.18637
0.802333, 0.102662, -0.19493
0.802667, 0.102597, -0.203486
0.803, 0.102529, -0.212035
0.803333, 0.102458, -0.220579
0.803667, 0.102385, -0.229118
0.804, 0.102309, -0.23765
0.804333, 0.102229, -0.246175
0.804667, 0.102147, -0.254694
0.805, 0.102062, -0.263207
0.805333, 0.101975, -0.271712
0.805667, 0.101884, -0.28021
0.806, 0.101791, -0.2887
0.806333, 0.101694, -0.297183
0.806667, 0.101595, -0.305657
0.807, 0.101493, -0.314123
0.807333, 0.101389, -0.322581
0.807667, 0.101281, -0.33103
0.808, 0.101171, -0.33947
0.808333, 0.101058, -0.347901
0.808667, 0.100942, -0.356323
0.809, 0.100823, -0.364735
0.809333, 0.100701, -0.373137
0.809667, 0.100577, -0.381528
0.81, 0.10045, -0.38991
0.810333, 0.10032, -0.398281
0.810667, 0.100187, -0.406641
0.811, 0.100052, -0.41499
0.811333, 0.0999133, -0.423327
0.811667, 0.0997721, -0.431653
0.812, 0.0996283, -0.439968
0.812333, 0.0994816, -0.44827
0.812667, 0.0993322, -0.45656
0.813, 0.09918, -0.464838
0.813333, 0.099025, -0.473103
0.813667, 0.0988673, -0.481355
0.814, 0.0987069, -0.489594
0.814333, 0.0985437, -0.497819
0.814667, 0.0983778, -0.506031
0.815, 0.0982091, -0.514229
0.815333, 0.0980377, -0.522414
0.815667, 0.0978635, -0.530583
0.816, 0.0976867, -0.538739
0.816333, 0.0975071, -0.546879
0.816667, 0.0973248, -0.555005
0.817, 0.0971398, -0.563115
0.817333, 0.0969521, -0.57121
0.817667, 0.0967617, -0.57929
0.818, 0.0965686, -0.587353
0.818333, 0.0963728, -0.5954
0.818667, 0.0961743, -0.603431
0.819, 0.0959732, -0.611446
0.819333, 0.0957694, -0.619444
0.819667, 0.0955629, -0.627425
0.82, 0.0953538, -0.635388
0.820333, 0.095142, -0.643334
0.820667, 0.0949275, -0.651263
0.821, 0.0947104, -0.659173
0.821333, 0.0944907, -0.667066
0.821667, 0.0942683, -0.67494
0.822, 0.0940434, -0.682796
0.822333, 0.0938158, -0.690633
0.822667, 0.0935856, -0.698451
0.823, 0.0933527, -0.70625
0.823333, 0.0931173, -0.714029
0.823667, 0.0928793, -0.721789
0.824, 0.0926387, -0.729529
0.824333, 0.0923955, -0.737249
0.824667, 0.0921498, -0.744948
0.825, 0.0919015, -0.752627
0.825333, 0.0916506, -0.760286
0.825667, 0.0913972, -0.767923
0.826, 0.0911412, -0.77554
0.826333, 0.0908827, -0.783135
0.826667, 0.0906216, -0.790708
0.827, 0.0903581, -0.79826
0.827333, 0.090092, -0.80579
0.827667, 0.0898234, -0.813298
0.828, 0.0895523, -0.820783
0.828333, 0.0892787, -0.828246
0.828667, 0.0890026, -0.835686
0.829, 0.0887241, -0.843103
0.829333, 0.088443, -0.850496
0.829667, 0.0881595, -0.857866
0.83, 0.0878736, -0.865213
0.830333, 0.0875852, -0.872536
0.830667, 0.0872943, -0.879835
0.831, 0.087001, -0.887109
0.831333, 0.0867053, -0.894359
0.831667, 0.0864072, -0.901585
0.832, 0.0861067, -0.908785
0.832333, 0.0858038, -0.915961
0.832667, 0.0854984, -0.923111
0.833, 0.0851907, -0.930236
0.833333, 0.0848807, -0.937335
0.833667, 0.0845682, -0.944409
0.834, 0.0842534, -0.951456
0.834333, 0.0839363, -0.958477
0.834667, 0.0836168, -0.965472
0.835, 0.0832949, -0.97244
0.835333, 0.0829708, -0.979381
0.835667, 0.0826443, -0.986295
0.836, 0.0823156, -0.993182
0.836333, 0.0819845, -1.00004
0.836667, 0.0816512, -1.00687
0.837, 0.0813155, -1.01368
0.837333, 0.0809776, -1.02045
0.837667, 0.0806375, -1.0272
0.838, 0.0802951, -1.03392
0.838333, 0.0799504, -1.04061
0.838667, 0.0796036, -1.04728
0.839, 0.0792545, -1.05391
0.839333, 0.0789032, -1.06051
0.839667, 0.0785497, -1.06709
0.84, 0.078194, -1.07364
0.840333, 0.0778361, -1.08015
0.840667, 0.077476, -1.08664
0.841, 0.0771138, -1.09309
0.841333, 0.0767495, -1.09952
0.841667, 0.076383, -1.10592
0.842, 0.0760143, -1.11228
0.842333, 0.0756436, -1.11862
0.842667, 0.0752707, -1.12492
0.843, 0.0748957, -1.13119
0.843333, 0.0745187, -1.13743
0.843667, 0.0741395, -1.14364
0.844, 0.0737583, -1.14982
0.844333, 0.073375, -1.15597
0.844667, 0.0729897, -1.16208
0.845, 0.0726023, -1.16817
0.845333, 0.072213, -1.17422
0.845667, 0.0718215, -1.18023
0.846, 0.0714281, -1.18622
0.846333, 0.0710327, -1.19217
0.846667, 0.0706353, -1.19809
0.847, 0.070236, -1.20398
0.847333, 0.0698346, -1.20983
0.847667, 0.0694314, -1.21565
0.848, 0.0690262, -1.22143
0.848333, 0.068619, -1.22719
0.848667, 0.0682099, -1.23291
0.849, 0.067799, -1.23859
0.849333, 0.0673861, -1.24424
0.849667, 0.0669714, -1.24985
0.85, 0.0665548, -1.25544
0.850333, 0.0661363, -1.26098
0.850667, 0.0657159, -1.26649
0.851, 0.0652938, -1.27197
0.851333, 0.0648698, -1.27741
0.851667, 0.064444, -1.28282
0.852, 0.0640164, -1.28819
0.852333, 0.063587, -1.29352
0.852667, 0.0631558, -1.29882
0.853, 0.0627229, -1.30408
0.853333, 0.0622882, -1.30931
0.853667, 0.0618517, -1.3145
0.854, 0.0614136, -1.31966
0.854333, 0.0609737, -1.32477
0.854667, 0.0605321, -1.32985
0.855, 0.0600888, -1.3349
0.855333, 0.0596438, -1.33991
0.855667, 0.0591972, -1.34488
0.856, 0.0587489, -1.34981
0.856333, 0.058299, -1.35471
0.856667, 0.0578474, -1.35956
0.857, 0.0573942, -1.36438
0.857333, 0.0569394, -1.36917
0.857667, 0.056483, -1.37391
0.858, 0.0560251, -1.37862
0.858333, 0.0555655, -1.38329
0.858667, 0.0551044, -1.38792
0.859, 0.0546418, -1.39251
0.859333, 0.0541776, -1.39706
0.859667, 0.0537119, -1.40158
0.86, 0.0532447, -1.40605
0.860333, 0.0527761, -1.41049
0.860667, 0.0523059, -1.41489
0.861, 0.0518343, -1.41925
0.861333, 0.0513612, -1.42357
0.861667, 0.0508867, -1.42785
0.862, 0.0504107, -1.43209
0.862333, 0.0499333, -1.43629
0.862667, 0.0494546, -1.44045
0.863, 0.0489744, -1.44457
0.863333, 0.0484929, -1.44865
0.863667, 0.04801, -1.45269
0.864, 0.0475258, -1.4567
0.864333, 0.0470402, -1.46066
0.864667, 0.0465533, -1.46458
0.865, 0.0460652, -1.46845
0.865333, 0.0455757, -1.47229
0.865667, 0.0450849, -1.47609
0.866, 0.0445929, -1.47985
0.866333, 0.0440996, -1.48356
0.866667, 0.0436051, -1.48724
0.867, 0.0431093, -1.49087
0.867333, 0.0426124, -1.49447
0.867667, 0.0421142, -1.49802
0.868, 0.0416149, -1.50153
0.868333, 0.0411144, -1.50499
0.868667, 0.0406127, -1.50842
0.869, 0.0401099, -1.51181
0.869333, 0.039606, -1.51515
0.869667, 0.0391009, -1.51845
0.87, 0.0385948, -1.52171
0.870333, 0.0380875, -1.52492
0.870667, 0.0375792, -1.5281
0.871, 0.0370698, -1.53123
0.871333, 0.0365594, -1.53432
0.871667, 0.036048, -1.53736
0.872, 0.0355355, -1.54037
0.872333, 0.0350221, -1.54333
0.872667, 0.0345076, -1.54625
0.873, 0.0339922, -1.54912
0.873333, 0.0334759, -1.55196
0.873667, 0.0329585, -1.55475
0.874, 0.0324403, -1.55749
0.874333, 0.0319211, -1.5602
0.874667, 0.0314011, -1.56286
0.875, 0.0308801, -1.56547
0.875333, 0.0303583, -1.56805
0.875667, 0.0298356, -1.57058
0.876, 0.0293121, -1.57306
0.876333, 0.0287877, -1.5755
0.876667, 0.0282626, -1.5779
0.877, 0.0277366, -1.58026
0.877333, 0.0272098, -1.58257
0.877667, 0.0266823, -1.58484
0.878, 0.026154, -1.58706
0.878333, 0.025625, -1.58924
0.878667, 0.0250953, -1.59138
0.879, 0.0245648, -1.59347
0.879333, 0.0240336, -1.59551
0.879667, 0.0235018, -1.59752
0.88, 0.0229693, -1.59948
0.880333, 0.0224361, -1.60139
0.880667, 0.0219023, -1.60326
0.881, 0.0213679, -1.60508
0.881333, 0.0208329, -1.60687
0.881667, 0.0202973, -1.6086
0.882, 0.0197611, -1.61029
0.882333, 0.0192243, -1.61194
0.882667, 0.018687, -1.61354
0.883, 0.0181492, -1.6151
0.883333, 0.0176108, -1.61661
0.883667, 0.0170719, -1.61808
0.884, 0.0165326, -1.6195
0.884333, 0.0159927, -1.62088
0.884667, 0.0154524, -1.62221
0.885, 0.0149117, -1.6235
0.885333, 0.0143705, -1.62474
0.885667, 0.0138289, -1.62594
0.886, 0.013287, -1.62709
0.886333, 0.0127446, -1.6282
0.886667, 0.0122019, -1.62926
0.887, 0.0116588, -1.63028
0.887333, 0.0111154, -1.63125
0.887667, 0.0105716, -1.63218
0.888, 0.0100275, -1.63306
0.888333, 0.00948319, -1.63389
0.888667, 0.00893856, -1.63468
0.889, 0.00839367, -1.63543
0.889333, 0.00784852, -1.63613
0.889667, 0.00730315, -1.63678
0.89, 0.00675755, -1.63739
0.890333, 0.00621176, -1.63795
0.890667, 0.00566577, -1.63847
0.891, 0.00511962, -1.63894
0.891333, 0.0045733, -1.63937
0.891667, 0.00402685, -1.63975
0.892, 0.00348026, -1.64009
0.892333, 0.00293357, -1.64038
0.892667, 0.00238677, -1.64062
0.893, 0.0018399, -1.64082
0.893333, 0.00129296, -1.64097
0.893667, 0.000745969, -1.64108
0.894, 0.000198942, -1.64114
0.894333, -0.000348106, -1.64116
0.894667, -0.000895159, -1.64113
0.895, -0.0014422, -1.64106
0.895333, -0.00198922, -1.64094
0.895667, -0.0025362, -1.64077
0.896, -0.00308312, -1.64056
0.896333, -0.00362998, -1.6403
0.896667, -0.00417674, -1.64
0.897, -0.00472341, -1.63965
0.897333, -0.00526996, -1.63926
0.897667, -0.00581638, -1.63882
0.898, -0.00636265, -1.63833
0.898333, -0.00690876, -1.6378
0.898667, -0.0074547, -1.63723
0.899, -0.00800044, -1.63661
0.899333, -0.00854598, -1.63594
0.899667, -0.00909129, -1.63523
0.9, -0.00963637, -1.63447
0.900333, -0.0101812, -1.63367
0.900667, -0.0107257, -1.63282
0.901, -0.01127, -1.63192
0.901333, -0.011814, -1.63099
0.901667, -0.0123577, -1.63
0.902, -0.012901, -1.62897
0.902333, -0.013444, -1.6279
0.902667, -0.0139866, -1.62678
0.903, -0.0145289, -1.62561
0.903333, -0.0150707, -1.6244
0.903667, -0.0156122, -1.62314
0.904, -0.0161533, -1.62184
0.904333, -0.0166939, -1.6205
0.904667, -0.017234, -1.61911
0.905, -0.0177737, -1.61767
0.905333, -0.018313, -1.61619
0.905667, -0.0188517, -1.61466
0.906, -0.0193899, -1.61309
0.906333, -0.0199276, -1.61148
0.906667, -0.0204648, -1.60981
0.907, -0.0210014, -1.60811
0.907333, -0.0215374, -1.60636
0.907667, -0.0220729, -1.60456
0.908, -0.0226077, -1.60273
0.908333, -0.023142, -1.60084
0.908667, -0.0236756, -1.59891
0.909, -0.0242085, -1.59694
0.909333, -0.0247409, -1.59492
0.909667, -0.0252725, -1.59286
0.91, -0.0258034, -1.59075
0.910333, -0.0263337, -1.5886
0.910667, -0.0268632, -1.58641
0.911, -0.027392, -1.58417
0.911333, -0.0279201, -1.58189
0.911667, -0.0284474, -1.57956
0.912, -0.0289739, -1.57719
0.912333, -0.0294996, -1.57478
0.912667, -0.0300246, -1.57232
0.913, -0.0305487, -1.56982
0.913333, -0.0310719, -1.56727
0.913667, -0.0315944, -1.56468
0.914, -0.0321159, -1.56205
0.914333, -0.0326366, -1.55937
0.914667, -0.0331564, -1.55665
0.915, -0.0336753, -1.55389
0.915333, -0.0341932, -1.55108
0.915667, -0.0347103, -1.54823
0.916, -0.0352264, -1.54534
0.916333, -0.0357415, -1.54241
0.916667, -0.0362556, -1.53943
0.917, -0.0367687, -1.53641
0.917333, -0.0372809, -1.53334
0.917667, -0.037792, -1.53023
0.918, -0.0383021, -1.52709
0.918333, -0.0388111, -1.52389
0.918667, -0.0393191, -1.52066
0.919, -0.039826, -1.51738
0.919333, -0.0403317, -1.51406
0.919667, -0.0408364, -1.5107
0.92, -0.04134, -1.5073
0.920333, -0.0418424, -1.50386
0.920667, -0.0423437, -1.50037
0.921, -0.0428438, -1.49684
0.921333, -0.0433428, -1.49327
0.921667, -0.0438405, -1.48966
0.922, -0.0443371, -1.486
0.922333, -0.0448324, -1.48231
0.922667, -0.0453265, -1.47857
0.923, -0.0458194, -1.4748
0.923333, -0.046311, -1.47098
0.923667, -0.0468013, -1.46712
0.924, -0.0472904, -1.46322
0.924333, -0.0477781, -1.45928
0.924667, -0.0482645, -1.4553
0.925, -0.0487496, -1.45127
0.925333, -0.0492334, -1.44721
0.925667, -0.0497158, -1.44311
0.926, -0.0501968, -1.43897
0.926333, -0.0506765, -1.43478
0.926667, -0.0511547, -1.43056
0.927, -0.0516316, -1.4263
0.927333, -0.052107, -1.42199
0.927667, -0.052581, -1.41765
0.928, -0.0530536, -1.41327
0.928333, -0.0535247, -1.40885
0.928667, -0.0539943, -1.40439
0.929, -0.0544624, -1.39989
0.929333, -0.054929, -1.39535
0.929667, -0.0553942, -1.39077
0.93, -0.0558577, -1.38616
0.930333, -0.0563198, -1.3815
0.930667, -0.0567803, -1.37681
0.931, -0.0572392, -1.37208
0.931333, -0.0576966, -1.36731
0.931667, -0.0581524, -1.3625
0.932, -0.0586065, -1.35765
0.932333, -0.0590591, -1.35277
0.932667, -0.05951, -1.34785
0.933, -0.0599593, -1.34289
0.933333, -0.0604069, -1.33789
0.933667, -0.0608529, -1.33286
0.934, -0.0612972, -1.32779
0.934333, -0.0617398, -1.32268
0.934667, -0.0621807, -1.31753
0.935, -0.0626198, -1.31235
0.935333, -0.0630573, -1.30713
0.935667, -0.063493, -1.30188
0.936, -0.063927, -1.29659
0.936333, -0.0643591, -1.29126
0.936667, -0.0647896, -1.2859
0.937, -0.0652182, -1.2805
0.937333, -0.065645, -1.27506
0.937667, -0.0660701, -1.26959
0.938, -0.0664933, -1.26409
0.938333, -0.0669146, -1.25855
0.938667, -0.0673341, -1.25297
0.939, -0.0677518, -1.24736
0.939333, -0.0681676, -1.24171
0.939667, -0.0685815, -1.23603
0.94, -0.0689935, -1.23032
0.940333, -0.0694036, -1.22457
0.940667, -0.0698118, -1.21878
0.941, -0.070218, -1.21297
0.941333, -0.0706224, -1.20711
0.941667, -0.0710247, -1.20123
0.942, -0.0714251, -1.19531
0.942333, -0.0718236, -1.18936
0.942667, -0.07222, -1.18337
0.943, -0.0726145, -1.17735
0.943333, -0.0730069, -1.1713
0.943667, -0.0733974, -1.16522
0.944, -0.0737858, -1.1591
0.944333, -0.0741722, -1.15295
0.944667, -0.0745565, -1.14677
0.945, -0.0749387, -1.14056
0.945333, -0.0753189, -1.13432
0.945667, -0.075697, -1.12804
0.946, -0.076073, -1.12173
0.946333, -0.0764469, -1.11539
0.946667, -0.0768187, -1.10902
0.947, -0.0771884, -1.10262
0.947333, -0.077556, -1.09619
0.947667, -0.0779214, -1.08972
0.948, -0.0782846, -1.08323
0.948333, -0.0786457, -1.07671
0.948667, -0.0790046, -1.07015
0.949, -0.0793613, -1.06357
0.949333, -0.0797158, -1.05696
0.949667, -0.0800681, -1.05031
0.95, -0.0804182, -1.04364
0.950333, -0.0807661, -1.03694
0.950667, -0.0811118, -1.03021
0.951, -0.0814552, -1.02345
0.951333, -0.0817963, -1.01666
0.951667, -0.0821352, -1.00984
0.952, -0.0824718, -1.003
0.952333, -0.0828062, -0.996128
0.952667, -0.0831382, -0.989227
0.953, -0.0834679, -0.982299
0.953333, -0.0837954, -0.975343
0.953667, -0.0841205, -0.96836
0.954, -0.0844433, -0.96135
0.954333, -0.0847637, -0.954313
0.954667, -0.0850818, -0.94725
0.955, -0.0853976, -0.94016
0.955333, -0.085711, -0.933043
0.955667, -0.086022, -0.925901
0.956, -0.0863306, -0.918732
0.956333, -0.0866369, -0.911538
0.956667, -0.0869407, -0.904318
0.957, -0.0872421, -0.897073
0.957333, -0.0875412, -0.889803
0.957667, -0.0878378, -0.882508
0.958, -0.0881319, -0.875188
0.958333, -0.0884237, -0.867844
0.958667, -0.0887129, -0.860475
0.959, -0.0889998, -0.853082
0.959333, -0.0892841, -0.845666
0.959667, -0.089566, -0.838225
0.96, -0.0898454, -0.830761
0.960333, -0.0901223, -0.823274
0.960667, -0.0903968, -0.815764
0.961, -0.0906687, -0.808231
0.961333, -0.0909381, -0.800675
0.961667, -0.091205, -0.793097
0.962, -0.0914694, -0.785497
0.962333, -0.0917312, -0.777874
0.962667, -0.0919905, -0.77023
0.963, -0.0922472, -0.762564
0.963333, -0.0925014, -0.754877
0.963667, -0.092753, -0.747168
0.964, -0.0930021, -0.739439
0.964333, -0.0932486, -0.731689
0.964667, -0.0934925, -0.723918
0.965, -0.0937338, -0.716127
0.965333, -0.0939725, -0.708316
0.965667, -0.0942086, -0.700485
0.966, -0.0944421, -0.692634
0.966333, -0.094673, -0.684764
0.966667, -0.0949012, -0.676875
0.967, -0.0951268, -0.668966
0.967333, -0.0953498, -0.661039
0.967667, -0.0955702, -0.653093
0.968, -0.0957879, -0.645129
0.968333, -0.0960029, -0.637147
0.968667, -0.0962153, -0.629146
0.969, -0.096425, -0.621128
0.969333, -0.0966321, -0.613093
0.969667, -0.0968364, -0.60504
0.97, -0.0970381, -0.596971
0.970333, -0.0972371, -0.588884
0.970667, -0.0974334, -0.580781
0.971, -0.097627, -0.572662
0.971333, -0.0978179, -0.564526
0.971667, -0.098006, -0.556374
0.972, -0.0981915, -0.548207
0.972333, -0.0983742, -0.540025
0.972667, -0.0985542, -0.531827
0.973, -0.0987315, -0.523614
0.973333, -0.0989061, -0.515386
0.973667, -0.0990779, -0.507144
0.974, -0.0992469, -0.498888
0.974333, -0.0994132, -0.490617
0.974667, -0.0995767, -0.482333
0.975, -0.0997375, -0.474035
0.975333, -0.0998955, -0.465723
0.975667, -0.100051, -0.457399
0.976, -0.100203, -0.449061
0.976333, -0.100353, -0.440711
0.976667, -0.1005, -0.432348
0.977, -0.100644, -0.423973
0.977333, -0.100785, -0.415586
0.977667, -0.100924, -0.407187
0.978, -0.10106, -0.398777
0.978333, -0.101192, -0.390355
0.978667, -0.101323, -0.381923
0.979, -0.10145, -0.373479
0.979333, -0.101574, -0.365025
0.979667, -0.101696, -0.35656
0.98, -0.101815, -0.348086
0.980333, -0.101931, -0.339601
0.980667, -0.102044, -0.331107
0.981, -0.102154, -0.322603
0.981333, -0.102262, -0.31409
0.981667, -0.102367, -0.305568
0.982, -0.102469, -0.297038
0.982333, -0.102568, -0.288499
0.982667, -0.102664, -0.279952
0.983, -0.102757, -0.271396
0.983333, -0.102848, -0.262833
0.983667, -0.102935, -0.254263
0.984, -0.10302, -0.245685
0.984333, -0.103102, -0.2371
0.984667, -0.103181, -0.228508
0.985, -0.103257, -0.219909
0.985333, -0.10333, -0.211305
0.985667, -0.103401, -0.202694
0.986, -0.103468, -0.194077
0.986333, -0.103533, -0.185455
0.986667, -0.103595, -0.176827
0.987, -0.103654, -0.168194
0.987333, -0.10371, -0.159556
0.987667, -0.103763, -0.150914
0.988, -0.103813, -0.142267
0.988333, -0.103861, -0.133616
0.988667, -0.103905, -0.124961
0.989, -0.103947, -0.116302
0.989333, -0.103986, -0.10764
0.989667, -0.104022, -0.0989741
0.99, -0.104055, -0.0903057
0.990333, -0.104085, -0.0816344
0.990667, -0.104112, -0.0729607
0.991, -0.104136, -0.0642847
0.991333, -0.104158, -0.0556067
0.991667, -0.104176, -0.0469269
0.992, -0.104192, -0.0382456
0.992333, -0.104205, -0.0295629
0.992667, -0.104214, -0.0208792
0.993, -0.104221, -0.0121947
0.993333, -0.104225, -0.00350955
0.993667, -0.104227, 0.0051759
0.994, -0.104225, 0.0138615
0.994333, -0.10422, 0.0225469
0.994667, -0.104213, 0.0312319
0.995, -0.104202, 0.0399163
0.995333, -0.104189, 0.0485998
0.995667, -0.104173, 0.0572822
0.996, -0.104154, 0.0659633
0.996333, -0.104132, 0.0746428
0.996667, -0.104107, 0.0833204
0.997, -0.104079, 0.091996
0.997333, -0.104048, 0.100669
0.997667, -0.104015, 0.10934
0.998, -0.103978, 0.118008
0.998333, -0.103939, 0.126673
0.998667, -0.103897, 0.135334
0.999, -0.103852, 0.143992
0.999333, -0.103804, 0.152647
0.999667, -0.103753, 0.161297
1, -0.103699, 0.169943
1.00033, -0.103642, 0.178585
1.00067, -0.103583, 0.187222
1.001, -0.103521, 0.195853
1.00133, -0.103455, 0.20448
1.00167, -0.103387, 0.213101
1.002, -0.103316, 0.221717
1.00233, -0.103242, 0.230327
1.00267, -0.103165, 0.23893
1.003, -0.103086, 0.247527
1.00333, -0.103003, 0.256118
1.00367, -0.102918, 0.264701
1.004, -0.10283, 0.273278
1.00433, -0.102739, 0.281847
1.00467, -0.102645, 0.290409
1.005, -0.102548, 0.298962
1.00533, -0.102448, 0.307508
1.00567, -0.102346, 0.316045
1.006, -0.10224, 0.324574
1.00633, -0.102132, 0.333094
1.00667, -0.102021, 0.341605
1.007, -0.101907, 0.350107
1.00733, -0.10179, 0.358599
1.00767, -0.101671, 0.367082
1.008, -0.101549, 0.375554
1.00833, -0.101423, 0.384017
1.00867, -0.101295, 0.392469
1.009, -0.101165, 0.40091
1.00933, -0.101031, 0.40934
1.00967, -0.100894, 0.417759
1.01, -0.100755, 0.426167
1.01033, -0.100613, 0.434564
1.01067, -0.100468, 0.442948
1.011, -0.100321, 0.45132
1.01133, -0.10017, 0.45968
1.01167, -0.100017, 0.468028
1.012, -0.099861, 0.476363
1.01233, -0.0997022, 0.484684
1.01267, -0.0995406, 0.492993
1.013, -0.0993763, 0.501288
1.01333, -0.0992092, 0.509569
1.01367, -0.0990394, 0.517837
1.014, -0.0988667, 0.52609
1.01433, -0.0986914, 0.534329
1.01467, -0.0985133, 0.542553
1.015, -0.0983324, 0.550763
1.01533, -0.0981488, 0.558957
1.01567, -0.0979625, 0.567136
1.016, -0.0977735, 0.5753
1.01633, -0.0975817, 0.583447
1.01667, -0.0973872, 0.591579
1.017, -0.09719, 0.599695
1.01733, -0.0969901, 0.607794
1.01767, -0.0967875, 0.615877
1.018, -0.0965822, 0.623942
1.01833, -0.0963743, 0.631991
1.01867, -0.0961636, 0.640022
1.019, -0.0959502, 0.648036
1.01933, -0.0957342, 0.656031
1.01967, -0.0955156, 0.664009
1.02, -0.0952942, 0.671969
1.02033, -0.0950702, 0.67991
1.02067, -0.0948436, 0.687833
1.021, -0.0946143, 0.695736
1.02133, -0.0943824, 0.703621
1.02167, -0.0941479, 0.711486
1.022, -0.0939107, 0.719332
1.02233, -0.0936709, 0.727158
1.02267, -0.0934285, 0.734963
1.023, -0.0931836, 0.742749
1.02333, -0.092936, 0.750514
1.02367, -0.0926858, 0.758259
1.024, -0.092433, 0.765983
1.02433, -0.0921777, 0.773686
1.02467, -0.0919198, 0.781367
1.025, -0.0916594, 0.789027
1.02533, -0.0913964, 0.796665
1.02567, -0.0911308, 0.804282
1.026, -0.0908627, 0.811876
1.02633, -0.0905921, 0.819448
1.02667, -0.0903189, 0.826997
1.027, -0.0900433, 0.834524
1.02733, -0.0897651, 0.842027
1.02767, -0.0894844, 0.849508
1.028, -0.0892013, 0.856965
1.02833, -0.0889156, 0.864398
1.02867, -0.0886275, 0.871808
1.029, -0.0883369, 0.879194
1.02933, -0.0880438, 0.886555
1.02967, -0.0877483, 0.893892
1.03, -0.0874503, 0.901204
1.03033, -0.0871499, 0.908492
1.03067, -0.0868471, 0.915754
1.031, -0.0865418, 0.922992
1.03133, -0.0862342, 0.930203
1.03167, -0.0859241, 0.93739
1.032, -0.0856116, 0.94455
1.03233, -0.0852968, 0.951684
1.03267, -0.0849796, 0.958792
1.033, -0.08466, 0.965874
1.03333, -0.084338, 0.972929
1.03367, -0.0840137, 0.979957
1.034, -0.083687, 0.986958
1.03433, -0.0833581, 0.993932
1.03467, -0.0830267, 1.00088
1.035, -0.0826931, 1.0078
1.03533, -0.0823572, 1.01469
1.03567, -0.082019, 1.02155
1.036, -0.0816784, 1.02839
1.03633, -0.0813356, 1.03519
1.03667, -0.0809906, 1.04197
1.037, -0.0806433, 1.04872
1.03733, -0.0802937, 1.05544
1.03767, -0.0799419, 1.06213
1.038, -0.0795878, 1.06879
1.03833, -0.0792316, 1.07543
1.03867, -0.0788731, 1.08203
1.039, -0.0785124, 1.0886
1.03933, -0.0781495, 1.09514
1.03967, -0.0777845, 1.10166
1.04, -0.0774173, 1.10814
1.04033, -0.0770479, 1.11459
1.04067, -0.0766764, 1.12101
1.041, -0.0763027, 1.1274
1.04133, -0.0759269, 1.13376
1.04167, -0.075549, 1.14009
1.042, -0.0751689, 1.14638
1.04233, -0.0747868, 1.15265
1.04267, -0.0744026, 1.15888
1.043, -0.0740163, 1.16508
1.04333, -0.0736279, 1.17125
1.04367, -0.0732375, 1.17738
1.044, -0.0728451, 1.18349
1.04433, -0.0724506, 1.18956
1.04467, -0.0720541, 1.19559
1.045, -0.0716555, 1.2016
1.04533, -0.071255, 1.20757
1.04567, -0.0708525, 1.21351
1.046, -0.070448, 1.21941
1.04633, -0.0700415, 1.22528
1.04667, -0.0696331, 1.23112
1.047, -0.0692227, 1.23692
1.04733, -0.0688104, 1.24269
1.04767, -0.0683962, 1.24842
1.048, -0.06798, 1.25412
1.04833, -0.067562, 1.25979
1.04867, -0.0671421, 1.26542
1.049, -0.0667202, 1.27101
1.04933, -0.0662966, 1.27657
1.04967, -0.065871, 1.2821
1.05, -0.0654437, 1.28759
1.05033, -0.0650145, 1.29304
1.05067, -0.0645835, 1.29846
1.051, -0.0641507, 1.30384
1.05133, -0.063716, 1.30919
1.05167, -0.0632796, 1.3145
1.052, -0.0628415, 1.31977
1.05233, -0.0624016, 1.32501
1.05267, -0.0619599, 1.33021
1.053, -0.0615165, 1.33537
1.05333, -0.0610714, 1.3405
1.05367, -0.0606245, 1.34559
1.054, -0.060176, 1.35064
1.05433, -0.0597258, 1.35565
1.05467, -0.0592739, 1.36063
1.055, -0.0588204, 1.36557
1.05533, -0.0583652, 1.37047
1.05567, -0.0579083, 1.37534
1.056, -0.0574499, 1.38016
1.05633, -0.0569898, 1.38495
1.05667, -0.0565282, 1.3897
1.057, -0.056065, 1.39441
1.05733, -0.0556002, 1.39908
1.05767, -0.0551338, 1.40371
1.058, -0.0546659, 1.40831
1.05833, -0.0541965, 1.41286
1.05867, -0.0537255, 1.41738
1.059, -0.053253, 1.42186
1.05933, -0.0527791, 1.42629
1.05967, -0.0523037, 1.43069
1.06, -0.0518268, 1.43505
1.06033, -0.0513484, 1.43937
1.06067, -0.0508686, 1.44365
1.061, -0.0503874, 1.44789
1.06133, -0.0499048, 1.45209
1.06167, -0.0494207, 1.45625
1.062, -0.0489353, 1.46036
1.06233, -0.0484485, 1.46444
1.06267, -0.0479604, 1.46848
1.063, -0.0474709, 1.47248
1.06333, -0.0469801, 1.47643
1.06367, -0.0464879, 1.48035
1.064, -0.0459945, 1.48422
1.06433, -0.0454997, 1.48805
1.06467, -0.0450037, 1.49185
1.065, -0.0445064, 1.4956
1.06533, -0.0440079, 1.49931
1.06567, -0.0435081, 1.50297
1.066, -0.0430071, 1.5066
1.06633, -0.0425049, 1.51018
1.06667, -0.0420016, 1.51372
1.067, -0.041497, 1.51722
1.06733, -0.0409912, 1.52068
1.06767, -0.0404843, 1.5241
1.068, -0.0399763, 1.52747
1.06833, -0.0394672, 1.5308
1.06867, -0.0389569, 1.53409
1.069, -0.0384455, 1.53734
1.06933, -0.0379331, 1.54054
1.06967, -0.0374196, 1.5437
1.07, -0.036905, 1.54682
1.07033, -0.0363894, 1.5499
1.07067, -0.0358728, 1.55293
1.071, -0.0353551, 1.55592
1.07133, -0.0348365, 1.55887
1.07167, -0.0343168, 1.56177
1.072, -0.0337963, 1.56463
1.07233, -0.0332747, 1.56744
1.07267, -0.0327522, 1.57022
1.073, -0.0322288, 1.57295
1.07333, -0.0317045, 1.57563
1.07367, -0.0311793, 1.57827
1.074, -0.0306532, 1.58087
1.07433, -0.0301263, 1.58343
1.07467, -0.0295984, 1.58594
1.075, -0.0290698, 1.5884
1.07533, -0.0285403, 1.59083
1.07567, -0.0280101, 1.59321
1.076, -0.027479, 1.59554
1.07633, -0.0269471, 1.59783
1.07667, -0.0264145, 1.60008
1.077, -0.0258812, 1.60228
1.07733, -0.0253471, 1.60443
1.07767, -0.0248123, 1.60655
1.078, -0.0242768, 1.60861
1.07833, -0.0237405, 1.61064
1.07867, -0.0232037, 1.61261
1.079, -0.0226661, 1.61455
1.07933, -0.0221279, 1.61644
1.07967, -0.0215891, 1.61828
1.08, -0.0210497, 1.62008
1.08033, -0.0205097, 1.62183
1.08067, -0.0199691, 1.62354
1.081, -0.0194279, 1.62521
1.08133, -0.0188862, 1.62683
1.08167, -0.0183439, 1.6284
1.082, -0.0178011, 1.62993
1.08233, -0.0172578, 1.63141
1.08267, -0.016714, 1.63285
1.083, -0.0161697, 1.63424
1.08333, -0.0156249, 1.63559
1.08367, -0.0150797, 1.63689
1.084, -0.0145341, 1.63815
1.08433, -0.0139881, 1.63936
1.08467, -0.0134416, 1.64053
1.085, -0.0128948, 1.64165
1.08533, -0.0123475, 1.64272
1.08567, -0.0118, 1.64375
1.086, -0.0112521, 1.64473
1.08633, -0.0107038, 1.64567
1.08667, -0.0101553, 1.64656
1.087, -0.0096064, 1.64741
1.08733, -0.00905726, 1.64821
1.08767, -0.00850786, 1.64896
1.088, -0.0079582, 1.64967
1.08833, -0.00740831, 1.65034
1.08867, -0.0068582, 1.65095
1.089, -0.00630788, 1.65153
1.08933, -0.00575737, 1.65205
1.08967, -0.00520669, 1.65253
1.09, -0.00465584, 1.65297
1.09033, -0.00410485, 1.65335
1.09067, -0.00355374, 1.6537
1.091, -0.00300251, 1.65399
1.09133, -0.00245118, 1.65424
1.09167, -0.00189976, 1.65445
1.092, -0.00134828, 1.6546
1.09233, -0.000796745, 1.65472
1.09267, -0.000245173, 1.65478
1.093, 0.000306422, 1.6548
1.09333, 0.000858023, 1.65478
1.09367, 0.00140962, 1.65471
1.094, 0.00196118, 1.65459
1.09433, 0.00251271, 1.65443
1.09467, 0.00306419, 1.65422
1.095, 0.00361559, 1.65396
1.09533, 0.00416691, 1.65366
1.09567, 0.00471813, 1.65331
1.096, 0.00526924, 1.65292
1.09633, 0.00582021, 1.65248
1.09667, 0.00637104, 1.65199
1.097, 0.0069217, 1.65146
1.09733, 0.00747219, 1.65089
1.09767, 0.00802249, 1.65026
1.098, 0.00857257, 1.6496
1.09833, 0.00912244, 1.64888
1.09867, 0.00967207, 1.64812
1.099, 0.0102214, 1.64732
1.09933, 0.0107705, 1.64646
1.09967, 0.0113194, 1.64557
1.1, 0.0118679, 1.64462
1.10033, 0.0124161, 1.64363
1.10067, 0.012964, 1.6426
1.101, 0.0135115, 1.64152
1.10133, 0.0140587, 1.64039
1.10167, 0.0146055, 1.63922
1.102, 0.0151519, 1.638
1.10233, 0.0156979, 1.63674
1.10267, 0.0162435, 1.63543
1.103, 0.0167886, 1.63408
1.10333, 0.0173333, 1.63268
1.10367, 0.0178775, 1.63124
1.104, 0.0184213, 1.62975
1.10433, 0.0189645, 1.62821
1.10467, 0.0195073, 1.62663
1.105, 0.0200495, 1.62501
1.10533, 0.0205911, 1.62333
1.10567, 0.0211323, 1.62162
1.106, 0.0216728, 1.61986
1.10633, 0.0222127, 1.61805
1.10667, 0.0227521, 1.6162
1.107, 0.0232908, 1.6143
1.10733, 0.0238289, 1.61236
1.10767, 0.0243664, 1.61038
1.108, 0.0249032, 1.60835
1.10833, 0.0254393, 1.60627
1.10867, 0.0259747, 1.60415
1.109, 0.0265094, 1.60199
1.10933, 0.0270434, 1.59978
1.10967, 0.0275767, 1.59752
1.11, 0.0281092, 1.59523
1.11033, 0.0286409, 1.59288
1.11067, 0.0291719, 1.5905
1.111, 0.0297021, 1.58807
1.11133, 0.0302314, 1.58559
1.11167, 0.03076, 1.58307
1.112, 0.0312876, 1.58051
1.11233, 0.0318145, 1.5779
1.11267, 0.0323404, 1.57525
1.113, 0.0328655, 1.57256
1.11333, 0.0333897, 1.56982
1.11367, 0.033913, 1.56703
1.114, 0.0344353, 1.56421
1.11433, 0.0349567, 1.56134
1.11467, 0.0354772, 1.55842
1.115, 0.0359967, 1.55547
1.11533, 0.0365151, 1.55247
1.11567, 0.0370326, 1.54943
1.116, 0.0375491, 1.54634
1.11633, 0.0380646, 1.54321
1.11667, 0.038579, 1.54004
1.117, 0.0390923, 1.53682
1.11733, 0.0396046, 1.53357
1.11767, 0.0401158, 1.53027
1.118, 0.0406259, 1.52692
1.11833, 0.0411348, 1.52354
1.11867, 0.0416427, 1.52011
1.119, 0.0421494, 1.51664
1.11933, 0.0426549, 1.51313
1.11967, 0.0431593, 1.50957
1.12, 0.0436625, 1.50598
1.12033, 0.0441645, 1.50234
1.12067, 0.0446653, 1.49866
1.121, 0.0451648, 1.49493
1.12133, 0.0456631, 1.49117
1.12167, 0.0461602, 1.48737
1.122, 0.046656, 1.48352
1.12233, 0.0471505, 1.47963
1.12267, 0.0476437, 1.4757
1.123, 0.0481356, 1.47173
1.12333, 0.0486262, 1.46772
1.12367, 0.0491154, 1.46367
1.124, 0.0496033, 1.45957
1.12433, 0.0500898, 1.45544
1.12467, 0.050575, 1.45127
1.125, 0.0510587, 1.44705
1.12533, 0.0515411, 1.4428
1.12567, 0.052022, 1.4385
1.126, 0.0525015, 1.43417
1.12633, 0.0529796, 1.42979
1.12667, 0.0534562, 1.42538
1.127, 0.0539313, 1.42092
1.12733, 0.0544049, 1.41643
1.12767, 0.0548771, 1.41189
1.128, 0.0553477, 1.40732
1.12833, 0.0558168, 1.40271
1.12867, 0.0562844, 1.39806
1.129, 0.0567504, 1.39337
1.12933, 0.0572149, 1.38864
1.12967, 0.0576777, 1.38387
1.13, 0.058139, 1.37906
1.13033, 0.0585987, 1.37422
1.13067, 0.0590568, 1.36934
1.131, 0.0595132, 1.36441
1.13133, 0.059968, 1.35945
1.13167, 0.0604212, 1.35446
1.132, 0.0608727, 1.34942
1.13233, 0.0613225, 1.34435
1.13267, 0.0617706, 1.33924
1.133, 0.062217, 1.33409
1.13333, 0.0626617, 1.32891
1.13367, 0.0631047, 1.32369
1.134, 0.0635459, 1.31843
1.13433, 0.0639854, 1.31313
1.13467, 0.0644231, 1.3078
1.135, 0.064859, 1.30243
1.13533, 0.0652932, 1.29703
1.13567, 0.0657255, 1.29158
1.136, 0.066156, 1.28611
1.13633, 0.0665847, 1.28059
1.13667, 0.0670116, 1.27505
1.137, 0.0674366, 1.26946
1.13733, 0.0678598, 1.26384
1.13767, 0.0682811, 1.25819
1.138, 0.0687004, 1.2525
1.13833, 0.0691179, 1.24677
1.13867, 0.0695335, 1.24101
1.139, 0.0699472, 1.23522
1.13933, 0.0703589, 1.22939
1.13967, 0.0707687, 1.22352
1.14, 0.0711766, 1.21763
1.14033, 0.0715825, 1.2117
1.14067, 0.0719864, 1.20573
1.141, 0.0723883, 1.19973
1.14133, 0.0727882, 1.1937
1.14167, 0.0731861, 1.18763
1.142, 0.073582, 1.18154
1.14233, 0.0739758, 1.1754
1.14267, 0.0743676, 1.16924
1.143, 0.0747574, 1.16304
1.14333, 0.075145, 1.15681
1.14367, 0.0755306, 1.15055
1.144, 0.0759142, 1.14426
1.14433, 0.0762956, 1.13793
1.14467, 0.0766749, 1.13157
1.145, 0.0770521, 1.12518
1.14533, 0.0774271, 1.11876
1.14567, 0.0778001, 1.11231
1.146, 0.0781708, 1.10583
1.14633, 0.0785394, 1.09931
1.14667, 0.0789059, 1.09277
1.147, 0.0792701, 1.08619
1.14733, 0.0796322, 1.07958
1.14767, 0.079992, 1.07295
1.148, 0.0803497, 1.06628
1.14833, 0.0807051, 1.05959
1.14867, 0.0810583, 1.05286
1.149, 0.0814093, 1.04611
1.14933, 0.081758, 1.03932
1.14967, 0.0821044, 1.03251
1.15, 0.0824486, 1.02567
1.15033, 0.0827905, 1.0188
1.15067, 0.0831301, 1.0119
1.151, 0.0834674, 1.00497
1.15133, 0.0838024, 0.998014
1.15167, 0.084135, 0.991031
1.152, 0.0844654, 0.984019
1.15233, 0.0847934, 0.976981
1.15267, 0.085119, 0.969914
1.153, 0.0854423, 0.962821
1.15333, 0.0857633, 0.955701
1.15367, 0.0860819, 0.948554
1.154, 0.086398, 0.941381
1.15433, 0.0867118, 0.934181
1.15467, 0.0870232, 0.926955
1.155, 0.0873322, 0.919703
1.15533, 0.0876388, 0.912425
1.15567, 0.0879429, 0.905122
1.156, 0.0882446, 0.897793
1.15633, 0.0885439, 0.89044
1.15667, 0.0888407, 0.883061
1.157, 0.0891351, 0.875658
1.15733, 0.0894269, 0.86823
1.15767, 0.0897164, 0.860777
1.158, 0.0900033, 0.853301
1.15833, 0.0902877, 0.845801
1.15867, 0.0905696, 0.838277
1.159, 0.0908491, 0.830729
1.15933, 0.091126, 0.823159
1.15967, 0.0914004, 0.815565
1.16, 0.0916722, 0.807948
1.16033, 0.0919415, 0.800309
1.16067, 0.0922083, 0.792647
1.161, 0.0924725, 0.784963
1.16133, 0.0927342, 0.777257
1.16167, 0.0929933, 0.769529
1.162, 0.0932498, 0.761779
1.16233, 0.0935037, 0.754009
1.16267, 0.093755, 0.746217
1.163, 0.0940038, 0.738404
1.16333, 0.0942499, 0.73057
1.16367, 0.0944934, 0.722716
1.164, 0.0947343, 0.714842
1.16433, 0.0949726, 0.706947
1.16467, 0.0952083, 0.699033
1.165, 0.0954413, 0.691099
1.16533, 0.0956716, 0.683145
1.16567, 0.0958994, 0.675172
1.166, 0.0961244, 0.667181
1.16633, 0.0963468, 0.659171
1.16667, 0.0965665, 0.651142
1.167, 0.0967836, 0.643094
1.16733, 0.0969979, 0.635029
1.16767, 0.0972096, 0.626946
1.168, 0.0974186, 0.618845
1.16833, 0.0976249, 0.610727
1.16867, 0.0978285, 0.602592
1.169, 0.0980293, 0.594439
1.16933, 0.0982275, 0.58627
1.16967, 0.0984229, 0.578084
1.17, 0.0986156, 0.569883
1.17033, 0.0988056, 0.561665
1.17067, 0.0989928, 0.553431
1.171, 0.0991773, 0.545181
1.17133, 0.099359, 0.536917
1.17167, 0.099538, 0.528637
1.172, 0.0997142, 0.520342
1.17233, 0.0998876, 0.512032
1.17267, 0.100058, 0.503708
1.173, 0.100226, 0.49537
1.17333, 0.100391, 0.487018
1.17367, 0.100554, 0.478652
1.174, 0.100713, 0.470273
1.17433, 0.10087, 0.46188
1.17467, 0.101024, 0.453474
1.175, 0.101175, 0.445055
1.17533, 0.101323, 0.436624
1.17567, 0.101469, 0.42818
1.176, 0.101612, 0.419725
1.17633, 0.101752, 0.411257
1.17667, 0.101889, 0.402778
1.177, 0.102023, 0.394287
1.17733, 0.102154, 0.385785
1.17767, 0.102283, 0.377272
1.178, 0.102409, 0.368749
1.17833, 0.102532, 0.360215
1.17867, 0.102652, 0.35167
1.179, 0.102769, 0.343116
1.17933, 0.102883, 0.334552
1.17967, 0.102995, 0.325978
1.18, 0.103103, 0.317395
1.18033, 0.103209, 0.308803
1.18067, 0.103312, 0.300203
1.181, 0.103412, 0.291593
1.18133, 0.103509, 0.282976
1.18167, 0.103604, 0.27435
1.182, 0.103695, 0.265716
1.18233, 0.103784, 0.257075
1.18267, 0.10387, 0.248426
1.183, 0.103952, 0.23977
1.18333, 0.104032, 0.231108
1.18367, 0.104109, 0.222438
1.184, 0.104183, 0.213763
1.18433, 0.104255, 0.205081
1.18467, 0.104323, 0.196393
1.185, 0.104389, 0.187699
1.18533, 0.104451, 0.179
1.18567, 0.104511, 0.170296
1.186, 0.104568, 0.161587
1.18633, 0.104621, 0.152873
1.18667, 0.104672, 0.144154
1.187, 0.10472, 0.135432
1.18733, 0.104766, 0.126705
1.18767, 0.104808, 0.117974
1.188, 0.104847, 0.10924
1.18833, 0.104884, 0.100503
1.18867, 0.104917, 0.0917629
1.189, 0.104948, 0.0830198
1.18933, 0.104975, 0.0742741
1.18967, 0.105, 0.0655262
1.19, 0.105022, 0.0567762
1.19033, 0.105041, 0.0480244
1.19067, 0.105057, 0.039271
1.191, 0.10507, 0.0305162
1.19133, 0.10508, 0.0217604
1.19167, 0.105087, 0.0130037
1.192, 0.105092, 0.00424647
1.19233, 0.105093, -0.00451117
1.19267, 0.105092, -0.0132689
1.193, 0.105087, -0.0220266
1.19333, 0.10508, -0.0307838
1.19367, 0.10507, -0.0395405
1.194, 0.105056, -0.0482963
1.19433, 0.10504, -0.057051
1.19467, 0.105021, -0.0658043
1.195, 0.104999, -0.0745561
1.19533, 0.104974, -0.083306
1.19567, 0.104947, -0.0920539
1.196, 0.104916, -0.100799
1.19633, 0.104882, -0.109542
1.19667, 0.104846, -0.118283
1.197, 0.104806, -0.12702
1.19733, 0.104764, -0.135754
1.19767, 0.104719, -0.144484
1.198, 0.104671, -0.153211
1.19833, 0.10462, -0.161933
1.19867, 0.104566, -0.170651
1.199, 0.104509, -0.179365
1.19933, 0.104449, -0.188074
1.19967, 0.104386, -0.196778
1.2, 0.104321, -0.205477
1.20033, 0.104252, -0.214171
1.20067, 0.104181, -0.222858
1.201, 0.104107, -0.23154
1.20133, 0.104029, -0.240216
1.20167, 0.103949, -0.248885
1.202, 0.103866, -0.257547
1.20233, 0.10378, -0.266203
1.20267, 0.103692, -0.274851
1.203, 0.1036, -0.283492
1.20333, 0.103506, -0.292125
1.20367, 0.103408, -0.300751
1.204, 0.103308, -0.309368
1.20433, 0.103205, -0.317977
1.20467, 0.103099, -0.326578
1.205, 0.10299, -0.335169
1.20533, 0.102878, -0.343752
1.20567, 0.102764, -0.352325
1.206, 0.102646, -0.360889
1.20633, 0.102526, -0.369442
1.20667, 0.102403, -0.377986
1.207, 0.102277, -0.38652
1.20733, 0.102148, -0.395043
1.20767, 0.102016, -0.403555
1.208, 0.101882, -0.412057
1.20833, 0.101744, -0.420547
1.20867, 0.101604, -0.429025
1.209, 0.101461, -0.437492
1.20933, 0.101315, -0.445948
1.20967, 0.101167, -0.454391
1.21, 0.101015, -0.462821
1.21033, 0.100861, -0.471239
1.21067, 0.100704, -0.479644
1.211, 0.100544, -0.488036
1.21133, 0.100381, -0.496415
1.21167, 0.100216, -0.50478
1.212, 0.100048, -0.513131
1.21233, 0.0998766, -0.521469
1.21267, 0.0997028, -0.529792
1.213, 0.0995262, -0.5381
1.21333, 0.0993468, -0.546394
1.21367, 0.0991647, -0.554673
1.214, 0.0989798, -0.562937
1.21433, 0.0987922, -0.571185
1.21467, 0.0986018, -0.579418
1.215, 0.0984086, -0.587634
1.21533, 0.0982128, -0.595835
1.21567, 0.0980141, -0.60402
1.216, 0.0978128, -0.612187
1.21633, 0.0976087, -0.620338
1.21667, 0.097402, -0.628473
1.217, 0.0971925, -0.636589
1.21733, 0.0969803, -0.644689
1.21767, 0.0967654, -0.65277
1.218, 0.0965478, -0.660834
1.21833, 0.0963275, -0.66888
1.21867, 0.0961046, -0.676907
1.219, 0.0958789, -0.684916
1.21933, 0.0956506, -0.692906
1.21967, 0.0954196, -0.700877
1.22, 0.095186, -0.708828
1.22033, 0.0949497, -0.71676
1.22067, 0.0947108, -0.724673
1.221, 0.0944693, -0.732566
1.22133, 0.0942251, -0.740438
1.22167, 0.0939783, -0.74829
1.222, 0.0937288, -0.756122
1.22233, 0.0934768, -0.763932
1.22267, 0.0932221, -0.771722
1.223, 0.0929649, -0.779491
1.22333, 0.0927051, -0.787238
1.22367, 0.0924427, -0.794963
1.224, 0.0921777, -0.802667
1.22433, 0.0919101, -0.810348
1.22467, 0.09164, -0.818007
1.225, 0.0913673, -0.825644
1.22533, 0.0910921, -0.833258
1.22567, 0.0908144, -0.840849
1.226, 0.0905341, -0.848417
1.22633, 0.0902513, -0.855961
1.22667, 0.089966, -0.863482
1.227, 0.0896781, -0.870979
1.22733, 0.0893878, -0.878453
1.22767, 0.089095, -0.885902
1.228, 0.0887997, -0.893326
1.22833, 0.0885019, -0.900726
1.22867, 0.0882017, -0.908101
1.229, 0.087899, -0.915451
1.22933, 0.0875938, -0.922776
1.22967, 0.0872862, -0.930076
1.23, 0.0869762, -0.93735
1.23033, 0.0866638, -0.944598
1.23067, 0.0863489, -0.95182
1.231, 0.0860316, -0.959015
1.23133, 0.0857119, -0.966185
1.23167, 0.0853899, -0.973327
1.232, 0.0850654, -0.980443
1.23233, 0.0847386, -0.987532
1.23267, 0.0844094, -0.994593
1.233, 0.0840779, -1.00163
1.23333, 0.083744, -1.00863
1.23367, 0.0834078, -1.01561
1.234, 0.0830693, -1.02256
1.23433, 0.0827284, -1.02949
1.23467, 0.0823853, -1.03638
1.235, 0.0820398, -1.04325
1.23533, 0.0816921, -1.05008
1.23567, 0.081342, -1.05689
1.236, 0.0809897, -1.06367
1.23633, 0.0806352, -1.07042
1.23667, 0.0802784, -1.07714
1.237, 0.0799193, -1.08383
1.23733, 0.0795581, -1.09049
1.23767, 0.0791946, -1.09712
1.238, 0.0788289, -1.10372
1.23833, 0.078461, -1.11029
1.23867, 0.0780909, -1.11682
1.239, 0.0777186, -1.12333
1.23933, 0.0773441, -1.12981
1.23967, 0.0769675, -1.13625
1.24, 0.0765888, -1.14267
1.24033, 0.0762079, -1.14905
1.24067, 0.0758249, -1.1554
1.241, 0.0754397, -1.16172
1.24133, 0.0750525, -1.16801
1.24167, 0.0746632, -1.17426
1.242, 0.0742718, -1.18048
1.24233, 0.0738783, -1.18667
1.24267, 0.0734827, -1.19283
1.243, 0.0730851, -1.19895
1.24333, 0.0726854, -1.20504
1.24367, 0.0722838, -1.2111
1.244, 0.0718801, -1.21712
1.24433, 0.0714744, -1.22311
1.24467, 0.0710667, -1.22907
1.245, 0.070657, -1.23499
1.24533, 0.0702453, -1.24088
1.24567, 0.0698317, -1.24673
1.246, 0.0694161, -1.25255
1.24633, 0.0689986, -1.25834
1.24667, 0.0685791, -1.26409
1.247, 0.0681578, -1.2698
1.24733, 0.0677345, -1.27548
1.24767, 0.0673093, -1.28113
1.248, 0.0668823, -1.28673
1.24833, 0.0664534, -1.29231
1.24867, 0.0660226, -1.29785
1.249, 0.06559, -1.30335
1.24933, 0.0651556, -1.30881
1.24967, 0.0647193, -1.31424
1.25, 0.0642812, -1.31964
1.25033, 0.0638413, -1.32499
1.25067, 0.0633997, -1.33031
1.251, 0.0629562, -1.3356
1.25133, 0.062511, -1.34084
1.25167, 0.0620641, -1.34605
1.252, 0.0616154, -1.35122
1.25233, 0.061165, -1.35636
1.25267, 0.0607129, -1.36146
1.253, 0.060259, -1.36652
1.25333, 0.0598035, -1.37154
1.25367, 0.0593464, -1.37652
1.254, 0.0588875, -1.38147
1.25433, 0.058427, -1.38637
1.25467, 0.0579649, -1.39124
1.255, 0.0575012, -1.39607
1.25533, 0.0570358, -1.40086
1.25567, 0.0565688, -1.40562
1.256, 0.0561003, -1.41033
1.25633, 0.0556302, -1.41501
1.25667, 0.0551585, -1.41964
1.257, 0.0546853, -1.42424
1.25733, 0.0542106, -1.4288
1.25767, 0.0537343, -1.43331
1.258, 0.0532565, -1.43779
1.25833, 0.0527773, -1.44223
1.25867, 0.0522965, -1.44663
1.259, 0.0518143, -1.45099
1.25933, 0.0513306, -1.4553
1.25967, 0.0508455, -1.45958
1.26, 0.050359, -1.46382
1.26033, 0.0498711, -1.46802
1.26067, 0.0493817, -1.47217
1.261, 0.048891, -1.47629
1.26133, 0.0483989, -1.48036
1.26167, 0.0479055, -1.48439
1.262, 0.0474107, -1.48839
1.26233, 0.0469145, -1.49234
1.26267, 0.0464171, -1.49625
1.263, 0.0459183, -1.50011
1.26333, 0.0454183, -1.50394
1.26367, 0.044917, -1.50773
1.264, 0.0444144, -1.51147
1.26433, 0.0439106, -1.51517
1.26467, 0.0434055, -1.51883
1.265, 0.0428993, -1.52245
1.26533, 0.0423918, -1.52602
1.26567, 0.0418831, -1.52955
1.266, 0.0413733, -1.53304
1.26633, 0.0408622, -1.53649
1.26667, 0.0403501, -1.5399
1.267, 0.0398368, -1.54326
1.26733, 0.0393224, -1.54658
1.26767, 0.0388068, -1.54986
1.268, 0.0382902, -1.55309
1.26833, 0.0377725, -1.55628
1.26867, 0.0372538, -1.55943
1.269, 0.0367339, -1.56253
1.26933, 0.0362131, -1.56559
1.26967, 0.0356912, -1.56861
1.27, 0.0351684, -1.57159
1.27033, 0.0346445, -1.57452
1.27067, 0.0341197, -1.5774
1.271, 0.0335939, -1.58025
1.27133, 0.0330671, -1.58305
1.27167, 0.0325394, -1.5858
1.272, 0.0320108, -1.58851
1.27233, 0.0314813, -1.59118
1.27267, 0.0309509, -1.59381
1.273, 0.0304197, -1.59638
1.27333, 0.0298875, -1.59892
1.27367, 0.0293546, -1.60141
1.274, 0.0288208, -1.60386
1.27433, 0.0282861, -1.60626
1.27467, 0.0277507, -1.60862
1.275, 0.0272145, -1.61093
1.27533, 0.0266775, -1.6132
1.27567, 0.0261398, -1.61542
1.276, 0.0256013, -1.6176
1.27633, 0.0250621, -1.61973
1.27667, 0.0245222, -1.62182
1.277, 0.0239816, -1.62386
1.27733, 0.0234403, -1.62586
1.27767, 0.0228984, -1.62781
1.278, 0.0223558, -1.62972
1.27833, 0.0218125, -1.63159
1.27867, 0.0212687, -1.6334
1.279, 0.0207242, -1.63518
1.27933, 0.0201791, -1.6369
1.27967, 0.0196335, -1.63858
1.28, 0.0190873, -1.64022
1.28033, 0.0185406, -1.64181
1.28067, 0.0179933, -1.64336
1.281, 0.0174455, -1.64486
1.28133, 0.0168972, -1.64631
1.28167, 0.0163485, -1.64772
1.282, 0.0157992, -1.64908
1.28233, 0.0152495, -1.6504
1.28267, 0.0146994, -1.65167
1.283, 0.0141488, -1.65289
1.28333, 0.0135979, -1.65407
1.28367, 0.0130465, -1.6552
1.284, 0.0124948, -1.65629
1.28433, 0.0119427, -1.65733
1.28467, 0.0113903, -1.65833
1.285, 0.0108375, -1.65928
1.28533, 0.0102844, -1.66018
1.28567, 0.00973099, -1.66104
1.286, 0.00917731, -1.66185
1.28633, 0.00862336, -1.66261
1.28667, 0.00806916, -1.66333
1.287, 0.00751471, -1.664
1.28733, 0.00696005, -1.66463
1.28767, 0.00640517, -1.66521
1.288, 0.0058501, -1.66574
1.28833, 0.00529485, -1.66623
1.28867, 0.00473944, -1.66667
1.289, 0.00418388, -1.66707
1.28933, 0.00362819, -1.66742
1.28967, 0.00307239, -1.66772
1.29, 0.00251648, -1.66797
1.29033, 0.00196049, -1.66818
1.29067, 0.00140443, -1.66835
1.291, 0.000848313, -1.66846
1.29133, 0.000292158, -1.66854
1.29167, -0.000264021, -1.66856
1.292, -0.000820207, -1.66854
1.29233, -0.00137639, -1.66847
1.29267, -0.00193254, -1.66835
1.293, -0.00248866, -1.66819
1.29333, -0.00304473, -1.66799
1.29367, -0.00360072, -1.66773
1.294, -0.00415663, -1.66743
1.29433, -0.00471244, -1.66709
1.29467, -0.00526814, -1.66669
1.295, -0.0058237, -1.66625
1.29533, -0.00637912, -1.66577
1.29567, -0.00693438, -1.66524
1.296, -0.00748946, -1.66466
1.29633, -0.00804434, -1.66404
1.29667, -0.00859902, -1.66337
1.297, -0.00915348, -1.66265
1.29733, -0.00970769, -1.66189
1.29767, -0.0102617, -1.66108
1.298, -0.0108153, -1.66022
1.29833, -0.0113688, -1.65932
1.29867, -0.0119219, -1.65837
1.299, -0.0124747, -1.65738
1.29933, -0.0130271, -1.65634
1.29967, -0.0135792, -1.65525
1.3, -0.014131, -1.65412
1.30033, -0.0146824, -1.65295
1.30067, -0.0152333, -1.65172
1.301, -0.0157839, -1.65045
1.30133, -0.0163341, -1.64914
1.30167, -0.0168838, -1.64778
1.302, -0.017433, -1.64637
1.30233, -0.0179818, -1.64492
1.30267, -0.0185301, -1.64342
1.303, -0.0190779, -1.64187
1.30333, -0.0196252, -1.64028
1.30367, -0.020172, -1.63865
1.304, -0.0207182, -1.63697
1.30433, -0.0212639, -1.63524
1.30467, -0.0218089, -1.63347
1.305, -0.0223534, -1.63165
1.30533, -0.0228973, -1.62979
1.30567, -0.0234406, -1.62788
1.306, -0.0239832, -1.62593
1.30633, -0.0245252, -1.62393
1.30667, -0.0250665, -1.62188
1.307, -0.0256071, -1.6198
1.30733, -0.026147, -1.61766
1.30767, -0.0266863, -1.61548
1.308, -0.0272248, -1.61326
1.30833, -0.0277625, -1.61099
1.30867, -0.0282995, -1.60868
1.309, -0.0288357, -1.60632
1.30933, -0.0293712, -1.60392
1.30967, -0.0299058, -1.60147
1.31, -0.0304396, -1.59898
1.31033, -0.0309726, -1.59644
1.31067, -0.0315048, -1.59386
1.311, -0.0320361, -1.59123
1.31133, -0.0325665, -1.58856
1.31167, -0.033096, -1.58585
1.312, -0.0336246, -1.58309
1.31233, -0.0341523, -1.58029
1.31267, -0.0346791, -1.57744
1.313, -0.0352049, -1.57455
1.31333, -0.0357297, -1.57162
1.31367, -0.0362536, -1.56864
1.314, -0.0367765, -1.56562
1.31433, -0.0372984, -1.56256
1.31467, -0.0378192, -1.55945
1.315, -0.038339, -1.5563
1.31533, -0.0388578, -1.5531
1.31567, -0.0393755, -1.54986
1.316, -0.0398921, -1.54658
1.31633, -0.0404076, -1.54326
1.31667, -0.0409221, -1.53989
1.317, -0.0414354, -1.53648
1.31733, -0.0419475, -1.53303
1.31767, -0.0424585, -1.52953
1.318, -0.0429684, -1.52599
1.31833, -0.043477, -1.52241
1.31867, -0.0439845, -1.51879
1.319, -0.0444908, -1.51512
1.31933, -0.0449958, -1.51142
1.31967, -0.0454996, -1.50767
1.32, -0.0460022, -1.50388
1.32033, -0.0465035, -1.50004
1.32067, -0.0470035, -1.49617
1.321, -0.0475022, -1.49225
1.32133, -0.0479996, -1.48829
1.32167, -0.0484957, -1.48429
1.322, -0.0489905, -1.48025
1.32233, -0.0494839, -1.47617
1.32267, -0.0499759, -1.47204
1.323, -0.0504666, -1.46788
1.32333, -0.0509559, -1.46367
1.32367, -0.0514438, -1.45943
1.324, -0.0519303, -1.45514
1.32433, -0.0524153, -1.45081
1.32467, -0.0528989, -1.44644
1.325, -0.0533811, -1.44204
1.32533, -0.0538618, -1.43759
1.32567, -0.054341, -1.4331
1.326, -0.0548187, -1.42857
1.32633, -0.0552949, -1.424
1.32667, -0.0557695, -1.41939
1.327, -0.0562427, -1.41475
1.32733, -0.0567142, -1.41006
1.32767, -0.0571843, -1.40533
1.328, -0.0576527, -1.40057
1.32833, -0.0581196, -1.39576
1.32867, -0.0585848, -1.39092
1.329, -0.0590485, -1.38604
1.32933, -0.0595105, -1.38112
1.32967, -0.0599708, -1.37616
1.33, -0.0604296, -1.37116
1.33033, -0.0608866, -1.36613
1.33067, -0.061342, -1.36105
1.331, -0.0617957, -1.35594
1.33133, -0.0622477, -1.35079
1.33167, -0.0626979, -1.3456
1.332, -0.0631464, -1.34038
1.33233, -0.0635932, -1.33512
1.33267, -0.0640383, -1.32982
1.333, -0.0644816, -1.32448
1.33333, -0.064923, -1.31911
1.33367, -0.0653627, -1.3137
1.334, -0.0658006, -1.30825
1.33433, -0.0662367, -1.30277
1.33467, -0.066671, -1.29725
1.335, -0.0671034, -1.29169
1.33533, -0.067534, -1.2861
1.33567, -0.0679627, -1.28047
1.336, -0.0683895, -1.27481
1.33633, -0.0688144, -1.26911
1.33667, -0.0692375, -1.26337
1.337, -0.0696586, -1.2576
1.33733, -0.0700778, -1.2518
1.33767, -0.0704951, -1.24596
1.338, -0.0709104, -1.24008
1.33833, -0.0713237, -1.23418
1.33867, -0.0717351, -1.22823
1.339, -0.0721445, -1.22225
1.33933, -0.072552, -1.21624
1.33967, -0.0729574, -1.2102
1.34, -0.0733608, -1.20412
1.34033, -0.0737621, -1.198
1.34067, -0.0741615, -1.19186
1.341, -0.0745588, -1.18568
1.34133, -0.074954, -1.17946
1.34167, -0.0753471, -1.17322
1.342, -0.0757382, -1.16694
1.34233, -0.0761272, -1.16063
1.34267, -0.0765141, -1.15428
1.343, -0.0768988, -1.14791
1.34333, -0.0772815, -1.1415
1.34367, -0.077662, -1.13506
1.344, -0.0780403, -1.12859
1.34433, -0.0784165, -1.12208
1.34467, -0.0787905, -1.11555
1.345, -0.0791624, -1.10898
1.34533, -0.079532, -1.10238
1.34567, -0.0798995, -1.09576
1.346, -0.0802648, -1.0891
1.34633, -0.0806278, -1.08241
1.34667, -0.0809886, -1.07569
1.347, -0.0813472, -1.06894
1.34733, -0.0817035, -1.06216
1.34767, -0.0820575, -1.05535
1.348, -0.0824093, -1.04852
1.34833, -0.0827588, -1.04165
1.34867, -0.083106, -1.03475
1.349, -0.0834509, -1.02783
1.34933, -0.0837936, -1.02087
1.34967, -0.0841338, -1.01389
1.35, -0.0844718, -1.00688
1.35033, -0.0848074, -0.999839
1.35067, -0.0851407, -0.992772
1.351, -0.0854716, -0.985677
1.35133, -0.0858002, -0.978554
1.35167, -0.0861264, -0.971404
1.352, -0.0864502, -0.964227
1.35233, -0.0867716, -0.957023
1.35267, -0.0870906, -0.949792
1.353, -0.0874072, -0.942534
1.35333, -0.0877214, -0.93525
1.35367, -0.0880331, -0.92794
1.354, -0.0883424, -0.920604
1.35433, -0.0886493, -0.913242
1.35467, -0.0889537, -0.905855
1.355, -0.0892557, -0.898442
1.35533, -0.0895552, -0.891004
1.35567, -0.0898522, -0.883541
1.356, -0.0901467, -0.876054
1.35633, -0.0904387, -0.868541
1.35667, -0.0907282, -0.861005
1.357, -0.0910152, -0.853444
1.35733, -0.0912997, -0.845859
1.35767, -0.0915816, -0.838251
1.358, -0.0918611, -0.830619
1.35833, -0.0921379, -0.822964
1.35867, -0.0924123, -0.815286
1.359, -0.092684, -0.807585
1.35933, -0.0929532, -0.799861
1.35967, -0.0932198, -0.792115
1.36, -0.0934839, -0.784347
1.36033, -0.0937453, -0.776557
1.36067, -0.0940042, -0.768745
1.361, -0.0942604, -0.760911
1.36133, -0.0945141, -0.753056
1.36167, -0.0947651, -0.74518
1.362, -0.0950135, -0.737283
1.36233, -0.0952592, -0.729365
1.36267, -0.0955023, -0.721427
1.363, -0.0957428, -0.713468
1.36333, -0.0959806, -0.705489
1.36367, -0.0962158, -0.697491
1.364, -0.0964483, -0.689473
1.36433, -0.0966781, -0.681436
1.36467, -0.0969053, -0.673379
1.365, -0.0971297, -0.665304
1.36533, -0.0973515, -0.65721
1.36567, -0.0975706, -0.649097
1.366, -0.0977869, -0.640966
1.36633, -0.0980006, -0.632817
1.36667, -0.0982115, -0.62465
1.367, -0.0984198, -0.616466
1.36733, -0.0986252, -0.608265
1.36767, -0.098828, -0.600046
1.368, -0.099028, -0.59181
1.36833, -0.0992253, -0.583558
1.36867, -0.0994198, -0.575289
1.369, -0.0996116, -0.567004
1.36933, -0.0998006, -0.558703
1.36967, -0.0999868, -0.550386
1.37, -0.10017, -0.542054
1.37033, -0.100351, -0.533707
1.37067, -0.100529, -0.525344
1.371, -0.100704, -0.516967
1.37133, -0.100876, -0.508575
1.37167, -0.101046, -0.500168
1.372, -0.101213, -0.491748
1.37233, -0.101376, -0.483313
1.37267, -0.101538, -0.474865
1.373, -0.101696, -0.466404
1.37333, -0.101851, -0.457929
1.37367, -0.102004, -0.449442
1.374, -0.102154, -0.440941
1.37433, -0.102301, -0.432428
1.37467, -0.102445, -0.423903
1.375, -0.102586, -0.415366
1.37533, -0.102725, -0.406817
1.37567, -0.10286, -0.398257
1.376, -0.102993, -0.389685
1.37633, -0.103123, -0.381103
1.37667, -0.10325, -0.372509
1.377, -0.103374, -0.363905
1.37733, -0.103495, -0.35529
1.37767, -0.103614, -0.346666
1.378, -0.103729, -0.338031
1.37833, -0.103842, -0.329387
1.37867, -0.103952, -0.320734
1.379, -0.104059, -0.312071
1.37933, -0.104163, -0.303399
1.37967, -0.104264, -0.294719
1.38, -0.104362, -0.286031
1.38033, -0.104458, -0.277334
1.38067, -0.10455, -0.268629
1.381, -0.10464, -0.259916
1.38133, -0.104726, -0.251196
1.38167, -0.10481, -0.242469
1.382, -0.104891, -0.233735
1.38233, -0.104969, -0.224994
1.38267, -0.105044, -0.216247
1.383, -0.105116, -0.207493
1.38333, -0.105185, -0.198734
1.38367, -0.105251, -0.189968
1.384, -0.105314, -0.181197
1.38433, -0.105375, -0.172421
1.38467, -0.105432, -0.16364
1.385, -0.105487, -0.154854
1.38533, -0.105538, -0.146063
1.38567, -0.105587, -0.137268
1.386, -0.105633, -0.128469
1.38633, -0.105676, -0.119667
1.38667, -0.105716, -0.11086
1.387, -0.105753, -0.102051
1.38733, -0.105787, -0.093238
1.38767, -0.105818, -0.0844225
1.388, -0.105846, -0.0756043
1.38833, -0.105871, -0.0667839
1.38867, -0.105893, -0.0579613
1.389, -0.105913, -0.0491368
1.38933, -0.105929, -0.0403108
1.38967, -0.105942, -0.0314834
1.39, -0.105953, -0.0226548
1.39033, -0.10596, -0.0138254
1.39067, -0.105965, -0.00499539
1.391, -0.105967, 0.00383503
1.39133, -0.105965, 0.0126656
1.39167, -0.105961, 0.021496
1.392, -0.105954, 0.0303261
1.39233, -0.105944, 0.0391557
1.39267, -0.105931, 0.0479843
1.393, -0.105915, 0.0568119
1.39333, -0.105896, 0.0656381
1.39367, -0.105874, 0.0744628
1.394, -0.105849, 0.0832856
1.39433, -0.105822, 0.0921064
1.39467, -0.105791, 0.100925
1.395, -0.105757, 0.109741
1.39533, -0.105721, 0.118554
1.39567, -0.105681, 0.127364
1.396, -0.105639, 0.136171
1.39633, -0.105593, 0.144974
1.39667, -0.105545, 0.153773
1.397, -0.105494, 0.162569
1.39733, -0.105439, 0.17136
1.39767, -0.105382, 0.180146
1.398, -0.105322, 0.188928
1.39833, -0.105259, 0.197705
1.39867, -0.105193, 0.206477
1.399, -0.105125, 0.215243
1.39933, -0.105053, 0.224003
1.39967, -0.104978, 0.232758
1.4, -0.104901, 0.241506
1.40033, -0.10482, 0.250248
1.40067, -0.104737, 0.258983
1.401, -0.10465, 0.267711
1.40133, -0.104561, 0.276432
1.40167, -0.104469, 0.285145
1.402, -0.104374, 0.293851
1.40233, -0.104276, 0.302549
1.40267, -0.104175, 0.311238
1.403, -0.104071, 0.319919
1.40333, -0.103965, 0.328592
1.40367, -0.103855, 0.337256
1.404, -0.103743, 0.34591
1.40433, -0.103627, 0.354556
1.40467, -0.103509, 0.363191
1.405, -0.103388, 0.371817
1.40533, -0.103264, 0.380433
1.40567, -0.103137, 0.389038
1.406, -0.103008, 0.397633
1.40633, -0.102875, 0.406217
1.40667, -0.10274, 0.41479
1.407, -0.102602, 0.423351
1.40733, -0.10246, 0.431902
1.40767, -0.102316, 0.44044
1.408, -0.10217, 0.448966
1.40833, -0.10202, 0.45748
1.40867, -0.101868, 0.465982
1.409, -0.101712, 0.474471
1.40933, -0.101554, 0.482947
1.40967, -0.101393, 0.49141
1.41, -0.101229, 0.499859
1.41033, -0.101063, 0.508295
1.41067, -0.100893, 0.516717
1.411, -0.100721, 0.525125
1.41133, -0.100546, 0.533518
1.41167, -0.100368, 0.541897
1.412, -0.100187, 0.550261
1.41233, -0.100004, 0.55861
1.41267, -0.0998178, 0.566944
1.413, -0.0996288, 0.575262
1.41333, -0.0994371, 0.583564
1.41367, -0.0992426, 0.591851
1.414, -0.0990453, 0.600121
1.41433, -0.0988452, 0.608375
1.41467, -0.0986424, 0.616612
1.415, -0.0984369, 0.624832
1.41533, -0.0982286, 0.633035
1.41567, -0.0980176, 0.641221
1.416, -0.0978039, 0.649389
1.41633, -0.0975874, 0.657539
1.41667, -0.0973682, 0.665671
1.417, -0.0971463, 0.673785
1.41733, -0.0969218, 0.681881
1.41767, -0.0966945, 0.689958
1.418, -0.0964645, 0.698016
1.41833, -0.0962318, 0.706054
1.41867, -0.0959965, 0.714074
1.419, -0.0957584, 0.722073
1.41933, -0.0955177, 0.730053
1.41967, -0.0952744, 0.738013
1.42, -0.0950284, 0.745953
1.42033, -0.0947797, 0.753872
1.42067, -0.0945284, 0.76177
1.421, -0.0942745, 0.769647
1.42133, -0.094018, 0.777503
1.42167, -0.0937588, 0.785338
1.422, -0.093497, 0.793152
1.42233, -0.0932326, 0.800943
1.42267, -0.0929657, 0.808712
1.423, -0.0926961, 0.81646
1.42333, -0.0924239, 0.824184
1.42367, -0.0921492, 0.831886
1.424, -0.0918719, 0.839565
1.42433, -0.0915921, 0.847221
1.42467, -0.0913096, 0.854854
1.425, -0.0910247, 0.862463
1.42533, -0.0907372, 0.870048
1.42567, -0.0904472, 0.87761
1.426, -0.0901547, 0.885147
1.42633, -0.0898596, 0.89266
1.42667, -0.0895621, 0.900148
1.427, -0.089262, 0.907612
1.42733, -0.0889595, 0.91505
1.42767, -0.0886544, 0.922464
1.428, -0.088347, 0.929852
1.42833, -0.088037, 0.937214
1.42867, -0.0877246, 0.94455
1.429, -0.0874098, 0.951861
1.42933, -0.0870925, 0.959145
1.42967, -0.0867728, 0.966402
1.43, -0.0864506, 0.973633
1.43033, -0.0861261, 0.980838
1.43067, -0.0857991, 0.988015
1.431, -0.0854698, 0.995165
1.43133, -0.0851381, 1.00229
1.43167, -0.084804, 1.00938
1.432, -0.0844675, 1.01645
1.43233, -0.0841287, 1.02349
1.43267, -0.0837875, 1.0305
1.433, -0.083444, 1.03748
1.43333, -0.0830982, 1.04443
1.43367, -0.0827501, 1.05136
1.434, -0.0823996, 1.05826
1.43433, -0.0820469, 1.06512
1.43467, -0.0816918, 1.07196
1.435, -0.0813345, 1.07877
1.43533, -0.0809749, 1.08554
1.43567, -0.0806131, 1.09229
1.436, -0.080249, 1.09901
1.43633, -0.0798826, 1.1057
1.43667, -0.0795141, 1.11235
1.437, -0.0791433, 1.11898
1.43733, -0.0787703, 1.12558
1.43767, -0.0783951, 1.13214
1.438, -0.0780177, 1.13867
1.43833, -0.0776381, 1.14517
1.43867, -0.0772564, 1.15164
1.439, -0.0768725, 1.15808
1.43933, -0.0764865, 1.16449
1.43967, -0.0760984, 1.17086
1.44, -0.0757081, 1.1772
1.44033, -0.0753157, 1.18351
1.44067, -0.0749212, 1.18979
1.441, -0.0745246, 1.19603
1.44133, -0.0741259, 1.20224
1.44167, -0.0737251, 1.20842
1.442, -0.0733223, 1.21456
1.44233, -0.0729175, 1.22067
1.44267, -0.0725106, 1.22675
1.443, -0.0721017, 1.23279
1.44333, -0.0716907, 1.2388
1.44367, -0.0712778, 1.24478
1.444, -0.0708629, 1.25072
1.44433, -0.070446, 1.25662
1.44467, -0.0700271, 1.26249
1.445, -0.0696063, 1.26833
1.44533, -0.0691835, 1.27413
1.44567, -0.0687588, 1.27989
1.446, -0.0683322, 1.28562
1.44633, -0.0679036, 1.29132
1.44667, -0.0674732, 1.29698
1.447, -0.0670408, 1.3026
1.44733, -0.0666066, 1.30819
1.44767, -0.0661706, 1.31374
1.448, -0.0657327, 1.31925
1.44833, -0.0652929, 1.32473
1.44867, -0.0648513, 1.33017
1.449, -0.064408, 1.33557
1.44933, -0.0639628, 1.34094
1.44967, -0.0635158, 1.34627
1.45, -0.063067, 1.35156
1.45033, -0.0626165, 1.35682
1.45067, -0.0621642, 1.36204
1.451, -0.0617102, 1.36722
1.45133, -0.0612545, 1.37236
1.45167, -0.060797, 1.37746
1.452, -0.0603379, 1.38253
1.45233, -0.059877, 1.38756
1.45267, -0.0594145, 1.39255
1.453, -0.0589503, 1.3975
1.45333, -0.0584845, 1.40241
1.45367, -0.058017, 1.40729
1.454, -0.0575479, 1.41212
1.45433, -0.0570772, 1.41692
1.45467, -0.0566049, 1.42167
1.455, -0.056131, 1.42639
1.45533, -0.0556556, 1.43107
1.45567, -0.0551785, 1.43571
1.456, -0.0547, 1.4403
1.45633, -0.0542199, 1.44486
1.45667, -0.0537382, 1.44938
1.457, -0.0532551, 1.45386
1.45733, -0.0527705, 1.4583
1.45767, -0.0522844, 1.46269
1.458, -0.0517968, 1.46705
1.45833, -0.0513078, 1.47137
1.45867, -0.0508174, 1.47564
1.459, -0.0503255, 1.47988
1.45933, -0.0498322, 1.48407
1.45967, -0.0493375, 1.48822
1.46, -0.0488414, 1.49234
1.46033, -0.048344, 1.49641
1.46067, -0.0478452, 1.50044
1.461, -0.047345, 1.50442
1.46133, -0.0468436, 1.50837
1.46167, -0.0463408, 1.51227
1.462, -0.0458367, 1.51613
1.46233, -0.0453313, 1.51995
1.46267, -0.0448246, 1.52373
1.463, -0.0443167, 1.52747
1.46333, -0.0438076, 1.53116
1.46367, -0.0432972, 1.53481
1.464, -0.0427856, 1.53842
1.46433, -0.0422728, 1.54198
1.46467, -0.0417588, 1.54551
1.465, -0.0412436, 1.54899
1.46533, -0.0407273, 1.55242
1.46567, -0.0402098, 1.55582
1.466, -0.0396912, 1.55917
1.46633, -0.0391715, 1.56248
1.46667, -0.0386507, 1.56574
1.467, -0.0381288, 1.56896
1.46733, -0.0376058, 1.57214
1.46767, -0.0370817, 1.57527
1.468, -0.0365566, 1.57836
1.46833, -0.0360305, 1.58141
1.46867, -0.0355034, 1.58441
1.469, -0.0349752, 1.58737
1.46933, -0.0344461, 1.59028
1.46967, -0.033916, 1.59315
1.47, -0.033385, 1.59598
1.47033, -0.032853, 1.59876
1.47067, -0.0323201, 1.6015
1.471, -0.0317862, 1.60419
1.47133, -0.0312515, 1.60684
1.47167, -0.0307159, 1.60945
1.472, -0.0301794, 1.61201
1.47233, -0.0296421, 1.61452
1.47267, -0.0291039, 1.61699
1.473, -0.0285649, 1.61942
1.47333, -0.0280251, 1.6218
1.47367, -0.0274845, 1.62413
1.474, -0.0269431, 1.62642
1.47433, -0.026401, 1.62867
1.47467, -0.0258581, 1.63087
1.475, -0.0253145, 1.63302
1.47533, -0.0247701, 1.63513
1.47567, -0.0242251, 1.6372
1.476, -0.0236793, 1.63922
1.47633, -0.0231329, 1.64119
1.47667, -0.0225859, 1.64312
1.477, -0.0220382, 1.645
1.47733, -0.0214898, 1.64684
1.47767, -0.0209409, 1.64863
1.478, -0.0203913, 1.65037
1.47833, -0.0198412, 1.65207
1.47867, -0.0192905, 1.65372
1.479, -0.0187393, 1.65533
1.47933, -0.0181875, 1.65689
1.47967, -0.0176352, 1.65841
1.48, -0.0170824, 1.65988
1.48033, -0.0165291, 1.6613
1.48067, -0.0159753, 1.66268
1.481, -0.0154211, 1.66401
1.48133, -0.0148664, 1.6653
1.48167, -0.0143113, 1.66653
1.482, -0.0137558, 1.66773
1.48233, -0.0131999, 1.66887
1.48267, -0.0126436, 1.66997
1.483, -0.012087, 1.67103
1.48333, -0.01153, 1.67203
1.48367, -0.0109726, 1.673
1.484, -0.010415, 1.67391
1.48433, -0.00985699, 1.67478
1.48467, -0.00929873, 1.6756
1.485, -0.0087402, 1.67637
1.48533, -0.00818141, 1.6771
1.48567, -0.00762237, 1.67778
1.486, -0.00706311, 1.67842
1.48633, -0.00650364, 1.67901
1.48667, -0.00594397, 1.67955
1.487, -0.00538412, 1.68005
1.48733, -0.0048241, 1.68049
1.48767, -0.00426394, 1.6809
1.488, -0.00370364, 1.68125
1.48833, -0.00314322, 1.68156
1.48867, -0.0025827, 1.68182
1.489, -0.0020221, 1.68204
1.48933, -0.00146142, 1.68221
1.48967, -0.000900683, 1.68233
1.49, -0.000339907, 1.6824
1.49033, 0.000220894, 1.68243
1.49067, 0.000781704, 1.68241
1.491, 0.00134251, 1.68235
1.49133, 0.00190329, 1.68224
1.49167, 0.00246404, 1.68208
1.492, 0.00302473, 1.68187
1.49233, 0.00358535, 1.68162
1.49267, 0.00414589, 1.68132
1.493, 0.00470633, 1.68097
1.49333, 0.00526666, 1.68058
1.49367, 0.00582685, 1.68014
1.494, 0.0063869, 1.67966
1.49433, 0.00694678, 1.67913
1.49467, 0.00750649, 1.67855
1.495, 0.00806601, 1.67792
1.49533, 0.00862532, 1.67725
1.49567, 0.0091844, 1.67653
1.496, 0.00974324, 1.67577
1.49633, 0.0103018, 1.67495
1.49667, 0.0108601, 1.67409
1.497, 0.0114182, 1.67319
1.49733, 0.0119759, 1.67224
1.49767, 0.0125333, 1.67124
1.498, 0.0130904, 1.6702
1.49833, 0.0136471, 1.66911
1.49867, 0.0142035, 1.66797
1.499, 0.0147595, 1.66678
1.49933, 0.0153151, 1.66555
1.49967, 0.0158703, 1.66428
1.5, 0.016425, 1.66296
1.50033, 0.0169794, 1.66159
1.50067, 0.0175332, 1.66017
1.501, 0.0180866, 1.65871
1.50133, 0.0186395, 1.6572
1.50167, 0.0191919, 1.65565
1.502, 0.0197438, 1.65405
1.50233, 0.0202951, 1.65241
1.50267, 0.0208459, 1.65071
1.503, 0.0213962, 1.64898
1.50333, 0.0219458, 1.64719
1.50367, 0.0224949, 1.64537
1.504, 0.0230434, 1.64349
1.50433, 0.0235912, 1.64157
1.50467, 0.0241384, 1.6396
1.505, 0.0246849, 1.63759
1.50533, 0.0252308, 1.63554
1.50567, 0.025776, 1.63343
1.506, 0.0263204, 1.63129
1.50633, 0.0268642, 1.62909
1.50667, 0.0274072, 1.62685
1.507, 0.0279495, 1.62457
1.50733, 0.028491, 1.62224
1.50767, 0.0290318, 1.61987
1.508, 0.0295717, 1.61745
1.50833, 0.0301109, 1.61498
1.50867, 0.0306492, 1.61247
1.509, 0.0311867, 1.60992
1.50933, 0.0317233, 1.60732
1.50967, 0.0322591, 1.60468
1.51, 0.032794, 1.60199
1.51033, 0.033328, 1.59926
1.51067, 0.0338611, 1.59648
1.511, 0.0343933, 1.59366
1.51133, 0.0349245, 1.59079
1.51167, 0.0354547, 1.58788
1.512, 0.035984, 1.58493
1.51233, 0.0365123, 1.58193
1.51267, 0.0370396, 1.57888
1.513, 0.0375659, 1.5758
1.51333, 0.0380912, 1.57267
1.51367, 0.0386154, 1.56949
1.514, 0.0391386, 1.56627
1.51433, 0.0396607, 1.56301
1.51467, 0.0401817, 1.55971
1.515, 0.0407016, 1.55636
1.51533, 0.0412204, 1.55297
1.51567, 0.041738, 1.54953
1.516, 0.0422545, 1.54605
1.51633, 0.0427699, 1.54253
1.51667, 0.0432841, 1.53897
1.517, 0.0437971, 1.53536
1.51733, 0.0443088, 1.53171
1.51767, 0.0448194, 1.52802
1.518, 0.0453288, 1.52428
1.51833, 0.0458369, 1.52051
1.51867, 0.0463437, 1.51669
1.519, 0.0468493, 1.51283
1.51933, 0.0473535, 1.50892
1.51967, 0.0478565, 1.50498
1.52, 0.0483582, 1.50099
1.52033, 0.0488585, 1.49696
1.52067, 0.0493575, 1.49289
1.521, 0.0498551, 1.48877
1.52133, 0.0503514, 1.48462
1.52167, 0.0508462, 1.48042
1.522, 0.0513397, 1.47619
1.52233, 0.0518318, 1.47191
1.52267, 0.0523224, 1.46759
1.523, 0.0528116, 1.46323
1.52333, 0.0532993, 1.45883
1.52367, 0.0537856, 1.45438
1.524, 0.0542704, 1.4499
1.52433, 0.0547537, 1.44538
1.52467, 0.0552355, 1.44082
1.525, 0.0557158, 1.43621
1.52533, 0.0561945, 1.43157
1.52567, 0.0566717, 1.42689
1.526, 0.0571473, 1.42217
1.52633, 0.0576214, 1.4174
1.52667, 0.0580939, 1.4126
1.527, 0.0585647, 1.40776
1.52733, 0.059034, 1.40288
1.52767, 0.0595016, 1.39796
1.528, 0.0599676, 1.393
1.52833, 0.0604319, 1.38801
1.52867, 0.0608946, 1.38297
1.529, 0.0613556, 1.37789
1.52933, 0.0618149, 1.37278
1.52967, 0.0622725, 1.36763
1.53, 0.0627284, 1.36244
1.53033, 0.0631825, 1.35721
1.53067, 0.0636349, 1.35195
1.531, 0.0640856, 1.34665
1.53133, 0.0645344, 1.34131
1.53167, 0.0649815, 1.33593
1.532, 0.0654269, 1.33051
1.53233, 0.0658704, 1.32506
1.53267, 0.066312, 1.31957
1.533, 0.0667519, 1.31404
1.53333, 0.0671899, 1.30848
1.53367, 0.0676261, 1.30288
1.534, 0.0680604, 1.29725
1.53433, 0.0684928, 1.29158
1.53467, 0.0689233, 1.28587
1.535, 0.0693519, 1.28012
1.53533, 0.0697786, 1.27434
1.53567, 0.0702034, 1.26853
1.536, 0.0706263, 1.26268
1.53633, 0.0710472, 1.25679
1.53667, 0.0714661, 1.25087
1.537, 0.071883, 1.24492
1.53733, 0.072298, 1.23893
1.53767, 0.072711, 1.2329
1.538, 0.073122, 1.22684
1.53833, 0.0735309, 1.22075
1.53867, 0.0739378, 1.21462
1.539, 0.0743427, 1.20846
1.53933, 0.0747455, 1.20227
1.53967, 0.0751463, 1.19604
1.54, 0.075545, 1.18977
1.54033, 0.0759416, 1.18348
1.54067, 0.076336, 1.17715
1.541, 0.0767284, 1.17079
1.54133, 0.0771187, 1.1644
1.54167, 0.0775068, 1.15797
1.542, 0.0778928, 1.15151
1.54233, 0.0782766, 1.14502
1.54267, 0.0786583, 1.1385
1.543, 0.0790378, 1.13194
1.54333, 0.0794151, 1.12535
1.54367, 0.0797903, 1.11874
1.544, 0.0801632, 1.11209
1.54433, 0.0805339, 1.10541
1.54467, 0.0809023, 1.0987
1.545, 0.0812686, 1.09195
1.54533, 0.0816325, 1.08518
1.54567, 0.0819943, 1.07838
1.546, 0.0823537, 1.07155
1.54633, 0.0827109, 1.06468
1.54667, 0.0830658, 1.05779
1.547, 0.0834184, 1.05087
1.54733, 0.0837687, 1.04392
1.54767, 0.0841167, 1.03694
1.548, 0.0844623, 1.02993
1.54833, 0.0848056, 1.02289
1.54867, 0.0851466, 1.01582
1.549, 0.0854852, 1.00873
1.54933, 0.0858214, 1.0016
1.54967, 0.0861553, 0.99445
1.55, 0.0864868, 0.987271
1.55033, 0.0868159, 0.980063
1.55067, 0.0871426, 0.972829
1.551, 0.0874668, 0.965567
1.55133, 0.0877887, 0.958278
1.55167, 0.0881081, 0.950962
1.552, 0.0884251, 0.94362
1.55233, 0.0887397, 0.936251
1.55267, 0.0890517, 0.928856
1.553, 0.0893614, 0.921435
1.55333, 0.0896685, 0.913988
1.55367, 0.0899732, 0.906516
1.554, 0.0902753, 0.899018
1.55433, 0.090575, 0.891495
1.55467, 0.0908722, 0.883947
1.555, 0.0911668, 0.876375
1.55533, 0.0914589, 0.868777
1.55567, 0.0917485, 0.861156
1.556, 0.0920356, 0.85351
1.55633, 0.0923201, 0.845841
1.55667, 0.092602, 0.838147
1.557, 0.0928814, 0.83043
1.55733, 0.0931582, 0.82269
1.55767, 0.0934325, 0.814927
1.558, 0.0937041, 0.807141
1.55833, 0.0939732, 0.799332
1.55867, 0.0942396, 0.791501
1.559, 0.0945034, 0.783648
1.55933, 0.0947646, 0.775773
1.55967, 0.0950232, 0.767876
1.56, 0.0952792, 0.759957
1.56033, 0.0955325, 0.752017
1.56067, 0.0957832, 0.744056
1.561, 0.0960312, 0.736074
1.56133, 0.0962766, 0.728071
1.56167, 0.0965193, 0.720048
1.562, 0.0967593, 0.712005
1.56233, 0.0969966, 0.703942
1.56267, 0.0972313, 0.695859
1.563, 0.0974632, 0.687756
1.56333, 0.0976925, 0.679634
1.56367, 0.097919, 0.671493
1.564, 0.0981428, 0.663333
1.56433, 0.0983639, 0.655155
1.56467, 0.0985823, 0.646958
1.565, 0.098798, 0.638743
1.56533, 0.0990109, 0.630509
1.56567, 0.0992211, 0.622259
1.566, 0.0994285, 0.61399
1.56633, 0.0996331, 0.605704
1.56667, 0.099835, 0.597402
1.567, 0.100034, 0.589082
1.56733, 0.100231, 0.580746
1.56767, 0.100424, 0.572393
1.568, 0.100615, 0.564025
1.56833, 0.100803, 0.55564
1.56867, 0.100988, 0.54724
1.569, 0.101171, 0.538824
1.56933, 0.10135, 0.530393
1.56967, 0.101527, 0.521947
1.57, 0.101701, 0.513487
1.57033, 0.101872, 0.505012
1.57067, 0.10204, 0.496522
1.571, 0.102206, 0.488019
1.57133, 0.102369, 0.479502
1.57167, 0.102528, 0.470971
1.572, 0.102685, 0.462427
1.57233, 0.10284, 0.45387
1.57267, 0.102991, 0.4453
1.573, 0.103139, 0.436717
1.57333, 0.103285, 0.428122
1.57367, 0.103428, 0.419515
1.574, 0.103567, 0.410896
1.57433, 0.103704, 0.402266
1.57467, 0.103838, 0.393624
1.575, 0.10397, 0.384971
1.57533, 0.104098, 0.376306
1.57567, 0.104223, 0.367632
1.576, 0.104346, 0.358946
1.57633, 0.104466, 0.350251
1.57667, 0.104582, 0.341545
1.577, 0.104696, 0.33283
1.57733, 0.104807, 0.324105
1.57767, 0.104915, 0.315372
1.578, 0.10502, 0.306629
1.57833, 0.105123, 0.297877
1.57867, 0.105222, 0.289117
1.579, 0.105318, 0.280348
1.57933, 0.105412, 0.271572
1.57967, 0.105502, 0.262787
1.58, 0.10559, 0.253996
1.58033, 0.105674, 0.245196
1.58067, 0.105756, 0.23639
1.581, 0.105835, 0.227577
1.58133, 0.105911, 0.218758
1.58167, 0.105984, 0.209932
1.582, 0.106054, 0.2011
1.58233, 0.106121, 0.192262
1.58267, 0.106185, 0.183418
1.583, 0.106246, 0.17457
1.58333, 0.106304, 0.165716
1.58367, 0.106359, 0.156857
1.584, 0.106412, 0.147994
1.58433, 0.106461, 0.139126
1.58467, 0.106507, 0.130255
1.585, 0.106551, 0.121379
1.58533, 0.106591, 0.1125
1.58567, 0.106629, 0.103617
1.586, 0.106663, 0.0947314
1.58633, 0.106695, 0.0858427
1.58667, 0.106724, 0.0769515
1.587, 0.106749, 0.0680579
1.58733, 0.106772, 0.0591621
1.58767, 0.106792, 0.0502645
1.588, 0.106808, 0.0413652
1.58833, 0.106822, 0.0324645
1.58867, 0.106833, 0.0235626
1.589, 0.106841, 0.0146599
1.58933, 0.106846, 0.00575647
1.58967, 0.106848, -0.00314734
1.59, 0.106847, -0.0120513
1.59033, 0.106843, -0.0209552
1.59067, 0.106836, -0.0298587
1.591, 0.106826, -0.0387617
1.59133, 0.106813, -0.0476638
1.59167, 0.106797, -0.0565649
1.592, 0.106778, -0.0654646
1.59233, 0.106756, -0.0743628
1.59267, 0.106731, -0.0832591
1.593, 0.106704, -0.0921534
1.59333, 0.106673, -0.101045
1.59367, 0.106639, -0.109935
1.594, 0.106603, -0.118821
1.59433, 0.106563, -0.127705
1.59467, 0.10652, -0.136585
1.595, 0.106475, -0.145462
1.59533, 0.106426, -0.154335
1.59567, 0.106375, -0.163204
1.596, 0.106321, -0.172068
1.59633, 0.106263, -0.180928
1.59667, 0.106203, -0.189784
1.597, 0.10614, -0.198634
1.59733, 0.106073, -0.207479
1.59767, 0.106004, -0.216318
1.598, 0.105932, -0.225152
1.59833, 0.105857, -0.23398
1.59867, 0.105779, -0.242801
1.599, 0.105698, -0.251616
1.59933, 0.105614, -0.260424
1.59967, 0.105527, -0.269225
1.6, 0.105438, -0.278019
1.60033, 0.105345, -0.286806
1.60067, 0.105249, -0.295584
1.601, 0.105151, -0.304355
1.60133, 0.105049, -0.313118
1.60167, 0.104945, -0.321872
1.602, 0.104838, -0.330617
1.60233, 0.104728, -0.339354
1.60267, 0.104614, -0.348081
1.603, 0.104498, -0.356799
1.60333, 0.104379, -0.365507
1.60367, 0.104258, -0.374205
1.604, 0.104133, -0.382894
1.60433, 0.104005, -0.391571
1.60467, 0.103875, -0.400238
1.605, 0.103741, -0.408895
1.60533, 0.103605, -0.41754
1.60567, 0.103466, -0.426174
1.606, 0.103324, -0.434796
1.60633, 0.103179, -0.443406
1.60667, 0.103031, -0.452004
1.607, 0.10288, -0.46059
1.60733, 0.102727, -0.469164
1.60767, 0.102571, -0.477724
1.608, 0.102411, -0.486272
1.60833, 0.102249, -0.494806
1.60867, 0.102084, -0.503327
1.609, 0.101916, -0.511834
1.60933, 0.101746, -0.520327
1.60967, 0.101572, -0.528806
1.61, 0.101396, -0.53727
1.61033, 0.101217, -0.54572
1.61067, 0.101035, -0.554154
1.611, 0.10085, -0.562574
1.61133, 0.100663, -0.570978
1.61167, 0.100473, -0.579367
1.612, 0.100279, -0.587739
1.61233, 0.100084, -0.596096
1.61267, 0.0998848, -0.604436
1.613, 0.0996834, -0.61276
1.61333, 0.0994791, -0.621067
1.61367, 0.0992721, -0.629357
1.614, 0.0990623, -0.63763
1.61433, 0.0988498, -0.645885
1.61467, 0.0986345, -0.654122
1.615, 0.0984164, -0.662342
1.61533, 0.0981956, -0.670543
1.61567, 0.0979721, -0.678726
1.616, 0.0977459, -0.686891
1.61633, 0.0975169, -0.695036
1.61667, 0.0972852, -0.703162
1.617, 0.0970509, -0.71127
1.61733, 0.0968138, -0.719357
1.61767, 0.096574, -0.727425
1.618, 0.0963315, -0.735473
1.61833, 0.0960863, -0.7435
1.61867, 0.0958385, -0.751508
1.619, 0.095588, -0.759494
1.61933, 0.0953348, -0.76746
1.61967, 0.095079, -0.775404
1.62, 0.0948206, -0.783328
1.62033, 0.0945594, -0.791229
1.62067, 0.0942957, -0.799109
1.621, 0.0940293, -0.806967
1.62133, 0.0937603, -0.814803
1.62167, 0.0934887, -0.822616
1.622, 0.0932145, -0.830407
1.62233, 0.0929377, -0.838175
1.62267, 0.0926583, -0.84592
1.623, 0.0923764, -0.853641
1.62333, 0.0920918, -0.861339
1.62367, 0.0918047, -0.869014
1.624, 0.091515, -0.876664
1.62433, 0.0912228, -0.88429
1.62467, 0.0909281, -0.891892
1.625, 0.0906308, -0.89947
1.62533, 0.0903309, -0.907022
1.62567, 0.0900286, -0.91455
1.626, 0.0897237, -0.922052
1.62633, 0.0894164, -0.929529
1.62667, 0.0891065, -0.93698
1.627, 0.0887942, -0.944406
1.62733, 0.0884794, -0.951806
1.62767, 0.0881622, -0.959179
1.628, 0.0878424, -0.966526
1.62833, 0.0875203, -0.973846
1.62867, 0.0871956, -0.981139
1.629, 0.0868686, -0.988406
1.62933, 0.0865391, -0.995645
1.62967, 0.0862072, -1.00286
1.63, 0.085873, -1.01004
1.63033, 0.0855363, -1.0172
1.63067, 0.0851972, -1.02432
1.631, 0.0848558, -1.03142
1.63133, 0.084512, -1.0385
1.63167, 0.0841658, -1.04554
1.632, 0.0838173, -1.05255
1.63233, 0.0834664, -1.05954
1.63267, 0.0831133, -1.06649
1.633, 0.0827578, -1.07342
1.63333, 0.0823999, -1.08031
1.63367, 0.0820398, -1.08718
1.634, 0.0816774, -1.09402
1.63433, 0.0813128, -1.10082
1.63467, 0.0809458, -1.1076
1.635, 0.0805766, -1.11435
1.63533, 0.0802052, -1.12106
1.63567, 0.0798315, -1.12774
1.636, 0.0794556, -1.1344
1.63633, 0.0790775, -1.14102
1.63667, 0.0786971, -1.14761
1.637, 0.0783146, -1.15417
1.63733, 0.0779299, -1.16069
1.63767, 0.077543, -1.16719
1.638, 0.0771539, -1.17365
1.63833, 0.0767627, -1.18008
1.63867, 0.0763693, -1.18647
1.639, 0.0759738, -1.19284
1.63933, 0.0755762, -1.19917
1.63967, 0.0751765, -1.20547
1.64, 0.0747747, -1.21173
1.64033, 0.0743708, -1.21796
1.64067, 0.0739648, -1.22416
1.641, 0.0735567, -1.23033
1.64133, 0.0731466, -1.23646
1.64167, 0.0727345, -1.24255
1.642, 0.0723203, -1.24861
1.64233, 0.0719041, -1.25464
1.64267, 0.0714859, -1.26063
1.643, 0.0710656, -1.26659
1.64333, 0.0706434, -1.27251
1.64367, 0.0702193, -1.2784
1.644, 0.0697931, -1.28425
1.64433, 0.0693651, -1.29006
1.64467, 0.068935, -1.29584
1.645, 0.0685031, -1.30159
1.64533, 0.0680692, -1.3073
1.64567, 0.0676335, -1.31297
1.646, 0.0671958, -1.31861
1.64633, 0.0667563, -1.32421
1.64667, 0.0663149, -1.32977
1.647, 0.0658716, -1.3353
1.64733, 0.0654265, -1.34078
1.64767, 0.0649796, -1.34624
1.648, 0.0645308, -1.35165
1.64833, 0.0640803, -1.35703
1.64867, 0.0636279, -1.36237
1.649, 0.0631738, -1.36767
1.64933, 0.0627179, -1.37294
1.64967, 0.0622603, -1.37816
1.65, 0.0618009, -1.38335
1.65033, 0.0613398, -1.3885
1.65067, 0.0608769, -1.39361
1.651, 0.0604124, -1.39869
1.65133, 0.0599462, -1.40372
1.65167, 0.0594783, -1.40872
1.652, 0.0590087, -1.41367
1.65233, 0.0585375, -1.41859
1.65267, 0.0580646, -1.42347
1.653, 0.0575901, -1.42831
1.65333, 0.057114, -1.43311
1.65367, 0.0566363, -1.43787
1.654, 0.056157, -1.44259
1.65433, 0.0556762, -1.44726
1.65467, 0.0551938, -1.4519
1.655, 0.0547098, -1.4565
1.65533, 0.0542243, -1.46106
1.65567, 0.0537373, -1.46558
1.656, 0.0532487, -1.47006
1.65633, 0.0527587, -1.4745
1.65667, 0.0522672, -1.47889
1.657, 0.0517742, -1.48325
1.65733, 0.0512798, -1.48756
1.65767, 0.050784, -1.49184
1.658, 0.0502867, -1.49607
1.65833, 0.049788, -1.50026
1.65867, 0.0492879, -1.50441
1.659, 0.0487865, -1.50852
1.65933, 0.0482836, -1.51258
1.65967, 0.0477794, -1.51661
1.66, 0.0472739, -1.52059
1.66033, 0.046767, -1.52453
1.66067, 0.0462588, -1.52842
1.661, 0.0457494, -1.53228
1.66133, 0.0452386, -1.53609
1.66167, 0.0447266, -1.53986
1.662, 0.0442133, -1.54359
1.66233, 0.0436988, -1.54727
1.66267, 0.043183, -1.55091
1.663, 0.042666, -1.55451
1.66333, 0.0421479, -1.55807
1.66367, 0.0416285, -1.56158
1.664, 0.041108, -1.56505
1.66433, 0.0405863, -1.56848
1.66467, 0.0400635, -1.57186
1.665, 0.0395395, -1.5752
1.66533, 0.0390145, -1.57849
1.66567, 0.0384883, -1.58174
1.666, 0.037961, -1.58495
1.66633, 0.0374327, -1.58811
1.66667, 0.0369034, -1.59123
1.667, 0.0363729, -1.59431
1.66733, 0.0358415, -1.59734
1.66767, 0.0353091, -1.60033
1.668, 0.0347756, -1.60327
1.66833, 0.0342412, -1.60617
1.66867, 0.0337058, -1.60902
1.669, 0.0331695, -1.61183
1.66933, 0.0326322, -1.61459
1.66967, 0.032094, -1.61731
1.67, 0.0315549, -1.61999
1.67033, 0.0310149, -1.62262
1.67067, 0.030474, -1.6252
1.671, 0.0299323, -1.62774
1.67133, 0.0293897, -1.63023
1.67167, 0.0288463, -1.63268
1.672, 0.0283021, -1.63509
1.67233, 0.027757, -1.63745
1.67267, 0.0272112, -1.63976
1.673, 0.0266646, -1.64203
1.67333, 0.0261173, -1.64425
1.67367, 0.0255692, -1.64643
1.674, 0.0250204, -1.64856
1.67433, 0.0244709, -1.65064
1.67467, 0.0239207, -1.65268
1.675, 0.0233698, -1.65467
1.67533, 0.0228182, -1.65662
1.67567, 0.022266, -1.65852
1.676, 0.0217132, -1.66038
1.67633, 0.0211597, -1.66219
1.67667, 0.0206057, -1.66395
1.677, 0.020051, -1.66567
1.67733, 0.0194958, -1.66734
1.67767, 0.01894, -1.66896
1.678, 0.0183837, -1.67054
1.67833, 0.0178268, -1.67207
1.67867, 0.0172695, -1.67356
1.679, 0.0167116, -1.675
1.67933, 0.0161533, -1.67639
1.67967, 0.0155945, -1.67774
1.68, 0.0150352, -1.67904
1.68033, 0.0144756, -1.68029
1.68067, 0.0139155, -1.6815
1.681, 0.013355, -1.68266
1.68133, 0.0127941, -1.68377
1.68167, 0.0122328, -1.68483
1.682, 0.0116712, -1.68585
1.68233, 0.0111093, -1.68683
1.68267, 0.010547, -1.68775
1.683, 0.00998441, -1.68863
1.68333, 0.00942153, -1.68946
1.68367, 0.00885838, -1.69025
1.684, 0.00829496, -1.69099
1.68433, 0.0077313, -1.69168
1.68467, 0.00716741, -1.69232
1.685, 0.0066033, -1.69292
1.68533, 0.006039, -1.69347
1.68567, 0.00547451, -1.69397
1.686, 0.00490985, -1.69443
1.68633, 0.00434504, -1.69484
1.68667, 0.00378009, -1.6952
1.687, 0.00321502, -1.69552
1.68733, 0.00264985, -1.69578
1.68767, 0.00208459, -1.696
1.688, 0.00151926, -1.69618
1.68833, 0.000953864, -1.6963
1.68867, 0.00038843, -1.69638
1.689, -0.000177032, -1.69642
1.68933, -0.000742504, -1.6964
1.68967, -0.00130797, -1.69634
1.69, -0.00187342, -1.69623
1.69033, -0.00243883, -1.69607
1.69067, -0.00300419, -1.69587
1.691, -0.00356948, -1.69562
1.69133, -0.00413468, -1.69532
1.69167, -0.00469979, -1.69498
1.692, -0.00526478, -1.69459
1.69233, -0.00582965, -1.69415
1.69267, -0.00639436, -1.69366
1.693, -0.00695892, -1.69313
1.69333, -0.00752329, -1.69255
1.69367, -0.00808748, -1.69192
1.694, -0.00865145, -1.69125
1.69433, -0.0092152, -1.69053
1.69467, -0.00977871, -1.68976
1.695, -0.010342, -1.68895
1.69533, -0.0109049, -1.68808
1.69567, -0.0114676, -1.68717
1.696, -0.01203, -1.68622
1.69633, -0.0125921, -1.68522
1.69667, -0.0131538, -1.68417
1.697, -0.0137152, -1.68307
1.69733, -0.0142763, -1.68193
1.69767, -0.0148369, -1.68074
1.698, -0.0153971, -1.6795
1.69833, -0.015957, -1.67822
1.69867, -0.0165164, -1.67689
1.699, -0.0170753, -1.67551
1.69933, -0.0176339, -1.67409
1.69967, -0.0181919, -1.67262
1.7, -0.0187494, -1.6711
1.70033, -0.0193065, -1.66954
1.70067, -0.019863, -1.66793
1.701, -0.020419, -1.66628
1.70133, -0.0209744, -1.66458
1.70167, -0.0215292, -1.66283
1.702, -0.0220835, -1.66103
1.70233, -0.0226372, -1.65919
1.70267, -0.0231903, -1.65731
1.703, -0.0237427, -1.65538
1.70333, -0.0242945, -1.6534
1.70367, -0.0248456, -1.65137
1.704, -0.0253961, -1.6493
1.70433, -0.0259458, -1.64719
1.70467, -0.0264949, -1.64502
1.705, -0.0270432, -1.64282
1.70533, -0.0275908, -1.64056
1.70567, -0.0281377, -1.63826
1.706, -0.0286838, -1.63592
1.70633, -0.0292291, -1.63353
1.70667, -0.0297736, -1.63109
1.707, -0.0303173, -1.62861
1.70733, -0.0308602, -1.62608
1.70767, -0.0314022, -1.62351
1.708, -0.0319434, -1.6209
1.70833, -0.0324837, -1.61823
1.70867, -0.0330231, -1.61553
1.709, -0.0335616, -1.61277
1.70933, -0.0340992, -1.60998
1.70967, -0.0346358, -1.60714
1.71, -0.0351716, -1.60425
1.71033, -0.0357063, -1.60132
1.71067, -0.0362401, -1.59834
1.711, -0.0367729, -1.59532
1.71133, -0.0373046, -1.59226
1.71167, -0.0378354, -1.58915
1.712, -0.0383651, -1.586
1.71233, -0.0388938, -1.5828
1.71267, -0.0394214, -1.57956
1.713, -0.0399479, -1.57627
1.71333, -0.0404733, -1.57294
1.71367, -0.0409976, -1.56957
1.714, -0.0415208, -1.56616
1.71433, -0.0420429, -1.5627
1.71467, -0.0425638, -1.55919
1.715, -0.0430835, -1.55565
1.71533, -0.043602, -1.55205
1.71567, -0.0441194, -1.54842
1.716, -0.0446355, -1.54474
1.71633, -0.0451505, -1.54103
1.71667, -0.0456641, -1.53726
1.717, -0.0461765, -1.53346
1.71733, -0.0466877, -1.52961
1.71767, -0.0471976, -1.52572
1.718, -0.0477061, -1.52179
1.71833, -0.0482134, -1.51781
1.71867, -0.0487193, -1.51379
1.719, -0.0492239, -1.50973
1.71933, -0.0497272, -1.50563
1.71967, -0.0502291, -1.50149
1.72, -0.0507296, -1.4973
1.72033, -0.0512287, -1.49307
1.72067, -0.0517263, -1.4888
1.721, -0.0522226, -1.48449
1.72133, -0.0527174, -1.48014
1.72167, -0.0532108, -1.47575
1.722, -0.0537027, -1.47131
1.72233, -0.0541932, -1.46684
1.72267, -0.0546821, -1.46232
1.723, -0.0551696, -1.45777
1.72333, -0.0556555, -1.45317
1.72367, -0.0561399, -1.44853
1.724, -0.0566227, -1.44385
1.72433, -0.057104, -1.43913
1.72467, -0.0575837, -1.43437
1.725, -0.0580618, -1.42958
1.72533, -0.0585384, -1.42474
1.72567, -0.0590133, -1.41986
1.726, -0.0594866, -1.41494
1.72633, -0.0599582, -1.40998
1.72667, -0.0604282, -1.40499
1.727, -0.0608965, -1.39995
1.72733, -0.0613632, -1.39488
1.72767, -0.0618281, -1.38976
1.728, -0.0622914, -1.38461
1.72833, -0.0627529, -1.37942
1.72867, -0.0632127, -1.37419
1.729, -0.0636708, -1.36892
1.72933, -0.0641271, -1.36362
1.72967, -0.0645817, -1.35827
1.73, -0.0650344, -1.35289
1.73033, -0.0654854, -1.34747
1.73067, -0.0659345, -1.34202
1.731, -0.0663819, -1.33652
1.73133, -0.0668274, -1.33099
1.73167, -0.067271, -1.32542
1.732, -0.0677129, -1.31981
1.73233, -0.0681528, -1.31417
1.73267, -0.0685908, -1.30849
1.733, -0.069027, -1.30278
1.73333, -0.0694613, -1.29702
1.73367, -0.0698936, -1.29124
1.734, -0.070324, -1.28541
1.73433, -0.0707525, -1.27955
1.73467, -0.071179, -1.27365
1.735, -0.0716036, -1.26772
1.73533, -0.0720261, -1.26176
1.73567, -0.0724467, -1.25575
1.736, -0.0728653, -1.24972
1.73633, -0.0732819, -1.24364
1.73667, -0.0736964, -1.23754
1.737, -0.0741089, -1.2314
1.73733, -0.0745194, -1.22522
1.73767, -0.0749278, -1.21901
1.738, -0.0753341, -1.21277
1.73833, -0.0757384, -1.20649
1.73867, -0.0761406, -1.20018
1.739, -0.0765406, -1.19383
1.73933, -0.0769386, -1.18745
1.73967, -0.0773344, -1.18104
1.74, -0.0777281, -1.1746
1.74033, -0.0781196, -1.16812
1.74067, -0.078509, -1.16161
1.741, -0.0788962, -1.15507
1.74133, -0.0792812, -1.14849
1.74167, -0.079664, -1.14189
1.742, -0.0800447, -1.13525
1.74233, -0.0804231, -1.12858
1.74267, -0.0807993, -1.12188
1.743, -0.0811732, -1.11514
1.74333, -0.0815449, -1.10838
1.74367, -0.0819144, -1.10158
1.744, -0.0822816, -1.09476
1.74433, -0.0826465, -1.0879
1.74467, -0.0830091, -1.08101
1.745, -0.0833695, -1.07409
1.74533, -0.0837275, -1.06715
1.74567, -0.0840832, -1.06017
1.746, -0.0844366, -1.05316
1.74633, -0.0847877, -1.04613
1.74667, -0.0851364, -1.03906
1.747, -0.0854827, -1.03197
1.74733, -0.0858267, -1.02484
1.74767, -0.0861683, -1.01769
1.748, -0.0865076, -1.01051
1.74833, -0.0868444, -1.0033
1.74867, -0.0871788, -0.996064
1.749, -0.0875109, -0.988799
1.74933, -0.0878405, -0.981507
1.74967, -0.0881676, -0.974186
1.75, -0.0884924, -0.966839
1.75033, -0.0888146, -0.959465
1.75067, -0.0891345, -0.952064
1.751, -0.0894518, -0.944636
1.75133, -0.0897667, -0.937181
1.75167, -0.0900791, -0.929701
1.752, -0.090389, -0.922194
1.75233, -0.0906964, -0.914662
1.75267, -0.0910013, -0.907104
1.753, -0.0913036, -0.89952
1.75333, -0.0916035, -0.891912
1.75367, -0.0919008, -0.884278
1.754, -0.0921955, -0.87662
1.75433, -0.0924878, -0.868937
1.75467, -0.0927774, -0.861229
1.755, -0.0930645, -0.853498
1.75533, -0.093349, -0.845743
1.75567, -0.0936309, -0.837964
1.756, -0.0939102, -0.830161
1.75633, -0.0941869, -0.822335
1.75667, -0.094461, -0.814486
1.757, -0.0947325, -0.806614
1.75733, -0.0950014, -0.79872
1.75767, -0.0952676, -0.790803
1.758, -0.0955312, -0.782864
1.75833, -0.0957922, -0.774903
1.75867, -0.0960505, -0.766921
1.759, -0.0963061, -0.758916
1.75933, -0.0965591, -0.750891
1.75967, -0.0968094, -0.742844
1.76, -0.097057, -0.734777
1.76033, -0.097302, -0.726689
1.76067, -0.0975442, -0.71858
1.761, -0.0977837, -0.710452
1.76133, -0.0980205, -0.702303
1.76167, -0.0982546, -0.694135
1.762, -0.098486, -0.685947
1.76233, -0.0987147, -0.67774
1.76267, -0.0989406, -0.669513
1.763, -0.0991637, -0.661268
1.76333, -0.0993842, -0.653005
1.76367, -0.0996018, -0.644723
1.764, -0.0998167, -0.636422
1.76433, -0.100029, -0.628104
1.76467, -0.100238, -0.619769
1.765, -0.100445, -0.611416
1.76533, -0.100649, -0.603045
1.76567, -0.10085, -0.594658
1.766, -0.101048, -0.586254
1.76633, -0.101243, -0.577833
1.76667, -0.101436, -0.569396
1.767, -0.101626, -0.560943
1.76733, -0.101813, -0.552474
1.76767, -0.101997, -0.54399
1.768, -0.102178, -0.53549
1.76833, -0.102357, -0.526975
1.76867, -0.102532, -0.518445
1.769, -0.102705, -0.509901
1.76933, -0.102875, -0.501342
1.76967, -0.103042, -0.492769
1.77, -0.103206, -0.484183
1.77033, -0.103368, -0.475582
1.77067, -0.103526, -0.466968
1.771, -0.103682, -0.458341
1.77133, -0.103835, -0.449701
1.77167, -0.103985, -0.441048
1.772, -0.104132, -0.432382
1.77233, -0.104276, -0.423705
1.77267, -0.104417, -0.415015
1.773, -0.104555, -0.406314
1.77333, -0.104691, -0.397601
1.77367, -0.104823, -0.388876
1.774, -0.104953, -0.380141
1.77433, -0.10508, -0.371395
1.77467, -0.105204, -0.362638
1.775, -0.105324, -0.353871
1.77533, -0.105442, -0.345094
1.77567, -0.105557, -0.336308
1.776, -0.10567, -0.327511
1.77633, -0.105779, -0.318705
1.77667, -0.105885, -0.30989
1.777, -0.105988, -0.301067
1.77733, -0.106089, -0.292234
1.77767, -0.106186, -0.283394
1.778, -0.10628, -0.274545
1.77833, -0.106372, -0.265688
1.77867, -0.106461, -0.256824
1.779, -0.106546, -0.247952
1.77933, -0.106629, -0.239073
1.77967, -0.106708, -0.230187
1.78, -0.106785, -0.221295
1.78033, -0.106859, -0.212396
1.78067, -0.10693, -0.203491
1.781, -0.106998, -0.194581
1.78133, -0.107062, -0.185664
1.78167, -0.107124, -0.176742
1.782, -0.107183, -0.167815
1.78233, -0.107239, -0.158883
1.78267, -0.107292, -0.149947
1.783, -0.107342, -0.141006
1.78333, -0.107389, -0.13206
1.78367, -0.107433, -0.123111
1.784, -0.107474, -0.114159
1.78433, -0.107512, -0.105202
1.78467, -0.107547, -0.0962431
1.785, -0.107579, -0.0872808
1.78533, -0.107609, -0.0783158
1.78567, -0.107635, -0.0693484
1.786, -0.107658, -0.0603789
1.78633, -0.107678, -0.0514074
1.78667, -0.107695, -0.0424343
1.787, -0.107709, -0.0334597
1.78733, -0.10772, -0.0244839
1.78767, -0.107728, -0.0155072
1.788, -0.107734, -0.00652985
1.78833, -0.107736, 0.00244795
1.78867, -0.107735, 0.0114259
1.789, -0.107731, 0.0204039
1.78933, -0.107724, 0.0293814
1.78967, -0.107715, 0.0383585
1.79, -0.107702, 0.0473347
1.79033, -0.107686, 0.0563098
1.79067, -0.107667, 0.0652837
1.791, -0.107645, 0.074256
1.79133, -0.107621, 0.0832264
1.79167, -0.107593, 0.0921948
1.792, -0.107562, 0.101161
1.79233, -0.107529, 0.110124
1.79267, -0.107492, 0.119085
1.793, -0.107452, 0.128043
1.79333, -0.107409, 0.136997
1.79367, -0.107364, 0.145948
1.794, -0.107315, 0.154895
1.79433, -0.107264, 0.163838
1.79467, -0.107209, 0.172776
1.795, -0.107151, 0.181711
1.79533, -0.107091, 0.19064
1.79567, -0.107027, 0.199564
1.796, -0.106961, 0.208483
1.79633, -0.106891, 0.217396
1.79667, -0.106819, 0.226304
1.797, -0.106743, 0.235206
1.79733, -0.106665, 0.244101
1.79767, -0.106584, 0.25299
1.798, -0.106499, 0.261871
1.79833, -0.106412, 0.270746
1.79867, -0.106322, 0.279614
1.799, -0.106228, 0.288474
1.79933, -0.106132, 0.297327
1.79967, -0.106033, 0.306171
1.8, -0.105931, 0.315007
1.80033, -0.105826, 0.323835
1.80067, -0.105718, 0.332653
1.801, -0.105607, 0.341463
1.80133, -0.105493, 0.350264
1.80167, -0.105377, 0.359055
1.802, -0.105257, 0.367836
1.80233, -0.105134, 0.376608
1.80267, -0.105009, 0.385369
1.803, -0.10488, 0.39412
1.80333, -0.104749, 0.40286
1.80367, -0.104615, 0.411589
1.804, -0.104478, 0.420307
1.80433, -0.104337, 0.429013
1.80467, -0.104194, 0.437708
1.805, -0.104049, 0.446391
1.80533, -0.1039, 0.455062
1.80567, -0.103748, 0.46372
1.806, -0.103593, 0.472366
1.80633, -0.103436, 0.480998
1.80667, -0.103276, 0.489618
1.807, -0.103112, 0.498224
1.80733, -0.102946, 0.506817
1.80767, -0.102777, 0.515396
1.808, -0.102606, 0.523961
1.80833, -0.102431, 0.532511
1.80867, -0.102254, 0.541047
1.809, -0.102073, 0.549568
1.80933, -0.10189, 0.558074
1.80967, -0.101704, 0.566565
1.81, -0.101515, 0.575041
1.81033, -0.101323, 0.5835
1.81067, -0.101129, 0.591944
1.811, -0.100932, 0.600371
1.81133, -0.100731, 0.608782
1.81167, -0.100529, 0.617176
1.812, -0.100323, 0.625554
1.81233, -0.100114, 0.633914
1.81267, -0.099903, 0.642257
1.813, -0.0996889, 0.650582
1.81333, -0.0994721, 0.65889
1.81367, -0.0992524, 0.667179
1.814, -0.09903, 0.67545
1.81433, -0.0988049, 0.683702
1.81467, -0.098577, 0.691936
1.815, -0.0983464, 0.700151
1.81533, -0.098113, 0.708346
1.81567, -0.0978769, 0.716523
1.816, -0.097638, 0.724679
1.81633, -0.0973965, 0.732815
1.81667, -0.0971522, 0.740932
1.817, -0.0969052, 0.749028
1.81733, -0.0966555, 0.757103
1.81767, -0.0964032, 0.765158
1.818, -0.0961481, 0.773191
1.81833, -0.0958904, 0.781204
1.81867, -0.09563, 0.789195
1.819, -0.0953669, 0.797164
1.81933, -0.0951012, 0.805111
1.81967, -0.0948328, 0.813036
1.82, -0.0945618, 0.820939
1.82033, -0.0942882, 0.828819
1.82067, -0.0940119, 0.836676
1.821, -0.093733, 0.844511
1.82133, -0.0934515, 0.852322
1.82167, -0.0931674, 0.860109
1.822, -0.0928807, 0.867873
1.82233, -0.0925914, 0.875613
1.82267, -0.0922995, 0.883329
1.823, -0.0920051, 0.891021
1.82333, -0.0917081, 0.898688
1.82367, -0.0914085, 0.90633
1.824, -0.0911064, 0.913948
1.82433, -0.0908017, 0.92154
1.82467, -0.0904946, 0.929107
1.825, -0.0901849, 0.936648
1.82533, -0.0898726, 0.944163
1.82567, -0.0895579, 0.951653
1.826, -0.0892407, 0.959116
1.82633, -0.088921, 0.966553
1.82667, -0.0885988, 0.973963
1.827, -0.0882742, 0.981346
1.82733, -0.087947, 0.988702
1.82767, -0.0876175, 0.996031
1.828, -0.0872855, 1.00333
1.82833, -0.086951, 1.01061
1.82867, -0.0866142, 1.01785
1.829, -0.0862749, 1.02507
1.82933, -0.0859332, 1.03226
1.82967, -0.0855891, 1.03942
1.83, -0.0852426, 1.04655
1.83033, -0.0848938, 1.05366
1.83067, -0.0845426, 1.06073
1.831, -0.084189, 1.06778
1.83133, -0.0838331, 1.07479
1.83167, -0.0834748, 1.08178
1.832, -0.0831142, 1.08873
1.83233, -0.0827513, 1.09566
1.83267, -0.0823861, 1.10256
1.833, -0.0820185, 1.10942
1.83333, -0.0816487, 1.11626
1.83367, -0.0812766, 1.12306
1.834, -0.0809023, 1.12983
1.83433, -0.0805257, 1.13658
1.83467, -0.0801468, 1.14329
1.835, -0.0797657, 1.14997
1.83533, -0.0793824, 1.15661
1.83567, -0.0789969, 1.16323
1.836, -0.0786091, 1.16981
1.83633, -0.0782192, 1.17636
1.83667, -0.0778271, 1.18288
1.837, -0.0774328, 1.18937
1.83733, -0.0770363, 1.19582
1.83767, -0.0766377, 1.20224
1.838, -0.076237, 1.20862
1.83833, -0.0758341, 1.21498
1.83867, -0.0754291, 1.2213
1.839, -0.075022, 1.22758
1.83933, -0.0746128, 1.23383
1.83967, -0.0742015, 1.24005
1.84, -0.0737882, 1.24624
1.84033, -0.0733728, 1.25238
1.84067, -0.0729553, 1.2585
1.841, -0.0725358, 1.26458
1.84133, -0.0721143, 1.27062
1.84167, -0.0716907, 1.27663
1.842, -0.0712652, 1.28261
1.84233, -0.0708377, 1.28855
1.84267, -0.0704081, 1.29445
1.843, -0.0699767, 1.30032
1.84333, -0.0695432, 1.30615
1.84367, -0.0691078, 1.31194
1.844, -0.0686705, 1.3177
1.84433, -0.0682313, 1.32342
1.84467, -0.0677902, 1.32911
1.845, -0.0673471, 1.33476
1.84533, -0.0669022, 1.34037
1.84567, -0.0664554, 1.34595
1.846, -0.0660068, 1.35149
1.84633, -0.0655563, 1.35699
1.84667, -0.0651039, 1.36245
1.847, -0.0646498, 1.36787
1.84733, -0.0641938, 1.37326
1.84767, -0.0637361, 1.37861
1.848, -0.0632765, 1.38392
1.84833, -0.0628152, 1.3892
1.84867, -0.0623522, 1.39443
1.849, -0.0618873, 1.39963
1.84933, -0.0614208, 1.40478
1.84967, -0.0609525, 1.4099
1.85, -0.0604826, 1.41498
1.85033, -0.0600109, 1.42002
1.85067, -0.0595376, 1.42502
1.851, -0.0590626, 1.42998
1.85133, -0.0585859, 1.43491
1.85167, -0.0581076, 1.43979
1.852, -0.0576277, 1.44463
1.85233, -0.0571461, 1.44943
1.85267, -0.056663, 1.45419
1.853, -0.0561783, 1.45892
1.85333, -0.055692, 1.4636
1.85367, -0.0552041, 1.46824
1.854, -0.0547147, 1.47284
1.85433, -0.0542237, 1.4774
1.85467, -0.0537313, 1.48192
1.855, -0.0532373, 1.4864
1.85533, -0.0527418, 1.49083
1.85567, -0.0522449, 1.49523
1.856, -0.0517465, 1.49958
1.85633, -0.0512466, 1.50389
1.85667, -0.0507453, 1.50816
1.857, -0.0502426, 1.51239
1.85733, -0.0497385, 1.51658
1.85767, -0.0492329, 1.52072
1.858, -0.048726, 1.52483
1.85833, -0.0482178, 1.52889
1.85867, -0.0477081, 1.53291
1.859, -0.0471972, 1.53688
1.85933, -0.0466849, 1.54081
1.85967, -0.0461713, 1.5447
1.86, -0.0456564, 1.54855
1.86033, -0.0451402, 1.55236
1.86067, -0.0446227, 1.55612
1.861, -0.044104, 1.55984
1.86133, -0.0435841, 1.56351
1.86167, -0.0430629, 1.56714
1.862, -0.0425405, 1.57073
1.86233, -0.0420169, 1.57428
1.86267, -0.0414922, 1.57778
1.863, -0.0409663, 1.58124
1.86333, -0.0404392, 1.58465
1.86367, -0.039911, 1.58802
1.864, -0.0393816, 1.59135
1.86433, -0.0388512, 1.59463
1.86467, -0.0383196, 1.59787
1.865, -0.037787, 1.60106
1.86533, -0.0372533, 1.60421
1.86567, -0.0367186, 1.60731
1.866, -0.0361828, 1.61037
1.86633, -0.035646, 1.61339
1.86667, -0.0351082, 1.61636
1.867, -0.0345694, 1.61928
1.86733, -0.0340297, 1.62216
1.86767, -0.033489, 1.625
1.868, -0.0329473, 1.62779
1.86833, -0.0324047, 1.63054
1.86867, -0.0318612, 1.63324
1.869, -0.0313168, 1.63589
1.86933, -0.0307715, 1.6385
1.86967, -0.0302253, 1.64107
1.87, -0.0296783, 1.64359
1.87033, -0.0291304, 1.64606
1.87067, -0.0285817, 1.64849
1.871, -0.0280322, 1.65087
1.87133, -0.0274819, 1.6532
1.87167, -0.0269309, 1.65549
1.872, -0.026379, 1.65774
1.87233, -0.0258265, 1.65994
1.87267, -0.0252732, 1.66209
1.873, -0.0247191, 1.66419
1.87333, -0.0241644, 1.66625
1.87367, -0.023609, 1.66827
1.874, -0.0230529, 1.67024
1.87433, -0.0224961, 1.67216
1.87467, -0.0219388, 1.67403
1.875, -0.0213807, 1.67586
1.87533, -0.0208221, 1.67764
1.87567, -0.0202629, 1.67938
1.876, -0.0197031, 1.68107
1.87633, -0.0191428, 1.68271
1.87667, -0.0185819, 1.6843
1.877, -0.0180204, 1.68585
1.87733, -0.0174585, 1.68735
1.87767, -0.016896, 1.68881
1.878, -0.0163331, 1.69022
1.87833, -0.0157697, 1.69158
1.87867, -0.0152058, 1.69289
1.879, -0.0146415, 1.69416
1.87933, -0.0140768, 1.69538
1.87967, -0.0135117, 1.69655
1.88, -0.0129462, 1.69768
1.88033, -0.0123803, 1.69876
1.88067, -0.011814, 1.69979
1.881, -0.0112474, 1.70077
1.88133, -0.0106805, 1.70171
1.88167, -0.0101133, 1.7026
1.882, -0.00954573, 1.70344
1.88233, -0.00897792, 1.70424
1.88267, -0.00840984, 1.70499
1.883, -0.00784151, 1.70569
1.88333, -0.00727295, 1.70634
1.88367, -0.00670417, 1.70695
1.884, -0.00613519, 1.7075
1.88433, -0.00556602, 1.70802
1.88467, -0.00499668, 1.70848
1.885, -0.00442719, 1.7089
1.88533, -0.00385756, 1.70927
1.88567, -0.0032878, 1.70959
1.886, -0.00271794, 1.70986
1.88633, -0.00214799, 1.71009
1.88667, -0.00157796, 1.71027
1.887, -0.00100787, 1.7104
1.88733, -0.000437735, 1.71048
1.88767, 0.000132425, 1.71052
1.888, 0.000702598, 1.71051
1.88833, 0.00127277, 1.71045
1.88867, 0.00184292, 1.71034
1.889, 0.00241303, 1.71019
1.88933, 0.00298309, 1.70999
1.88967, 0.00355309, 1.70974
1.89, 0.004123, 1.70944
1.89033, 0.00469282, 1.7091
1.89067, 0.00526252, 1.70871
1.891, 0.00583209, 1.70827
1.89133, 0.00640151, 1.70778
1.89167, 0.00697077, 1.70725
1.892, 0.00753985, 1.70667
1.89233, 0.00810874, 1.70604
1.89267, 0.00867742, 1.70537
1.893, 0.00924588, 1.70464
1.89333, 0.00981409, 1.70387
1.89367, 0.0103821, 1.70305
1.894, 0.0109497, 1.70219
1.89433, 0.0115171, 1.70128
1.89467, 0.0120842, 1.70032
1.895, 0.012651, 1.69931
1.89533, 0.0132174, 1.69826
1.89567, 0.0137835, 1.69715
1.896, 0.0143492, 1.69601
1.89633, 0.0149146, 1.69481
1.89667, 0.0154795, 1.69357
1.897, 0.016044, 1.69228
1.89733, 0.0166081, 1.69094
1.89767, 0.0171718, 1.68956
1.898, 0.017735, 1.68812
1.89833, 0.0182977, 1.68665
1.89867, 0.0188599, 1.68512
1.899, 0.0194216, 1.68355
1.89933, 0.0199828, 1.68193
1.89967, 0.0205434, 1.68027
1.9, 0.0211035, 1.67855
1.90033, 0.021663, 1.6768
1.90067, 0.022222, 1.67499
1.901, 0.0227803, 1.67314
1.90133, 0.023338, 1.67124
1.90167, 0.0238951, 1.6693
1.902, 0.0244515, 1.6673
1.90233, 0.0250073, 1.66527
1.90267, 0.0255624, 1.66318
1.903, 0.0261168, 1.66105
1.90333, 0.0266704, 1.65888
1.90367, 0.0272234, 1.65665
1.904, 0.0277756, 1.65439
1.90433, 0.0283271, 1.65207
1.90467, 0.0288778, 1.64971
1.905, 0.0294277, 1.6473
1.90533, 0.0299768, 1.64485
1.90567, 0.0305251, 1.64235
1.906, 0.0310725, 1.63981
1.90633, 0.0316191, 1.63722
1.90667, 0.0321649, 1.63459
1.907, 0.0327097, 1.6319
1.90733, 0.0332537, 1.62918
1.90767, 0.0337967, 1.62641
1.908, 0.0343389, 1.62359
1.90833, 0.0348801, 1.62073
1.90867, 0.0354203, 1.61782
1.909, 0.0359596, 1.61487
1.90933, 0.0364979, 1.61187
1.90967, 0.0370352, 1.60883
1.91, 0.0375715, 1.60575
1.91033, 0.0381067, 1.60262
1.91067, 0.0386409, 1.59944
1.911, 0.0391741, 1.59622
1.91133, 0.0397061, 1.59296
1.91167, 0.0402371, 1.58965
1.912, 0.040767, 1.58629
1.91233, 0.0412958, 1.5829
1.91267, 0.0418234, 1.57946
1.913, 0.0423499, 1.57597
1.91333, 0.0428752, 1.57244
1.91367, 0.0433993, 1.56887
1.914, 0.0439223, 1.56525
1.91433, 0.0444441, 1.56159
1.91467, 0.0449646, 1.55789
1.915, 0.0454839, 1.55414
1.91533, 0.0460019, 1.55035
1.91567, 0.0465187, 1.54652
1.916, 0.0470342, 1.54264
1.91633, 0.0475484, 1.53872
1.91667, 0.0480613, 1.53476
1.917, 0.0485729, 1.53075
1.91733, 0.0490832, 1.52671
1.91767, 0.0495921, 1.52262
1.918, 0.0500996, 1.51848
1.91833, 0.0506058, 1.51431
1.91867, 0.0511105, 1.51009
1.919, 0.0516139, 1.50583
1.91933, 0.0521159, 1.50153
1.91967, 0.0526164, 1.49719
1.92, 0.0531154, 1.4928
1.92033, 0.053613, 1.48838
1.92067, 0.0541091, 1.48391
1.921, 0.0546038, 1.4794
1.92133, 0.0550969, 1.47485
1.92167, 0.0555885, 1.47026
1.922, 0.0560786, 1.46563
1.92233, 0.0565672, 1.46095
1.92267, 0.0570541, 1.45624
1.923, 0.0575396, 1.45148
1.92333, 0.0580234, 1.44669
1.92367, 0.0585056, 1.44185
1.924, 0.0589862, 1.43698
1.92433, 0.0594652, 1.43206
1.92467, 0.0599426, 1.42711
1.925, 0.0604183, 1.42211
1.92533, 0.0608923, 1.41708
1.92567, 0.0613647, 1.412
1.926, 0.0618353, 1.40689
1.92633, 0.0623043, 1.40174
1.92667, 0.0627716, 1.39654
1.927, 0.0632371, 1.39131
1.92733, 0.0637008, 1.38604
1.92767, 0.0641629, 1.38073
1.928, 0.0646231, 1.37539
1.92833, 0.0650816, 1.37
1.92867, 0.0655382, 1.36458
1.929, 0.0659931, 1.35912
1.92933, 0.0664461, 1.35362
1.92967, 0.0668973, 1.34808
1.93, 0.0673467, 1.34251
1.93033, 0.0677942, 1.33689
1.93067, 0.0682398, 1.33124
1.931, 0.0686836, 1.32556
1.93133, 0.0691254, 1.31983
1.93167, 0.0695654, 1.31407
1.932, 0.0700034, 1.30828
1.93233, 0.0704395, 1.30244
1.93267, 0.0708736, 1.29657
1.933, 0.0713058, 1.29067
1.93333, 0.071736, 1.28472
1.93367, 0.0721643, 1.27875
1.934, 0.0725905, 1.27273
1.93433, 0.0730148, 1.26668
1.93467, 0.073437, 1.2606
1.935, 0.0738572, 1.25448
1.93533, 0.0742754, 1.24832
1.93567, 0.0746915, 1.24213
1.936, 0.0751055, 1.23591
1.93633, 0.0755175, 1.22965
1.93667, 0.0759274, 1.22336
1.937, 0.0763352, 1.21703
1.93733, 0.0767408, 1.21067
1.93767, 0.0771444, 1.20428
1.938, 0.0775458, 1.19785
1.93833, 0.0779451, 1.19138
1.93867, 0.0783422, 1.18489
1.939, 0.0787372, 1.17836
1.93933, 0.07913, 1.1718
1.93967, 0.0795206, 1.1652
1.94, 0.079909, 1.15858
1.94033, 0.0802952, 1.15192
1.94067, 0.0806792, 1.14523
1.941, 0.0810609, 1.1385
1.94133, 0.0814404, 1.13175
1.94167, 0.0818176, 1.12496
1.942, 0.0821926, 1.11814
1.94233, 0.0825653, 1.1113
1.94267, 0.0829358, 1.10441
1.943, 0.0833039, 1.0975
1.94333, 0.0836698, 1.09056
1.94367, 0.0840333, 1.08359
1.944, 0.0843945, 1.07659
1.94433, 0.0847533, 1.06955
1.94467, 0.0851098, 1.06249
1.945, 0.085464, 1.0554
1.94533, 0.0858158, 1.04828
1.94567, 0.0861652, 1.04112
1.946, 0.0865123, 1.03394
1.94633, 0.0868569, 1.02673
1.94667, 0.0871992, 1.0195
1.947, 0.087539, 1.01223
1.94733, 0.0878764, 1.00494
1.94767, 0.0882114, 0.997612
1.948, 0.0885439, 0.990261
1.94833, 0.088874, 0.982883
1.94867, 0.0892016, 0.975476
1.949, 0.0895268, 0.968043
1.94933, 0.0898495, 0.960582
1.94967, 0.0901697, 0.953095
1.95, 0.0904874, 0.945581
1.95033, 0.0908026, 0.93804
1.95067, 0.0911152, 0.930473
1.951, 0.0914254, 0.92288
1.95133, 0.091733, 0.915262
1.95167, 0.0920381, 0.907617
1.952, 0.0923407, 0.899947
1.95233, 0.0926406, 0.892252
1.95267, 0.0929381, 0.884532
1.953, 0.0932329, 0.876787
1.95333, 0.0935252, 0.869018
1.95367, 0.0938148, 0.861224
1.954, 0.0941019, 0.853406
1.95433, 0.0943864, 0.845564
1.95467, 0.0946682, 0.837699
1.955, 0.0949475, 0.82981
1.95533, 0.0952241, 0.821898
1.95567, 0.095498, 0.813962
1.956, 0.0957694, 0.806004
1.95633, 0.096038, 0.798023
1.95667, 0.096304, 0.79002
1.957, 0.0965674, 0.781995
1.95733, 0.096828, 0.773947
1.95767, 0.097086, 0.765878
1.958, 0.0973413, 0.757788
1.95833, 0.0975939, 0.749676
1.95867, 0.0978438, 0.741543
1.959, 0.098091, 0.73339
1.95933, 0.0983354, 0.725215
1.95967, 0.0985772, 0.717021
1.96, 0.0988162, 0.708806
1.96033, 0.0990525, 0.700571
1.96067, 0.099286, 0.692317
1.961, 0.0995168, 0.684043
1.96133, 0.0997448, 0.67575
1.96167, 0.09997, 0.667438
1.962, 0.100193, 0.659107
1.96233, 0.100412, 0.650758
1.96267, 0.100629, 0.64239
1.963, 0.100843, 0.634004
1.96333, 0.101055, 0.625601
1.96367, 0.101263, 0.61718
1.964, 0.101469, 0.608741
1.96433, 0.101672, 0.600285
1.96467, 0.101872, 0.591813
1.965, 0.102069, 0.583323
1.96533, 0.102264, 0.574818
1.96567, 0.102455, 0.566296
1.966, 0.102644, 0.557758
1.96633, 0.10283, 0.549204
1.96667, 0.103013, 0.540635
1.967, 0.103193, 0.53205
1.96733, 0.10337, 0.523451
1.96767, 0.103545, 0.514837
1.968, 0.103717, 0.506208
1.96833, 0.103885, 0.497565
1.96867, 0.104051, 0.488908
1.969, 0.104214, 0.480237
1.96933, 0.104374, 0.471552
1.96967, 0.104531, 0.462855
1.97, 0.104686, 0.454144
1.97033, 0.104837, 0.44542
1.97067, 0.104986, 0.436683
1.971, 0.105131, 0.427935
1.97133, 0.105274, 0.419174
1.97167, 0.105413, 0.410401
1.972, 0.10555, 0.401616
1.97233, 0.105684, 0.392821
1.97267, 0.105815, 0.384014
1.973, 0.105943, 0.375196
1.97333, 0.106068, 0.366367
1.97367, 0.10619, 0.357528
1.974, 0.106309, 0.348679
1.97433, 0.106426, 0.33982
1.97467, 0.106539, 0.330951
1.975, 0.106649, 0.322073
1.97533, 0.106757, 0.313185
1.97567, 0.106861, 0.304289
1.976, 0.106962, 0.295384
1.97633, 0.107061, 0.28647
1.97667, 0.107156, 0.277548
1.977, 0.107249, 0.268619
1.97733, 0.107338, 0.259681
1.97767, 0.107425, 0.250736
1.978, 0.107509, 0.241784
1.97833, 0.107589, 0.232825
1.97867, 0.107667, 0.22386
1.979, 0.107741, 0.214887
1.97933, 0.107813, 0.205909
1.97967, 0.107882, 0.196924
1.98, 0.107947, 0.187934
1.98033, 0.10801, 0.178939
1.98067, 0.10807, 0.169938
1.981, 0.108126, 0.160932
1.98133, 0.10818, 0.151922
1.98167, 0.108231, 0.142907
1.982, 0.108278, 0.133887
1.98233, 0.108323, 0.124864
1.98267, 0.108364, 0.115837
1.983, 0.108403, 0.106807
1.98333, 0.108439, 0.0977733
1.98367, 0.108471, 0.0887368
1.984, 0.108501, 0.0796975
1.98433, 0.108527, 0.0706558
1.98467, 0.108551, 0.0616118
1.985, 0.108571, 0.0525659
1.98533, 0.108589, 0.0435183
1.98567, 0.108604, 0.0344692
1.986, 0.108615, 0.0254189
1.98633, 0.108623, 0.0163676
1.98667, 0.108629, 0.00731569
1.987, 0.108631, -0.00173672
1.98733, 0.108631, -0.0107893
1.98767, 0.108627, -0.0198419
1.988, 0.108621, -0.0288942
1.98833, 0.108611, -0.0379459
1.98867, 0.108598, -0.0469968
1.989, 0.108583, -0.0560466
1.98933, 0.108564, -0.0650952
1.98967, 0.108542, -0.0741422
1.99, 0.108518, -0.0831874
1.99033, 0.10849, -0.0922305
1.99067, 0.108459, -0.101271
1.991, 0.108425, -0.11031
1.99133, 0.108389, -0.119345
1.99167, 0.108349, -0.128377
1.992, 0.108306, -0.137406
1.99233, 0.10826, -0.146432
1.99267, 0.108211, -0.155454
1.993, 0.10816, -0.164471
1.99333, 0.108105, -0.173485
1.99367, 0.108047, -0.182493
1.994, 0.107986, -0.191497
1.99433, 0.107922, -0.200496
1.99467, 0.107855, -0.20949
1.995, 0.107786, -0.218477
1.99533, 0.107713, -0.22746
1.99567, 0.107637, -0.236436
1.996, 0.107558, -0.245405
1.99633, 0.107476, -0.254369
1.99667, 0.107392, -0.263325
1.997, 0.107304, -0.272274
1.99733, 0.107213, -0.281216
1.99767, 0.107119, -0.290151
1.998, 0.107023, -0.299077
1.99833, 0.106923, -0.307996
1.99867, 0.10682, -0.316906
1.999, 0.106715, -0.325808
1.99933, 0.106606, -0.334701
1.99967, 0.106494, -0.343584
2, 0.10638, -0.352459
